player_id,player_display_name,position,team,week,attempts,passing_yards,carries,rushing_yards,targets,receptions,receiving_yards
00-0023459,Aaron Rodgers,QB,PIT,1,30,244,1,-1,0,0,0
00-0023853,Matt Prater,K,BUF,1,0,0,0,0,0,0,0
00-0025565,Nick Folk,K,NYJ,1,0,0,0,0,0,0,0
00-0026158,Joe Flacco,QB,CLE,1,45,290,2,6,0,0,0
00-0026190,Calais Campbell,DE,ARI,1,0,0,0,0,0,0,0
00-0026498,Matthew Stafford,QB,LA,1,29,245,4,-2,0,0,0
00-0026858,Graham Gano,K,NYG,1,0,0,0,0,0,0,0
00-0027114,Thomas Morstead,P,SF,1,0,0,0,0,0,0,0
00-0027857,Trent Williams,OT,SF,1,0,0,0,0,0,0,0
00-0027940,Von Miller,OLB,WAS,1,0,0,0,0,0,0,0
00-0027962,Cameron Jordan,LB,NO,1,0,0,0,0,0,0,0
00-0027969,Cameron Heyward,DE,PIT,1,0,0,0,0,0,0,0
00-0028292,Nick Bellore,LB,WAS,1,0,0,0,0,0,0,0
00-0028872,Johnny Hekker,P,TEN,1,0,0,0,0,0,0,0
00-0029255,Bobby Wagner,MLB,WAS,1,0,0,0,0,0,0,0
00-0029263,Russell Wilson,QB,NYG,1,37,168,8,44,0,0,0
00-0029562,Lavonte David,OLB,TB,1,0,0,0,0,0,0,0
00-0029592,Kevin Zeitler,G,TEN,1,0,0,0,0,0,0,0
00-0029607,Demario Davis,OLB,NO,1,0,0,0,0,0,0,0
00-0029692,Bryan Anger,P,DAL,1,0,0,0,0,0,0,0
00-0029714,Andrew DePaola,LS,MIN,1,0,0,0,0,0,0,0
00-0029822,Brandon McManus,K,GB,1,0,0,0,0,0,0,0
00-0029892,Kyle Juszczyk,FB,SF,1,0,0,0,0,2,2,32
00-0030035,Adam Thielen,WR,MIN,1,0,0,0,0,1,0,0
00-0030061,Zach Ertz,TE,WAS,1,0,0,0,0,5,3,26
00-0030062,Darius Slay,CB,PIT,1,0,0,0,0,0,0,0
00-0030092,Sam Martin,P,CAR,1,0,0,0,0,0,0,0
00-0030140,Tress Way,P,WAS,1,0,0,0,0,0,0,0
00-0030279,Keenan Allen,WR,LAC,1,0,0,0,0,10,7,68
00-0030506,Travis Kelce,TE,KC,1,0,0,0,0,4,2,47
00-0030564,DeAndre Hopkins,WR,BAL,1,0,0,0,0,2,2,35
00-0030565,Geno Smith,QB,LV,1,34,362,2,10,0,0,0
00-0030757,Mike Pennel,DT,CIN,1,0,0,0,0,0,0,0
00-0031040,Khalil Mack,OLB,LAC,1,0,0,0,0,0,0,0
00-0031054,DaQuan Jones,DT,BUF,1,0,0,0,0,0,0,0
00-0031136,Chris Boswell,K,PIT,1,0,0,0,0,0,0,0
00-0031203,Cairo Santos,K,CHI,1,0,0,0,0,0,0,0
00-0031236,Brandin Cooks,WR,NO,1,0,0,0,0,4,3,26
00-0031270,Shelby Harris,DE,CLE,1,0,0,0,0,0,0,0
00-0031360,Kyle Van Noy,MLB,BAL,1,0,0,0,0,0,0,0
00-0031381,Davante Adams,WR,LA,1,0,0,0,0,8,4,51
00-0031408,Mike Evans,WR,TB,1,0,0,0,0,8,5,51
00-0031411,DeMarcus Lawrence,LB,SEA,1,0,0,0,0,0,0,0
00-0031492,Jason Myers,K,SEA,1,0,0,0,0,0,0,0
00-0031550,Shaq Thompson,OLB,BUF,1,0,0,0,0,0,0,0
00-0031551,Eddie Goldman,NT,WAS,1,0,0,0,0,0,0,0
00-0031565,Danielle Hunter,DE,HOU,1,0,0,0,0,0,0,0
00-0031583,Grady Jarrett,DT,CHI,1,0,0,0,0,0,0,0
00-0031588,Stefon Diggs,WR,NE,1,0,0,0,0,7,6,57
00-0031608,Quandre Diggs,S,TEN,1,0,0,0,0,0,0,0
00-0031763,DeAndre Carter,WR,CLE,1,0,0,0,0,0,0,0
00-0031898,Alex Singleton,LB,DEN,1,0,0,0,0,0,0,0
00-0031933,Leonard Williams,DE,SEA,1,0,0,0,0,0,0,0
00-0031957,Rakeem Nunez-Roches,DT,NYG,1,0,0,0,0,0,0,0
00-0032052,Dante Fowler Jr.,DE,DAL,1,0,0,0,0,0,0,0
00-0032065,Bradley Pinion,P,ATL,1,0,0,0,0,0,0,0
00-0032146,Bud Dupree,OLB,LAC,1,0,0,0,0,0,0,0
00-0032164,Arik Armstead,DE,JAX,1,0,0,0,0,0,0,0
00-0032211,Tyler Lockett,WR,TEN,1,0,0,0,0,1,0,0
00-0032234,Laken Tomlinson,G,HOU,1,0,0,0,0,0,0,0
00-0032378,DeForest Buckner,DT,IND,1,0,0,0,0,0,0,0
00-0032385,Sterling Shepard,WR,TB,1,0,0,0,0,6,3,39
00-0032387,Jarran Reed,DT,SEA,1,0,0,0,0,0,0,0
00-0032388,Deion Jones,LB,TB,1,0,0,0,0,0,0,0
00-0032392,Austin Hooper,TE,NE,1,0,0,0,0,1,1,10
00-0032398,Chris Moore,WR,WAS,1,0,0,0,0,1,1,34
00-0032399,Miles Killebrew,SAF,PIT,1,0,0,0,0,0,0,0
00-0032415,Matthew Judon,OLB,MIA,1,0,0,0,0,0,0,0
00-0032442,Elandon Roberts,OLB,LV,1,0,0,0,0,0,0,0
00-0032464,Kalif Raymond,WR,DET,1,0,0,0,0,3,2,16
00-0032569,Wil Lutz,K,DEN,1,0,0,0,0,0,0,0
00-0032580,Jonathan Jones,DB,WAS,1,0,0,0,0,0,0,0
00-0032667,Roy Robertson-Harris,DE,NYG,1,0,0,0,0,0,0,0
00-0032726,Ka'imi Fairbairn,K,HOU,1,0,0,0,0,0,0,0
00-0032759,Sheldon Rankins,DT,HOU,1,0,0,0,0,0,0,0
00-0032762,Chris Jones,DE,KC,1,0,0,0,0,0,0,0
00-0032763,Austin Johnson,NT,JAX,1,0,0,0,0,0,0,0
00-0032764,Derrick Henry,RB,BAL,1,0,0,18,169,1,1,13
00-0032889,A'Shawn Robinson,DT,CAR,1,0,0,0,0,0,0,0
00-0032943,Riley Dixon,P,TB,1,0,0,0,0,0,0,0
00-0033038,Eric Murray,S,JAX,1,0,0,0,0,0,0,0
00-0033040,Tyreek Hill,WR,MIA,1,0,0,0,0,6,4,40
00-0033046,Jihad Ward,LB,TEN,1,0,0,0,0,0,0,0
00-0033050,Xavien Howard,CB,IND,1,0,0,0,0,0,0,0
00-0033055,Jalen Ramsey,CB,PIT,1,0,0,0,0,0,0,0
00-0033073,Emmanuel Ogbah,DE,JAX,1,0,0,0,0,0,0,0
00-0033077,Dak Prescott,QB,DAL,1,34,188,1,3,0,0,0
00-0033090,Hunter Henry,TE,NE,1,0,0,0,0,8,4,66
00-0033106,Jared Goff,QB,DET,1,39,225,1,-1,0,0,0
00-0033109,Javon Hargrave,NT,MIN,1,0,0,0,0,0,0,0
00-0033110,Tyler Higbee,TE,LA,1,0,0,0,0,0,0,0
00-0033120,Kenny Clark,NT,DAL,1,0,0,0,0,0,0,0
00-0033132,Kevin Byard,FS,CHI,1,0,0,0,0,0,0,0
00-0033156,Joey Bosa,DE,BUF,1,0,0,0,0,0,0,0
00-0033217,Mo Alie-Cox,TE,IND,1,0,0,0,0,1,1,20
00-0033246,Johnny Mundt,TE,JAX,1,0,0,0,0,1,0,0
00-0033280,Christian McCaffrey,RB,SF,1,0,0,22,69,10,9,73
00-0033281,Marlon Humphrey,CB,BAL,1,0,0,0,0,0,0,0
00-0033288,George Kittle,TE,SF,1,0,0,0,0,4,4,25
00-0033290,Jermaine Eluemunor,G,NYG,1,0,0,0,0,0,0,0
00-0033293,Aaron Jones,RB,MIN,1,0,0,8,23,3,3,44
00-0033294,Chuck Clark,SAF,PIT,1,0,0,0,0,0,0,0
00-0033297,D.J. Jones,DT,DEN,1,0,0,0,0,0,0,0
00-0033303,Harrison Butker,K,KC,1,0,0,0,0,0,0,0
00-0033336,Eric Wilson,LB,MIN,1,0,0,0,0,0,0,0
00-0033381,Adam Butler,DT,LV,1,0,0,0,0,0,0,0
00-0033393,Kenny Moore II,CB,IND,1,0,0,0,0,0,0,0
00-0033523,Jonathan Allen,DE,MIN,1,0,0,0,0,0,0,0
00-0033526,Samaje Perine,RB,CIN,1,0,0,0,0,2,2,6
00-0033547,Zach Cunningham,ILB,DET,1,0,0,0,0,0,0,0
00-0033548,Chidobe Awuzie,CB,BAL,1,0,0,0,0,0,0,0
00-0033551,Rasul Douglas,CB,MIA,1,0,0,0,0,0,0,0
00-0033553,James Conner,RB,ARI,1,0,0,12,39,4,4,5
00-0033555,Mack Hollins,WR,NE,1,0,0,0,0,2,1,3
00-0033571,Matt Milano,OLB,BUF,1,0,0,0,0,0,0,0
00-0033572,Jamal Agnew,WR,ATL,1,0,0,0,0,0,0,0
00-0033576,Eric Saubert,TE,SEA,1,0,0,0,0,0,0,0
00-0033579,Xavier Woods,FS,TEN,1,0,0,0,0,0,0,0
00-0033589,David Moore,WR,CAR,1,0,0,0,0,0,0,0
00-0033591,Noah Brown,WR,WAS,1,0,0,0,0,3,2,27
00-0033676,Elijah Wilkinson,OT,ATL,1,0,0,0,0,0,0,0
00-0033699,Austin Ekeler,RB,WAS,1,0,0,6,26,3,3,31
00-0033702,Younghoe Koo,K,ATL,1,0,0,0,0,0,0,0
00-0033783,Ahkello Witherspoon,CB,LA,1,0,0,0,0,0,0,0
00-0033787,Jake Elliott,K,PHI,1,0,0,0,0,0,0,0
00-0033854,Dare Ogunbowale,RB,HOU,1,0,0,2,9,2,2,17
00-0033857,JuJu Smith-Schuster,WR,KC,1,0,0,0,0,5,5,55
00-0033858,Jonnu Smith,TE,PIT,1,0,0,0,0,6,5,15
00-0033860,Davon Godchaux,DT,NO,1,0,0,0,0,0,0,0
00-0033868,Myles Garrett,DE,CLE,1,0,0,0,0,0,0,0
00-0033870,Solomon Thomas,DE,DAL,1,0,0,0,0,0,0,0
00-0033872,Jamal Adams,LB,LV,1,0,0,0,0,0,0,0
00-0033873,Patrick Mahomes,QB,KC,1,39,258,6,57,0,0,0
00-0033874,Marshon Lattimore,CB,WAS,1,0,0,0,0,0,0,0
00-0033875,Haason Reddick,OLB,TB,1,0,0,0,0,0,0,0
00-0033876,Derek Barnett,DE,HOU,1,0,0,0,0,0,0,0
00-0033877,Malik Hooker,FS,DAL,1,0,0,0,0,0,0,0
00-0033878,Adoree' Jackson,CB,PHI,1,0,0,0,0,0,0,0
00-0033881,Evan Engram,TE,DEN,1,0,0,0,0,4,3,21
00-0033885,David Njoku,TE,CLE,1,0,0,0,0,6,3,37
00-0033886,T.J. Watt,OLB,PIT,1,0,0,0,0,0,0,0
00-0033889,Cam Robinson,OT,HOU,1,0,0,0,0,0,0,0
00-0033890,Budda Baker,S,ARI,1,0,0,0,0,0,0,0
00-0033891,Zay Jones,WR,ARI,1,0,0,0,0,1,1,4
00-0033902,Tanoh Kpassagnon,DE,CHI,1,0,0,0,0,0,0,0
00-0033904,Dion Dawkins,OT,BUF,1,0,0,0,0,0,0,0
00-0033906,Alvin Kamara,RB,NO,1,0,0,11,45,2,2,12
00-0033907,Dawuane Smoot,DE,JAX,1,0,0,0,0,0,0,0
00-0033908,Cooper Kupp,WR,SEA,1,0,0,0,0,3,2,15
00-0033914,Alex Anzalone,MLB,DET,1,0,0,0,0,0,0,0
00-0033923,Kareem Hunt,RB,KC,1,0,0,5,16,3,2,10
00-0033928,Jourdan Lewis,CB,JAX,1,0,0,0,0,0,0,0
00-0033935,Trey Hendrickson,LB,CIN,1,0,0,0,0,0,0,0
00-0033943,Josh Reynolds,WR,NYJ,1,0,0,0,0,3,2,18
00-0033945,Samson Ebukam,DE,IND,1,0,0,0,0,0,0,0
00-0033947,Deatrich Wise,DE,WAS,1,0,0,0,0,0,0,0
00-0033952,Grover Stewart,DT,IND,1,0,0,0,0,0,0,0
00-0033955,Jeremy McNichols,RB,WAS,1,0,0,4,25,0,0,0
00-0033964,Al-Quadin Muhammad,LB,DET,1,0,0,0,0,0,0,0
00-0034067,Scott Daly,LS,CHI,1,0,0,0,0,0,0,0
00-0034159,Will Dissly,TE,LAC,1,0,0,0,0,1,1,18
00-0034160,Michael Dickson,P,SEA,1,0,0,0,0,0,0,0
00-0034161,Daniel Carlson,K,LV,1,0,0,0,0,0,0,0
00-0034162,J.K. Scott,P,LAC,1,0,0,0,0,0,0,0
00-0034163,Jacob Martin,DE,WAS,1,0,0,0,0,0,0,0
00-0034234,Poona Ford,DT,LA,1,0,0,0,0,0,0,0
00-0034251,Daniel Ekuale,DT,PIT,1,0,0,0,0,0,0,0
00-0034261,Austin Corbett,G,CAR,1,0,0,0,0,0,0,0
00-0034270,Tyler Conklin,TE,LAC,1,0,0,1,2,2,2,50
00-0034275,Foley Fatukasi,DT,HOU,1,0,0,0,0,0,0,0
00-0034277,DeShon Elliott,SAF,PIT,1,0,0,0,0,0,0,0
00-0034278,Tremon Smith,CB,HOU,1,0,0,0,0,0,0,0
00-0034285,Zach Sieler,DE,MIA,1,0,0,0,0,0,0,0
00-0034302,Frankie Luvu,LB,WAS,1,0,0,0,0,0,0,0
00-0034333,Daron Payne,NT,WAS,1,0,0,0,0,0,0,0
00-0034344,Marcus Davenport,DE,DET,1,0,0,0,0,0,0,0
00-0034348,Courtland Sutton,WR,DEN,1,0,0,0,0,9,6,61
00-0034351,Dallas Goedert,TE,PHI,1,0,0,0,0,7,7,44
00-0034356,Donte Jackson,CB,LAC,1,0,0,0,0,0,0,0
00-0034359,Tyquan Lewis,DE,IND,1,0,0,0,0,0,0,0
00-0034361,Justin Reid,S,NO,1,0,0,0,0,0,0,0
00-0034371,Da'Shawn Hand,DE,LAC,1,0,0,0,0,0,0,0
00-0034373,Dorance Armstrong,DE,WAS,1,0,0,0,0,0,0,0
00-0034376,Taron Johnson,CB,BUF,1,0,0,0,0,0,0,0
00-0034377,Avonte Maddox,FS,DET,1,0,0,0,0,0,0,0
00-0034381,Josh Sweat,LB,ARI,1,0,0,0,0,0,0,0
00-0034383,Dalton Schultz,TE,HOU,1,0,0,0,0,5,3,28
00-0034384,D.J. Reed,CB,DET,1,0,0,0,0,0,0,0
00-0034386,Justin Watson,WR,HOU,1,0,0,0,0,2,2,27
00-0034391,Siran Neal,DB,SF,1,0,0,0,0,0,0,0
00-0034397,Tim Settle,DT,HOU,1,0,0,0,0,0,0,0
00-0034407,Ray-Ray McCloud,WR,ATL,1,0,0,0,0,5,3,51
00-0034413,Foye Oluokun,LB,JAX,1,0,0,0,0,0,0,0
00-0034431,Zaire Franklin,OLB,IND,1,0,0,0,0,0,0,0
00-0034437,Logan Cooke,P,JAX,1,0,0,0,0,0,0,0
00-0034465,Jeremy Reaves,DB,WAS,1,0,0,0,0,0,0,0
00-0034473,Dennis Gardeck,LB,JAX,1,0,0,0,0,0,0,0
00-0034485,Jonathan Owens,SAF,CHI,1,0,0,0,0,0,0,0
00-0034487,Trent Sherfield,WR,DEN,1,0,0,0,0,1,1,3
00-0034488,Tavierre Thomas,SAF,MIN,1,0,0,0,0,0,0,0
00-0034495,Evan Brown,C,ARI,1,0,0,0,0,0,0,0
00-0034573,Charvarius Ward,CB,IND,1,0,0,0,0,0,0,0
00-0034673,Tremaine Edmunds,MLB,CHI,1,0,0,0,0,0,0,0
00-0034675,Jessie Bates,FS,ATL,1,0,0,0,0,0,0,0
00-0034720,Robert Spillane,LB,NE,1,0,0,0,0,0,0,0
00-0034721,Corey Bojorquez,P,CLE,1,0,0,0,0,0,0,0
00-0034728,Jaire Alexander,CB,BAL,1,0,0,0,0,0,0,0
00-0034753,Mark Andrews,TE,BAL,1,0,0,0,0,1,1,5
00-0034754,Oren Burks,ILB,CIN,1,0,0,0,0,0,0,0
00-0034760,Nathan Shepherd,DE,NO,1,0,0,0,0,0,0,0
00-0034773,Vita Vea,DT,TB,1,0,0,0,0,0,0,0
00-0034778,Carlton Davis III,CB,NE,1,0,0,0,0,0,0,0
00-0034780,Isaac Yiadom,CB,NO,1,0,0,0,0,0,0,0
00-0034782,Harrison Phillips,DT,NYJ,1,0,0,0,0,0,0,0
00-0034789,Minkah Fitzpatrick,FS,MIA,1,0,0,0,0,0,0,0
00-0034790,Derwin James,FS,LAC,1,0,0,0,0,0,0,0
00-0034791,Nick Chubb,RB,HOU,1,0,0,13,60,1,0,0
00-0034796,Lamar Jackson,QB,BAL,1,19,209,6,70,0,0,0
00-0034797,Jerome Baker,OLB,CLE,1,0,0,0,0,0,0,0
00-0034800,B.J. Hill,DE,CIN,1,0,0,0,0,0,0,0
00-0034805,John Franklin-Myers,DE,DEN,1,0,0,0,0,0,0,0
00-0034810,Sebastian Joseph-Day,DT,TEN,1,0,0,0,0,0,0,0
00-0034815,Fred Warner,MLB,SF,1,0,0,0,0,0,0,0
00-0034818,Derrick Nnadi,NT,KC,1,0,0,0,0,0,0,0
00-0034825,Arden Key,DE,TEN,1,0,0,0,0,0,0,0
00-0034827,DJ Moore,WR,CHI,1,0,0,3,8,5,3,68
00-0034828,Harold Landry III,LB,NE,1,0,0,0,0,0,0,0
00-0034829,Mike Gesicki,TE,CIN,1,0,0,0,0,3,1,14
00-0034832,Bradley Chubb,OLB,MIA,1,0,0,0,0,0,0,0
00-0034837,Calvin Ridley,WR,TEN,1,0,0,0,0,8,4,27
00-0034843,Mike Hughes,CB,ATL,1,0,0,0,0,0,0,0
00-0034844,Saquon Barkley,RB,PHI,1,0,0,18,60,5,4,24
00-0034847,Mike McGlinchey,OT,DEN,1,0,0,0,0,0,0,0
00-0034854,KhaDarel Hodge,WR,ATL,1,0,0,0,0,1,0,0
00-0034855,Baker Mayfield,QB,TB,1,32,167,5,39,0,0,0
00-0034856,Denzel Ward,CB,CLE,1,0,0,0,0,0,0,0
00-0034857,Josh Allen,QB,BUF,1,46,394,14,30,0,0,0
00-0034869,Sam Darnold,QB,SEA,1,23,150,2,14,0,0,0
00-0034874,Roquan Smith,ILB,BAL,1,0,0,0,0,0,0,0
00-0034960,Jakobi Meyers,WR,LV,1,0,0,0,0,10,8,97
00-0034967,Rashan Gary,LB,GB,1,0,0,0,0,0,0,0
00-0034968,Darnell Savage,SAF,JAX,1,0,0,0,0,0,0,0
00-0034973,Maxx Crosby,DE,LV,1,0,0,0,0,0,0,0
00-0034974,Julian Love,SAF,SEA,1,0,0,0,0,0,0,0
00-0034975,Justice Hill,RB,BAL,1,0,0,2,-14,2,1,3
00-0034978,Ben Powers,G,DEN,1,0,0,0,0,0,0,0
00-0034983,Hunter Renfrow,WR,CAR,1,0,0,0,0,6,2,11
00-0034987,E.J. Speed,LB,HOU,1,0,0,0,0,0,0,0
00-0034989,Justin Skule,OT,MIN,1,0,0,0,0,0,0,0
00-0034993,Marcus Epps,SAF,PHI,1,0,0,0,0,0,0,0
00-0035021,Ashton Dulin,WR,IND,1,0,0,1,15,0,0,0
00-0035042,Jamie Gillan,P,NYG,1,0,0,0,0,0,0,0
00-0035084,Yosh Nijman,OT,CAR,1,0,0,0,0,0,0,0
00-0035112,Patrick Mekari,OT,JAX,1,0,0,0,0,0,0,0
00-0035125,Alec Ingold,FB,MIA,1,0,0,0,0,2,1,1
00-0035133,Keisean Nixon,DB,GB,1,0,0,0,0,0,0,0
00-0035144,Mack Wilson,LB,ARI,1,0,0,0,0,0,0,0
00-0035149,Nick Allegretti,G,WAS,1,0,0,0,0,0,0,0
00-0035156,Jack Fox,P,DET,1,0,0,0,0,0,0,0
00-0035166,Azeez Al-Shaair,LB,HOU,1,0,0,0,0,0,0,0
00-0035190,AJ Cole,P,LV,1,0,0,0,0,0,0,0
00-0035192,Joey Slye,K,TEN,1,0,0,0,0,0,0,0
00-0035202,Del'Shawn Phillips,LB,LAC,1,0,0,0,0,0,0,0
00-0035208,Olamide Zaccheaus,WR,CHI,1,0,0,0,0,7,4,42
00-0035228,Kyler Murray,QB,ARI,1,29,163,7,38,0,0,0
00-0035229,T.J. Hockenson,TE,MIN,1,0,0,0,0,4,3,15
00-0035230,Ed Oliver,DT,BUF,1,0,0,0,0,0,0,0
00-0035236,Byron Murphy,CB,MIN,1,0,0,0,0,0,0,0
00-0035237,Jawaan Taylor,OT,KC,1,0,0,0,0,0,0,0
00-0035243,Miles Sanders,RB,DAL,1,0,0,4,53,1,1,-3
00-0035248,Zach Allen,DE,DEN,1,0,0,0,0,0,0,0
00-0035249,Josh Oliver,TE,MIN,1,0,0,0,0,1,1,5
00-0035250,Devin Singletary,RB,NYG,1,0,0,3,9,0,0,0
00-0035253,C.J. Gardner-Johnson,SAF,HOU,1,0,0,0,0,0,0,0
00-0035254,Anthony Nelson,LB,TB,1,0,0,0,0,0,0,0
00-0035258,Hjalte Froholdt,G,ARI,1,0,0,0,0,0,0,0
00-0035261,Tony Pollard,RB,TEN,1,0,0,18,60,1,1,29
00-0035262,Drue Tranquill,LB,KC,1,0,0,0,0,0,0,0
00-0035269,Matt Gay,K,WAS,1,0,0,0,0,0,0,0
00-0035272,Andrew Van Ginkel,OLB,MIN,1,0,0,0,0,0,0,0
00-0035276,Blake Cashman,LB,MIN,1,0,0,0,0,0,0,0
00-0035277,Mike Jackson,CB,CAR,1,0,0,0,0,0,0,0
00-0035279,Charles Omenihu,DE,KC,1,0,0,0,0,0,0,0
00-0035280,Jake Bailey,P,MIA,1,0,0,0,0,0,0,0
00-0035301,Donovan Wilson,SAF,DAL,1,0,0,0,0,0,0,0
00-0035316,Kaden Elliss,LB,ATL,1,0,0,0,0,0,0,0
00-0035330,Anthony Pittman,LB,DET,1,0,0,0,0,0,0,0
00-0035352,Tyrel Dodson,LB,MIA,1,0,0,0,0,0,0,0
00-0035357,Cam Lewis,CB,BUF,1,0,0,0,0,0,0,0
00-0035358,Chase McLaughlin,K,TB,1,0,0,0,0,0,0,0
00-0035378,Andrew Wingard,SAF,JAX,1,0,0,0,0,0,0,0
00-0035402,Carl Granderson,DE,NO,1,0,0,0,0,0,0,0
00-0035413,Luke Gifford,LB,SF,1,0,0,0,0,0,0,0
00-0035500,Greg Dortch,WR,ARI,1,0,0,0,0,1,1,-2
00-0035525,Devin Bush,LB,CLE,1,0,0,0,0,0,0,0
00-0035535,Darius Slayton,WR,NYG,1,0,0,0,0,1,0,0
00-0035537,Ty Johnson,RB,BUF,1,0,0,2,24,2,0,0
00-0035567,Craig Reynolds,RB,DET,1,0,0,0,0,0,0,0
00-0035602,Alex Bachman,WR,LV,1,0,0,0,0,1,0,0
00-0035617,Troy Reeder,LB,LA,1,0,0,0,0,0,0,0
00-0035625,Juan Thornhill,SAF,PIT,1,0,0,0,0,0,0,0
00-0035631,Drew Sample,TE,CIN,1,0,0,0,0,1,0,0
00-0035632,Amani Hooker,SAF,TEN,1,0,0,0,0,0,0,0
00-0035633,Corey Ballentine,DB,NE,1,0,0,0,0,0,0,0
00-0035636,L.J. Collier,DE,ARI,1,0,0,0,0,0,0,0
00-0035637,Rock Ya-Sin,CB,DET,1,0,0,0,0,0,0,0
00-0035640,DK Metcalf,WR,PIT,1,0,0,0,0,7,4,83
00-0035642,Josh Hines-Allen,DE,JAX,1,0,0,0,0,0,0,0
00-0035643,Jeffery Simmons,DT,TEN,1,0,0,0,0,0,0,0
00-0035644,Noah Fant,TE,CIN,1,0,0,0,0,5,4,26
00-0035645,Gunner Olszewski,WR,NYG,1,0,0,0,0,0,0,0
00-0035647,Montez Sweat,DE,CHI,1,0,0,0,0,0,0,0
00-0035655,Will Harris,SAF,WAS,1,0,0,0,0,0,0,0
00-0035656,Khalen Saunders,DT,JAX,1,0,0,0,0,0,0,0
00-0035659,Terry McLaurin,WR,WAS,1,0,0,0,0,4,2,27
00-0035662,Marquise Brown,WR,KC,1,0,0,0,0,16,10,99
00-0035663,Taylor Rapp,SAF,BUF,1,0,0,0,0,0,0,0
00-0035667,Greg Gaines,DT,TB,1,0,0,0,0,0,0,0
00-0035669,Nick Scott,SAF,CAR,1,0,0,0,0,0,0,0
00-0035672,Cody Barton,LB,TEN,1,0,0,0,0,0,0,0
00-0035674,Jerry Tillery,DT,KC,1,0,0,0,0,0,0,0
00-0035676,A.J. Brown,WR,PHI,1,0,0,0,0,1,1,8
00-0035678,Dre'Mont Jones,LB,TEN,1,0,0,0,0,0,0,0
00-0035680,Quincy Williams,LB,NYJ,1,0,0,0,0,0,0,0
00-0035683,Dexter Lawrence,DT,NYG,1,0,0,0,0,0,0,0
00-0035685,David Montgomery,RB,DET,1,0,0,11,25,4,4,18
00-0035687,Bobby Okereke,ILB,NYG,1,0,0,0,0,0,0,0
00-0035689,Dawson Knox,TE,BUF,1,0,0,0,0,2,2,20
00-0035697,Germaine Pratt,LB,LV,1,0,0,0,0,0,0,0
00-0035699,Jamel Dean,CB,TB,1,0,0,0,0,0,0,0
00-0035700,Josh Jacobs,RB,GB,1,0,0,19,66,1,1,4
00-0035705,Jalen Thompson,DB,ARI,1,0,0,0,0,0,0,0
00-0035707,Devin White,LB,LV,1,0,0,0,0,0,0,0
00-0035710,Daniel Jones,QB,IND,1,29,272,7,26,0,0,0
00-0035713,Brian Burns,LB,NYG,1,0,0,0,0,0,0,0
00-0035717,Nick Bosa,DE,SF,1,0,0,0,0,0,0,0
00-0035718,Quinnen Williams,DT,NYJ,1,0,0,0,0,0,0,0
00-0035719,Deebo Samuel Sr.,WR,WAS,1,0,0,1,19,10,7,77
00-0035757,Jacob Bobenmoyer,LS,LV,1,0,0,0,0,0,0,0
00-0035821,Corliss Waitman,P,PIT,1,0,0,0,0,0,0,0
00-0035857,Chris Williams,DT,CHI,1,0,0,0,0,0,0,0
00-0035859,Blake Gillikin,P,ARI,1,0,0,0,0,0,0,0
00-0035889,Tommy Townsend,P,HOU,1,0,0,0,0,0,0,0
00-0035890,Tershawn Wharton,DE,CAR,1,0,0,0,0,0,0,0
00-0035891,Cody White,WR,SEA,1,0,0,0,0,0,0,0
00-0035895,Joe Bachie,LB,IND,1,0,0,0,0,0,0,0
00-0035942,Christian Rozeboom,LB,CAR,1,0,0,0,0,0,0,0
00-0035944,Jonah Williams,DE,NO,1,0,0,0,0,0,0,0
00-0036037,Sam Franklin Jr.,SAF,BUF,1,0,0,0,0,0,0,0
00-0036040,Juwan Johnson,TE,NO,1,0,0,0,0,11,8,76
00-0036081,Broderick Washington,DT,BAL,1,0,0,0,0,0,0,0
00-0036124,Khalil Dorsey,CB,DET,1,0,0,0,0,0,0,0
00-0036130,Nnamdi Madubuike,DT,BAL,1,0,0,0,0,0,0,0
00-0036139,Rico Dowdle,RB,CAR,1,0,0,3,12,3,2,4
00-0036151,Bryce Huff,DE,SF,1,0,0,0,0,0,0,0
00-0036158,J.K. Dobbins,RB,DEN,1,0,0,16,63,2,2,5
00-0036159,Joshua Uche,LB,PHI,1,0,0,0,0,0,0,0
00-0036181,Teair Tart,DT,LAC,1,0,0,0,0,0,0,0
00-0036182,Nick Westbrook-Ikhine,WR,MIA,1,0,0,0,0,2,1,7
00-0036192,A.J. Epenesa,LB,BUF,1,0,0,0,0,0,0,0
00-0036199,Geno Stone,SAF,CIN,1,0,0,0,0,0,0,0
00-0036212,Tua Tagovailoa,QB,MIA,1,23,114,1,7,0,0,0
00-0036220,Derrick Brown,DT,CAR,1,0,0,0,0,0,0,0
00-0036221,Brandon Jones,SAF,DEN,1,0,0,0,0,0,0,0
00-0036222,Isaiah Rodgers,CB,MIN,1,0,0,0,0,0,0,0
00-0036223,Jonathan Taylor,RB,IND,1,0,0,18,71,3,3,27
00-0036224,Jonathan Greenard,LB,MIN,1,0,0,0,0,0,0,0
00-0036231,Kyle Dugger,SAF,NE,1,0,0,0,0,0,0,0
00-0036244,Colby Parkinson,TE,LA,1,0,0,0,0,2,2,-6
00-0036252,Michael Pittman,WR,IND,1,0,0,0,0,8,6,80
00-0036253,Julian Blackmon,SAF,NO,1,0,0,0,0,0,0,0
00-0036256,Colton McKivitz,OT,SF,1,0,0,0,0,0,0,0
00-0036258,Jonah Jackson,G,CHI,1,0,0,0,0,0,0,0
00-0036259,Jauan Jennings,WR,SF,1,0,0,0,0,5,2,16
00-0036260,Javon Kinlaw,DT,WAS,1,0,0,0,0,0,0,0
00-0036264,Jordan Love,QB,GB,1,22,188,3,4,0,0,0
00-0036265,AJ Dillon,RB,PHI,1,0,0,3,10,0,0,0
00-0036266,Jordan Elliott,DT,SF,1,0,0,0,0,0,0,0
00-0036274,Jeff Okudah,CB,MIN,1,0,0,0,0,0,0,0
00-0036275,D'Andre Swift,RB,CHI,1,0,0,17,53,5,3,12
00-0036280,Malik Harrison,LB,PIT,1,0,0,0,0,0,0,0
00-0036282,Grant Delpit,SAF,CLE,1,0,0,0,0,0,0,0
00-0036284,Mekhi Becton,G,LAC,1,0,0,0,0,0,0,0
00-0036285,A.J. Terrell,CB,ATL,1,0,0,0,0,0,0,0
00-0036286,K'Lavon Chaisson,LB,NE,1,0,0,0,0,0,0,0
00-0036287,Noah Igbinoghene,CB,WAS,1,0,0,0,0,0,0,0
00-0036288,Yetur Gross-Matos,DE,SF,1,0,0,0,0,0,0,0
00-0036290,Cole Kmet,TE,CHI,1,0,0,0,0,4,1,31
00-0036293,Jeremy Chinn,SAF,LV,1,0,0,0,0,0,0,0
00-0036294,Logan Wilson,LB,CIN,1,0,0,0,0,0,0,0
00-0036298,Akeem Davis-Gaither,LB,ARI,1,0,0,0,0,0,0,0
00-0036302,Jaylinn Hawkins,SAF,NE,1,0,0,0,0,0,0,0
00-0036313,Braden Mann,P,PHI,1,0,0,0,0,0,0,0
00-0036322,Justin Jefferson,WR,MIN,1,0,0,1,4,7,4,44
00-0036323,Patrick Queen,LB,PIT,1,0,0,0,0,0,0,0
00-0036328,Antonio Gibson,RB,NE,1,0,0,1,3,1,0,0
00-0036329,Ashtyn Davis,SAF,MIA,1,0,0,0,0,0,0,0
00-0036331,Devin Duvernay,WR,CHI,1,0,0,0,0,0,0,0
00-0036333,Alex Highsmith,LB,PIT,1,0,0,0,0,0,0,0
00-0036335,D.J. Wonnum,LB,CAR,1,0,0,0,0,0,0,0
00-0036337,James Lynch,DT,TEN,1,0,0,0,0,0,0,0
00-0036338,Troy Dye,LB,LAC,1,0,0,0,0,0,0,0
00-0036348,Josh Metellus,SAF,MIN,1,0,0,0,0,0,0,0
00-0036349,Kam Curl,SAF,LA,1,0,0,0,0,0,0,0
00-0036355,Justin Herbert,QB,LAC,1,34,318,7,32,0,0,0
00-0036358,CeeDee Lamb,WR,DAL,1,0,0,0,0,13,7,110
00-0036361,Trevon Diggs,CB,DAL,1,0,0,0,0,0,0,0
00-0036366,Neville Gallimore,DT,IND,1,0,0,0,0,0,0,0
00-0036369,John Simpson,G,NYJ,1,0,0,0,0,0,0,0
00-0036374,L'Jarius Sneed,CB,TEN,1,0,0,0,0,0,0,0
00-0036375,Amik Robertson,CB,DET,1,0,0,0,0,0,0,0
00-0036378,Michael Danna,LB,KC,1,0,0,0,0,0,0,0
00-0036380,Alohi Gilman,SAF,LAC,1,0,0,0,0,0,0,0
00-0036388,Xavier McKinney,SAF,GB,1,0,0,0,0,0,0,0
00-0036389,Jalen Hurts,QB,PHI,1,23,152,14,62,0,0,0
00-0036394,Darnay Holmes,CB,LV,1,0,0,0,0,0,0,0
00-0036407,Jerry Jeudy,WR,CLE,1,0,0,0,0,8,5,66
00-0036408,Cesar Ruiz,C,NO,1,0,0,0,0,0,0,0
00-0036409,Jordyn Brooks,LB,MIA,1,0,0,0,0,0,0,0
00-0036410,Tee Higgins,WR,CIN,1,0,0,0,0,4,3,33
00-0036411,Antoine Winfield Jr.,SAF,TB,1,0,0,0,0,0,0,0
00-0036413,Darrell Taylor,DE,HOU,1,0,0,0,0,0,0,0
00-0036416,Kristian Fulton,CB,KC,1,0,0,0,0,0,0,0
00-0036418,Zack Baun,LB,PHI,1,0,0,0,0,0,0,0
00-0036422,Adam Trautman,TE,DEN,1,0,0,0,0,1,1,5
00-0036427,Tyler Johnson,WR,NYJ,1,0,0,0,0,2,2,31
00-0036428,Justin Strnad,LB,DEN,1,0,0,0,0,0,0,0
00-0036441,"Kenneth Murray, Jr.",LB,DAL,1,0,0,0,0,0,0,0
00-0036442,Joe Burrow,QB,CIN,1,23,113,2,3,0,0,0
00-0036479,Kwity Paye,DE,IND,1,0,0,0,0,0,0,0
00-0036480,Dayo Odeyingbo,DE,CHI,1,0,0,0,0,0,0,0
00-0036500,Jamien Sherwood,LB,NYJ,1,0,0,0,0,0,0,0
00-0036501,Michael Carter II,CB,NYJ,1,0,0,0,0,0,0,0
00-0036502,Jason Pinnock,SAF,SF,1,0,0,0,0,0,0,0
00-0036504,Brandin Echols,CB,PIT,1,0,0,0,0,0,0,0
00-0036550,Rashod Bateman,WR,BAL,1,0,0,0,0,4,2,10
00-0036554,Nico Collins,WR,HOU,1,0,0,0,0,5,3,25
00-0036555,Chuba Hubbard,RB,CAR,1,0,0,16,57,5,3,32
00-0036563,Deommodore Lenoir,CB,SF,1,0,0,0,0,0,0,0
00-0036564,Talanoa Hufanga,SAF,DEN,1,0,0,0,0,0,0,0
00-0036568,Roy Lopez,DT,DET,1,0,0,0,0,0,0,0
00-0036613,Jaylen Waddle,WR,MIA,1,0,0,0,0,5,4,30
00-0036619,Dillon Radunz,OT,NO,1,0,0,0,0,0,0,0
00-0036620,Dee Eskridge,WR,MIA,1,0,0,0,0,2,1,9
00-0036621,Nick Bolton,LB,KC,1,0,0,0,0,0,0,0
00-0036623,Creed Humphrey,C,KC,1,0,0,0,0,0,0,0
00-0036625,Benjamin St-Juste,CB,LAC,1,0,0,0,0,0,0,0
00-0036626,Dyami Brown,WR,JAX,1,0,0,2,6,4,3,52
00-0036629,Camryn Bynum,SAF,IND,1,0,0,0,0,0,0,0
00-0036630,Tylan Wallace,WR,BAL,1,0,0,0,0,0,0,0
00-0036637,Noah Gray,TE,KC,1,0,0,0,0,1,1,3
00-0036642,Tedarrell Slaton,DT,CIN,1,0,0,0,0,0,0,0
00-0036644,Cameron McGrone,LB,IND,1,0,0,0,0,0,0,0
00-0036648,Nick Niemann,LB,GB,1,0,0,0,0,0,0,0
00-0036658,Isaiah McDuffie,LB,GB,1,0,0,0,0,0,0,0
00-0036672,Grant Stuard,LB,DET,1,0,0,0,0,0,0,0
00-0036683,Devon Key,SAF,DEN,1,0,0,0,0,0,0,0
00-0036711,Charles Snowden,DE,LV,1,0,0,0,0,0,0,0
00-0036727,Adam Prentice,FB,DEN,1,0,0,0,0,1,1,4
00-0036741,Jack Stoll,TE,NO,1,0,0,0,0,0,0,0
00-0036813,Christian Elliss,LB,NE,1,0,0,0,0,0,0,0
00-0036816,Riley Patterson,K,MIA,1,0,0,0,0,0,0,0
00-0036825,Feleipe Franks,TE,ATL,1,0,0,0,0,0,0,0
00-0036842,Kene Nwangwu,RB,NYJ,1,0,0,0,0,0,0,0
00-0036849,Tutu Atwell,WR,LA,1,0,0,0,0,1,1,4
00-0036854,Evan McPherson,K,CIN,1,0,0,0,0,0,0,0
00-0036862,Ben Skowronek,WR,PIT,1,0,0,0,0,1,1,22
00-0036866,James Hudson,OT,NYG,1,0,0,0,0,0,0,0
00-0036867,Chris Rumph II,LB,NO,1,0,0,0,0,0,0,0
00-0036869,Dan Moore Jr.,OT,TEN,1,0,0,0,0,0,0,0
00-0036874,Pat Surtain II,CB,DEN,1,0,0,0,0,0,0,0
00-0036875,Rhamondre Stevenson,RB,NE,1,0,0,7,15,3,2,12
00-0036876,Kylen Granson,TE,PHI,1,0,0,0,0,1,1,1
00-0036881,Jay Tufele,DT,NYJ,1,0,0,0,0,0,0,0
00-0036887,Luke Farrell,TE,SF,1,0,0,0,0,1,1,4
00-0036893,Najee Harris,RB,LAC,1,0,0,1,5,1,1,5
00-0036894,Pat Freiermuth,TE,PIT,1,0,0,0,0,3,3,28
00-0036900,Ja'Marr Chase,WR,CIN,1,0,0,0,0,5,2,26
00-0036901,Eric Stokes,CB,LV,1,0,0,0,0,0,0,0
00-0036902,Joseph Ossai,DE,CIN,1,0,0,0,0,0,0,0
00-0036903,Bobby Brown III,DT,CAR,1,0,0,0,0,0,0,0
00-0036909,Khyiris Tonga,DT,NE,1,0,0,0,0,0,0,0
00-0036912,DeVonta Smith,WR,PHI,1,0,0,0,0,3,3,16
00-0036914,Greg Rousseau,LB,BUF,1,0,0,0,0,0,0,0
00-0036916,Milton Williams,DT,NE,1,0,0,0,0,0,0,0
00-0036919,Kenny Gainwell,RB,PIT,1,0,0,7,19,4,3,4
00-0036927,Pete Werner,LB,NO,1,0,0,0,0,0,0,0
00-0036932,Micah Parsons,LB,GB,1,0,0,0,0,0,0,0
00-0036933,Zaven Collins,LB,ARI,1,0,0,0,0,0,0,0
00-0036934,Jaelan Phillips,LB,MIA,1,0,0,0,0,0,0,0
00-0036937,Paulson Adebo,CB,NYG,1,0,0,0,0,0,0,0
00-0036940,Odafe Oweh,LB,BAL,1,0,0,0,0,0,0,0
00-0036941,Andre Cisco,SAF,NYJ,1,0,0,0,0,0,0,0
00-0036942,Osa Odighizuwa,DT,DAL,1,0,0,0,0,0,0,0
00-0036944,Jaycee Horn,CB,CAR,1,0,0,0,0,0,0,0
00-0036945,Justin Fields,QB,NYJ,1,22,218,12,48,0,0,0
00-0036952,Jonathon Cooper,LB,DEN,1,0,0,0,0,0,0,0
00-0036962,Tre'von Moehrig,SAF,CAR,1,0,0,0,0,0,0,0
00-0036963,Amon-Ra St. Brown,WR,DET,1,0,0,0,0,6,4,45
00-0036964,Derrick Barnes,LB,DET,1,0,0,0,0,0,0,0
00-0036970,Kyle Pitts,TE,ATL,1,0,0,0,0,8,7,59
00-0036971,Trevor Lawrence,QB,JAX,1,31,178,4,12,0,0,0
00-0036973,Travis Etienne,RB,JAX,1,0,0,16,143,3,3,13
00-0036974,Tyson Campbell,CB,JAX,1,0,0,0,0,0,0,0
00-0036975,Walker Little,OT,JAX,1,0,0,0,0,0,0,0
00-0036976,Spencer Brown,OT,BUF,1,0,0,0,0,0,0,0
00-0036980,Elijah Moore,WR,BUF,1,0,0,1,8,1,1,3
00-0036981,Christian Barmore,DT,NE,1,0,0,0,0,0,0,0
00-0036985,Robert Hainsey,OT,JAX,1,0,0,0,0,0,0,0
00-0036986,Nahshon Wright,CB,CHI,1,0,0,0,0,0,0,0
00-0036987,Brandon Stephens,CB,NYJ,1,0,0,0,0,0,0,0
00-0036988,Josh Palmer,WR,BUF,1,0,0,0,0,9,5,61
00-0036989,Malcolm Koonce,DE,LV,1,0,0,0,0,0,0,0
00-0036990,Divine Deablo,LB,ATL,1,0,0,0,0,0,0,0
00-0036992,Elijah Molden,CB,LAC,1,0,0,0,0,0,0,0
00-0036993,Ifeatu Melifonwu,SAF,MIA,1,0,0,0,0,0,0,0
00-0036994,Ernest Jones,LB,SEA,1,0,0,0,0,0,0,0
00-0036995,Baron Browning,LB,ARI,1,0,0,0,0,0,0,0
00-0036996,Greg Newsome II,CB,CLE,1,0,0,0,0,0,0,0
00-0036997,Javonte Williams,RB,DAL,1,0,0,15,54,3,2,10
00-0036998,Jevon Holland,SAF,NYG,1,0,0,0,0,0,0,0
00-0037001,Quinn Meinerz,C,DEN,1,0,0,0,0,0,0,0
00-0037003,Chazz Surratt,LB,SEA,1,0,0,0,0,0,0,0
00-0037004,Hunter Long,TE,JAX,1,0,0,0,0,1,1,6
00-0037005,Tommy Tremble,TE,CAR,1,0,0,0,0,1,1,2
00-0037007,Patrick Jones II,LB,CAR,1,0,0,0,0,0,0,0
00-0037013,Zach Wilson,QB,MIA,1,8,32,1,3,0,0,0
00-0037051,Elijah Garcia,DE,NYG,1,0,0,0,0,0,0,0
00-0037073,Jordan Davis,DT,PHI,1,0,0,0,0,0,0,0
00-0037074,Quay Walker,LB,GB,1,0,0,0,0,0,0,0
00-0037075,Devonte Wyatt,DT,GB,1,0,0,0,0,0,0,0
00-0037079,Riq Woolen,CB,SEA,1,0,0,0,0,0,0,0
00-0037083,Kingsley Enagbare,LB,GB,1,0,0,0,0,0,0,0
00-0037085,Tyler Badie,RB,DEN,1,0,0,0,0,6,2,16
00-0037091,Bo Melton,WR,GB,1,0,0,0,0,0,0,0
00-0037096,Elijah Hicks,SAF,CHI,1,0,0,0,0,0,0,0
00-0037106,Jaylon Jones,DB,CHI,1,0,0,0,0,0,0,0
00-0037109,Jack Sanborn,LB,DAL,1,0,0,0,0,0,0,0
00-0037112,Jake Tonges,TE,SF,1,0,0,0,0,3,3,15
00-0037130,Reed Blankenship,SAF,PHI,1,0,0,0,0,0,0,0
00-0037137,Josh Jobe,CB,SEA,1,0,0,0,0,0,0,0
00-0037155,Tony Adams,SAF,NYJ,1,0,0,0,0,0,0,0
00-0037190,Sauce Gardner,CB,NYJ,1,0,0,0,0,0,0,0
00-0037191,Trent McDuffie,CB,KC,1,0,0,0,0,0,0,0
00-0037192,George Karlaftis,DE,KC,1,0,0,0,0,0,0,0
00-0037193,Bryan Cook,SAF,KC,1,0,0,0,0,0,0,0
00-0037195,Jaylen Watson,CB,KC,1,0,0,0,0,0,0,0
00-0037197,Isiah Pacheco,RB,KC,1,0,0,5,25,3,2,3
00-0037208,Jack Cochrane,LB,KC,1,0,0,0,0,0,0,0
00-0037224,Cameron Dicker,K,LAC,1,0,0,0,0,0,0,0
00-0037228,Jaylen Warren,RB,PIT,1,0,0,11,37,2,2,22
00-0037235,Travon Walker,DE,JAX,1,0,0,0,0,0,0,0
00-0037236,Aidan Hutchinson,DE,DET,1,0,0,0,0,0,0,0
00-0037237,Derek Stingley Jr.,CB,HOU,1,0,0,0,0,0,0,0
00-0037238,Drake London,WR,ATL,1,0,0,0,0,15,8,55
00-0037239,Chris Olave,WR,NO,1,0,0,0,0,13,7,54
00-0037240,Jameson Williams,WR,DET,1,0,0,1,3,5,4,23
00-0037242,Kaiir Elam,CB,DAL,1,0,0,0,0,0,0,0
00-0037243,Tyler Smith,OT,DAL,1,0,0,0,0,0,0,0
00-0037244,Devin Lloyd,LB,JAX,1,0,0,0,0,0,0,0
00-0037246,Jalen Pitre,SAF,HOU,1,0,0,0,0,0,0,0
00-0037247,George Pickens,WR,DAL,1,0,0,0,0,4,3,30
00-0037248,James Cook,RB,BUF,1,0,0,13,44,5,5,58
00-0037249,Nik Bonitto,LB,DEN,1,0,0,0,0,0,0,0
00-0037251,Alex Wright,DE,CLE,1,0,0,0,0,0,0,0
00-0037253,Marcus Jones,CB,NE,1,0,0,0,0,0,0,0
00-0037254,Terrel Bernard,LB,BUF,1,0,0,0,0,0,0,0
00-0037255,Dylan Parham,G,LV,1,0,0,0,0,0,0,0
00-0037256,Rachaad White,RB,TB,1,0,0,2,14,1,1,2
00-0037258,Dameon Pierce,RB,HOU,1,0,0,3,5,1,0,0
00-0037259,Micah McFadden,LB,NYG,1,0,0,0,0,0,0,0
00-0037261,Khalil Shakir,WR,BUF,1,0,0,0,0,9,6,64
00-0037262,Thomas Booker,DT,LV,1,0,0,0,0,0,0,0
00-0037263,Tyler Allgeier,RB,ATL,1,0,0,10,24,0,0,0
00-0037267,Jerome Ford,RB,CLE,1,0,0,6,8,1,1,-3
00-0037268,Zyon McCollum,CB,TB,1,0,0,0,0,0,0,0
00-0037269,Eric Johnson,DT,IND,1,0,0,0,0,0,0,0
00-0037275,DaRon Bland,CB,DAL,1,0,0,0,0,0,0,0
00-0037276,Ty Chandler,RB,MIN,1,0,0,0,0,0,0,0
00-0037278,Luke Wattenberg,C,DEN,1,0,0,0,0,0,0,0
00-0037280,Matthew Butler,DT,MIA,1,0,0,0,0,0,0,0
00-0037281,Damone Clark,LB,DAL,1,0,0,0,0,0,0,0
00-0037284,Matt Araiza,P,KC,1,0,0,0,0,0,0,0
00-0037288,Christian Benford,CB,BUF,1,0,0,0,0,0,0,0
00-0037291,Jalen Nailor,WR,MIN,1,0,0,0,0,3,1,28
00-0037292,Andrew Ogletree,TE,IND,1,0,0,0,0,0,0,0
00-0037294,Jordan Jackson,DT,DEN,1,0,0,0,0,0,0,0
00-0037295,Jamaree Salyer,G,LAC,1,0,0,0,0,0,0,0
00-0037301,Theo Jackson,DB,MIN,1,0,0,0,0,0,0,0
00-0037304,Connor Heyward,FB,PIT,1,0,0,0,0,0,0,0
00-0037306,John FitzPatrick,TE,GB,1,0,0,0,0,1,1,2
00-0037307,Ja'Sir Taylor,CB,LAC,1,0,0,0,0,0,0,0
00-0037310,James Houston,LB,DAL,1,0,0,0,0,0,0,0
00-0037311,Ko Kieft,TE,TB,1,0,0,0,0,0,0,0
00-0037316,Mark Robinson,LB,NE,1,0,0,0,0,0,0,0
00-0037321,Chase Lucas,CB,SF,1,0,0,0,0,0,0,0
00-0037323,Rodney Thomas,SAF,IND,1,0,0,0,0,0,0,0
00-0037348,Tanner Conner,TE,MIA,1,0,0,0,0,4,2,20
00-0037384,Ja'Quan McMillian,CB,DEN,1,0,0,0,0,0,0,0
00-0037500,Ryan Wright,P,MIN,1,0,0,0,0,0,0,0
00-0037512,Isaiah Pola-Mao,SAF,LV,1,0,0,0,0,0,0,0
00-0037525,Jordan Mason,RB,MIN,1,0,0,15,68,1,1,7
00-0037526,Marcelino McCrary-Ball,LB,NYJ,1,0,0,0,0,0,0,0
00-0037527,Segun Olubi,LB,IND,1,0,0,0,0,0,0,0
00-0037539,Lucas Krull,TE,DEN,1,0,0,0,0,2,1,6
00-0037545,Rashid Shaheed,WR,NO,1,0,0,0,0,9,6,33
00-0037547,Daniel Whelan,P,GB,1,0,0,0,0,0,0,0
00-0037549,Darrell Baker Jr.,CB,TEN,1,0,0,0,0,0,0,0
00-0037587,Nate Landman,LB,LA,1,0,0,0,0,0,0,0
00-0037594,Julius Chestnut,RB,TEN,1,0,0,2,2,0,0,0
00-0037596,Jack Gibbens,LB,NE,1,0,0,0,0,0,0,0
00-0037602,Sam Okuayinonu,DT,SF,1,0,0,0,0,0,0,0
00-0037611,Kayvon Thibodeaux,LB,NYG,1,0,0,0,0,0,0,0
00-0037614,John Metchie III,WR,PHI,1,0,0,0,0,0,0,0
00-0037616,Nick Cross,SAF,IND,1,0,0,0,0,0,0,0
00-0037617,Hassan Haskins,RB,LAC,1,0,0,0,0,0,0,0
00-0037633,Jacob Hummel,LB,BAL,1,0,0,0,0,0,0,0
00-0037663,Jermaine Johnson II,DE,NYJ,1,0,0,0,0,0,0,0
00-0037664,Alec Pierce,WR,IND,1,0,0,0,0,3,1,36
00-0037665,Sam Williams,LB,DAL,1,0,0,0,0,0,0,0
00-0037666,Jalen Tolbert,WR,DAL,1,0,0,0,0,2,1,0
00-0037667,Kerby Joseph,SAF,DET,1,0,0,0,0,0,0,0
00-0037692,Brandon Aubrey,K,DAL,1,0,0,0,0,0,0,0
00-0037740,Garrett Wilson,WR,NYJ,1,0,0,0,0,9,7,95
00-0037741,Jahan Dotson,WR,PHI,1,0,0,0,0,3,3,59
00-0037743,Daxton Hill,DB,CIN,1,0,0,0,0,0,0,0
00-0037744,Trey McBride,TE,ARI,1,0,0,0,0,9,6,61
00-0037745,Velus Jones Jr.,WR,NO,1,0,0,0,0,0,0,0
00-0037746,Brian Robinson,RB,SF,1,0,0,9,33,2,1,4
00-0037752,Tycen Anderson,SAF,CIN,1,0,0,0,0,0,0,0
00-0037753,Cam Taylor-Britt,CB,CIN,1,0,0,0,0,0,0,0
00-0037756,Travis Jones,DT,BAL,1,0,0,0,0,0,0,0
00-0037757,Bernhard Raimann,OT,IND,1,0,0,0,0,0,0,0
00-0037758,Cordale Flott,CB,NYG,1,0,0,0,0,0,0,0
00-0037799,Dondrea Tillman,LB,DEN,1,0,0,0,0,0,0,0
00-0037801,KaVontae Turpin,WR,DAL,1,0,0,2,9,2,2,18
00-0037805,Jeremy Ruckert,TE,NYJ,1,0,0,0,0,2,2,16
00-0037809,Chig Okonkwo,TE,TEN,1,0,0,0,0,4,3,19
00-0037816,Romeo Doubs,WR,GB,1,0,0,0,0,4,2,68
00-0037819,Leo Chenal,LB,KC,1,0,0,0,0,0,0,0
00-0037823,Christian Harris,LB,HOU,1,0,0,0,0,0,0,0
00-0037832,Kalia Davis,DT,SF,1,0,0,0,0,0,0,0
00-0037834,Brock Purdy,QB,SF,1,35,277,5,17,0,0,0
00-0037837,Calvin Austin III,WR,PIT,1,0,0,0,0,6,4,70
00-0037839,Cobie Durant,CB,LA,1,0,0,0,0,0,0,0
00-0037840,Kyren Williams,RB,LA,1,0,0,18,66,2,1,3
00-0037841,Quentin Lake,SAF,LA,1,0,0,0,0,0,0,0
00-0037843,Daniel Hardy,DE,CHI,1,0,0,0,0,0,0,0
00-0038038,Kyle Hamilton,SAF,BAL,1,0,0,0,0,0,0,0
00-0038039,Jack Jones,CB,MIA,1,0,0,0,0,0,0,0
00-0038040,Zamir White,RB,LV,1,0,0,3,8,0,0,0
00-0038041,Jake Ferguson,TE,DAL,1,0,0,0,0,6,5,23
00-0038043,Joshua Williams,CB,KC,1,0,0,0,0,0,0,0
00-0038090,Skyy Moore,WR,SF,1,0,0,0,0,0,0,0
00-0038094,Jordan Stout,P,BAL,1,0,0,0,0,0,0,0
00-0038100,Percy Butler,SAF,WAS,1,0,0,0,0,0,0,0
00-0038101,Akayleb Evans,CB,CAR,1,0,0,0,0,0,0,0
00-0038104,Tyquan Thornton,WR,KC,1,0,0,0,0,4,2,41
00-0038106,Eyioma Uwazurike,DT,DEN,1,0,0,0,0,0,0,0
00-0038115,Daniel Bellinger,TE,NYG,1,0,0,0,0,1,1,14
00-0038116,Arnold Ebiketie,LB,ATL,1,0,0,0,0,0,0,0
00-0038117,Wan'Dale Robinson,WR,NYG,1,0,0,0,0,8,6,55
00-0038120,Breece Hall,RB,NYJ,1,0,0,19,107,4,2,38
00-0038121,Alontae Taylor,CB,NO,1,0,0,0,0,0,0,0
00-0038123,Dane Belton,SAF,NYG,1,0,0,0,0,0,0,0
00-0038125,Roger McCreary,CB,TEN,1,0,0,0,0,0,0,0
00-0038127,Logan Hall,DE,TB,1,0,0,0,0,0,0,0
00-0038129,Cade Otton,TE,TB,1,0,0,0,0,3,0,0
00-0038133,Boye Mafe,DE,SEA,1,0,0,0,0,0,0,0
00-0038134,Kenneth Walker III,RB,SEA,1,0,0,10,20,3,3,4
00-0038135,Jaquan Brisker,SAF,CHI,1,0,0,0,0,0,0,0
00-0038136,Coby Bryant,CB,SEA,1,0,0,0,0,0,0,0
00-0038359,Xavier Smith,WR,LA,1,0,0,0,0,1,1,36
00-0038381,Kyu Blu Kelly,CB,LV,1,0,0,0,0,0,0,0
00-0038386,Jalen Carter,DT,PHI,1,0,0,0,0,0,0,0
00-0038387,Colby Wooden,DE,GB,1,0,0,0,0,0,0,0
00-0038390,Noah Sewell,LB,CHI,1,0,0,0,0,0,0,0
00-0038393,Dontayvion Wicks,WR,GB,1,0,0,0,0,2,2,30
00-0038408,Carrington Valentine,DB,GB,1,0,0,0,0,0,0,0
00-0038412,Moro Ojomo,DT,PHI,1,0,0,0,0,0,0,0
00-0038414,Kendall Williamson,SAF,LAC,1,0,0,0,0,0,0,0
00-0038428,Andre Szmyt,K,CLE,1,0,0,0,0,0,0,0
00-0038488,Brady Russell,RB,SEA,1,0,0,0,0,0,0,0
00-0038492,Jason Brownlee,WR,KC,1,0,0,0,0,1,0,0
00-0038496,Xavier Gipson,WR,NYJ,1,0,0,0,0,0,0,0
00-0038504,Trenton Simpson,LB,BAL,1,0,0,0,0,0,0,0
00-0038505,Tavius Robinson,LB,BAL,1,0,0,0,0,0,0,0
00-0038513,Cam Jones,LB,NYJ,1,0,0,0,0,0,0,0
00-0038519,Nikko Remigio,WR,KC,1,0,0,0,0,0,0,0
00-0038541,Tyree Wilson,DE,LV,1,0,0,0,0,0,0,0
00-0038542,Bijan Robinson,RB,ATL,1,0,0,12,24,7,6,100
00-0038543,Jaxon Smith-Njigba,WR,SEA,1,0,0,0,0,13,9,124
00-0038544,Quentin Johnston,WR,LAC,1,0,0,0,0,7,5,79
00-0038546,Myles Murphy,DE,CIN,1,0,0,0,0,0,0,0
00-0038547,Luke Schoonmaker,TE,DAL,1,0,0,0,0,1,0,0
00-0038549,DJ Turner II,CB,CIN,1,0,0,0,0,0,0,0
00-0038551,Kendre Miller,RB,NO,1,0,0,5,24,0,0,0
00-0038552,Riley Moss,CB,DEN,1,0,0,0,0,0,0,0
00-0038553,Daiyan Henley,LB,LAC,1,0,0,0,0,0,0,0
00-0038554,Ji'Ayir Brown,SAF,SF,1,0,0,0,0,0,0,0
00-0038555,Tank Bigsby,RB,JAX,1,0,0,5,12,0,0,0
00-0038557,Dorian Williams,LB,BUF,1,0,0,0,0,0,0,0
00-0038559,Michael Wilson,WR,ARI,1,0,0,0,0,4,1,5
00-0038560,Jordan Battle,SAF,CIN,1,0,0,0,0,0,0,0
00-0038562,Jake Moody,K,SF,1,0,0,0,0,0,0,0
00-0038563,Tre Tucker,WR,LV,1,0,0,0,0,3,2,54
00-0038565,Mekhi Blackmon,DB,IND,1,0,0,0,0,0,0,0
00-0038567,Chad Ryland,K,ARI,1,0,0,0,0,0,0,0
00-0038570,Ventrell Miller,LB,JAX,1,0,0,0,0,0,0,0
00-0038573,Derius Davis,WR,LAC,1,0,0,1,3,0,0,0
00-0038574,Isaiah McGuire,DE,CLE,1,0,0,0,0,0,0,0
00-0038576,Charlie Jones,WR,CIN,1,0,0,0,0,0,0,0
00-0038578,Jay Ward,SAF,MIN,1,0,0,0,0,0,0,0
00-0038590,Justin Shorter,TE,LV,1,0,0,0,0,0,0,0
00-0038596,Antonio Johnson,SAF,JAX,1,0,0,0,0,0,0,0
00-0038597,Chase Brown,RB,CIN,1,0,0,21,43,3,2,8
00-0038599,Henry To'oTo'o,LB,HOU,1,0,0,0,0,0,0,0
00-0038600,Owen Pappoe,LB,ARI,1,0,0,0,0,0,0,0
00-0038601,Asim Richards,OT,NO,1,0,0,0,0,0,0,0
00-0038606,Parker Washington,WR,JAX,1,0,0,0,0,0,0,0
00-0038608,Kayshon Boutte,WR,NE,1,0,0,0,0,8,6,103
00-0038610,Bryce Baringer,P,NE,1,0,0,0,0,0,0,0
00-0038618,Xavier Hutchinson,WR,HOU,1,0,0,1,5,2,2,30
00-0038621,DeMario Douglas,WR,NE,1,0,0,1,4,7,2,-2
00-0038623,Dante Stills,DT,ARI,1,0,0,0,0,0,0,0
00-0038625,Dee Winters,LB,SF,1,0,0,0,0,0,0,0
00-0038626,Brad Robbins,P,BUF,1,0,0,0,0,0,0,0
00-0038646,Alex Austin,CB,NE,1,0,0,0,0,0,0,0
00-0038653,Cory Durden,DT,NE,1,0,0,0,0,0,0,0
00-0038685,Chris Brooks,RB,GB,1,0,0,1,1,1,1,2
00-0038705,Emari Demercado,RB,ARI,1,0,0,0,0,0,0,0
00-0038711,Mohamoud Diabate,LB,CLE,1,0,0,0,0,0,0,0
00-0038715,Ronnie Hickman Jr.,SAF,CLE,1,0,0,0,0,0,0,0
00-0038720,Julian Hill,TE,MIA,1,0,0,0,0,0,0,0
00-0038778,Jalen Redmond,DL,MIN,1,0,0,0,0,0,0,0
00-0038797,Emanuel Wilson,RB,GB,1,0,0,1,4,0,0,0
00-0038807,Ivan Pace Jr.,LB,MIN,1,0,0,0,0,0,0,0
00-0038824,Ryan Miller,WR,TB,1,0,0,0,0,1,0,0
00-0038840,Brycen Tremayne,WR,CAR,1,0,0,0,0,0,0,0
00-0038851,Caleb Murphy,LB,LAC,1,0,0,0,0,0,0,0
00-0038890,Shaka Heyward,LB,CIN,1,0,0,0,0,0,0,0
00-0038896,Jacob Saylors,RB,DET,1,0,0,0,0,0,0,0
00-0038905,Blake Grupe,K,NO,1,0,0,0,0,0,0,0
00-0038922,Drake Thomas,LB,SEA,1,0,0,0,0,0,0,0
00-0038932,Darnell Wright,OT,CHI,1,0,0,0,0,0,0,0
00-0038933,Dalton Kincaid,TE,BUF,1,0,0,0,0,4,4,48
00-0038935,Brenton Strange,TE,JAX,1,0,0,0,0,4,4,59
00-0038951,Sean Tucker,RB,TB,1,0,0,1,2,0,0,0
00-0038966,Natrone Brooks,DB,ATL,1,0,0,0,0,0,0,0
00-0038976,Marvin Mims Jr.,WR,DEN,1,0,0,0,0,4,3,12
00-0038978,Byron Young,DT,PHI,1,0,0,0,0,0,0,0
00-0038979,Cedric Tillman,WR,CLE,1,0,0,0,0,8,5,52
00-0038980,Zach Harrison,DE,ATL,1,0,0,0,0,0,0,0
00-0038982,Chamarri Conner,DB,KC,1,0,0,0,0,0,0,0
00-0038986,Nic Jones,CB,NYG,1,0,0,0,0,0,0,0
00-0038995,Bryan Bresee,DT,NO,1,0,0,0,0,0,0,0
00-0038996,Tucker Kraft,TE,GB,1,0,0,1,3,4,2,16
00-0038997,Josh Downs,WR,IND,1,0,0,0,0,3,2,12
00-0039002,Sydney Brown,SAF,PHI,1,0,0,0,0,0,0,0
00-0039007,Garrett Williams,CB,ARI,1,0,0,0,0,0,0,0
00-0039009,Dylan Horton,DE,HOU,1,0,0,0,0,0,0,0
00-0039013,Nolan Smith,LB,PHI,1,0,0,0,0,0,0,0
00-0039014,Dawand Jones,OT,CLE,1,0,0,0,0,0,0,0
00-0039018,Jack Campbell,LB,DET,1,0,0,0,0,0,0,0
00-0039031,Adetomiwa Adebawore,DT,IND,1,0,0,0,0,0,0,0
00-0039040,De'Von Achane,RB,MIA,1,0,0,7,55,4,3,20
00-0039041,Elijah Higgins,TE,ARI,1,0,0,0,0,2,1,3
00-0039047,Derick Hall,LB,SEA,1,0,0,0,0,0,0,0
00-0039049,SirVocea Dennis,LB,TB,1,0,0,0,0,0,0,0
00-0039050,Payne Durham,TE,TB,1,0,0,0,0,0,0,0
00-0039054,Marte Mapu,LB,NE,1,0,0,0,0,0,0,0
00-0039059,Ethan Evans,P,LA,1,0,0,0,0,0,0,0
00-0039064,Zay Flowers,WR,BAL,1,0,0,2,8,9,7,143
00-0039065,Sam LaPorta,TE,DET,1,0,0,0,0,9,6,79
00-0039066,Michael Mayer,TE,LV,1,0,0,0,0,4,4,38
00-0039068,Yaya Diaby,LB,TB,1,0,0,0,0,0,0,0
00-0039070,Gervon Dexter Sr.,DT,CHI,1,0,0,0,0,0,0,0
00-0039071,Tyrique Stevenson,CB,CHI,1,0,0,0,0,0,0,0
00-0039072,Jakorian Bennett,DB,PHI,1,0,0,0,0,0,0,0
00-0039074,Davis Allen,TE,LA,1,0,0,0,0,2,1,13
00-0039075,Puka Nacua,WR,LA,1,0,0,1,1,11,10,130
00-0039076,Nick Hampton,LB,LA,1,0,0,0,0,0,0,0
00-0039108,Will Anderson Jr.,DE,HOU,1,0,0,0,0,0,0,0
00-0039110,Keeanu Benton,DT,PIT,1,0,0,0,0,0,0,0
00-0039111,Tuli Tuipulotu,LB,LAC,1,0,0,0,0,0,0,0
00-0039112,Lukas Van Ness,LB,GB,1,0,0,0,0,0,0,0
00-0039137,Byron Young,LB,LA,1,0,0,0,0,0,0,0
00-0039138,Kobie Turner,DE,LA,1,0,0,0,0,0,0,0
00-0039139,Jahmyr Gibbs,RB,DET,1,0,0,9,19,10,10,31
00-0039141,Brian Branch,CB,DET,1,0,0,0,0,0,0,0
00-0039142,Will McDonald IV,DE,NYJ,1,0,0,0,0,0,0,0
00-0039144,Luke Musgrave,TE,GB,1,0,0,0,0,1,1,4
00-0039146,Jayden Reed,WR,GB,1,0,0,0,0,5,3,45
00-0039148,Keion White,DE,NE,1,0,0,0,0,0,0,0
00-0039149,Quan Martin,SAF,WAS,1,0,0,0,0,0,0,0
00-0039150,Bryce Young,QB,CAR,1,35,154,5,40,0,0,0
00-0039151,Emmanuel Forbes,CB,LA,1,0,0,0,0,0,0,0
00-0039163,C.J. Stroud,QB,HOU,1,27,188,5,32,0,0,0
00-0039165,Zach Charbonnet,RB,SEA,1,0,0,12,47,0,0,0
00-0039167,Joey Porter Jr.,CB,PIT,1,0,0,0,0,0,0,0
00-0039169,Devon Witherspoon,CB,SEA,1,0,0,0,0,0,0,0
00-0039172,Jake Bates,K,DET,1,0,0,0,0,0,0,0
00-0039178,Austin Ajiake,LB,IND,1,0,0,0,0,0,0,0
00-0039232,Nate Wiggins,CB,BAL,1,0,0,0,0,0,0,0
00-0039233,Roger Rosengarten,OT,BAL,1,0,0,0,0,0,0,0
00-0039234,T.J. Tampa,CB,BAL,1,0,0,0,0,0,0,0
00-0039299,George Holani,RB,SEA,1,0,0,0,0,0,0,0
00-0039309,Byron Murphy II,DT,SEA,1,0,0,0,0,0,0,0
00-0039323,Ryan Rehkow,P,CIN,1,0,0,0,0,0,0,0
00-0039333,Brandon Codrington,CB,BUF,1,0,0,0,0,0,0,0
00-0039337,Malik Nabers,WR,NYG,1,0,0,0,0,12,5,71
00-0039338,Brock Bowers,TE,LV,1,0,0,0,0,8,5,103
00-0039340,Laiatu Latu,DE,IND,1,0,0,0,0,0,0,0
00-0039342,Xavier Legette,WR,CAR,1,0,0,0,0,7,3,10
00-0039343,Kamari Lassiter,CB,HOU,1,0,0,0,0,0,0,0
00-0039345,Renardo Green,CB,SF,1,0,0,0,0,0,0,0
00-0039347,Trevin Wallace,LB,CAR,1,0,0,0,0,0,0,0
00-0039349,DJ Glaze,OT,LV,1,0,0,0,0,0,0,0
00-0039352,Marist Liufau,LB,DAL,1,0,0,0,0,0,0,0
00-0039353,Jarrian Jones,CB,JAX,1,0,0,0,0,0,0,0
00-0039355,Luke McCaffrey,WR,WAS,1,0,0,0,0,0,0,0
00-0039356,Ja'Tavion Sanders,TE,CAR,1,0,0,0,0,3,2,27
00-0039357,Decamerion Richardson,CB,LV,1,0,0,0,0,0,0,0
00-0039359,Cade Stover,TE,HOU,1,0,0,0,0,4,4,22
00-0039361,Bucky Irving,RB,TB,1,0,0,14,37,4,4,8
00-0039363,Isaac Guerendo,RB,SF,1,0,0,0,0,0,0,0
00-0039366,Tarheeb Still,CB,LAC,1,0,0,0,0,0,0,0
00-0039369,Cam Hart,CB,LAC,1,0,0,0,0,0,0,0
00-0039371,Kris Abrams-Draine,CB,DEN,1,0,0,0,0,0,0,0
00-0039372,Jarvis Brownlee Jr.,DB,TEN,1,0,0,0,0,0,0,0
00-0039374,Tommy Eichenberg,LB,LV,1,0,0,0,0,0,0,0
00-0039375,Josh Newton,CB,CIN,1,0,0,0,0,0,0,0
00-0039376,Spencer Rattler,QB,NO,1,46,214,4,29,0,0,0
00-0039379,Jamari Thrash,WR,CLE,1,0,0,0,0,1,1,6
00-0039380,Chau Smith-Wade,CB,CAR,1,0,0,0,0,0,0,0
00-0039384,Tyrone Tracy Jr.,RB,NYG,1,0,0,10,24,5,2,11
00-0039388,Jaylan Ford,LB,NO,1,0,0,0,0,0,0,0
00-0039394,Casey Washington,WR,ATL,1,0,0,0,0,6,3,33
00-0039404,Will Reichard,K,MIN,1,0,0,0,0,0,0,0
00-0039407,Dylan Laube,RB,LV,1,0,0,0,0,0,0,0
00-0039409,Cam Little,K,JAX,1,0,0,0,0,0,0,0
00-0039417,Myles Harden,CB,CLE,1,0,0,0,0,0,0,0
00-0039421,Levi Drake Rodriguez,DL,MIN,1,0,0,0,0,0,0,0
00-0039423,Jonah Laulu,DT,LV,1,0,0,0,0,0,0,0
00-0039424,Devaughn Vele,WR,NO,1,0,0,0,0,2,1,13
00-0039430,James Williams,LB,TEN,1,0,0,0,0,0,0,0
00-0039431,Jowon Briggs,DE,NYJ,1,0,0,0,0,0,0,0
00-0039435,Tatum Bethune,LB,SF,1,0,0,0,0,0,0,0
00-0039436,Jaylen Harrell,DE,TEN,1,0,0,0,0,0,0,0
00-0039460,Carl Jones,LB,CHI,1,0,0,0,0,0,0,0
00-0039481,Storm Duck,CB,MIA,1,0,0,0,0,0,0,0
00-0039530,Brevyn Spann-Ford,TE,DAL,1,0,0,0,0,1,0,0
00-0039576,Spencer Shrader,K,IND,1,0,0,0,0,0,0,0
00-0039589,Kameron Johnson,WR,TB,1,0,0,0,0,0,0,0
00-0039596,Rashad Wisdom,SAF,TB,1,0,0,0,0,0,0,0
00-0039601,Demani Richardson,SAF,CAR,1,0,0,0,0,0,0,0
00-0039622,Isaiah Stalbird,LB,NO,1,0,0,0,0,0,0,0
00-0039634,Austin McNamara,P,NYJ,1,0,0,0,0,0,0,0
00-0039648,David Martin-Robinson,TE,TEN,1,0,0,0,0,0,0,0
00-0039650,Bryce Oliver,WR,TEN,1,0,0,0,0,1,1,8
00-0039686,Colson Yankoff,TE,WAS,1,0,0,0,0,0,0,0
00-0039692,Dell Pettus,SAF,NE,1,0,0,0,0,0,0,0
00-0039731,JC Latham,OT,TEN,1,0,0,0,0,0,0,0
00-0039732,Bo Nix,QB,DEN,1,40,176,8,18,0,0,0
00-0039733,Ruke Orhorhoro,DT,ATL,1,0,0,0,0,0,0,0
00-0039734,Braden Fiske,DT,LA,1,0,0,0,0,0,0,0
00-0039735,Jackson Powers-Johnson,C,LV,1,0,0,0,0,0,0,0
00-0039736,Matt Goncalves,G,IND,1,0,0,0,0,0,0,0
00-0039737,Tip Reiman,TE,ARI,1,0,0,0,0,1,1,10
00-0039738,Blake Corum,RB,LA,1,0,0,1,2,1,1,14
00-0039740,Jalyx Hunt,LB,PHI,1,0,0,0,0,0,0,0
00-0039741,Payton Wilson,LB,PIT,1,0,0,0,0,0,0,0
00-0039745,Tory Taylor,P,CHI,1,0,0,0,0,0,0,0
00-0039746,Will Shipley,RB,PHI,1,0,0,3,26,0,0,0
00-0039749,Tyler Davis,DE,LA,1,0,0,0,0,0,0,0
00-0039750,Joshua Karty,K,LA,1,0,0,0,0,0,0,0
00-0039751,Jordan Whittington,WR,LA,1,0,0,1,5,0,0,0
00-0039753,Beaux Limmer,G,LA,1,0,0,0,0,0,0,0
00-0039763,Joe Andreessen,LB,BUF,1,0,0,0,0,0,0,0
00-0039774,Omar Speights,LB,LA,1,0,0,0,0,0,0,0
00-0039776,Jaylen McCollough,SAF,LA,1,0,0,0,0,0,0,0
00-0039789,Qwan'tez Stiggers,DB,NYJ,1,0,0,0,0,0,0,0
00-0039793,AJ Barner,TE,SEA,1,0,0,1,2,2,1,0
00-0039794,Braelon Allen,RB,NYJ,1,0,0,6,9,0,0,0
00-0039795,Nehemiah Pritchett,CB,SEA,1,0,0,0,0,0,0,0
00-0039796,Rasheen Ali,RB,BAL,1,0,0,1,5,0,0,0
00-0039798,Isaiah Davis,RB,NYJ,1,0,0,2,18,0,0,0
00-0039800,DJ James,CB,NE,1,0,0,0,0,0,0,0
00-0039807,Max Melton,CB,ARI,1,0,0,0,0,0,0,0
00-0039808,Isaiah Adams,G,ARI,1,0,0,0,0,0,0,0
00-0039809,Jonah Elliss,LB,DEN,1,0,0,0,0,0,0,0
00-0039812,Ty'Ron Hopper,LB,GB,1,0,0,0,0,0,0,0
00-0039813,Evan Williams,SAF,GB,1,0,0,0,0,0,0,0
00-0039815,Tyrice Knight,LB,SEA,1,0,0,0,0,0,0,0
00-0039816,Anthony Gould,WR,IND,1,0,0,0,0,0,0,0
00-0039818,Kitan Oladapo,SAF,GB,1,0,0,0,0,0,0,0
00-0039821,Andru Phillips,DB,NYG,1,0,0,0,0,0,0,0
00-0039825,Jaden Hicks,SAF,KC,1,0,0,0,0,0,0,0
00-0039826,Jeremiah Trotter Jr.,LB,PHI,1,0,0,0,0,0,0,0
00-0039829,Darius Muasau,LB,NYG,1,0,0,0,0,0,0,0
00-0039834,Kamren Kinchens,SAF,LA,1,0,0,0,0,0,0,0
00-0039838,Calen Bullock,SAF,HOU,1,0,0,0,0,0,0,0
00-0039841,Cooper DeJean,CB,PHI,1,0,0,0,0,0,0,0
00-0039846,Tykee Smith,DB,TB,1,0,0,0,0,0,0,0
00-0039847,Theo Johnson,TE,NYG,1,0,0,0,0,3,1,5
00-0039849,Marvin Harrison Jr.,WR,ARI,1,0,0,0,0,6,5,71
00-0039850,Edgerrin Cooper,LB,GB,1,0,0,0,0,0,0,0
00-0039851,Drake Maye,QB,NE,1,46,287,4,11,1,1,2
00-0039852,Jared Verse,DE,LA,1,0,0,0,0,0,0,0
00-0039854,Darius Robinson,DL,ARI,1,0,0,0,0,0,0,0
00-0039857,Blake Fisher,OT,HOU,1,0,0,0,0,0,0,0
00-0039858,Cedric Gray,LB,TEN,1,0,0,0,0,0,0,0
00-0039860,Kool-Aid McKinstry,CB,NO,1,0,0,0,0,0,0,0
00-0039861,Tyler Nubin,SAF,NYG,1,0,0,0,0,0,0,0
00-0039864,Dadrion Taylor-Demerson,SAF,ARI,1,0,0,0,0,0,0,0
00-0039867,Javon Bullard,SAF,GB,1,0,0,0,0,0,0,0
00-0039868,Troy Franklin,WR,DEN,1,0,0,0,0,6,4,44
00-0039872,Cole Bishop,SAF,BUF,1,0,0,0,0,0,0,0
00-0039875,Ray Davis,RB,BUF,1,0,0,1,2,1,1,-1
00-0039879,Javon Solomon,LB,BUF,1,0,0,0,0,0,0,0
00-0039880,Malik Washington,WR,MIA,1,0,0,1,9,5,2,20
00-0039886,T'Vondre Sweat,DT,TEN,1,0,0,0,0,0,0,0
00-0039888,Quinyon Mitchell,CB,PHI,1,0,0,0,0,0,0,0
00-0039890,Adonai Mitchell,WR,IND,1,0,0,0,0,2,2,21
00-0039893,Brian Thomas Jr.,WR,JAX,1,0,0,1,9,7,1,11
00-0039894,Xavier Worthy,WR,KC,1,0,0,1,0,1,0,0
00-0039898,Mike Sainristil,CB,WAS,1,0,0,0,0,0,0,0
00-0039900,Marshawn Kneeland,DE,DAL,1,0,0,0,0,0,0,0
00-0039901,Keon Coleman,WR,BUF,1,0,0,0,0,11,8,112
00-0039903,Terrion Arnold,CB,DET,1,0,0,0,0,0,0,0
00-0039905,Graham Barton,C,TB,1,0,0,0,0,0,0,0
00-0039906,Jer'Zhan Newton,DT,WAS,1,0,0,0,0,0,0,0
00-0039908,Kris Jenkins,DT,CIN,1,0,0,0,0,0,0,0
00-0039910,Jayden Daniels,QB,WAS,1,30,233,11,68,0,0,0
00-0039911,Chop Robinson,LB,MIA,1,0,0,0,0,0,0,0
00-0039915,Ladd McConkey,WR,LAC,1,0,0,0,0,9,6,74
00-0039916,Ricky Pearsall,WR,SF,1,0,0,0,0,7,4,108
00-0039917,Michael Penix Jr.,QB,ATL,1,42,298,6,21,0,0,0
00-0039918,Caleb Williams,QB,CHI,1,35,210,6,58,0,0,0
00-0039919,Rome Odunze,WR,CHI,1,0,0,0,0,9,6,37
00-0039921,Trey Benson,RB,ARI,1,0,0,8,69,1,1,6
00-0039923,J.J. McCarthy,QB,MIN,1,20,143,2,25,0,0,0
00-0039924,Dallas Turner,LB,MIN,1,0,0,0,0,0,0,0
00-0039925,Amarius Mims,OT,CIN,1,0,0,0,0,0,0,0
00-0040009,Savion Williams,WR,GB,1,0,0,0,0,1,1,1
00-0040019,Jay Toia,DT,DAL,1,0,0,0,0,0,0,0
00-0040041,Nazir Stackhouse,DT,GB,1,0,0,0,0,0,0,0
00-0040069,Teddye Buchanan,LB,BAL,1,0,0,0,0,0,0,0
00-0040074,Tyler Loop,K,BAL,1,0,0,0,0,0,0,0
00-0040075,LaJohntay Wester,WR,BAL,1,0,0,0,0,0,0,0
00-0040076,Aeneas Peebles,DT,BAL,1,0,0,0,0,0,0,0
00-0040078,Brashard Smith,RB,KC,1,0,0,0,0,0,0,0
00-0040116,Josh Simmons,OT,KC,1,0,0,0,0,0,0,0
00-0040118,Cooper McDonald,LB,KC,1,0,0,0,0,0,0,0
00-0040122,Ashton Jeanty,RB,LV,1,0,0,19,38,2,2,2
00-0040124,Tetairoa McMillan,WR,CAR,1,0,0,0,0,9,5,68
00-0040126,Colston Loveland,TE,CHI,1,0,0,0,0,2,2,12
00-0040127,Kenneth Grant,DT,MIA,1,0,0,0,0,0,0,0
00-0040128,Tyler Warren,TE,IND,1,0,0,1,3,9,7,76
00-0040129,Emeka Egbuka,WR,TB,1,0,0,1,9,6,4,67
00-0040130,Jayden Higgins,WR,HOU,1,0,0,0,0,3,2,32
00-0040131,Kyle Williams,WR,NE,1,0,0,0,0,1,1,12
00-0040136,Princely Umanmielen,LB,CAR,1,0,0,0,0,0,0,0
00-0040137,Jordan Burch,LB,ARI,1,0,0,0,0,0,0,0
00-0040138,Jaylin Noel,WR,HOU,1,0,0,0,0,2,1,7
00-0040142,Kaleb Johnson,RB,PIT,1,0,0,1,-2,0,0,0
00-0040143,Jacob Parrish,CB,TB,1,0,0,0,0,0,0,0
00-0040147,Jared Wilson,C,NE,1,0,0,0,0,0,0,0
00-0040148,Xavier Watts,SAF,ATL,1,0,0,0,0,0,0,0
00-0040149,Jaylin Smith,CB,HOU,1,0,0,0,0,0,0,0
00-0040152,Upton Stout,CB,SF,1,0,0,0,0,0,0,0
00-0040154,Tai Felton,WR,MIN,1,0,0,0,0,0,0,0
00-0040155,Danny Stutsman,LB,NO,1,0,0,0,0,0,0,0
00-0040156,Billy Bowman Jr.,CB,ATL,1,0,0,0,0,0,0,0
00-0040157,Barrett Carter,LB,CIN,1,0,0,0,0,0,0,0
00-0040159,Lathan Ransom,SAF,CAR,1,0,0,0,0,0,0,0
00-0040160,Jack Sawyer,LB,PIT,1,0,0,0,0,0,0,0
00-0040162,Dylan Sampson,RB,CLE,1,0,0,12,29,8,8,64
00-0040164,Jaylin Lane,WR,WAS,1,0,0,0,0,2,1,11
00-0040165,Malachi Moore,SAF,NYJ,1,0,0,0,0,0,0,0
00-0040167,Ruben Hyppolite II,LB,CHI,1,0,0,0,0,0,0,0
00-0040170,Elic Ayomanor,WR,TEN,1,0,0,0,0,7,2,13
00-0040171,Joshua Farmer,DT,NE,1,0,0,0,0,0,0,0
00-0040173,Tyrion Ingram-Dawkins,DT,MIN,1,0,0,0,0,0,0,0
00-0040175,Jordan Phillips,DT,MIA,1,0,0,0,0,0,0,0
00-0040178,Jason Marshall Jr.,CB,MIA,1,0,0,0,0,0,0,0
00-0040179,DJ Giddens,RB,IND,1,0,0,12,41,0,0,0
00-0040182,Dante Trader Jr.,SAF,MIA,1,0,0,0,0,0,0,0
00-0040184,KeAndre Lambert-Smith,WR,LAC,1,0,0,0,0,1,0,0
00-0040185,Marques Sigle,SAF,SF,1,0,0,0,0,0,0,0
00-0040186,Francisco Mauigoa,LB,NYJ,1,0,0,0,0,0,0,0
00-0040188,Yahya Black,DE,PIT,1,0,0,0,0,0,0,0
00-0040194,Jackson Hawes,TE,BUF,1,0,0,0,0,1,1,29
00-0040197,Dorian Strong,CB,BUF,1,0,0,0,0,0,0,0
00-0040198,Ollie Gordon II,RB,MIA,1,0,0,2,4,1,1,-1
00-0040200,Andy Borregales,K,NE,1,0,0,0,0,0,0,0
00-0040202,Devin Neal,RB,NO,1,0,0,2,9,0,0,0
00-0040208,Tahj Brooks,RB,CIN,1,0,0,0,0,0,0,0
00-0040213,Rayuan Lane III,SAF,JAX,1,0,0,0,0,0,0,0
00-0040223,Jeremy Crawshaw,P,DEN,1,0,0,0,0,0,0,0
00-0040231,Carson Bruener,LB,PIT,1,0,0,0,0,0,0,0
00-0040236,Kyle Monangai,RB,CHI,1,0,0,0,0,1,1,11
00-0040237,Tez Johnson,WR,TB,1,0,0,0,0,1,0,0
00-0040238,LeQuint Allen Jr.,RB,JAX,1,0,0,1,7,1,1,4
00-0040242,Jacory Croskey-Merritt,RB,WAS,1,0,0,10,82,1,0,0
00-0040255,Adin Huntington,DE,CLE,1,0,0,0,0,0,0,0
00-0040263,Donovan McMillon,SAF,CLE,1,0,0,0,0,0,0,0
00-0040279,Ryan Fitzgerald,K,CAR,1,0,0,0,0,0,0,0
00-0040296,Corey Thornton,CB,CAR,1,0,0,0,0,0,0,0
00-0040379,William Wagner,LS,CIN,1,0,0,0,0,0,0,0
00-0040416,John Bullock,LB,TB,1,0,0,0,0,0,0,0
00-0040466,Raheim Sanders,RB,CLE,1,0,0,3,3,0,0,0
00-0040476,Ulysses Bentley IV,RB,IND,1,0,0,1,0,0,0,0
00-0040496,Chaz Chambliss,LB,MIN,1,0,0,0,0,0,0,0
00-0040503,Dorian Mausi,LB,TEN,1,0,0,0,0,0,0,0
00-0040506,Myles Price,WR,MIN,1,0,0,0,0,0,0,0
00-0040574,Elijah Ponder,LB,NE,1,0,0,0,0,0,0,0
00-0040577,Jalon Walker,LB,ATL,1,0,0,0,0,0,0,0
00-0040578,James Pearce Jr.,DE,ATL,1,0,0,0,0,0,0,0
00-0040579,Carson Schwesinger,LB,CLE,1,0,0,0,0,0,0,0
00-0040580,Josaiah Stewart,LB,LA,1,0,0,0,0,0,0,0
00-0040581,Dont'e Thornton Jr.,WR,LV,1,0,0,0,0,4,2,45
00-0040582,Arian Smith,WR,NYJ,1,0,0,0,0,0,0,0
00-0040583,Woody Marks,RB,HOU,1,0,0,3,3,0,0,0
00-0040584,Gunnar Helm,TE,TEN,1,0,0,0,0,2,1,16
00-0040613,Shaun Dolac,LB,LA,1,0,0,0,0,0,0,0
00-0040636,Keyon Martin,CB,BAL,1,0,0,0,0,0,0,0
00-0040640,Ashton Gillotte,DE,KC,1,0,0,0,0,0,0,0
00-0040644,Trevor Etienne,RB,CAR,1,0,0,1,4,0,0,0
00-0040645,Cody Simon,LB,ARI,1,0,0,0,0,0,0,0
00-0040648,Tory Horton,WR,SEA,1,0,0,0,0,0,0,0
00-0040654,Kai Kroeger,P,NO,1,0,0,0,0,0,0,0
00-0040660,Mykel Williams,DE,SF,1,0,0,0,0,0,0,0
00-0040663,Harold Fannin Jr.,TE,CLE,1,0,0,1,3,9,7,63
00-0040666,Omarion Hampton,RB,LAC,1,0,0,15,48,2,2,13
00-0040667,Matthew Golden,WR,GB,1,0,0,0,0,2,2,16
00-0040669,Isaac TeSlaa,WR,DET,1,0,0,0,0,1,1,13
00-0040670,Nohl Williams,CB,KC,1,0,0,0,0,0,0,0
00-0040672,Tyleik Williams,DT,DET,1,0,0,0,0,0,0,0
00-0040673,Jalen Milroe,QB,SEA,1,0,0,1,1,0,0,0
00-0040676,Cam Ward,QB,TEN,1,28,112,0,0,0,0,0
00-0040677,Abdul Carter,LB,NYG,1,0,0,0,0,0,0,0
00-0040685,Mason Graham,DT,CLE,1,0,0,0,0,0,0,0
00-0040686,Josh Conerly Jr.,OT,WAS,1,0,0,0,0,0,0,0
00-0040688,Malaki Starks,SAF,BAL,1,0,0,0,0,0,0,0
00-0040699,Will Campbell,OT,NE,1,0,0,0,0,0,0,0
00-0040705,Chimere Dike,WR,TEN,1,0,0,1,9,1,0,0
00-0040708,Jihaad Campbell,LB,PHI,1,0,0,0,0,0,0,0
00-0040715,Cam Skattebo,RB,NYG,1,0,0,2,-3,2,2,12
00-0040716,Craig Woodson,SAF,NE,1,0,0,0,0,0,0,0
00-0040718,Travis Hunter,CB,JAX,1,0,0,0,0,8,6,33
00-0040719,Bhayshul Tuten,RB,JAX,1,0,0,3,11,0,0,0
00-0040720,Jahdae Barron,CB,DEN,1,0,0,0,0,0,0,0
00-0040721,Alfred Collins,DT,SF,1,0,0,0,0,0,0,0
00-0040722,Mike Green,LB,BAL,1,0,0,0,0,0,0,0
00-0040725,Donovan Ezeiruaku,LB,DAL,1,0,0,0,0,0,0,0
00-0040727,Tre Harris,WR,LAC,1,0,0,0,0,1,1,11
00-0040729,Jack Bech,WR,LV,1,0,0,0,0,1,1,23
00-0040730,RJ Harvey,RB,DEN,1,0,0,6,70,1,1,-1
00-0040731,Trey Amos,CB,WAS,1,0,0,0,0,0,0,0
00-0040733,Nick Emmanwori,SAF,SEA,1,0,0,0,0,0,0,0
00-0040734,TreVeyon Henderson,RB,NE,1,0,0,5,27,6,6,24
00-0040735,Luther Burden III,WR,CHI,1,0,0,0,0,1,1,-3
00-0040736,Mason Taylor,TE,NYJ,1,0,0,0,0,1,1,20
00-0040738,Demetrius Knight Jr.,LB,CIN,1,0,0,0,0,0,0,0
00-0040739,Elijah Arroyo,TE,SEA,1,0,0,0,0,1,1,7
00-0040742,Jonah Savaiinaea,G,MIA,1,0,0,0,0,0,0,0
00-0040749,Andrew Mukuba,SAF,PHI,1,0,0,0,0,0,0,0
00-0040751,Will Johnson,CB,ARI,1,0,0,0,0,0,0,0
00-0040752,Oluwafemi Oladejo,DE,TEN,1,0,0,0,0,0,0,0
00-0040782,Isaiah Bond,WR,CLE,1,0,0,0,0,1,1,5
,,,DAL,1,0,0,0,0,0,0,0
00-0023459,Aaron Rodgers,QB,PIT,2,33,203,1,3,0,0,0
00-0023853,Matt Prater,K,BUF,2,0,0,0,0,0,0,0
00-0025565,Nick Folk,K,NYJ,2,0,0,0,0,0,0,0
00-0026158,Joe Flacco,QB,CLE,2,45,199,1,8,0,0,0
00-0026190,Calais Campbell,DE,ARI,2,0,0,0,0,0,0,0
00-0026498,Matthew Stafford,QB,LA,2,33,298,2,-6,0,0,0
00-0026858,Graham Gano,K,NYG,2,0,0,0,0,0,0,0
00-0027114,Thomas Morstead,P,SF,2,0,0,0,0,0,0,0
00-0027940,Von Miller,OLB,WAS,2,0,0,0,0,0,0,0
00-0027962,Cameron Jordan,LB,NO,2,0,0,0,0,0,0,0
00-0027969,Cameron Heyward,DE,PIT,2,0,0,0,0,0,0,0
00-0028118,Tyrod Taylor,QB,NYJ,2,11,56,3,21,0,0,0
00-0028872,Johnny Hekker,P,TEN,2,0,0,0,0,0,0,0
00-0029008,Charley Hughlett,LS,PHI,2,0,0,0,0,0,0,0
00-0029255,Bobby Wagner,MLB,WAS,2,0,0,0,0,0,0,0
00-0029263,Russell Wilson,QB,NYG,2,41,450,3,23,0,0,0
00-0029562,Lavonte David,OLB,TB,2,0,0,0,0,0,0,0
00-0029592,Kevin Zeitler,G,TEN,2,0,0,0,0,0,0,0
00-0029607,Demario Davis,OLB,NO,2,0,0,0,0,0,0,0
00-0029692,Bryan Anger,P,DAL,2,0,0,0,0,0,0,0
00-0029822,Brandon McManus,K,GB,2,0,0,0,0,0,0,0
00-0029892,Kyle Juszczyk,FB,SF,2,0,0,0,0,1,1,5
00-0030035,Adam Thielen,WR,MIN,2,0,0,0,0,3,2,26
00-0030061,Zach Ertz,TE,WAS,2,0,0,0,0,8,6,64
00-0030062,Darius Slay,CB,PIT,2,0,0,0,0,0,0,0
00-0030070,John Jenkins,DT,BAL,2,0,0,0,0,0,0,0
00-0030092,Sam Martin,P,CAR,2,0,0,0,0,0,0,0
00-0030140,Tress Way,P,WAS,2,0,0,0,0,0,0,0
00-0030279,Keenan Allen,WR,LAC,2,0,0,0,0,7,5,61
00-0030294,Tony Jefferson,S,LAC,2,0,0,0,0,0,0,0
00-0030506,Travis Kelce,TE,KC,2,0,0,0,0,6,4,61
00-0030561,Lane Johnson,OT,PHI,2,0,0,0,0,0,0,0
00-0030564,DeAndre Hopkins,WR,BAL,2,0,0,0,0,2,2,64
00-0030565,Geno Smith,QB,LV,2,43,180,5,20,0,0,0
00-0030615,James Winchester,LS,KC,2,0,0,0,0,0,0,0
00-0030757,Mike Pennel,DT,CIN,2,0,0,0,0,0,0,0
00-0031040,Khalil Mack,OLB,LAC,2,0,0,0,0,0,0,0
00-0031054,DaQuan Jones,DT,BUF,2,0,0,0,0,0,0,0
00-0031136,Chris Boswell,K,PIT,2,0,0,0,0,0,0,0
00-0031203,Cairo Santos,K,CHI,2,0,0,0,0,0,0,0
00-0031236,Brandin Cooks,WR,NO,2,0,0,0,0,2,2,26
00-0031270,Shelby Harris,DE,CLE,2,0,0,0,0,0,0,0
00-0031279,Jake Matthews,OT,ATL,2,0,0,0,0,0,0,0
00-0031330,Morgan Moses,OT,NE,2,0,0,0,0,0,0,0
00-0031357,C.J. Goodwin,CB,DAL,2,0,0,0,0,0,0,0
00-0031360,Kyle Van Noy,MLB,BAL,2,0,0,0,0,0,0,0
00-0031381,Davante Adams,WR,LA,2,0,0,0,0,13,6,106
00-0031408,Mike Evans,WR,TB,2,0,0,0,0,11,5,56
00-0031411,DeMarcus Lawrence,LB,SEA,2,0,0,0,0,0,0,0
00-0031426,Joel Bitonio,G,CLE,2,0,0,0,0,0,0,0
00-0031492,Jason Myers,K,SEA,2,0,0,0,0,0,0,0
00-0031551,Eddie Goldman,NT,WAS,2,0,0,0,0,0,0,0
00-0031565,Danielle Hunter,DE,HOU,2,0,0,0,0,0,0,0
00-0031576,Za'Darius Smith,DE,PHI,2,0,0,0,0,0,0,0
00-0031583,Grady Jarrett,DT,CHI,2,0,0,0,0,0,0,0
00-0031588,Stefon Diggs,WR,NE,2,0,0,0,0,5,4,32
00-0031608,Quandre Diggs,S,TEN,2,0,0,0,0,0,0,0
00-0031763,DeAndre Carter,WR,CLE,2,0,0,0,0,0,0,0
00-0031898,Alex Singleton,LB,DEN,2,0,0,0,0,0,0,0
00-0031933,Leonard Williams,DE,SEA,2,0,0,0,0,0,0,0
00-0032052,Dante Fowler Jr.,DE,DAL,2,0,0,0,0,0,0,0
00-0032065,Bradley Pinion,P,ATL,2,0,0,0,0,0,0,0
00-0032146,Bud Dupree,OLB,LAC,2,0,0,0,0,0,0,0
00-0032164,Arik Armstead,DE,JAX,2,0,0,0,0,0,0,0
00-0032211,Tyler Lockett,WR,TEN,2,0,0,0,0,3,2,9
00-0032378,DeForest Buckner,DT,IND,2,0,0,0,0,0,0,0
00-0032380,Laremy Tunsil,OT,WAS,2,0,0,0,0,0,0,0
00-0032385,Sterling Shepard,WR,TB,2,0,0,0,0,4,4,34
00-0032387,Jarran Reed,DT,SEA,2,0,0,0,0,0,0,0
00-0032388,Deion Jones,LB,TB,2,0,0,0,0,0,0,0
00-0032392,Austin Hooper,TE,NE,2,0,0,0,0,3,3,38
00-0032399,Miles Killebrew,SAF,PIT,2,0,0,0,0,0,0,0
00-0032415,Matthew Judon,OLB,MIA,2,0,0,0,0,0,0,0
00-0032442,Elandon Roberts,OLB,LV,2,0,0,0,0,0,0,0
00-0032464,Kalif Raymond,WR,DET,2,0,0,1,9,1,1,14
00-0032569,Wil Lutz,K,DEN,2,0,0,0,0,0,0,0
00-0032580,Jonathan Jones,DB,WAS,2,0,0,0,0,0,0,0
00-0032667,Roy Robertson-Harris,DE,NYG,2,0,0,0,0,0,0,0
00-0032726,Ka'imi Fairbairn,K,HOU,2,0,0,0,0,0,0,0
00-0032759,Sheldon Rankins,DT,HOU,2,0,0,0,0,0,0,0
00-0032762,Chris Jones,DE,KC,2,0,0,0,0,0,0,0
00-0032763,Austin Johnson,NT,JAX,2,0,0,0,0,0,0,0
00-0032764,Derrick Henry,RB,BAL,2,0,0,11,23,0,0,0
00-0032889,A'Shawn Robinson,DT,CAR,2,0,0,0,0,0,0,0
00-0032943,Riley Dixon,P,TB,2,0,0,0,0,0,0,0
00-0033038,Eric Murray,S,JAX,2,0,0,0,0,0,0,0
00-0033040,Tyreek Hill,WR,MIA,2,0,0,0,0,7,6,109
00-0033046,Jihad Ward,LB,TEN,2,0,0,0,0,0,0,0
00-0033050,Xavien Howard,CB,IND,2,0,0,0,0,0,0,0
00-0033051,David Onyemata,DT,ATL,2,0,0,0,0,0,0,0
00-0033055,Jalen Ramsey,CB,PIT,2,0,0,0,0,0,0,0
00-0033066,Andrew Billings,DT,CHI,2,0,0,0,0,0,0,0
00-0033072,Leonard Floyd,DE,ATL,2,0,0,0,0,0,0,0
00-0033077,Dak Prescott,QB,DAL,2,52,361,3,17,0,0,0
00-0033090,Hunter Henry,TE,NE,2,0,0,0,0,3,1,9
00-0033106,Jared Goff,QB,DET,2,28,334,1,6,0,0,0
00-0033109,Javon Hargrave,NT,MIN,2,0,0,0,0,0,0,0
00-0033110,Tyler Higbee,TE,LA,2,0,0,0,0,4,4,37
00-0033119,Jacoby Brissett,QB,ARI,2,0,0,1,2,0,0,0
00-0033120,Kenny Clark,NT,DAL,2,0,0,0,0,0,0,0
00-0033131,Maliek Collins,DT,CLE,2,0,0,0,0,0,0,0
00-0033132,Kevin Byard,FS,CHI,2,0,0,0,0,0,0,0
00-0033156,Joey Bosa,DE,BUF,2,0,0,0,0,0,0,0
00-0033217,Mo Alie-Cox,TE,IND,2,0,0,0,0,1,1,8
00-0033280,Christian McCaffrey,RB,SF,2,0,0,13,55,7,6,52
00-0033281,Marlon Humphrey,CB,BAL,2,0,0,0,0,0,0,0
00-0033284,Taylor Moton,OT,CAR,2,0,0,0,0,0,0,0
00-0033293,Aaron Jones,RB,MIN,2,0,0,5,23,1,0,0
00-0033294,Chuck Clark,SAF,PIT,2,0,0,0,0,0,0,0
00-0033297,D.J. Jones,DT,DEN,2,0,0,0,0,0,0,0
00-0033303,Harrison Butker,K,KC,2,0,0,0,0,0,0,0
00-0033307,Kendrick Bourne,WR,SF,2,0,0,0,0,3,3,32
00-0033336,Eric Wilson,LB,MIN,2,0,0,0,0,0,0,0
00-0033375,Tim Patrick,WR,JAX,2,0,0,0,0,1,0,0
00-0033381,Adam Butler,DT,LV,2,0,0,0,0,0,0,0
00-0033393,Kenny Moore II,CB,IND,2,0,0,0,0,0,0,0
00-0033523,Jonathan Allen,DE,MIN,2,0,0,0,0,0,0,0
00-0033526,Samaje Perine,RB,CIN,2,0,0,0,0,0,0,0
00-0033546,Dalvin Tomlinson,DE,ARI,2,0,0,0,0,0,0,0
00-0033547,Zach Cunningham,ILB,DET,2,0,0,0,0,0,0,0
00-0033548,Chidobe Awuzie,CB,BAL,2,0,0,0,0,0,0,0
00-0033551,Rasul Douglas,CB,MIA,2,0,0,0,0,0,0,0
00-0033553,James Conner,RB,ARI,2,0,0,11,34,1,1,18
00-0033555,Mack Hollins,WR,NE,2,0,0,0,0,2,1,8
00-0033571,Matt Milano,OLB,BUF,2,0,0,0,0,0,0,0
00-0033576,Eric Saubert,TE,SEA,2,0,0,0,0,0,0,0
00-0033579,Xavier Woods,FS,TEN,2,0,0,0,0,0,0,0
00-0033591,Noah Brown,WR,WAS,2,0,0,0,0,4,1,9
00-0033595,Pat O'Connor,DE,DET,2,0,0,0,0,0,0,0
00-0033662,Cooper Rush,QB,BAL,2,0,0,3,-4,0,0,0
00-0033676,Elijah Wilkinson,OT,ATL,2,0,0,0,0,0,0,0
00-0033699,Austin Ekeler,RB,WAS,2,0,0,8,17,4,2,7
00-0033729,Cameron Johnston,P,BUF,2,0,0,0,0,0,0,0
00-0033783,Ahkello Witherspoon,CB,LA,2,0,0,0,0,0,0,0
00-0033787,Jake Elliott,K,PHI,2,0,0,0,0,0,0,0
00-0033854,Dare Ogunbowale,RB,HOU,2,0,0,0,0,0,0,0
00-0033857,JuJu Smith-Schuster,WR,KC,2,0,0,0,0,3,1,5
00-0033858,Jonnu Smith,TE,PIT,2,0,0,0,0,4,4,27
00-0033860,Davon Godchaux,DT,NO,2,0,0,0,0,0,0,0
00-0033868,Myles Garrett,DE,CLE,2,0,0,0,0,0,0,0
00-0033869,Mitchell Trubisky,QB,BUF,2,2,32,3,-3,0,0,0
00-0033870,Solomon Thomas,DE,DAL,2,0,0,0,0,0,0,0
00-0033872,Jamal Adams,LB,LV,2,0,0,0,0,0,0,0
00-0033873,Patrick Mahomes,QB,KC,2,29,187,7,66,0,0,0
00-0033874,Marshon Lattimore,CB,WAS,2,0,0,0,0,0,0,0
00-0033875,Haason Reddick,OLB,TB,2,0,0,0,0,0,0,0
00-0033876,Derek Barnett,DE,HOU,2,0,0,0,0,0,0,0
00-0033877,Malik Hooker,FS,DAL,2,0,0,0,0,0,0,0
00-0033878,Adoree' Jackson,CB,PHI,2,0,0,0,0,0,0,0
00-0033881,Evan Engram,TE,DEN,2,0,0,0,0,2,1,12
00-0033884,Tre'Davious White,CB,BUF,2,0,0,0,0,0,0,0
00-0033885,David Njoku,TE,CLE,2,0,0,0,0,5,4,40
00-0033886,T.J. Watt,OLB,PIT,2,0,0,0,0,0,0,0
00-0033890,Budda Baker,S,ARI,2,0,0,0,0,0,0,0
00-0033902,Tanoh Kpassagnon,DE,CHI,2,0,0,0,0,0,0,0
00-0033906,Alvin Kamara,RB,NO,2,0,0,21,99,6,6,21
00-0033908,Cooper Kupp,WR,SEA,2,0,0,0,0,9,7,90
00-0033914,Alex Anzalone,MLB,DET,2,0,0,0,0,0,0,0
00-0033923,Kareem Hunt,RB,KC,2,0,0,8,31,1,1,3
00-0033928,Jourdan Lewis,CB,JAX,2,0,0,0,0,0,0,0
00-0033935,Trey Hendrickson,LB,CIN,2,0,0,0,0,0,0,0
00-0033941,Rayshawn Jenkins,DB,CLE,2,0,0,0,0,0,0,0
00-0033945,Samson Ebukam,DE,IND,2,0,0,0,0,0,0,0
00-0033947,Deatrich Wise,DE,WAS,2,0,0,0,0,0,0,0
00-0033952,Grover Stewart,DT,IND,2,0,0,0,0,0,0,0
00-0033964,Al-Quadin Muhammad,LB,DET,2,0,0,0,0,0,0,0
00-0034145,Chris Lammons,DB,IND,2,0,0,0,0,0,0,0
00-0034158,Brian O'Neill,OT,MIN,2,0,0,0,0,0,0,0
00-0034159,Will Dissly,TE,LAC,2,0,0,0,0,1,1,7
00-0034160,Michael Dickson,P,SEA,2,0,0,0,0,0,0,0
00-0034161,Daniel Carlson,K,LV,2,0,0,0,0,0,0,0
00-0034162,J.K. Scott,P,LAC,2,0,0,0,0,0,0,0
00-0034163,Jacob Martin,DE,WAS,2,0,0,0,0,0,0,0
00-0034173,Eddy Pineiro,K,SF,2,0,0,0,0,0,0,0
00-0034203,Darious Williams,CB,LA,2,0,0,0,0,0,0,0
00-0034234,Poona Ford,DT,LA,2,0,0,0,0,0,0,0
00-0034248,Elijah Campbell,DB,MIA,2,0,0,0,0,0,0,0
00-0034251,Daniel Ekuale,DT,PIT,2,0,0,0,0,0,0,0
00-0034272,Marquez Valdes-Scantling,WR,SF,2,0,0,0,0,1,0,0
00-0034275,Foley Fatukasi,DT,HOU,2,0,0,0,0,0,0,0
00-0034278,Tremon Smith,CB,HOU,2,0,0,0,0,0,0,0
00-0034285,Zach Sieler,DE,MIA,2,0,0,0,0,0,0,0
00-0034302,Frankie Luvu,LB,WAS,2,0,0,0,0,0,0,0
00-0034333,Daron Payne,NT,WAS,2,0,0,0,0,0,0,0
00-0034344,Marcus Davenport,DE,DET,2,0,0,0,0,0,0,0
00-0034348,Courtland Sutton,WR,DEN,2,0,0,0,0,4,1,6
00-0034350,Uchenna Nwosu,LB,SEA,2,0,0,0,0,0,0,0
00-0034355,M.J. Stewart,SAF,HOU,2,0,0,0,0,0,0,0
00-0034356,Donte Jackson,CB,LAC,2,0,0,0,0,0,0,0
00-0034357,Isaiah Oliver,FS,NYJ,2,0,0,0,0,0,0,0
00-0034359,Tyquan Lewis,DE,IND,2,0,0,0,0,0,0,0
00-0034361,Justin Reid,S,NO,2,0,0,0,0,0,0,0
00-0034365,Ian Thomas,TE,LV,2,0,0,0,0,0,0,0
00-0034371,Da'Shawn Hand,DE,LAC,2,0,0,0,0,0,0,0
00-0034373,Dorance Armstrong,DE,WAS,2,0,0,0,0,0,0,0
00-0034377,Avonte Maddox,FS,DET,2,0,0,0,0,0,0,0
00-0034381,Josh Sweat,LB,ARI,2,0,0,0,0,0,0,0
00-0034383,Dalton Schultz,TE,HOU,2,0,0,0,0,4,3,29
00-0034384,D.J. Reed,CB,DET,2,0,0,0,0,0,0,0
00-0034386,Justin Watson,WR,HOU,2,0,0,0,0,2,1,3
00-0034391,Siran Neal,DB,SF,2,0,0,0,0,0,0,0
00-0034397,Tim Settle,DT,HOU,2,0,0,0,0,0,0,0
00-0034407,Ray-Ray McCloud,WR,ATL,2,0,0,0,0,2,0,0
00-0034413,Foye Oluokun,LB,JAX,2,0,0,0,0,0,0,0
00-0034431,Zaire Franklin,OLB,IND,2,0,0,0,0,0,0,0
00-0034437,Logan Cooke,P,JAX,2,0,0,0,0,0,0,0
00-0034465,Jeremy Reaves,DB,WAS,2,0,0,0,0,0,0,0
00-0034485,Jonathan Owens,SAF,CHI,2,0,0,0,0,0,0,0
00-0034487,Trent Sherfield,WR,DEN,2,0,0,0,0,1,1,3
00-0034488,Tavierre Thomas,SAF,MIN,2,0,0,0,0,0,0,0
00-0034495,Evan Brown,C,ARI,2,0,0,0,0,0,0,0
00-0034639,Mike Ford,DB,ATL,2,0,0,0,0,0,0,0
00-0034673,Tremaine Edmunds,MLB,CHI,2,0,0,0,0,0,0,0
00-0034675,Jessie Bates,FS,ATL,2,0,0,0,0,0,0,0
00-0034720,Robert Spillane,LB,NE,2,0,0,0,0,0,0,0
00-0034721,Corey Bojorquez,P,CLE,2,0,0,0,0,0,0,0
00-0034753,Mark Andrews,TE,BAL,2,0,0,1,2,3,1,2
00-0034754,Oren Burks,ILB,CIN,2,0,0,0,0,0,0,0
00-0034760,Nathan Shepherd,DE,NO,2,0,0,0,0,0,0,0
00-0034771,Mason Rudolph,QB,PIT,2,2,12,0,0,0,0,0
00-0034773,Vita Vea,DT,TB,2,0,0,0,0,0,0,0
00-0034778,Carlton Davis III,CB,NE,2,0,0,0,0,0,0,0
00-0034780,Isaac Yiadom,CB,NO,2,0,0,0,0,0,0,0
00-0034782,Harrison Phillips,DT,NYJ,2,0,0,0,0,0,0,0
00-0034787,Chris Board,LB,NYG,2,0,0,0,0,0,0,0
00-0034789,Minkah Fitzpatrick,FS,MIA,2,0,0,0,0,0,0,0
00-0034790,Derwin James,FS,LAC,2,0,0,0,0,0,0,0
00-0034791,Nick Chubb,RB,HOU,2,0,0,12,43,2,2,29
00-0034796,Lamar Jackson,QB,BAL,2,29,225,2,13,0,0,0
00-0034797,Jerome Baker,OLB,CLE,2,0,0,0,0,0,0,0
00-0034800,B.J. Hill,DE,CIN,2,0,0,0,0,0,0,0
00-0034801,Josh Woods,LB,ATL,2,0,0,0,0,0,0,0
00-0034810,Sebastian Joseph-Day,DT,TEN,2,0,0,0,0,0,0,0
00-0034815,Fred Warner,MLB,SF,2,0,0,0,0,0,0,0
00-0034818,Derrick Nnadi,NT,KC,2,0,0,0,0,0,0,0
00-0034825,Arden Key,DE,TEN,2,0,0,0,0,0,0,0
00-0034827,DJ Moore,WR,CHI,2,0,0,0,0,6,5,46
00-0034828,Harold Landry III,LB,NE,2,0,0,0,0,0,0,0
00-0034829,Mike Gesicki,TE,CIN,2,0,0,0,0,4,3,18
00-0034832,Bradley Chubb,OLB,MIA,2,0,0,0,0,0,0,0
00-0034837,Calvin Ridley,WR,TEN,2,0,0,0,0,6,3,57
00-0034843,Mike Hughes,CB,ATL,2,0,0,0,0,0,0,0
00-0034844,Saquon Barkley,RB,PHI,2,0,0,22,88,2,2,6
00-0034855,Baker Mayfield,QB,TB,2,38,215,3,33,0,0,0
00-0034856,Denzel Ward,CB,CLE,2,0,0,0,0,0,0,0
00-0034857,Josh Allen,QB,BUF,2,25,148,6,59,0,0,0
00-0034869,Sam Darnold,QB,SEA,2,33,295,0,0,0,0,0
00-0034874,Roquan Smith,ILB,BAL,2,0,0,0,0,0,0,0
00-0034960,Jakobi Meyers,WR,LV,2,0,0,0,0,12,6,68
00-0034967,Rashan Gary,LB,GB,2,0,0,0,0,0,0,0
00-0034968,Darnell Savage,SAF,JAX,2,0,0,0,0,0,0,0
00-0034973,Maxx Crosby,DE,LV,2,0,0,0,0,0,0,0
00-0034974,Julian Love,SAF,SEA,2,0,0,0,0,0,0,0
00-0034975,Justice Hill,RB,BAL,2,0,0,3,7,3,3,18
00-0034983,Hunter Renfrow,WR,CAR,2,0,0,0,0,9,7,48
00-0034987,E.J. Speed,LB,HOU,2,0,0,0,0,0,0,0
00-0035021,Ashton Dulin,WR,IND,2,0,0,0,0,0,0,0
00-0035042,Jamie Gillan,P,NYG,2,0,0,0,0,0,0,0
00-0035100,Jake Browning,QB,CIN,2,32,241,1,1,0,0,0
00-0035112,Patrick Mekari,OT,JAX,2,0,0,0,0,0,0,0
00-0035125,Alec Ingold,FB,MIA,2,0,0,0,0,2,2,13
00-0035133,Keisean Nixon,DB,GB,2,0,0,0,0,0,0,0
00-0035144,Mack Wilson,LB,ARI,2,0,0,0,0,0,0,0
00-0035149,Nick Allegretti,G,WAS,2,0,0,0,0,0,0,0
00-0035156,Jack Fox,P,DET,2,0,0,0,0,0,0,0
00-0035166,Azeez Al-Shaair,LB,HOU,2,0,0,0,0,0,0,0
00-0035190,AJ Cole,P,LV,2,0,0,0,0,0,0,0
00-0035192,Joey Slye,K,TEN,2,0,0,0,0,0,0,0
00-0035208,Olamide Zaccheaus,WR,CHI,2,0,0,1,9,5,2,12
00-0035227,P.J. Locke,DB,DEN,2,0,0,0,0,0,0,0
00-0035228,Kyler Murray,QB,ARI,2,25,220,7,32,0,0,0
00-0035229,T.J. Hockenson,TE,MIN,2,0,0,0,0,3,1,12
00-0035234,Tytus Howard,OT,HOU,2,0,0,0,0,0,0,0
00-0035236,Byron Murphy,CB,MIN,2,0,0,0,0,0,0,0
00-0035237,Jawaan Taylor,OT,KC,2,0,0,0,0,0,0,0
00-0035242,Erik McCoy,C,NO,2,0,0,0,0,0,0,0
00-0035243,Miles Sanders,RB,DAL,2,0,0,5,15,2,2,4
00-0035248,Zach Allen,DE,DEN,2,0,0,0,0,0,0,0
00-0035250,Devin Singletary,RB,NYG,2,0,0,1,4,1,1,-4
00-0035253,C.J. Gardner-Johnson,SAF,HOU,2,0,0,0,0,0,0,0
00-0035254,Anthony Nelson,LB,TB,2,0,0,0,0,0,0,0
00-0035258,Hjalte Froholdt,G,ARI,2,0,0,0,0,0,0,0
00-0035261,Tony Pollard,RB,TEN,2,0,0,20,92,1,0,0
00-0035262,Drue Tranquill,LB,KC,2,0,0,0,0,0,0,0
00-0035269,Matt Gay,K,WAS,2,0,0,0,0,0,0,0
00-0035277,Mike Jackson,CB,CAR,2,0,0,0,0,0,0,0
00-0035279,Charles Omenihu,DE,KC,2,0,0,0,0,0,0,0
00-0035280,Jake Bailey,P,MIA,2,0,0,0,0,0,0,0
00-0035286,Cole Holcomb,LB,PIT,2,0,0,0,0,0,0,0
00-0035301,Donovan Wilson,SAF,DAL,2,0,0,0,0,0,0,0
00-0035316,Kaden Elliss,LB,ATL,2,0,0,0,0,0,0,0
00-0035352,Tyrel Dodson,LB,MIA,2,0,0,0,0,0,0,0
00-0035355,Blake Hance,G,TEN,2,0,0,0,0,0,0,0
00-0035357,Cam Lewis,CB,BUF,2,0,0,0,0,0,0,0
00-0035358,Chase McLaughlin,K,TB,2,0,0,0,0,0,0,0
00-0035378,Andrew Wingard,SAF,JAX,2,0,0,0,0,0,0,0
00-0035386,T.J. Edwards,LB,CHI,2,0,0,0,0,0,0,0
00-0035402,Carl Granderson,DE,NO,2,0,0,0,0,0,0,0
00-0035409,Shy Tuttle,DT,TEN,2,0,0,0,0,0,0,0
00-0035413,Luke Gifford,LB,SF,2,0,0,0,0,0,0,0
00-0035500,Greg Dortch,WR,ARI,2,0,0,0,0,1,1,11
00-0035525,Devin Bush,LB,CLE,2,0,0,0,0,0,0,0
00-0035535,Darius Slayton,WR,NYG,2,0,0,0,0,3,2,61
00-0035537,Ty Johnson,RB,BUF,2,0,0,2,6,1,0,0
00-0035567,Craig Reynolds,RB,DET,2,0,0,3,4,0,0,0
00-0035588,Garrett Bradbury,C,NE,2,0,0,0,0,0,0,0
00-0035617,Troy Reeder,LB,LA,2,0,0,0,0,0,0,0
00-0035625,Juan Thornhill,SAF,PIT,2,0,0,0,0,0,0,0
00-0035629,Jonah Williams,OT,ARI,2,0,0,0,0,0,0,0
00-0035631,Drew Sample,TE,CIN,2,0,0,0,0,2,1,7
00-0035632,Amani Hooker,SAF,TEN,2,0,0,0,0,0,0,0
00-0035637,Rock Ya-Sin,CB,DET,2,0,0,0,0,0,0,0
00-0035640,DK Metcalf,WR,PIT,2,0,0,0,0,6,3,20
00-0035642,Josh Hines-Allen,DE,JAX,2,0,0,0,0,0,0,0
00-0035643,Jeffery Simmons,DT,TEN,2,0,0,0,0,0,0,0
00-0035644,Noah Fant,TE,CIN,2,0,0,0,0,4,3,28
00-0035645,Gunner Olszewski,WR,NYG,2,0,0,0,0,0,0,0
00-0035647,Montez Sweat,DE,CHI,2,0,0,0,0,0,0,0
00-0035655,Will Harris,SAF,WAS,2,0,0,0,0,0,0,0
00-0035659,Terry McLaurin,WR,WAS,2,0,0,0,0,9,5,48
00-0035662,Marquise Brown,WR,KC,2,0,0,0,0,5,5,30
00-0035663,Taylor Rapp,SAF,BUF,2,0,0,0,0,0,0,0
00-0035667,Greg Gaines,DT,TB,2,0,0,0,0,0,0,0
00-0035669,Nick Scott,SAF,CAR,2,0,0,0,0,0,0,0
00-0035672,Cody Barton,LB,TEN,2,0,0,0,0,0,0,0
00-0035674,Jerry Tillery,DT,KC,2,0,0,0,0,0,0,0
00-0035676,A.J. Brown,WR,PHI,2,0,0,0,0,8,5,27
00-0035678,Dre'Mont Jones,LB,TEN,2,0,0,0,0,0,0,0
00-0035680,Quincy Williams,LB,NYJ,2,0,0,0,0,0,0,0
00-0035683,Dexter Lawrence,DT,NYG,2,0,0,0,0,0,0,0
00-0035685,David Montgomery,RB,DET,2,0,0,11,57,1,1,4
00-0035687,Bobby Okereke,ILB,NYG,2,0,0,0,0,0,0,0
00-0035688,Trey Pipkins,OT,LAC,2,0,0,0,0,0,0,0
00-0035689,Dawson Knox,TE,BUF,2,0,0,0,0,5,2,19
00-0035697,Germaine Pratt,LB,LV,2,0,0,0,0,0,0,0
00-0035699,Jamel Dean,CB,TB,2,0,0,0,0,0,0,0
00-0035700,Josh Jacobs,RB,GB,2,0,0,23,84,0,0,0
00-0035702,Dalton Risner,G,CIN,2,0,0,0,0,0,0,0
00-0035705,Jalen Thompson,DB,ARI,2,0,0,0,0,0,0,0
00-0035707,Devin White,LB,LV,2,0,0,0,0,0,0,0
00-0035710,Daniel Jones,QB,IND,2,34,316,6,2,0,0,0
00-0035713,Brian Burns,LB,NYG,2,0,0,0,0,0,0,0
00-0035717,Nick Bosa,DE,SF,2,0,0,0,0,0,0,0
00-0035718,Quinnen Williams,DT,NYJ,2,0,0,0,0,0,0,0
00-0035719,Deebo Samuel Sr.,WR,WAS,2,0,0,0,0,8,7,44
00-0035726,Jakob Johnson,RB,HOU,2,0,0,0,0,0,0,0
00-0035821,Corliss Waitman,P,PIT,2,0,0,0,0,0,0,0
00-0035857,Chris Williams,DT,CHI,2,0,0,0,0,0,0,0
00-0035859,Blake Gillikin,P,ARI,2,0,0,0,0,0,0,0
00-0035889,Tommy Townsend,P,HOU,2,0,0,0,0,0,0,0
00-0035895,Joe Bachie,LB,IND,2,0,0,0,0,0,0,0
00-0035942,Christian Rozeboom,LB,CAR,2,0,0,0,0,0,0,0
00-0036037,Sam Franklin Jr.,SAF,BUF,2,0,0,0,0,0,0,0
00-0036040,Juwan Johnson,TE,NO,2,0,0,0,0,9,5,49
00-0036124,Khalil Dorsey,CB,DET,2,0,0,0,0,0,0,0
00-0036130,Nnamdi Madubuike,DT,BAL,2,0,0,0,0,0,0,0
00-0036139,Rico Dowdle,RB,CAR,2,0,0,6,9,1,1,10
00-0036151,Bryce Huff,DE,SF,2,0,0,0,0,0,0,0
00-0036158,J.K. Dobbins,RB,DEN,2,0,0,14,76,2,1,9
00-0036159,Joshua Uche,LB,PHI,2,0,0,0,0,0,0,0
00-0036171,Aaron Brewer,C,MIA,2,0,0,0,0,0,0,0
00-0036181,Teair Tart,DT,LAC,2,0,0,0,0,0,0,0
00-0036182,Nick Westbrook-Ikhine,WR,MIA,2,0,0,0,0,3,2,18
00-0036187,Reggie Gilliam,RB,BUF,2,0,0,0,0,0,0,0
00-0036192,A.J. Epenesa,LB,BUF,2,0,0,0,0,0,0,0
00-0036193,Anfernee Jennings,LB,NE,2,0,0,0,0,0,0,0
00-0036195,Charlie Heck,OT,TB,2,0,0,0,0,0,0,0
00-0036199,Geno Stone,SAF,CIN,2,0,0,0,0,0,0,0
00-0036212,Tua Tagovailoa,QB,MIA,2,32,315,0,0,0,0,0
00-0036220,Derrick Brown,DT,CAR,2,0,0,0,0,0,0,0
00-0036221,Brandon Jones,SAF,DEN,2,0,0,0,0,0,0,0
00-0036222,Isaiah Rodgers,CB,MIN,2,0,0,0,0,0,0,0
00-0036223,Jonathan Taylor,RB,IND,2,0,0,25,165,2,2,50
00-0036224,Jonathan Greenard,LB,MIN,2,0,0,0,0,0,0,0
00-0036231,Kyle Dugger,SAF,NE,2,0,0,0,0,0,0,0
00-0036232,Harrison Bryant,TE,HOU,2,0,0,0,0,1,0,0
00-0036237,Larrell Murchison,DT,LA,2,0,0,0,0,0,0,0
00-0036252,Michael Pittman,WR,IND,2,0,0,0,0,5,4,40
00-0036258,Jonah Jackson,G,CHI,2,0,0,0,0,0,0,0
00-0036259,Jauan Jennings,WR,SF,2,0,0,0,0,10,5,89
00-0036260,Javon Kinlaw,DT,WAS,2,0,0,0,0,0,0,0
00-0036262,DaVon Hamilton,DT,JAX,2,0,0,0,0,0,0,0
00-0036264,Jordan Love,QB,GB,2,31,292,3,12,0,0,0
00-0036265,AJ Dillon,RB,PHI,2,0,0,3,19,0,0,0
00-0036266,Jordan Elliott,DT,SF,2,0,0,0,0,0,0,0
00-0036275,D'Andre Swift,RB,CHI,2,0,0,12,63,3,3,6
00-0036282,Grant Delpit,SAF,CLE,2,0,0,0,0,0,0,0
00-0036285,A.J. Terrell,CB,ATL,2,0,0,0,0,0,0,0
00-0036286,K'Lavon Chaisson,LB,NE,2,0,0,0,0,0,0,0
00-0036288,Yetur Gross-Matos,DE,SF,2,0,0,0,0,0,0,0
00-0036290,Cole Kmet,TE,CHI,2,0,0,0,0,2,2,29
00-0036292,Jaylon Johnson,CB,CHI,2,0,0,0,0,0,0,0
00-0036293,Jeremy Chinn,SAF,LV,2,0,0,0,0,0,0,0
00-0036294,Logan Wilson,LB,CIN,2,0,0,0,0,0,0,0
00-0036298,Akeem Davis-Gaither,LB,ARI,2,0,0,0,0,0,0,0
00-0036302,Jaylinn Hawkins,SAF,NE,2,0,0,0,0,0,0,0
00-0036306,Daniel Thomas,SAF,DET,2,0,0,0,0,0,0,0
00-0036309,Darnell Mooney,WR,ATL,2,0,0,0,0,4,2,20
00-0036313,Braden Mann,P,PHI,2,0,0,0,0,0,0,0
00-0036322,Justin Jefferson,WR,MIN,2,0,0,0,0,6,3,81
00-0036323,Patrick Queen,LB,PIT,2,0,0,0,0,0,0,0
00-0036325,Robert Hunt,OT,CAR,2,0,0,0,0,0,0,0
00-0036328,Antonio Gibson,RB,NE,2,0,0,5,27,1,1,1
00-0036331,Devin Duvernay,WR,CHI,2,0,0,0,0,0,0,0
00-0036332,Josiah Deguara,TE,ARI,2,0,0,0,0,0,0,0
00-0036333,Alex Highsmith,LB,PIT,2,0,0,0,0,0,0,0
00-0036335,D.J. Wonnum,LB,CAR,2,0,0,0,0,0,0,0
00-0036337,James Lynch,DT,TEN,2,0,0,0,0,0,0,0
00-0036338,Troy Dye,LB,LAC,2,0,0,0,0,0,0,0
00-0036348,Josh Metellus,SAF,MIN,2,0,0,0,0,0,0,0
00-0036349,Kam Curl,SAF,LA,2,0,0,0,0,0,0,0
00-0036355,Justin Herbert,QB,LAC,2,27,242,9,31,0,0,0
00-0036358,CeeDee Lamb,WR,DAL,2,0,0,0,0,11,9,112
00-0036361,Trevon Diggs,CB,DAL,2,0,0,0,0,0,0,0
00-0036362,Willie Gay Jr.,LB,MIA,2,0,0,0,0,0,0,0
00-0036371,Leki Fotu,DT,LV,2,0,0,0,0,0,0,0
00-0036374,L'Jarius Sneed,CB,TEN,2,0,0,0,0,0,0,0
00-0036375,Amik Robertson,CB,DET,2,0,0,0,0,0,0,0
00-0036380,Alohi Gilman,SAF,LAC,2,0,0,0,0,0,0,0
00-0036388,Xavier McKinney,SAF,GB,2,0,0,0,0,0,0,0
00-0036389,Jalen Hurts,QB,PHI,2,22,101,9,15,0,0,0
00-0036407,Jerry Jeudy,WR,CLE,2,0,0,0,0,8,4,51
00-0036408,Cesar Ruiz,C,NO,2,0,0,0,0,0,0,0
00-0036409,Jordyn Brooks,LB,MIA,2,0,0,0,0,0,0,0
00-0036410,Tee Higgins,WR,CIN,2,0,0,0,0,8,3,56
00-0036411,Antoine Winfield Jr.,SAF,TB,2,0,0,0,0,0,0,0
00-0036415,Van Jefferson,WR,TEN,2,0,0,0,0,2,2,10
00-0036418,Zack Baun,LB,PHI,2,0,0,0,0,0,0,0
00-0036422,Adam Trautman,TE,DEN,2,0,0,0,0,3,3,10
00-0036427,Tyler Johnson,WR,NYJ,2,0,0,0,0,1,0,0
00-0036428,Justin Strnad,LB,DEN,2,0,0,0,0,0,0,0
00-0036441,"Kenneth Murray, Jr.",LB,DAL,2,0,0,0,0,0,0,0
00-0036442,Joe Burrow,QB,CIN,2,13,76,0,0,0,0,0
00-0036479,Kwity Paye,DE,IND,2,0,0,0,0,0,0,0
00-0036480,Dayo Odeyingbo,DE,CHI,2,0,0,0,0,0,0,0
00-0036483,Will Fries,G,MIN,2,0,0,0,0,0,0,0
00-0036500,Jamien Sherwood,LB,NYJ,2,0,0,0,0,0,0,0
00-0036501,Michael Carter II,CB,NYJ,2,0,0,0,0,0,0,0
00-0036502,Jason Pinnock,SAF,SF,2,0,0,0,0,0,0,0
00-0036550,Rashod Bateman,WR,BAL,2,0,0,0,0,4,2,15
00-0036554,Nico Collins,WR,HOU,2,0,0,0,0,9,3,52
00-0036555,Chuba Hubbard,RB,CAR,2,0,0,10,38,6,5,39
00-0036563,Deommodore Lenoir,CB,SF,2,0,0,0,0,0,0,0
00-0036564,Talanoa Hufanga,SAF,DEN,2,0,0,0,0,0,0,0
00-0036589,Nick McCloud,CB,CHI,2,0,0,0,0,0,0,0
00-0036590,Quintin Morris,TE,JAX,2,0,0,0,0,0,0,0
00-0036604,Jordan Meredith,G,LV,2,0,0,0,0,0,0,0
00-0036613,Jaylen Waddle,WR,MIA,2,0,0,0,0,6,5,68
00-0036620,Dee Eskridge,WR,MIA,2,0,0,0,0,1,1,8
00-0036621,Nick Bolton,LB,KC,2,0,0,0,0,0,0,0
00-0036625,Benjamin St-Juste,CB,LAC,2,0,0,0,0,0,0,0
00-0036626,Dyami Brown,WR,JAX,2,0,0,1,9,7,5,57
00-0036629,Camryn Bynum,SAF,IND,2,0,0,0,0,0,0,0
00-0036630,Tylan Wallace,WR,BAL,2,0,0,0,0,2,2,25
00-0036637,Noah Gray,TE,KC,2,0,0,0,0,5,1,1
00-0036642,Tedarrell Slaton,DT,CIN,2,0,0,0,0,0,0,0
00-0036643,K.J. Britt,LB,MIA,2,0,0,0,0,0,0,0
00-0036644,Cameron McGrone,LB,IND,2,0,0,0,0,0,0,0
00-0036648,Nick Niemann,LB,GB,2,0,0,0,0,0,0,0
00-0036658,Isaiah McDuffie,LB,GB,2,0,0,0,0,0,0,0
00-0036672,Grant Stuard,LB,DET,2,0,0,0,0,0,0,0
00-0036683,Devon Key,SAF,DEN,2,0,0,0,0,0,0,0
00-0036695,Naquan Jones,DT,LAC,2,0,0,0,0,0,0,0
00-0036754,Brock Wright,TE,DET,2,0,0,0,0,3,3,28
00-0036813,Christian Elliss,LB,NE,2,0,0,0,0,0,0,0
00-0036816,Riley Patterson,K,MIA,2,0,0,0,0,0,0,0
00-0036844,Garret Wallow,LB,DEN,2,0,0,0,0,0,0,0
00-0036849,Tutu Atwell,WR,LA,2,0,0,0,0,1,0,0
00-0036854,Evan McPherson,K,CIN,2,0,0,0,0,0,0,0
00-0036862,Ben Skowronek,WR,PIT,2,0,0,0,0,0,0,0
00-0036866,James Hudson,OT,NYG,2,0,0,0,0,0,0,0
00-0036867,Chris Rumph II,LB,NO,2,0,0,0,0,0,0,0
00-0036871,Nate Hobbs,CB,GB,2,0,0,0,0,0,0,0
00-0036874,Pat Surtain II,CB,DEN,2,0,0,0,0,0,0,0
00-0036875,Rhamondre Stevenson,RB,NE,2,0,0,11,54,5,5,88
00-0036876,Kylen Granson,TE,PHI,2,0,0,0,0,1,1,5
00-0036887,Luke Farrell,TE,SF,2,0,0,0,0,3,2,15
00-0036888,Damar Hamlin,SAF,BUF,2,0,0,0,0,0,0,0
00-0036893,Najee Harris,RB,LAC,2,0,0,8,28,2,2,20
00-0036894,Pat Freiermuth,TE,PIT,2,0,0,0,0,4,3,31
00-0036900,Ja'Marr Chase,WR,CIN,2,0,0,0,0,16,14,165
00-0036901,Eric Stokes,CB,LV,2,0,0,0,0,0,0,0
00-0036902,Joseph Ossai,DE,CIN,2,0,0,0,0,0,0,0
00-0036903,Bobby Brown III,DT,CAR,2,0,0,0,0,0,0,0
00-0036904,Robert Rochell,CB,DAL,2,0,0,0,0,0,0,0
00-0036912,DeVonta Smith,WR,PHI,2,0,0,0,0,6,4,53
00-0036914,Greg Rousseau,LB,BUF,2,0,0,0,0,0,0,0
00-0036916,Milton Williams,DT,NE,2,0,0,0,0,0,0,0
00-0036919,Kenny Gainwell,RB,PIT,2,0,0,5,20,5,3,16
00-0036927,Pete Werner,LB,NO,2,0,0,0,0,0,0,0
00-0036932,Micah Parsons,LB,GB,2,0,0,0,0,0,0,0
00-0036933,Zaven Collins,LB,ARI,2,0,0,0,0,0,0,0
00-0036934,Jaelan Phillips,LB,MIA,2,0,0,0,0,0,0,0
00-0036937,Paulson Adebo,CB,NYG,2,0,0,0,0,0,0,0
00-0036940,Odafe Oweh,LB,BAL,2,0,0,0,0,0,0,0
00-0036941,Andre Cisco,SAF,NYJ,2,0,0,0,0,0,0,0
00-0036942,Osa Odighizuwa,DT,DAL,2,0,0,0,0,0,0,0
00-0036943,Mitchell Fraboni,LS,DEN,2,0,0,0,0,0,0,0
00-0036944,Jaycee Horn,CB,CAR,2,0,0,0,0,0,0,0
00-0036945,Justin Fields,QB,NYJ,2,11,27,5,49,0,0,0
00-0036952,Jonathon Cooper,LB,DEN,2,0,0,0,0,0,0,0
00-0036957,Drew Dalman,C,CHI,2,0,0,0,0,0,0,0
00-0036962,Tre'von Moehrig,SAF,CAR,2,0,0,0,0,0,0,0
00-0036963,Amon-Ra St. Brown,WR,DET,2,0,0,2,7,11,9,115
00-0036964,Derrick Barnes,LB,DET,2,0,0,0,0,0,0,0
00-0036970,Kyle Pitts,TE,ATL,2,0,0,0,0,5,4,37
00-0036971,Trevor Lawrence,QB,JAX,2,42,271,2,4,0,0,0
00-0036972,Mac Jones,QB,SF,2,39,279,6,6,0,0,0
00-0036973,Travis Etienne,RB,JAX,2,0,0,14,71,3,2,18
00-0036974,Tyson Campbell,CB,JAX,2,0,0,0,0,0,0,0
00-0036976,Spencer Brown,OT,BUF,2,0,0,0,0,0,0,0
00-0036980,Elijah Moore,WR,BUF,2,0,0,2,6,1,1,31
00-0036981,Christian Barmore,DT,NE,2,0,0,0,0,0,0,0
00-0036982,Chauncey Golston,DE,NYG,2,0,0,0,0,0,0,0
00-0036986,Nahshon Wright,CB,CHI,2,0,0,0,0,0,0,0
00-0036987,Brandon Stephens,CB,NYJ,2,0,0,0,0,0,0,0
00-0036988,Josh Palmer,WR,BUF,2,0,0,0,0,3,2,47
00-0036989,Malcolm Koonce,DE,LV,2,0,0,0,0,0,0,0
00-0036990,Divine Deablo,LB,ATL,2,0,0,0,0,0,0,0
00-0036993,Ifeatu Melifonwu,SAF,MIA,2,0,0,0,0,0,0,0
00-0036994,Ernest Jones,LB,SEA,2,0,0,0,0,0,0,0
00-0036995,Baron Browning,LB,ARI,2,0,0,0,0,0,0,0
00-0036996,Greg Newsome II,CB,CLE,2,0,0,0,0,0,0,0
00-0036997,Javonte Williams,RB,DAL,2,0,0,18,97,7,6,33
00-0036998,Jevon Holland,SAF,NYG,2,0,0,0,0,0,0,0
00-0037000,Monty Rice,LB,DET,2,0,0,0,0,0,0,0
00-0037002,Landon Dickerson,G,PHI,2,0,0,0,0,0,0,0
00-0037003,Chazz Surratt,LB,SEA,2,0,0,0,0,0,0,0
00-0037005,Tommy Tremble,TE,CAR,2,0,0,0,0,3,3,20
00-0037007,Patrick Jones II,LB,CAR,2,0,0,0,0,0,0,0
00-0037034,Dee Alford,CB,ATL,2,0,0,0,0,0,0,0
00-0037051,Elijah Garcia,DE,NYG,2,0,0,0,0,0,0,0
00-0037073,Jordan Davis,DT,PHI,2,0,0,0,0,0,0,0
00-0037074,Quay Walker,LB,GB,2,0,0,0,0,0,0,0
00-0037075,Devonte Wyatt,DT,GB,2,0,0,0,0,0,0,0
00-0037076,Sean Rhyan,OT,GB,2,0,0,0,0,0,0,0
00-0037079,Riq Woolen,CB,SEA,2,0,0,0,0,0,0,0
00-0037081,Braxton Jones,OT,CHI,2,0,0,0,0,0,0,0
00-0037082,Dominique Robinson,DE,CHI,2,0,0,0,0,0,0,0
00-0037083,Kingsley Enagbare,LB,GB,2,0,0,0,0,0,0,0
00-0037085,Tyler Badie,RB,DEN,2,0,0,1,3,2,2,19
00-0037086,Grant Calcaterra,TE,PHI,2,0,0,0,0,2,1,6
00-0037093,Dareke Young,WR,SEA,2,0,0,0,0,0,0,0
00-0037106,Jaylon Jones,DB,CHI,2,0,0,0,0,0,0,0
00-0037109,Jack Sanborn,LB,DAL,2,0,0,0,0,0,0,0
00-0037112,Jake Tonges,TE,SF,2,0,0,0,0,5,4,31
00-0037129,Josh Blackwell,CB,CHI,2,0,0,0,0,0,0,0
00-0037130,Reed Blankenship,SAF,PHI,2,0,0,0,0,0,0,0
00-0037137,Josh Jobe,CB,SEA,2,0,0,0,0,0,0,0
00-0037155,Tony Adams,SAF,NYJ,2,0,0,0,0,0,0,0
00-0037157,Bam Knight,RB,ARI,2,0,0,0,0,0,0,0
00-0037190,Sauce Gardner,CB,NYJ,2,0,0,0,0,0,0,0
00-0037191,Trent McDuffie,CB,KC,2,0,0,0,0,0,0,0
00-0037192,George Karlaftis,DE,KC,2,0,0,0,0,0,0,0
00-0037193,Bryan Cook,SAF,KC,2,0,0,0,0,0,0,0
00-0037195,Jaylen Watson,CB,KC,2,0,0,0,0,0,0,0
00-0037197,Isiah Pacheco,RB,KC,2,0,0,10,22,2,1,7
00-0037205,Brenden Schooler,SAF,NE,2,0,0,0,0,0,0,0
00-0037224,Cameron Dicker,K,LAC,2,0,0,0,0,0,0,0
00-0037228,Jaylen Warren,RB,PIT,2,0,0,14,48,4,4,86
00-0037235,Travon Walker,DE,JAX,2,0,0,0,0,0,0,0
00-0037236,Aidan Hutchinson,DE,DET,2,0,0,0,0,0,0,0
00-0037237,Derek Stingley Jr.,CB,HOU,2,0,0,0,0,0,0,0
00-0037238,Drake London,WR,ATL,2,0,0,0,0,4,3,49
00-0037239,Chris Olave,WR,NO,2,0,0,0,0,10,6,54
00-0037240,Jameson Williams,WR,DET,2,0,0,0,0,4,2,108
00-0037242,Kaiir Elam,CB,DAL,2,0,0,0,0,0,0,0
00-0037244,Devin Lloyd,LB,JAX,2,0,0,0,0,0,0,0
00-0037246,Jalen Pitre,SAF,HOU,2,0,0,0,0,0,0,0
00-0037247,George Pickens,WR,DAL,2,0,0,0,0,9,5,68
00-0037248,James Cook,RB,BUF,2,0,0,21,132,1,1,3
00-0037249,Nik Bonitto,LB,DEN,2,0,0,0,0,0,0,0
00-0037251,Alex Wright,DE,CLE,2,0,0,0,0,0,0,0
00-0037253,Marcus Jones,CB,NE,2,0,0,0,0,0,0,0
00-0037254,Terrel Bernard,LB,BUF,2,0,0,0,0,0,0,0
00-0037255,Dylan Parham,G,LV,2,0,0,0,0,0,0,0
00-0037256,Rachaad White,RB,TB,2,0,0,10,65,2,2,1
00-0037261,Khalil Shakir,WR,BUF,2,0,0,0,0,2,1,12
00-0037262,Thomas Booker,DT,LV,2,0,0,0,0,0,0,0
00-0037263,Tyler Allgeier,RB,ATL,2,0,0,16,76,1,1,4
00-0037267,Jerome Ford,RB,CLE,2,0,0,6,31,6,5,23
00-0037268,Zyon McCollum,CB,TB,2,0,0,0,0,0,0,0
00-0037280,Matthew Butler,DT,MIA,2,0,0,0,0,0,0,0
00-0037281,Damone Clark,LB,DAL,2,0,0,0,0,0,0,0
00-0037284,Matt Araiza,P,KC,2,0,0,0,0,0,0,0
00-0037288,Christian Benford,CB,BUF,2,0,0,0,0,0,0,0
00-0037291,Jalen Nailor,WR,MIN,2,0,0,0,0,5,3,31
00-0037292,Andrew Ogletree,TE,IND,2,0,0,0,0,0,0,0
00-0037294,Jordan Jackson,DT,DEN,2,0,0,0,0,0,0,0
00-0037301,Theo Jackson,DB,MIN,2,0,0,0,0,0,0,0
00-0037304,Connor Heyward,FB,PIT,2,0,0,0,0,1,1,6
00-0037306,John FitzPatrick,TE,GB,2,0,0,0,0,0,0,0
00-0037310,James Houston,LB,DAL,2,0,0,0,0,0,0,0
00-0037315,Cameron Goode,LB,MIA,2,0,0,0,0,0,0,0
00-0037316,Mark Robinson,LB,NE,2,0,0,0,0,0,0,0
00-0037321,Chase Lucas,CB,SF,2,0,0,0,0,0,0,0
00-0037323,Rodney Thomas,SAF,IND,2,0,0,0,0,0,0,0
00-0037332,D'Anthony Bell,SAF,SEA,2,0,0,0,0,0,0,0
00-0037340,Zaire Mitchell-Paden,TE,BAL,2,0,0,0,0,1,0,0
00-0037384,Ja'Quan McMillian,CB,DEN,2,0,0,0,0,0,0,0
00-0037457,Jake Hansen,LB,HOU,2,0,0,0,0,0,0,0
00-0037493,Mike Brown,SAF,TEN,2,0,0,0,0,0,0,0
00-0037500,Ryan Wright,P,MIN,2,0,0,0,0,0,0,0
00-0037512,Isaiah Pola-Mao,SAF,LV,2,0,0,0,0,0,0,0
00-0037525,Jordan Mason,RB,MIN,2,0,0,9,30,3,2,8
00-0037526,Marcelino McCrary-Ball,LB,NYJ,2,0,0,0,0,0,0,0
00-0037527,Segun Olubi,LB,IND,2,0,0,0,0,0,0,0
00-0037542,John Parker Romo,K,ATL,2,0,0,0,0,0,0,0
00-0037545,Rashid Shaheed,WR,NO,2,0,0,0,0,5,4,52
00-0037547,Daniel Whelan,P,GB,2,0,0,0,0,0,0,0
00-0037549,Darrell Baker Jr.,CB,TEN,2,0,0,0,0,0,0,0
00-0037561,Markquese Bell,SAF,DAL,2,0,0,0,0,0,0,0
00-0037578,Juanyeh Thomas,SAF,DAL,2,0,0,0,0,0,0,0
00-0037587,Nate Landman,LB,LA,2,0,0,0,0,0,0,0
00-0037596,Jack Gibbens,LB,NE,2,0,0,0,0,0,0,0
00-0037602,Sam Okuayinonu,DT,SF,2,0,0,0,0,0,0,0
00-0037611,Kayvon Thibodeaux,LB,NYG,2,0,0,0,0,0,0,0
00-0037614,John Metchie III,WR,PHI,2,0,0,0,0,1,1,0
00-0037616,Nick Cross,SAF,IND,2,0,0,0,0,0,0,0
00-0037617,Hassan Haskins,RB,LAC,2,0,0,0,0,0,0,0
00-0037633,Jacob Hummel,LB,BAL,2,0,0,0,0,0,0,0
00-0037661,Ja'Marcus Ingram,CB,BUF,2,0,0,0,0,0,0,0
00-0037663,Jermaine Johnson II,DE,NYJ,2,0,0,0,0,0,0,0
00-0037664,Alec Pierce,WR,IND,2,0,0,0,0,5,4,68
00-0037665,Sam Williams,LB,DAL,2,0,0,0,0,0,0,0
00-0037666,Jalen Tolbert,WR,DAL,2,0,0,0,0,4,2,16
00-0037667,Kerby Joseph,SAF,DET,2,0,0,0,0,0,0,0
00-0037692,Brandon Aubrey,K,DAL,2,0,0,0,0,0,0,0
00-0037740,Garrett Wilson,WR,NYJ,2,0,0,0,0,8,4,50
00-0037741,Jahan Dotson,WR,PHI,2,0,0,0,0,1,1,4
00-0037743,Daxton Hill,DB,CIN,2,0,0,0,0,0,0,0
00-0037744,Trey McBride,TE,ARI,2,0,0,0,0,7,6,78
00-0037746,Brian Robinson,RB,SF,2,0,0,6,20,1,1,-1
00-0037752,Tycen Anderson,SAF,CIN,2,0,0,0,0,0,0,0
00-0037753,Cam Taylor-Britt,CB,CIN,2,0,0,0,0,0,0,0
00-0037756,Travis Jones,DT,BAL,2,0,0,0,0,0,0,0
00-0037757,Bernhard Raimann,OT,IND,2,0,0,0,0,0,0,0
00-0037758,Cordale Flott,CB,NYG,2,0,0,0,0,0,0,0
00-0037799,Dondrea Tillman,LB,DEN,2,0,0,0,0,0,0,0
00-0037801,KaVontae Turpin,WR,DAL,2,0,0,2,6,4,4,47
00-0037805,Jeremy Ruckert,TE,NYJ,2,0,0,0,0,1,1,5
00-0037808,DeAngelo Malone,LB,ATL,2,0,0,0,0,0,0,0
00-0037809,Chig Okonkwo,TE,TEN,2,0,0,0,0,6,4,35
00-0037811,Chad Muma,LB,IND,2,0,0,0,0,0,0,0
00-0037815,Cameron Thomas,DE,CLE,2,0,0,0,0,0,0,0
00-0037816,Romeo Doubs,WR,GB,2,0,0,0,0,5,3,28
00-0037819,Leo Chenal,LB,KC,2,0,0,0,0,0,0,0
00-0037823,Christian Harris,LB,HOU,2,0,0,0,0,0,0,0
00-0037832,Kalia Davis,DT,SF,2,0,0,0,0,0,0,0
00-0037837,Calvin Austin III,WR,PIT,2,0,0,0,0,4,1,22
00-0037839,Cobie Durant,CB,LA,2,0,0,0,0,0,0,0
00-0037840,Kyren Williams,RB,LA,2,0,0,17,66,2,2,14
00-0037841,Quentin Lake,SAF,LA,2,0,0,0,0,0,0,0
00-0037842,Derion Kendrick,CB,SEA,2,0,0,0,0,0,0,0
00-0038038,Kyle Hamilton,SAF,BAL,2,0,0,0,0,0,0,0
00-0038039,Jack Jones,CB,MIA,2,0,0,0,0,0,0,0
00-0038040,Zamir White,RB,LV,2,0,0,2,-2,3,2,15
00-0038041,Jake Ferguson,TE,DAL,2,0,0,0,0,12,9,78
00-0038090,Skyy Moore,WR,SF,2,0,0,0,0,0,0,0
00-0038094,Jordan Stout,P,BAL,2,0,0,0,0,0,0,0
00-0038100,Percy Butler,SAF,WAS,2,0,0,0,0,0,0,0
00-0038104,Tyquan Thornton,WR,KC,2,0,0,0,0,5,2,59
00-0038106,Eyioma Uwazurike,DT,DEN,2,0,0,0,0,0,0,0
00-0038107,Micheal Clemons,DE,NYJ,2,0,0,0,0,0,0,0
00-0038112,Cam Jurgens,C,PHI,2,0,0,0,0,0,0,0
00-0038115,Daniel Bellinger,TE,NYG,2,0,0,0,0,0,0,0
00-0038116,Arnold Ebiketie,LB,ATL,2,0,0,0,0,0,0,0
00-0038117,Wan'Dale Robinson,WR,NYG,2,0,0,0,0,10,8,142
00-0038120,Breece Hall,RB,NYJ,2,0,0,10,29,3,2,9
00-0038121,Alontae Taylor,CB,NO,2,0,0,0,0,0,0,0
00-0038123,Dane Belton,SAF,NYG,2,0,0,0,0,0,0,0
00-0038125,Roger McCreary,CB,TEN,2,0,0,0,0,0,0,0
00-0038127,Logan Hall,DE,TB,2,0,0,0,0,0,0,0
00-0038129,Cade Otton,TE,TB,2,0,0,0,0,4,3,25
00-0038133,Boye Mafe,DE,SEA,2,0,0,0,0,0,0,0
00-0038134,Kenneth Walker III,RB,SEA,2,0,0,13,105,1,1,13
00-0038135,Jaquan Brisker,SAF,CHI,2,0,0,0,0,0,0,0
00-0038136,Coby Bryant,CB,SEA,2,0,0,0,0,0,0,0
00-0038359,Xavier Smith,WR,LA,2,0,0,0,0,0,0,0
00-0038381,Kyu Blu Kelly,CB,LV,2,0,0,0,0,0,0,0
00-0038386,Jalen Carter,DT,PHI,2,0,0,0,0,0,0,0
00-0038387,Colby Wooden,DE,GB,2,0,0,0,0,0,0,0
00-0038390,Noah Sewell,LB,CHI,2,0,0,0,0,0,0,0
00-0038392,Daniel Scott,SAF,IND,2,0,0,0,0,0,0,0
00-0038393,Dontayvion Wicks,WR,GB,2,0,0,0,0,6,4,44
00-0038398,Karl Brooks,DT,GB,2,0,0,0,0,0,0,0
00-0038408,Carrington Valentine,DB,GB,2,0,0,0,0,0,0,0
00-0038412,Moro Ojomo,DT,PHI,2,0,0,0,0,0,0,0
00-0038416,Tyson Bagent,QB,CHI,2,3,27,2,7,0,0,0
00-0038428,Andre Szmyt,K,CLE,2,0,0,0,0,0,0,0
00-0038465,Malik Heath,WR,GB,2,0,0,0,0,1,1,37
00-0038488,Brady Russell,RB,SEA,2,0,0,0,0,0,0,0
00-0038504,Trenton Simpson,LB,BAL,2,0,0,0,0,0,0,0
00-0038505,Tavius Robinson,LB,BAL,2,0,0,0,0,0,0,0
00-0038513,Cam Jones,LB,NYJ,2,0,0,0,0,0,0,0
00-0038519,Nikko Remigio,WR,KC,2,0,0,0,0,1,1,21
00-0038536,Chandler Zavala,G,CAR,2,0,0,0,0,0,0,0
00-0038540,Paris Johnson Jr.,OT,ARI,2,0,0,0,0,0,0,0
00-0038541,Tyree Wilson,DE,LV,2,0,0,0,0,0,0,0
00-0038542,Bijan Robinson,RB,ATL,2,0,0,22,143,5,3,25
00-0038543,Jaxon Smith-Njigba,WR,SEA,2,0,0,0,0,10,8,103
00-0038544,Quentin Johnston,WR,LAC,2,0,0,1,-2,7,3,71
00-0038547,Luke Schoonmaker,TE,DAL,2,0,0,0,0,2,0,0
00-0038549,DJ Turner II,CB,CIN,2,0,0,0,0,0,0,0
00-0038551,Kendre Miller,RB,NO,2,0,0,5,8,1,1,2
00-0038552,Riley Moss,CB,DEN,2,0,0,0,0,0,0,0
00-0038553,Daiyan Henley,LB,LAC,2,0,0,0,0,0,0,0
00-0038554,Ji'Ayir Brown,SAF,SF,2,0,0,0,0,0,0,0
00-0038557,Dorian Williams,LB,BUF,2,0,0,0,0,0,0,0
00-0038558,Darnell Washington,TE,PIT,2,0,0,0,0,1,0,0
00-0038559,Michael Wilson,WR,ARI,2,0,0,0,0,2,1,11
00-0038560,Jordan Battle,SAF,CIN,2,0,0,0,0,0,0,0
00-0038563,Tre Tucker,WR,LV,2,0,0,1,7,8,3,12
00-0038565,Mekhi Blackmon,DB,IND,2,0,0,0,0,0,0,0
00-0038567,Chad Ryland,K,ARI,2,0,0,0,0,0,0,0
00-0038570,Ventrell Miller,LB,JAX,2,0,0,0,0,0,0,0
00-0038573,Derius Davis,WR,LAC,2,0,0,0,0,0,0,0
00-0038574,Isaiah McGuire,DE,CLE,2,0,0,0,0,0,0,0
00-0038576,Charlie Jones,WR,CIN,2,0,0,0,0,0,0,0
00-0038577,Nick Herbig,LB,PIT,2,0,0,0,0,0,0,0
00-0038578,Jay Ward,SAF,MIN,2,0,0,0,0,0,0,0
00-0038580,Yasir Abdullah,LB,JAX,2,0,0,0,0,0,0,0
00-0038585,Cameron Mitchell,DB,CLE,2,0,0,0,0,0,0,0
00-0038591,Mike Morris,DE,SEA,2,0,0,0,0,0,0,0
00-0038594,Darrell Luter Jr.,CB,SF,2,0,0,0,0,0,0,0
00-0038596,Antonio Johnson,SAF,JAX,2,0,0,0,0,0,0,0
00-0038597,Chase Brown,RB,CIN,2,0,0,16,47,3,2,18
00-0038599,Henry To'oTo'o,LB,HOU,2,0,0,0,0,0,0,0
00-0038600,Owen Pappoe,LB,ARI,2,0,0,0,0,0,0,0
00-0038602,Chris Smith II,S,LV,2,0,0,0,0,0,0,0
00-0038605,JL Skinner,SAF,DEN,2,0,0,0,0,0,0,0
00-0038606,Parker Washington,WR,JAX,2,0,0,0,0,5,5,76
00-0038608,Kayshon Boutte,WR,NE,2,0,0,0,0,1,1,16
00-0038610,Bryce Baringer,P,NE,2,0,0,0,0,0,0,0
00-0038618,Xavier Hutchinson,WR,HOU,2,0,0,0,0,3,2,29
00-0038619,Andrei Iosivas,WR,CIN,2,0,0,0,0,5,1,12
00-0038621,DeMario Douglas,WR,NE,2,0,0,0,0,1,1,8
00-0038623,Dante Stills,DT,ARI,2,0,0,0,0,0,0,0
00-0038625,Dee Winters,LB,SF,2,0,0,0,0,0,0,0
00-0038628,DeMarcco Hellams,SAF,ATL,2,0,0,0,0,0,0,0
00-0038643,Brayden Willis,TE,SF,2,0,0,0,0,1,0,0
00-0038646,Alex Austin,CB,NE,2,0,0,0,0,0,0,0
00-0038653,Cory Durden,DT,NE,2,0,0,0,0,0,0,0
00-0038678,Jordan Mims,RB,TEN,2,0,0,0,0,0,0,0
00-0038679,Tyrell Shavers,WR,BUF,2,0,0,0,0,2,0,0
00-0038685,Chris Brooks,RB,GB,2,0,0,0,0,4,3,27
00-0038711,Mohamoud Diabate,LB,CLE,2,0,0,0,0,0,0,0
00-0038715,Ronnie Hickman Jr.,SAF,CLE,2,0,0,0,0,0,0,0
00-0038738,Hunter Luepke,RB,DAL,2,0,0,0,0,0,0,0
00-0038765,Ty Okada,SAF,SEA,2,0,0,0,0,0,0,0
00-0038778,Jalen Redmond,DL,MIN,2,0,0,0,0,0,0,0
00-0038788,Art Green,CB,NYG,2,0,0,0,0,0,0,0
00-0038791,Thomas Incoom,LB,CAR,2,0,0,0,0,0,0,0
00-0038795,PJ Mustipher,DT,ARI,2,0,0,0,0,0,0,0
00-0038797,Emanuel Wilson,RB,GB,2,0,0,0,0,0,0,0
00-0038807,Ivan Pace Jr.,LB,MIN,2,0,0,0,0,0,0,0
00-0038820,Christian Izien,SAF,TB,2,0,0,0,0,0,0,0
00-0038823,Kaevon Merriweather,SAF,TB,2,0,0,0,0,0,0,0
00-0038824,Ryan Miller,WR,TB,2,0,0,0,0,1,1,20
00-0038839,Mitchell Tinsley,WR,CIN,2,0,0,0,0,1,1,13
00-0038840,Brycen Tremayne,WR,CAR,2,0,0,0,0,5,3,48
00-0038851,Caleb Murphy,LB,LAC,2,0,0,0,0,0,0,0
00-0038852,John Ojukwu,OT,TEN,2,0,0,0,0,0,0,0
00-0038890,Shaka Heyward,LB,CIN,2,0,0,0,0,0,0,0
00-0038896,Jacob Saylors,RB,DET,2,0,0,0,0,0,0,0
00-0038905,Blake Grupe,K,NO,2,0,0,0,0,0,0,0
00-0038932,Darnell Wright,OT,CHI,2,0,0,0,0,0,0,0
00-0038933,Dalton Kincaid,TE,BUF,2,0,0,0,0,6,4,37
00-0038935,Brenton Strange,TE,JAX,2,0,0,0,0,5,3,17
00-0038951,Sean Tucker,RB,TB,2,0,0,0,0,0,0,0
00-0038966,Natrone Brooks,DB,ATL,2,0,0,0,0,0,0,0
00-0038976,Marvin Mims Jr.,WR,DEN,2,0,0,0,0,2,2,24
00-0038978,Byron Young,DT,PHI,2,0,0,0,0,0,0,0
00-0038979,Cedric Tillman,WR,CLE,2,0,0,0,0,7,2,22
00-0038980,Zach Harrison,DE,ATL,2,0,0,0,0,0,0,0
00-0038982,Chamarri Conner,DB,KC,2,0,0,0,0,0,0,0
00-0038984,Kei'Trel Clark,CB,ARI,2,0,0,0,0,0,0,0
00-0038995,Bryan Bresee,DT,NO,2,0,0,0,0,0,0,0
00-0038996,Tucker Kraft,TE,GB,2,0,0,0,0,7,6,124
00-0038997,Josh Downs,WR,IND,2,0,0,0,0,8,6,51
00-0039000,Deonte Banks,CB,NYG,2,0,0,0,0,0,0,0
00-0039002,Sydney Brown,SAF,PHI,2,0,0,0,0,0,0,0
00-0039007,Garrett Williams,CB,ARI,2,0,0,0,0,0,0,0
00-0039009,Dylan Horton,DE,HOU,2,0,0,0,0,0,0,0
00-0039013,Nolan Smith,LB,PHI,2,0,0,0,0,0,0,0
00-0039014,Dawand Jones,OT,CLE,2,0,0,0,0,0,0,0
00-0039018,Jack Campbell,LB,DET,2,0,0,0,0,0,0,0
00-0039021,Roschon Johnson,RB,CHI,2,0,0,0,0,0,0,0
00-0039031,Adetomiwa Adebawore,DT,IND,2,0,0,0,0,0,0,0
00-0039040,De'Von Achane,RB,MIA,2,0,0,11,30,10,8,92
00-0039041,Elijah Higgins,TE,ARI,2,0,0,0,0,3,2,45
00-0039047,Derick Hall,LB,SEA,2,0,0,0,0,0,0,0
00-0039049,SirVocea Dennis,LB,TB,2,0,0,0,0,0,0,0
00-0039050,Payne Durham,TE,TB,2,0,0,0,0,1,0,0
00-0039051,Josh Hayes,DB,TB,2,0,0,0,0,0,0,0
00-0039054,Marte Mapu,LB,NE,2,0,0,0,0,0,0,0
00-0039059,Ethan Evans,P,LA,2,0,0,0,0,0,0,0
00-0039063,Calijah Kancey,DT,TB,2,0,0,0,0,0,0,0
00-0039064,Zay Flowers,WR,BAL,2,0,0,1,4,11,7,75
00-0039065,Sam LaPorta,TE,DET,2,0,0,0,0,4,3,26
00-0039066,Michael Mayer,TE,LV,2,0,0,0,0,2,2,9
00-0039068,Yaya Diaby,LB,TB,2,0,0,0,0,0,0,0
00-0039070,Gervon Dexter Sr.,DT,CHI,2,0,0,0,0,0,0,0
00-0039071,Tyrique Stevenson,CB,CHI,2,0,0,0,0,0,0,0
00-0039074,Davis Allen,TE,LA,2,0,0,0,0,1,1,8
00-0039075,Puka Nacua,WR,LA,2,0,0,1,45,9,8,91
00-0039108,Will Anderson Jr.,DE,HOU,2,0,0,0,0,0,0,0
00-0039110,Keeanu Benton,DT,PIT,2,0,0,0,0,0,0,0
00-0039111,Tuli Tuipulotu,LB,LAC,2,0,0,0,0,0,0,0
00-0039112,Lukas Van Ness,LB,GB,2,0,0,0,0,0,0,0
00-0039137,Byron Young,LB,LA,2,0,0,0,0,0,0,0
00-0039138,Kobie Turner,DE,LA,2,0,0,0,0,0,0,0
00-0039139,Jahmyr Gibbs,RB,DET,2,0,0,12,94,3,3,10
00-0039140,Kelee Ringo,CB,PHI,2,0,0,0,0,0,0,0
00-0039141,Brian Branch,CB,DET,2,0,0,0,0,0,0,0
00-0039144,Luke Musgrave,TE,GB,2,0,0,0,0,2,2,32
00-0039145,Joe Tippmann,C,NYJ,2,0,0,0,0,0,0,0
00-0039149,Quan Martin,SAF,WAS,2,0,0,0,0,0,0,0
00-0039150,Bryce Young,QB,CAR,2,55,328,2,2,0,0,0
00-0039151,Emmanuel Forbes,CB,LA,2,0,0,0,0,0,0,0
00-0039157,Cody Mauch,G,TB,2,0,0,0,0,0,0,0
00-0039163,C.J. Stroud,QB,HOU,2,24,207,4,27,0,0,0
00-0039165,Zach Charbonnet,RB,SEA,2,0,0,15,10,0,0,0
00-0039172,Jake Bates,K,DET,2,0,0,0,0,0,0,0
00-0039232,Nate Wiggins,CB,BAL,2,0,0,0,0,0,0,0
00-0039234,T.J. Tampa,CB,BAL,2,0,0,0,0,0,0,0
00-0039235,Sanoussi Kane,SAF,BAL,2,0,0,0,0,0,0,0
00-0039241,Beau Brade,SAF,NYG,2,0,0,0,0,0,0,0
00-0039284,Braiden McGregor,DE,NYJ,2,0,0,0,0,0,0,0
00-0039289,Leonard Taylor III,DT,NYJ,2,0,0,0,0,0,0,0
00-0039299,George Holani,RB,SEA,2,0,0,0,0,0,0,0
00-0039309,Byron Murphy II,DT,SEA,2,0,0,0,0,0,0,0
00-0039313,Swayze Bozeman,LB,NYG,2,0,0,0,0,0,0,0
00-0039323,Ryan Rehkow,P,CIN,2,0,0,0,0,0,0,0
00-0039332,C.J. Ravenell,DE,TEN,2,0,0,0,0,0,0,0
00-0039333,Brandon Codrington,CB,BUF,2,0,0,0,0,0,0,0
00-0039337,Malik Nabers,WR,NYG,2,0,0,0,0,13,9,167
00-0039338,Brock Bowers,TE,LV,2,0,0,0,0,8,5,38
00-0039339,Taliese Fuaga,OT,NO,2,0,0,0,0,0,0,0
00-0039341,Tyler Guyton,OT,DAL,2,0,0,0,0,0,0,0
00-0039342,Xavier Legette,WR,CAR,2,0,0,1,0,8,1,-2
00-0039343,Kamari Lassiter,CB,HOU,2,0,0,0,0,0,0,0
00-0039345,Renardo Green,CB,SF,2,0,0,0,0,0,0,0
00-0039347,Trevin Wallace,LB,CAR,2,0,0,0,0,0,0,0
00-0039353,Jarrian Jones,CB,JAX,2,0,0,0,0,0,0,0
00-0039355,Luke McCaffrey,WR,WAS,2,0,0,0,0,1,1,19
00-0039356,Ja'Tavion Sanders,TE,CAR,2,0,0,0,0,9,7,54
00-0039357,Decamerion Richardson,CB,LV,2,0,0,0,0,0,0,0
00-0039361,Bucky Irving,RB,TB,2,0,0,17,71,6,6,50
00-0039363,Isaac Guerendo,RB,SF,2,0,0,0,0,0,0,0
00-0039366,Tarheeb Still,CB,LAC,2,0,0,0,0,0,0,0
00-0039369,Cam Hart,CB,LAC,2,0,0,0,0,0,0,0
00-0039371,Kris Abrams-Draine,CB,DEN,2,0,0,0,0,0,0,0
00-0039372,Jarvis Brownlee Jr.,DB,TEN,2,0,0,0,0,0,0,0
00-0039374,Tommy Eichenberg,LB,LV,2,0,0,0,0,0,0,0
00-0039376,Spencer Rattler,QB,NO,2,34,207,4,14,0,0,0
00-0039379,Jamari Thrash,WR,CLE,2,0,0,0,0,1,1,5
00-0039380,Chau Smith-Wade,CB,CAR,2,0,0,0,0,0,0,0
00-0039384,Tyrone Tracy Jr.,RB,NYG,2,0,0,5,15,5,4,36
00-0039396,Mekhi Wingo,DT,DET,2,0,0,0,0,0,0,0
00-0039400,Zion Logue,DT,BUF,2,0,0,0,0,0,0,0
00-0039404,Will Reichard,K,MIN,2,0,0,0,0,0,0,0
00-0039407,Dylan Laube,RB,LV,2,0,0,0,0,2,2,17
00-0039409,Cam Little,K,JAX,2,0,0,0,0,0,0,0
00-0039410,Ryan Flournoy,WR,DAL,2,0,0,0,0,0,0,0
00-0039412,Javontae Jean-Baptiste,LB,WAS,2,0,0,0,0,0,0,0
00-0039417,Myles Harden,CB,CLE,2,0,0,0,0,0,0,0
00-0039421,Levi Drake Rodriguez,DL,MIN,2,0,0,0,0,0,0,0
00-0039423,Jonah Laulu,DT,LV,2,0,0,0,0,0,0,0
00-0039424,Devaughn Vele,WR,NO,2,0,0,0,0,1,1,3
00-0039430,James Williams,LB,TEN,2,0,0,0,0,0,0,0
00-0039431,Jowon Briggs,DE,NYJ,2,0,0,0,0,0,0,0
00-0039435,Tatum Bethune,LB,SF,2,0,0,0,0,0,0,0
00-0039436,Jaylen Harrell,DE,TEN,2,0,0,0,0,0,0,0
00-0039451,Isaiah Williams,WR,NYJ,2,0,0,0,0,0,0,0
00-0039465,Reddy Steward,DB,DAL,2,0,0,0,0,0,0,0
00-0039530,Brevyn Spann-Ford,TE,DAL,2,0,0,0,0,1,1,3
00-0039576,Spencer Shrader,K,IND,2,0,0,0,0,0,0,0
00-0039589,Kameron Johnson,WR,TB,2,0,0,0,0,0,0,0
00-0039601,Demani Richardson,SAF,CAR,2,0,0,0,0,0,0,0
00-0039634,Austin McNamara,P,NYJ,2,0,0,0,0,0,0,0
00-0039650,Bryce Oliver,WR,TEN,2,0,0,0,0,0,0,0
00-0039692,Dell Pettus,SAF,NE,2,0,0,0,0,0,0,0
00-0039715,Gabriel Murphy,LB,MIN,2,0,0,0,0,0,0,0
00-0039732,Bo Nix,QB,DEN,2,30,206,3,20,0,0,0
00-0039733,Ruke Orhorhoro,DT,ATL,2,0,0,0,0,0,0,0
00-0039738,Blake Corum,RB,LA,2,0,0,5,44,0,0,0
00-0039739,Roman Wilson,WR,PIT,2,0,0,0,0,2,1,7
00-0039740,Jalyx Hunt,LB,PHI,2,0,0,0,0,0,0,0
00-0039741,Payton Wilson,LB,PIT,2,0,0,0,0,0,0,0
00-0039745,Tory Taylor,P,CHI,2,0,0,0,0,0,0,0
00-0039749,Tyler Davis,DE,LA,2,0,0,0,0,0,0,0
00-0039750,Joshua Karty,K,LA,2,0,0,0,0,0,0,0
00-0039751,Jordan Whittington,WR,LA,2,0,0,0,0,2,2,42
00-0039755,KT Leveston,OT,CLE,2,0,0,0,0,0,0,0
00-0039763,Joe Andreessen,LB,BUF,2,0,0,0,0,0,0,0
00-0039774,Omar Speights,LB,LA,2,0,0,0,0,0,0,0
00-0039776,Jaylen McCollough,SAF,LA,2,0,0,0,0,0,0,0
00-0039789,Qwan'tez Stiggers,DB,NYJ,2,0,0,0,0,0,0,0
00-0039792,Devontez Walker,WR,BAL,2,0,0,0,0,2,2,26
00-0039793,AJ Barner,TE,SEA,2,0,0,1,2,3,2,26
00-0039794,Braelon Allen,RB,NYJ,2,0,0,2,11,1,0,0
00-0039796,Rasheen Ali,RB,BAL,2,0,0,0,0,0,0,0
00-0039798,Isaiah Davis,RB,NYJ,2,0,0,0,0,3,1,6
00-0039807,Max Melton,CB,ARI,2,0,0,0,0,0,0,0
00-0039808,Isaiah Adams,G,ARI,2,0,0,0,0,0,0,0
00-0039809,Jonah Elliss,LB,DEN,2,0,0,0,0,0,0,0
00-0039812,Ty'Ron Hopper,LB,GB,2,0,0,0,0,0,0,0
00-0039813,Evan Williams,SAF,GB,2,0,0,0,0,0,0,0
00-0039815,Tyrice Knight,LB,SEA,2,0,0,0,0,0,0,0
00-0039816,Anthony Gould,WR,IND,2,0,0,0,0,0,0,0
00-0039818,Kitan Oladapo,SAF,GB,2,0,0,0,0,0,0,0
00-0039821,Andru Phillips,DB,NYG,2,0,0,0,0,0,0,0
00-0039825,Jaden Hicks,SAF,KC,2,0,0,0,0,0,0,0
00-0039826,Jeremiah Trotter Jr.,LB,PHI,2,0,0,0,0,0,0,0
00-0039828,Walter Rouse,OT,MIN,2,0,0,0,0,0,0,0
00-0039829,Darius Muasau,LB,NYG,2,0,0,0,0,0,0,0
00-0039831,Kamal Hadden,CB,GB,2,0,0,0,0,0,0,0
00-0039834,Kamren Kinchens,SAF,LA,2,0,0,0,0,0,0,0
00-0039835,Justin Eboigbe,DT,LAC,2,0,0,0,0,0,0,0
00-0039836,Brennan Jackson,LB,LV,2,0,0,0,0,0,0,0
00-0039838,Calen Bullock,SAF,HOU,2,0,0,0,0,0,0,0
00-0039841,Cooper DeJean,CB,PHI,2,0,0,0,0,0,0,0
00-0039846,Tykee Smith,DB,TB,2,0,0,0,0,0,0,0
00-0039847,Theo Johnson,TE,NYG,2,0,0,0,0,5,4,34
00-0039849,Marvin Harrison Jr.,WR,ARI,2,0,0,0,0,5,2,27
00-0039850,Edgerrin Cooper,LB,GB,2,0,0,0,0,0,0,0
00-0039851,Drake Maye,QB,NE,2,23,230,10,31,0,0,0
00-0039852,Jared Verse,DE,LA,2,0,0,0,0,0,0,0
00-0039854,Darius Robinson,DL,ARI,2,0,0,0,0,0,0,0
00-0039858,Cedric Gray,LB,TEN,2,0,0,0,0,0,0,0
00-0039859,Brandon Dorlus,DE,ATL,2,0,0,0,0,0,0,0
00-0039860,Kool-Aid McKinstry,CB,NO,2,0,0,0,0,0,0,0
00-0039861,Tyler Nubin,SAF,NYG,2,0,0,0,0,0,0,0
00-0039864,Dadrion Taylor-Demerson,SAF,ARI,2,0,0,0,0,0,0,0
00-0039867,Javon Bullard,SAF,GB,2,0,0,0,0,0,0,0
00-0039868,Troy Franklin,WR,DEN,2,0,0,1,11,9,8,89
00-0039872,Cole Bishop,SAF,BUF,2,0,0,0,0,0,0,0
00-0039875,Ray Davis,RB,BUF,2,0,0,9,24,0,0,0
00-0039879,Javon Solomon,LB,BUF,2,0,0,0,0,0,0,0
00-0039880,Malik Washington,WR,MIA,2,0,0,3,23,2,1,2
00-0039888,Quinyon Mitchell,CB,PHI,2,0,0,0,0,0,0,0
00-0039889,Maason Smith,DT,JAX,2,0,0,0,0,0,0,0
00-0039890,Adonai Mitchell,WR,IND,2,0,0,0,0,4,2,20
00-0039893,Brian Thomas Jr.,WR,JAX,2,0,0,0,0,12,4,49
00-0039896,Zach Frazier,C,PIT,2,0,0,0,0,0,0,0
00-0039898,Mike Sainristil,CB,WAS,2,0,0,0,0,0,0,0
00-0039899,Patrick Paul,OT,MIA,2,0,0,0,0,0,0,0
00-0039900,Marshawn Kneeland,DE,DAL,2,0,0,0,0,0,0,0
00-0039901,Keon Coleman,WR,BUF,2,0,0,0,0,3,3,26
00-0039903,Terrion Arnold,CB,DET,2,0,0,0,0,0,0,0
00-0039906,Jer'Zhan Newton,DT,WAS,2,0,0,0,0,0,0,0
00-0039908,Kris Jenkins,DT,CIN,2,0,0,0,0,0,0,0
00-0039910,Jayden Daniels,QB,WAS,2,42,200,7,17,0,0,0
00-0039911,Chop Robinson,LB,MIA,2,0,0,0,0,0,0,0
00-0039912,Ben Sinnott,TE,WAS,2,0,0,0,0,1,1,7
00-0039915,Ladd McConkey,WR,LAC,2,0,0,0,0,5,5,48
00-0039916,Ricky Pearsall,WR,SF,2,0,0,1,-4,6,4,56
00-0039917,Michael Penix Jr.,QB,ATL,2,21,135,1,-1,0,0,0
00-0039918,Caleb Williams,QB,CHI,2,30,207,5,27,0,0,0
00-0039919,Rome Odunze,WR,CHI,2,0,0,0,0,11,7,128
00-0039921,Trey Benson,RB,ARI,2,0,0,3,14,6,4,30
00-0039923,J.J. McCarthy,QB,MIN,2,21,158,5,25,0,0,0
00-0039924,Dallas Turner,LB,MIN,2,0,0,0,0,0,0,0
00-0039925,Amarius Mims,OT,CIN,2,0,0,0,0,0,0,0
00-0040009,Savion Williams,WR,GB,2,0,0,2,24,0,0,0
00-0040010,Barryn Sorrell,DE,GB,2,0,0,0,0,0,0,0
00-0040044,Zion Childress,DB,DAL,2,0,0,0,0,0,0,0
00-0040069,Teddye Buchanan,LB,BAL,2,0,0,0,0,0,0,0
00-0040072,Jeffrey Bassa,LB,KC,2,0,0,0,0,0,0,0
00-0040074,Tyler Loop,K,BAL,2,0,0,0,0,0,0,0
00-0040075,LaJohntay Wester,WR,BAL,2,0,0,0,0,0,0,0
00-0040076,Aeneas Peebles,DT,BAL,2,0,0,0,0,0,0,0
00-0040078,Brashard Smith,RB,KC,2,0,0,1,2,1,0,0
00-0040089,Kevin Knowles,DB,KC,2,0,0,0,0,0,0,0
00-0040116,Josh Simmons,OT,KC,2,0,0,0,0,0,0,0
00-0040122,Ashton Jeanty,RB,LV,2,0,0,11,43,4,3,1
00-0040124,Tetairoa McMillan,WR,CAR,2,0,0,0,0,10,6,100
00-0040126,Colston Loveland,TE,CHI,2,0,0,0,0,1,0,0
00-0040127,Kenneth Grant,DT,MIA,2,0,0,0,0,0,0,0
00-0040128,Tyler Warren,TE,IND,2,0,0,1,0,7,4,79
00-0040129,Emeka Egbuka,WR,TB,2,0,0,0,0,7,4,29
00-0040130,Jayden Higgins,WR,HOU,2,0,0,0,0,1,1,28
00-0040133,Azareye'h Thomas,CB,NYJ,2,0,0,0,0,0,0,0
00-0040134,Pat Bryant,WR,DEN,2,0,0,0,0,3,2,18
00-0040136,Princely Umanmielen,LB,CAR,2,0,0,0,0,0,0,0
00-0040137,Jordan Burch,LB,ARI,2,0,0,0,0,0,0,0
00-0040138,Jaylin Noel,WR,HOU,2,0,0,0,0,0,0,0
00-0040142,Kaleb Johnson,RB,PIT,2,0,0,1,1,0,0,0
00-0040143,Jacob Parrish,CB,TB,2,0,0,0,0,0,0,0
00-0040144,Jamaree Caldwell,DT,LAC,2,0,0,0,0,0,0,0
00-0040147,Jared Wilson,C,NE,2,0,0,0,0,0,0,0
00-0040148,Xavier Watts,SAF,ATL,2,0,0,0,0,0,0,0
00-0040149,Jaylin Smith,CB,HOU,2,0,0,0,0,0,0,0
00-0040152,Upton Stout,CB,SF,2,0,0,0,0,0,0,0
00-0040155,Danny Stutsman,LB,NO,2,0,0,0,0,0,0,0
00-0040156,Billy Bowman Jr.,CB,ATL,2,0,0,0,0,0,0,0
00-0040159,Lathan Ransom,SAF,CAR,2,0,0,0,0,0,0,0
00-0040160,Jack Sawyer,LB,PIT,2,0,0,0,0,0,0,0
00-0040162,Dylan Sampson,RB,CLE,2,0,0,4,6,3,3,13
00-0040164,Jaylin Lane,WR,WAS,2,0,0,0,0,4,1,2
00-0040165,Malachi Moore,SAF,NYJ,2,0,0,0,0,0,0,0
00-0040166,Quincy Riley,CB,NO,2,0,0,0,0,0,0,0
00-0040167,Ruben Hyppolite II,LB,CHI,2,0,0,0,0,0,0,0
00-0040170,Elic Ayomanor,WR,TEN,2,0,0,0,0,6,4,56
00-0040173,Tyrion Ingram-Dawkins,DT,MIN,2,0,0,0,0,0,0,0
00-0040175,Jordan Phillips,DT,MIA,2,0,0,0,0,0,0,0
00-0040178,Jason Marshall Jr.,CB,MIA,2,0,0,0,0,0,0,0
00-0040179,DJ Giddens,RB,IND,2,0,0,0,0,1,0,0
00-0040182,Dante Trader Jr.,SAF,MIA,2,0,0,0,0,0,0,0
00-0040183,Elijah Roberts,DE,TB,2,0,0,0,0,0,0,0
00-0040184,KeAndre Lambert-Smith,WR,LAC,2,0,0,0,0,0,0,0
00-0040185,Marques Sigle,SAF,SF,2,0,0,0,0,0,0,0
00-0040186,Francisco Mauigoa,LB,NYJ,2,0,0,0,0,0,0,0
00-0040187,Mitchell Evans,TE,CAR,2,0,0,0,0,1,1,9
00-0040188,Yahya Black,DE,PIT,2,0,0,0,0,0,0,0
00-0040194,Jackson Hawes,TE,BUF,2,0,0,0,0,1,1,5
00-0040195,Denzel Burke,CB,ARI,2,0,0,0,0,0,0,0
00-0040197,Dorian Strong,CB,BUF,2,0,0,0,0,0,0,0
00-0040198,Ollie Gordon II,RB,MIA,2,0,0,1,8,1,1,5
00-0040200,Andy Borregales,K,NE,2,0,0,0,0,0,0,0
00-0040201,Marcus Harris,CB,TEN,2,0,0,0,0,0,0,0
00-0040208,Tahj Brooks,RB,CIN,2,0,0,0,0,0,0,0
00-0040213,Rayuan Lane III,SAF,JAX,2,0,0,0,0,0,0,0
00-0040223,Jeremy Crawshaw,P,DEN,2,0,0,0,0,0,0,0
00-0040228,Cody Lindenberg,LB,LV,2,0,0,0,0,0,0,0
00-0040230,Kitan Crawford,SAF,ARI,2,0,0,0,0,0,0,0
00-0040231,Carson Bruener,LB,PIT,2,0,0,0,0,0,0,0
00-0040236,Kyle Monangai,RB,CHI,2,0,0,7,28,3,1,8
00-0040238,LeQuint Allen Jr.,RB,JAX,2,0,0,2,13,0,0,0
00-0040242,Jacory Croskey-Merritt,RB,WAS,2,0,0,4,17,1,0,0
00-0040249,Fadil Diggs,DE,NO,2,0,0,0,0,0,0,0
00-0040255,Adin Huntington,DE,CLE,2,0,0,0,0,0,0,0
00-0040279,Ryan Fitzgerald,K,CAR,2,0,0,0,0,0,0,0
00-0040289,Bam Martin-Scott,LB,CAR,2,0,0,0,0,0,0,0
00-0040362,Keonta Jenkins,LB,BUF,2,0,0,0,0,0,0,0
00-0040416,John Bullock,LB,TB,2,0,0,0,0,0,0,0
00-0040432,Beaux Collins,WR,NYG,2,0,0,0,0,0,0,0
00-0040460,Marlowe Wax,LB,LAC,2,0,0,0,0,0,0,0
00-0040503,Dorian Mausi,LB,TEN,2,0,0,0,0,0,0,0
00-0040506,Myles Price,WR,MIN,2,0,0,0,0,0,0,0
00-0040509,Ben Yurosek,TE,MIN,2,0,0,0,0,0,0,0
00-0040574,Elijah Ponder,LB,NE,2,0,0,0,0,0,0,0
00-0040577,Jalon Walker,LB,ATL,2,0,0,0,0,0,0,0
00-0040578,James Pearce Jr.,DE,ATL,2,0,0,0,0,0,0,0
00-0040579,Carson Schwesinger,LB,CLE,2,0,0,0,0,0,0,0
00-0040580,Josaiah Stewart,LB,LA,2,0,0,0,0,0,0,0
00-0040581,Dont'e Thornton Jr.,WR,LV,2,0,0,0,0,4,1,20
00-0040582,Arian Smith,WR,NYJ,2,0,0,1,-10,2,1,8
00-0040583,Woody Marks,RB,HOU,2,0,0,3,14,1,1,37
00-0040584,Gunnar Helm,TE,TEN,2,0,0,0,0,2,2,9
00-0040585,Ty Hamilton,DT,LA,2,0,0,0,0,0,0,0
00-0040613,Shaun Dolac,LB,LA,2,0,0,0,0,0,0,0
00-0040636,Keyon Martin,CB,BAL,2,0,0,0,0,0,0,0
00-0040640,Ashton Gillotte,DE,KC,2,0,0,0,0,0,0,0
00-0040642,Vernon Broughton,DT,NO,2,0,0,0,0,0,0,0
00-0040643,Jonas Sanker,SAF,NO,2,0,0,0,0,0,0,0
00-0040644,Trevor Etienne,RB,CAR,2,0,0,0,0,1,1,2
00-0040648,Tory Horton,WR,SEA,2,0,0,0,0,4,2,32
00-0040649,Robbie Ouzts,RB,SEA,2,0,0,0,0,0,0,0
00-0040654,Kai Kroeger,P,NO,2,0,0,0,0,0,0,0
00-0040660,Mykel Williams,DE,SF,2,0,0,0,0,0,0,0
00-0040663,Harold Fannin Jr.,TE,CLE,2,0,0,0,0,5,5,48
00-0040666,Omarion Hampton,RB,LAC,2,0,0,8,24,2,1,1
00-0040667,Matthew Golden,WR,GB,2,0,0,2,15,2,0,0
00-0040669,Isaac TeSlaa,WR,DET,2,0,0,0,0,1,1,29
00-0040670,Nohl Williams,CB,KC,2,0,0,0,0,0,0,0
00-0040672,Tyleik Williams,DT,DET,2,0,0,0,0,0,0,0
00-0040676,Cam Ward,QB,TEN,2,33,175,4,8,0,0,0
00-0040677,Abdul Carter,LB,NYG,2,0,0,0,0,0,0,0
00-0040685,Mason Graham,DT,CLE,2,0,0,0,0,0,0,0
00-0040688,Malaki Starks,SAF,BAL,2,0,0,0,0,0,0,0
00-0040691,Jaxson Dart,QB,NYG,2,0,0,1,-3,0,0,0
00-0040694,Darius Alexander,DT,NYG,2,0,0,0,0,0,0,0
00-0040699,Will Campbell,OT,NE,2,0,0,0,0,0,0,0
00-0040704,Dillon Gabriel,QB,CLE,2,3,19,0,0,0,0,0
00-0040705,Chimere Dike,WR,TEN,2,0,0,2,9,5,2,-1
00-0040708,Jihaad Campbell,LB,PHI,2,0,0,0,0,0,0,0
00-0040710,Deone Walker,DT,BUF,2,0,0,0,0,0,0,0
00-0040715,Cam Skattebo,RB,NYG,2,0,0,11,45,3,2,14
00-0040716,Craig Woodson,SAF,NE,2,0,0,0,0,0,0,0
00-0040718,Travis Hunter,CB,JAX,2,0,0,0,0,6,3,22
00-0040719,Bhayshul Tuten,RB,JAX,2,0,0,8,42,2,2,32
00-0040720,Jahdae Barron,CB,DEN,2,0,0,0,0,0,0,0
00-0040721,Alfred Collins,DT,SF,2,0,0,0,0,0,0,0
00-0040722,Mike Green,LB,BAL,2,0,0,0,0,0,0,0
00-0040724,T.J. Sanders,DT,BUF,2,0,0,0,0,0,0,0
00-0040725,Donovan Ezeiruaku,LB,DAL,2,0,0,0,0,0,0,0
00-0040726,Anthony Belton,OT,GB,2,0,0,0,0,0,0,0
00-0040727,Tre Harris,WR,LAC,2,0,0,0,0,3,2,34
00-0040730,RJ Harvey,RB,DEN,2,0,0,5,8,2,1,16
00-0040731,Trey Amos,CB,WAS,2,0,0,0,0,0,0,0
00-0040734,TreVeyon Henderson,RB,NE,2,0,0,3,10,2,2,30
00-0040735,Luther Burden III,WR,CHI,2,0,0,0,0,2,1,5
00-0040736,Mason Taylor,TE,NYJ,2,0,0,0,0,2,1,5
00-0040738,Demetrius Knight Jr.,LB,CIN,2,0,0,0,0,0,0,0
00-0040739,Elijah Arroyo,TE,SEA,2,0,0,0,0,3,2,31
00-0040742,Jonah Savaiinaea,G,MIA,2,0,0,0,0,0,0,0
00-0040746,Nic Scourton,LB,CAR,2,0,0,0,0,0,0,0
00-0040747,Benjamin Morrison,CB,TB,2,0,0,0,0,0,0,0
00-0040748,Omarr Norman-Lott,DT,KC,2,0,0,0,0,0,0,0
00-0040749,Andrew Mukuba,SAF,PHI,2,0,0,0,0,0,0,0
00-0040751,Will Johnson,CB,ARI,2,0,0,0,0,0,0,0
00-0040752,Oluwafemi Oladejo,DE,TEN,2,0,0,0,0,0,0,0
00-0040756,Shemar Stewart,DE,CIN,2,0,0,0,0,0,0,0
00-0040782,Isaiah Bond,WR,CLE,2,0,0,1,9,3,1,6
00-0040784,Quinshon Judkins,RB,CLE,2,0,0,10,61,3,3,10
,,,GB,2,0,0,0,0,0,0,0
00-0023459,Aaron Rodgers,QB,PIT,3,23,139,4,1,0,0,0
00-0023853,Matt Prater,K,BUF,3,0,0,0,0,0,0,0
00-0025565,Nick Folk,K,NYJ,3,0,0,0,0,0,0,0
00-0026158,Joe Flacco,QB,CLE,3,36,142,0,0,0,0,0
00-0026190,Calais Campbell,DE,ARI,3,0,0,0,0,0,0,0
00-0026498,Matthew Stafford,QB,LA,3,33,196,0,0,0,0,0
00-0026858,Graham Gano,K,NYG,3,0,0,0,0,0,0,0
00-0027114,Thomas Morstead,P,SF,3,0,0,0,0,0,0,0
00-0027857,Trent Williams,OT,SF,3,0,0,0,0,0,0,0
00-0027940,Von Miller,OLB,WAS,3,0,0,0,0,0,0,0
00-0027962,Cameron Jordan,LB,NO,3,0,0,0,0,0,0,0
00-0027969,Cameron Heyward,DE,PIT,3,0,0,0,0,0,0,0
00-0027973,Andy Dalton,QB,CAR,3,0,0,1,-1,0,0,0
00-0028118,Tyrod Taylor,QB,NYJ,3,36,197,8,48,0,0,0
00-0028872,Johnny Hekker,P,TEN,3,0,0,0,0,0,0,0
00-0029255,Bobby Wagner,MLB,WAS,3,0,0,0,0,0,0,0
00-0029263,Russell Wilson,QB,NYG,3,32,160,5,27,0,0,0
00-0029316,Kelvin Beachum,OT,ARI,3,0,0,0,0,0,0,0
00-0029562,Lavonte David,OLB,TB,3,0,0,0,0,0,0,0
00-0029604,Kirk Cousins,QB,ATL,3,7,29,0,0,0,0,0
00-0029606,Harrison Smith,FS,MIN,3,0,0,0,0,0,0,0
00-0029607,Demario Davis,OLB,NO,3,0,0,0,0,0,0,0
00-0029692,Bryan Anger,P,DAL,3,0,0,0,0,0,0,0
00-0029822,Brandon McManus,K,GB,3,0,0,0,0,0,0,0
00-0029892,Kyle Juszczyk,FB,SF,3,0,0,0,0,1,1,1
00-0030035,Adam Thielen,WR,MIN,3,0,0,0,0,2,0,0
00-0030061,Zach Ertz,TE,WAS,3,0,0,0,0,3,3,38
00-0030062,Darius Slay,CB,PIT,3,0,0,0,0,0,0,0
00-0030070,John Jenkins,DT,BAL,3,0,0,0,0,0,0,0
00-0030092,Sam Martin,P,CAR,3,0,0,0,0,0,0,0
00-0030140,Tress Way,P,WAS,3,0,0,0,0,0,0,0
00-0030279,Keenan Allen,WR,LAC,3,0,0,0,0,11,7,65
00-0030294,Tony Jefferson,S,LAC,3,0,0,0,0,0,0,0
00-0030506,Travis Kelce,TE,KC,3,0,0,0,0,7,4,26
00-0030564,DeAndre Hopkins,WR,BAL,3,0,0,0,0,2,1,13
00-0030565,Geno Smith,QB,LV,3,29,289,2,5,0,0,0
00-0030615,James Winchester,LS,KC,3,0,0,0,0,0,0,0
00-0030725,Cornelius Lucas,OT,CLE,3,0,0,0,0,0,0,0
00-0030757,Mike Pennel,DT,CIN,3,0,0,0,0,0,0,0
00-0031054,DaQuan Jones,DT,BUF,3,0,0,0,0,0,0,0
00-0031136,Chris Boswell,K,PIT,3,0,0,0,0,0,0,0
00-0031177,Brent Urban,DE,BAL,3,0,0,0,0,0,0,0
00-0031203,Cairo Santos,K,CHI,3,0,0,0,0,0,0,0
00-0031236,Brandin Cooks,WR,NO,3,0,0,0,0,5,3,24
00-0031270,Shelby Harris,DE,CLE,3,0,0,0,0,0,0,0
00-0031381,Davante Adams,WR,LA,3,0,0,0,0,8,3,56
00-0031408,Mike Evans,WR,TB,3,0,0,0,0,9,4,33
00-0031411,DeMarcus Lawrence,LB,SEA,3,0,0,0,0,0,0,0
00-0031484,Chris Manhertz,TE,NYG,3,0,0,0,0,1,1,7
00-0031492,Jason Myers,K,SEA,3,0,0,0,0,0,0,0
00-0031550,Shaq Thompson,OLB,BUF,3,0,0,0,0,0,0,0
00-0031551,Eddie Goldman,NT,WAS,3,0,0,0,0,0,0,0
00-0031565,Danielle Hunter,DE,HOU,3,0,0,0,0,0,0,0
00-0031583,Grady Jarrett,DT,CHI,3,0,0,0,0,0,0,0
00-0031588,Stefon Diggs,WR,NE,3,0,0,0,0,3,3,23
00-0031740,Neville Hewitt,LB,NYG,3,0,0,0,0,0,0,0
00-0031763,DeAndre Carter,WR,CLE,3,0,0,0,0,0,0,0
00-0031898,Alex Singleton,LB,DEN,3,0,0,0,0,0,0,0
00-0031933,Leonard Williams,DE,SEA,3,0,0,0,0,0,0,0
00-0032052,Dante Fowler Jr.,DE,DAL,3,0,0,0,0,0,0,0
00-0032065,Bradley Pinion,P,ATL,3,0,0,0,0,0,0,0
00-0032146,Bud Dupree,OLB,LAC,3,0,0,0,0,0,0,0
00-0032164,Arik Armstead,DE,JAX,3,0,0,0,0,0,0,0
00-0032211,Tyler Lockett,WR,TEN,3,0,0,0,0,4,4,37
00-0032268,Marcus Mariota,QB,WAS,3,21,207,6,40,0,0,0
00-0032378,DeForest Buckner,DT,IND,3,0,0,0,0,0,0,0
00-0032380,Laremy Tunsil,OT,WAS,3,0,0,0,0,0,0,0
00-0032385,Sterling Shepard,WR,TB,3,0,0,0,0,5,4,80
00-0032387,Jarran Reed,DT,SEA,3,0,0,0,0,0,0,0
00-0032388,Deion Jones,LB,TB,3,0,0,0,0,0,0,0
00-0032392,Austin Hooper,TE,NE,3,0,0,0,0,3,2,28
00-0032398,Chris Moore,WR,WAS,3,0,0,0,0,2,2,25
00-0032399,Miles Killebrew,SAF,PIT,3,0,0,0,0,0,0,0
00-0032424,DJ Reader,DT,DET,3,0,0,0,0,0,0,0
00-0032442,Elandon Roberts,OLB,LV,3,0,0,0,0,0,0,0
00-0032464,Kalif Raymond,WR,DET,3,0,0,0,0,2,1,4
00-0032569,Wil Lutz,K,DEN,3,0,0,0,0,0,0,0
00-0032667,Roy Robertson-Harris,DE,NYG,3,0,0,0,0,0,0,0
00-0032701,Jake Brendel,C,SF,3,0,0,0,0,0,0,0
00-0032726,Ka'imi Fairbairn,K,HOU,3,0,0,0,0,0,0,0
00-0032759,Sheldon Rankins,DT,HOU,3,0,0,0,0,0,0,0
00-0032762,Chris Jones,DE,KC,3,0,0,0,0,0,0,0
00-0032764,Derrick Henry,RB,BAL,3,1,0,12,50,1,1,7
00-0032889,A'Shawn Robinson,DT,CAR,3,0,0,0,0,0,0,0
00-0032943,Riley Dixon,P,TB,3,0,0,0,0,0,0,0
00-0032950,Carson Wentz,QB,MIN,3,20,173,2,4,0,0,0
00-0033038,Eric Murray,S,JAX,3,0,0,0,0,0,0,0
00-0033040,Tyreek Hill,WR,MIA,3,0,0,0,0,10,5,49
00-0033046,Jihad Ward,LB,TEN,3,0,0,0,0,0,0,0
00-0033050,Xavien Howard,CB,IND,3,0,0,0,0,0,0,0
00-0033051,David Onyemata,DT,ATL,3,0,0,0,0,0,0,0
00-0033055,Jalen Ramsey,CB,PIT,3,0,0,0,0,0,0,0
00-0033066,Andrew Billings,DT,CHI,3,0,0,0,0,0,0,0
00-0033072,Leonard Floyd,DE,ATL,3,0,0,0,0,0,0,0
00-0033077,Dak Prescott,QB,DAL,3,40,251,0,0,0,0,0
00-0033090,Hunter Henry,TE,NE,3,0,0,0,0,11,8,90
00-0033093,Jonathan Bullard,DE,NO,3,0,0,0,0,0,0,0
00-0033106,Jared Goff,QB,DET,3,28,202,4,6,0,0,0
00-0033109,Javon Hargrave,NT,MIN,3,0,0,0,0,0,0,0
00-0033110,Tyler Higbee,TE,LA,3,0,0,0,0,2,0,0
00-0033120,Kenny Clark,NT,DAL,3,0,0,0,0,0,0,0
00-0033131,Maliek Collins,DT,CLE,3,0,0,0,0,0,0,0
00-0033132,Kevin Byard,FS,CHI,3,0,0,0,0,0,0,0
00-0033156,Joey Bosa,DE,BUF,3,0,0,0,0,0,0,0
00-0033246,Johnny Mundt,TE,JAX,3,0,0,0,0,1,1,7
00-0033269,Rigoberto Sanchez,P,IND,3,0,0,0,0,0,0,0
00-0033280,Christian McCaffrey,RB,SF,3,0,0,17,52,15,10,88
00-0033281,Marlon Humphrey,CB,BAL,3,0,0,0,0,0,0,0
00-0033284,Taylor Moton,OT,CAR,3,0,0,0,0,0,0,0
00-0033294,Chuck Clark,SAF,PIT,3,0,0,0,0,0,0,0
00-0033297,D.J. Jones,DT,DEN,3,0,0,0,0,0,0,0
00-0033303,Harrison Butker,K,KC,3,0,0,0,0,0,0,0
00-0033307,Kendrick Bourne,WR,SF,3,0,0,0,0,6,4,38
00-0033336,Eric Wilson,LB,MIN,3,0,0,0,0,0,0,0
00-0033375,Tim Patrick,WR,JAX,3,0,0,0,0,1,1,16
00-0033381,Adam Butler,DT,LV,3,0,0,0,0,0,0,0
00-0033393,Kenny Moore II,CB,IND,3,0,0,0,0,0,0,0
00-0033523,Jonathan Allen,DE,MIN,3,0,0,0,0,0,0,0
00-0033526,Samaje Perine,RB,CIN,3,0,0,4,21,0,0,0
00-0033538,Garett Bolles,OT,DEN,3,0,0,0,0,0,0,0
00-0033546,Dalvin Tomlinson,DE,ARI,3,0,0,0,0,0,0,0
00-0033547,Zach Cunningham,ILB,DET,3,0,0,0,0,0,0,0
00-0033548,Chidobe Awuzie,CB,BAL,3,0,0,0,0,0,0,0
00-0033551,Rasul Douglas,CB,MIA,3,0,0,0,0,0,0,0
00-0033553,James Conner,RB,ARI,3,0,0,9,22,4,3,15
00-0033555,Mack Hollins,WR,NE,3,0,0,0,0,4,4,27
00-0033576,Eric Saubert,TE,SEA,3,0,0,0,0,1,1,12
00-0033579,Xavier Woods,FS,TEN,3,0,0,0,0,0,0,0
00-0033589,David Moore,WR,CAR,3,0,0,0,0,1,1,5
00-0033595,Pat O'Connor,DE,DET,3,0,0,0,0,0,0,0
00-0033729,Cameron Johnston,P,BUF,3,0,0,0,0,0,0,0
00-0033787,Jake Elliott,K,PHI,3,0,0,0,0,0,0,0
00-0033831,Andrew Wylie,G,WAS,3,0,0,0,0,0,0,0
00-0033854,Dare Ogunbowale,RB,HOU,3,0,0,0,0,0,0,0
00-0033857,JuJu Smith-Schuster,WR,KC,3,0,0,0,0,4,4,55
00-0033858,Jonnu Smith,TE,PIT,3,0,0,0,0,3,3,23
00-0033860,Davon Godchaux,DT,NO,3,0,0,0,0,0,0,0
00-0033868,Myles Garrett,DE,CLE,3,0,0,0,0,0,0,0
00-0033870,Solomon Thomas,DE,DAL,3,0,0,0,0,0,0,0
00-0033872,Jamal Adams,LB,LV,3,0,0,0,0,0,0,0
00-0033873,Patrick Mahomes,QB,KC,3,37,224,5,2,0,0,0
00-0033874,Marshon Lattimore,CB,WAS,3,0,0,0,0,0,0,0
00-0033875,Haason Reddick,OLB,TB,3,0,0,0,0,0,0,0
00-0033876,Derek Barnett,DE,HOU,3,0,0,0,0,0,0,0
00-0033877,Malik Hooker,FS,DAL,3,0,0,0,0,0,0,0
00-0033878,Adoree' Jackson,CB,PHI,3,0,0,0,0,0,0,0
00-0033883,Jabrill Peppers,FS,PIT,3,0,0,0,0,0,0,0
00-0033884,Tre'Davious White,CB,BUF,3,0,0,0,0,0,0,0
00-0033885,David Njoku,TE,CLE,3,0,0,0,0,7,5,40
00-0033886,T.J. Watt,OLB,PIT,3,0,0,0,0,0,0,0
00-0033890,Budda Baker,S,ARI,3,0,0,0,0,0,0,0
00-0033891,Zay Jones,WR,ARI,3,0,0,0,0,3,2,25
00-0033902,Tanoh Kpassagnon,DE,CHI,3,0,0,0,0,0,0,0
00-0033904,Dion Dawkins,OT,BUF,3,0,0,0,0,0,0,0
00-0033906,Alvin Kamara,RB,NO,3,0,0,18,42,2,1,14
00-0033907,Dawuane Smoot,DE,JAX,3,0,0,0,0,0,0,0
00-0033908,Cooper Kupp,WR,SEA,3,0,0,0,0,3,2,31
00-0033914,Alex Anzalone,MLB,DET,3,0,0,0,0,0,0,0
00-0033923,Kareem Hunt,RB,KC,3,0,0,10,34,1,1,10
00-0033928,Jourdan Lewis,CB,JAX,3,0,0,0,0,0,0,0
00-0033935,Trey Hendrickson,LB,CIN,3,0,0,0,0,0,0,0
00-0033941,Rayshawn Jenkins,DB,CLE,3,0,0,0,0,0,0,0
00-0033945,Samson Ebukam,DE,IND,3,0,0,0,0,0,0,0
00-0033952,Grover Stewart,DT,IND,3,0,0,0,0,0,0,0
00-0033955,Jeremy McNichols,RB,WAS,3,0,0,4,78,0,0,0
00-0033964,Al-Quadin Muhammad,LB,DET,3,0,0,0,0,0,0,0
00-0034114,Coleman Shelton,C,LA,3,0,0,0,0,0,0,0
00-0034160,Michael Dickson,P,SEA,3,0,0,0,0,0,0,0
00-0034161,Daniel Carlson,K,LV,3,0,0,0,0,0,0,0
00-0034162,J.K. Scott,P,LAC,3,0,0,0,0,0,0,0
00-0034163,Jacob Martin,DE,WAS,3,0,0,0,0,0,0,0
00-0034173,Eddy Pineiro,K,SF,3,0,0,0,0,0,0,0
00-0034203,Darious Williams,CB,LA,3,0,0,0,0,0,0,0
00-0034234,Poona Ford,DT,LA,3,0,0,0,0,0,0,0
00-0034251,Daniel Ekuale,DT,PIT,3,0,0,0,0,0,0,0
00-0034264,Jalyn Holmes,DT,WAS,3,0,0,0,0,0,0,0
00-0034270,Tyler Conklin,TE,LAC,3,0,0,0,0,2,0,0
00-0034272,Marquez Valdes-Scantling,WR,SF,3,0,0,0,0,1,1,9
00-0034275,Foley Fatukasi,DT,HOU,3,0,0,0,0,0,0,0
00-0034278,Tremon Smith,CB,HOU,3,0,0,0,0,0,0,0
00-0034285,Zach Sieler,DE,MIA,3,0,0,0,0,0,0,0
00-0034302,Frankie Luvu,LB,WAS,3,0,0,0,0,0,0,0
00-0034333,Daron Payne,NT,WAS,3,0,0,0,0,0,0,0
00-0034348,Courtland Sutton,WR,DEN,3,0,0,0,0,8,6,118
00-0034351,Dallas Goedert,TE,PHI,3,0,0,0,0,2,1,33
00-0034355,M.J. Stewart,SAF,HOU,3,0,0,0,0,0,0,0
00-0034356,Donte Jackson,CB,LAC,3,0,0,0,0,0,0,0
00-0034357,Isaiah Oliver,FS,NYJ,3,0,0,0,0,0,0,0
00-0034359,Tyquan Lewis,DE,IND,3,0,0,0,0,0,0,0
00-0034361,Justin Reid,S,NO,3,0,0,0,0,0,0,0
00-0034371,Da'Shawn Hand,DE,LAC,3,0,0,0,0,0,0,0
00-0034373,Dorance Armstrong,DE,WAS,3,0,0,0,0,0,0,0
00-0034375,Kyzir White,OLB,TEN,3,0,0,0,0,0,0,0
00-0034376,Taron Johnson,CB,BUF,3,0,0,0,0,0,0,0
00-0034381,Josh Sweat,LB,ARI,3,0,0,0,0,0,0,0
00-0034383,Dalton Schultz,TE,HOU,3,0,0,0,0,6,5,39
00-0034384,D.J. Reed,CB,DET,3,0,0,0,0,0,0,0
00-0034391,Siran Neal,DB,SF,3,0,0,0,0,0,0,0
00-0034397,Tim Settle,DT,HOU,3,0,0,0,0,0,0,0
00-0034399,Wyatt Teller,G,CLE,3,0,0,0,0,0,0,0
00-0034407,Ray-Ray McCloud,WR,ATL,3,0,0,0,0,5,2,20
00-0034413,Foye Oluokun,LB,JAX,3,0,0,0,0,0,0,0
00-0034431,Zaire Franklin,OLB,IND,3,0,0,0,0,0,0,0
00-0034437,Logan Cooke,P,JAX,3,0,0,0,0,0,0,0
00-0034465,Jeremy Reaves,DB,WAS,3,0,0,0,0,0,0,0
00-0034473,Dennis Gardeck,LB,JAX,3,0,0,0,0,0,0,0
00-0034485,Jonathan Owens,SAF,CHI,3,0,0,0,0,0,0,0
00-0034488,Tavierre Thomas,SAF,MIN,3,0,0,0,0,0,0,0
00-0034521,Allen Lazard,WR,NYJ,3,0,0,0,0,3,2,13
00-0034573,Charvarius Ward,CB,IND,3,0,0,0,0,0,0,0
00-0034673,Tremaine Edmunds,MLB,CHI,3,0,0,0,0,0,0,0
00-0034675,Jessie Bates,FS,ATL,3,0,0,0,0,0,0,0
00-0034720,Robert Spillane,LB,NE,3,0,0,0,0,0,0,0
00-0034721,Corey Bojorquez,P,CLE,3,0,0,0,0,0,0,0
00-0034753,Mark Andrews,TE,BAL,3,0,0,0,0,6,6,91
00-0034754,Oren Burks,ILB,CIN,3,0,0,0,0,0,0,0
00-0034760,Nathan Shepherd,DE,NO,3,0,0,0,0,0,0,0
00-0034773,Vita Vea,DT,TB,3,0,0,0,0,0,0,0
00-0034775,Christian Kirk,WR,HOU,3,0,0,0,0,8,3,25
00-0034778,Carlton Davis III,CB,NE,3,0,0,0,0,0,0,0
00-0034780,Isaac Yiadom,CB,NO,3,0,0,0,0,0,0,0
00-0034782,Harrison Phillips,DT,NYJ,3,0,0,0,0,0,0,0
00-0034789,Minkah Fitzpatrick,FS,MIA,3,0,0,0,0,0,0,0
00-0034790,Derwin James,FS,LAC,3,0,0,0,0,0,0,0
00-0034791,Nick Chubb,RB,HOU,3,0,0,9,38,4,3,2
00-0034792,Cornell Armstrong,DB,MIA,3,0,0,0,0,0,0,0
00-0034796,Lamar Jackson,QB,BAL,3,27,288,7,35,0,0,0
00-0034797,Jerome Baker,OLB,CLE,3,0,0,0,0,0,0,0
00-0034800,B.J. Hill,DE,CIN,3,0,0,0,0,0,0,0
00-0034805,John Franklin-Myers,DE,DEN,3,0,0,0,0,0,0,0
00-0034810,Sebastian Joseph-Day,DT,TEN,3,0,0,0,0,0,0,0
00-0034815,Fred Warner,MLB,SF,3,0,0,0,0,0,0,0
00-0034825,Arden Key,DE,TEN,3,0,0,0,0,0,0,0
00-0034827,DJ Moore,WR,CHI,3,0,0,3,7,5,4,21
00-0034828,Harold Landry III,LB,NE,3,0,0,0,0,0,0,0
00-0034829,Mike Gesicki,TE,CIN,3,0,0,0,0,3,1,6
00-0034832,Bradley Chubb,OLB,MIA,3,0,0,0,0,0,0,0
00-0034836,Braden Smith,OT,IND,3,0,0,0,0,0,0,0
00-0034837,Calvin Ridley,WR,TEN,3,0,0,0,0,7,1,27
00-0034843,Mike Hughes,CB,ATL,3,0,0,0,0,0,0,0
00-0034844,Saquon Barkley,RB,PHI,3,0,0,18,46,5,4,9
00-0034855,Baker Mayfield,QB,TB,3,29,233,4,44,0,0,0
00-0034856,Denzel Ward,CB,CLE,3,0,0,0,0,0,0,0
00-0034857,Josh Allen,QB,BUF,3,28,213,4,25,0,0,0
00-0034869,Sam Darnold,QB,SEA,3,18,218,0,0,0,0,0
00-0034874,Roquan Smith,ILB,BAL,3,0,0,0,0,0,0,0
00-0034955,Brett Rypien,QB,CIN,3,0,0,0,0,0,0,0
00-0034959,Andrew Beck,FB,NYJ,3,0,0,0,0,0,0,0
00-0034960,Jakobi Meyers,WR,LV,3,0,0,0,0,4,3,63
00-0034967,Rashan Gary,LB,GB,3,0,0,0,0,0,0,0
00-0034973,Maxx Crosby,DE,LV,3,0,0,0,0,0,0,0
00-0034975,Justice Hill,RB,BAL,3,0,0,0,0,4,3,45
00-0034983,Hunter Renfrow,WR,CAR,3,0,0,0,0,4,2,6
00-0034987,E.J. Speed,LB,HOU,3,0,0,0,0,0,0,0
00-0034993,Marcus Epps,SAF,PHI,3,0,0,0,0,0,0,0
00-0035021,Ashton Dulin,WR,IND,3,0,0,0,0,0,0,0
00-0035042,Jamie Gillan,P,NYG,3,0,0,0,0,0,0,0
00-0035100,Jake Browning,QB,CIN,3,27,140,1,3,0,0,0
00-0035112,Patrick Mekari,OT,JAX,3,0,0,0,0,0,0,0
00-0035133,Keisean Nixon,DB,GB,3,0,0,0,0,0,0,0
00-0035144,Mack Wilson,LB,ARI,3,0,0,0,0,0,0,0
00-0035156,Jack Fox,P,DET,3,0,0,0,0,0,0,0
00-0035166,Azeez Al-Shaair,LB,HOU,3,0,0,0,0,0,0,0
00-0035190,AJ Cole,P,LV,3,0,0,0,0,0,0,0
00-0035192,Joey Slye,K,TEN,3,0,0,0,0,0,0,0
00-0035208,Olamide Zaccheaus,WR,CHI,3,0,0,1,12,4,3,24
00-0035228,Kyler Murray,QB,ARI,3,35,159,6,37,0,0,0
00-0035229,T.J. Hockenson,TE,MIN,3,0,0,0,0,6,5,49
00-0035234,Tytus Howard,OT,HOU,3,0,0,0,0,0,0,0
00-0035236,Byron Murphy,CB,MIN,3,0,0,0,0,0,0,0
00-0035237,Jawaan Taylor,OT,KC,3,0,0,0,0,0,0,0
00-0035243,Miles Sanders,RB,DAL,3,0,0,9,41,3,3,12
00-0035248,Zach Allen,DE,DEN,3,0,0,0,0,0,0,0
00-0035249,Josh Oliver,TE,MIN,3,0,0,0,0,1,1,12
00-0035250,Devin Singletary,RB,NYG,3,0,0,4,11,0,0,0
00-0035253,C.J. Gardner-Johnson,SAF,HOU,3,0,0,0,0,0,0,0
00-0035254,Anthony Nelson,LB,TB,3,0,0,0,0,0,0,0
00-0035258,Hjalte Froholdt,G,ARI,3,0,0,0,0,0,0,0
00-0035261,Tony Pollard,RB,TEN,3,0,0,16,45,4,2,14
00-0035262,Drue Tranquill,LB,KC,3,0,0,0,0,0,0,0
00-0035269,Matt Gay,K,WAS,3,0,0,0,0,0,0,0
00-0035272,Andrew Van Ginkel,OLB,MIN,3,0,0,0,0,0,0,0
00-0035277,Mike Jackson,CB,CAR,3,0,0,0,0,0,0,0
00-0035279,Charles Omenihu,DE,KC,3,0,0,0,0,0,0,0
00-0035280,Jake Bailey,P,MIA,3,0,0,0,0,0,0,0
00-0035286,Cole Holcomb,LB,PIT,3,0,0,0,0,0,0,0
00-0035301,Donovan Wilson,SAF,DAL,3,0,0,0,0,0,0,0
00-0035316,Kaden Elliss,LB,ATL,3,0,0,0,0,0,0,0
00-0035352,Tyrel Dodson,LB,MIA,3,0,0,0,0,0,0,0
00-0035357,Cam Lewis,CB,BUF,3,0,0,0,0,0,0,0
00-0035358,Chase McLaughlin,K,TB,3,0,0,0,0,0,0,0
00-0035359,David Sills,WR,ATL,3,0,0,0,0,2,1,9
00-0035378,Andrew Wingard,SAF,JAX,3,0,0,0,0,0,0,0
00-0035402,Carl Granderson,DE,NO,3,0,0,0,0,0,0,0
00-0035409,Shy Tuttle,DT,TEN,3,0,0,0,0,0,0,0
00-0035413,Luke Gifford,LB,SF,3,0,0,0,0,0,0,0
00-0035500,Greg Dortch,WR,ARI,3,0,0,1,5,2,2,3
00-0035525,Devin Bush,LB,CLE,3,0,0,0,0,0,0,0
00-0035535,Darius Slayton,WR,NYG,3,0,0,0,0,4,4,30
00-0035537,Ty Johnson,RB,BUF,3,0,0,3,13,2,1,8
00-0035617,Troy Reeder,LB,LA,3,0,0,0,0,0,0,0
00-0035625,Juan Thornhill,SAF,PIT,3,0,0,0,0,0,0,0
00-0035631,Drew Sample,TE,CIN,3,0,0,0,0,3,2,20
00-0035632,Amani Hooker,SAF,TEN,3,0,0,0,0,0,0,0
00-0035637,Rock Ya-Sin,CB,DET,3,0,0,0,0,0,0,0
00-0035640,DK Metcalf,WR,PIT,3,0,0,0,0,4,3,32
00-0035642,Josh Hines-Allen,DE,JAX,3,0,0,0,0,0,0,0
00-0035643,Jeffery Simmons,DT,TEN,3,0,0,0,0,0,0,0
00-0035644,Noah Fant,TE,CIN,3,0,0,0,0,5,5,26
00-0035645,Gunner Olszewski,WR,NYG,3,0,0,0,0,0,0,0
00-0035647,Montez Sweat,DE,CHI,3,0,0,0,0,0,0,0
00-0035655,Will Harris,SAF,WAS,3,0,0,0,0,0,0,0
00-0035659,Terry McLaurin,WR,WAS,3,0,0,0,0,4,3,74
00-0035662,Marquise Brown,WR,KC,3,0,0,0,0,6,4,42
00-0035663,Taylor Rapp,SAF,BUF,3,0,0,0,0,0,0,0
00-0035669,Nick Scott,SAF,CAR,3,0,0,0,0,0,0,0
00-0035672,Cody Barton,LB,TEN,3,0,0,0,0,0,0,0
00-0035676,A.J. Brown,WR,PHI,3,0,0,0,0,10,6,109
00-0035678,Dre'Mont Jones,LB,TEN,3,0,0,0,0,0,0,0
00-0035680,Quincy Williams,LB,NYJ,3,0,0,0,0,0,0,0
00-0035683,Dexter Lawrence,DT,NYG,3,0,0,0,0,0,0,0
00-0035685,David Montgomery,RB,DET,3,0,0,12,151,1,1,13
00-0035687,Bobby Okereke,ILB,NYG,3,0,0,0,0,0,0,0
00-0035697,Germaine Pratt,LB,LV,3,0,0,0,0,0,0,0
00-0035699,Jamel Dean,CB,TB,3,0,0,0,0,0,0,0
00-0035700,Josh Jacobs,RB,GB,3,0,0,16,30,9,5,44
00-0035704,Drew Lock,QB,SEA,3,3,15,1,-1,0,0,0
00-0035705,Jalen Thompson,DB,ARI,3,0,0,0,0,0,0,0
00-0035707,Devin White,LB,LV,3,0,0,0,0,0,0,0
00-0035710,Daniel Jones,QB,IND,3,25,228,4,27,0,0,0
00-0035713,Brian Burns,LB,NYG,3,0,0,0,0,0,0,0
00-0035717,Nick Bosa,DE,SF,3,0,0,0,0,0,0,0
00-0035718,Quinnen Williams,DT,NYJ,3,0,0,0,0,0,0,0
00-0035719,Deebo Samuel Sr.,WR,WAS,3,0,0,3,18,3,2,11
00-0035726,Jakob Johnson,RB,HOU,3,0,0,0,0,0,0,0
00-0035795,James Pierre,CB,PIT,3,0,0,0,0,0,0,0
00-0035821,Corliss Waitman,P,PIT,3,0,0,0,0,0,0,0
00-0035857,Chris Williams,DT,CHI,3,0,0,0,0,0,0,0
00-0035859,Blake Gillikin,P,ARI,3,0,0,0,0,0,0,0
00-0035889,Tommy Townsend,P,HOU,3,0,0,0,0,0,0,0
00-0035895,Joe Bachie,LB,IND,3,0,0,0,0,0,0,0
00-0035942,Christian Rozeboom,LB,CAR,3,0,0,0,0,0,0,0
00-0035944,Jonah Williams,DE,NO,3,0,0,0,0,0,0,0
00-0036036,Terence Steele,OT,DAL,3,0,0,0,0,0,0,0
00-0036040,Juwan Johnson,TE,NO,3,0,0,0,0,8,6,51
00-0036081,Broderick Washington,DT,BAL,3,0,0,0,0,0,0,0
00-0036124,Khalil Dorsey,CB,DET,3,0,0,0,0,0,0,0
00-0036132,Ben Bredeson,G,TB,3,0,0,0,0,0,0,0
00-0036139,Rico Dowdle,RB,CAR,3,0,0,10,30,1,1,8
00-0036151,Bryce Huff,DE,SF,3,0,0,0,0,0,0,0
00-0036158,J.K. Dobbins,RB,DEN,3,0,0,11,83,2,1,0
00-0036159,Joshua Uche,LB,PHI,3,0,0,0,0,0,0,0
00-0036181,Teair Tart,DT,LAC,3,0,0,0,0,0,0,0
00-0036182,Nick Westbrook-Ikhine,WR,MIA,3,0,0,0,0,0,0,0
00-0036192,A.J. Epenesa,LB,BUF,3,0,0,0,0,0,0,0
00-0036198,Mike Onwenu,G,NE,3,0,0,0,0,0,0,0
00-0036199,Geno Stone,SAF,CIN,3,0,0,0,0,0,0,0
00-0036204,LaCale London,DE,ATL,3,0,0,0,0,0,0,0
00-0036212,Tua Tagovailoa,QB,MIA,3,34,146,2,10,0,0,0
00-0036220,Derrick Brown,DT,CAR,3,0,0,0,0,0,0,0
00-0036221,Brandon Jones,SAF,DEN,3,0,0,0,0,0,0,0
00-0036222,Isaiah Rodgers,CB,MIN,3,0,0,0,0,0,0,0
00-0036223,Jonathan Taylor,RB,IND,3,0,0,17,102,4,3,16
00-0036224,Jonathan Greenard,LB,MIN,3,0,0,0,0,0,0,0
00-0036231,Kyle Dugger,SAF,NE,3,0,0,0,0,0,0,0
00-0036246,Jon Runyan,G,NYG,3,0,0,0,0,0,0,0
00-0036252,Michael Pittman,WR,IND,3,0,0,0,0,6,6,73
00-0036260,Javon Kinlaw,DT,WAS,3,0,0,0,0,0,0,0
00-0036262,DaVon Hamilton,DT,JAX,3,0,0,0,0,0,0,0
00-0036264,Jordan Love,QB,GB,3,25,183,4,18,0,0,0
00-0036266,Jordan Elliott,DT,SF,3,0,0,0,0,0,0,0
00-0036274,Jeff Okudah,CB,MIN,3,0,0,0,0,0,0,0
00-0036275,D'Andre Swift,RB,CHI,3,0,0,13,33,4,3,45
00-0036282,Grant Delpit,SAF,CLE,3,0,0,0,0,0,0,0
00-0036284,Mekhi Becton,G,LAC,3,0,0,0,0,0,0,0
00-0036286,K'Lavon Chaisson,LB,NE,3,0,0,0,0,0,0,0
00-0036287,Noah Igbinoghene,CB,WAS,3,0,0,0,0,0,0,0
00-0036290,Cole Kmet,TE,CHI,3,0,0,0,0,1,1,10
00-0036293,Jeremy Chinn,SAF,LV,3,0,0,0,0,0,0,0
00-0036294,Logan Wilson,LB,CIN,3,0,0,0,0,0,0,0
00-0036298,Akeem Davis-Gaither,LB,ARI,3,0,0,0,0,0,0,0
00-0036302,Jaylinn Hawkins,SAF,NE,3,0,0,0,0,0,0,0
00-0036306,Daniel Thomas,SAF,DET,3,0,0,0,0,0,0,0
00-0036309,Darnell Mooney,WR,ATL,3,0,0,0,0,11,4,44
00-0036313,Braden Mann,P,PHI,3,0,0,0,0,0,0,0
00-0036322,Justin Jefferson,WR,MIN,3,0,0,0,0,7,5,75
00-0036323,Patrick Queen,LB,PIT,3,0,0,0,0,0,0,0
00-0036328,Antonio Gibson,RB,NE,3,0,0,7,28,0,0,0
00-0036329,Ashtyn Davis,SAF,MIA,3,0,0,0,0,0,0,0
00-0036331,Devin Duvernay,WR,CHI,3,0,0,0,0,0,0,0
00-0036335,D.J. Wonnum,LB,CAR,3,0,0,0,0,0,0,0
00-0036337,James Lynch,DT,TEN,3,0,0,0,0,0,0,0
00-0036338,Troy Dye,LB,LAC,3,0,0,0,0,0,0,0
00-0036347,Blake Brandel,OT,MIN,3,0,0,0,0,0,0,0
00-0036348,Josh Metellus,SAF,MIN,3,0,0,0,0,0,0,0
00-0036349,Kam Curl,SAF,LA,3,0,0,0,0,0,0,0
00-0036355,Justin Herbert,QB,LAC,3,47,300,2,6,0,0,0
00-0036361,Trevon Diggs,CB,DAL,3,0,0,0,0,0,0,0
00-0036366,Neville Gallimore,DT,IND,3,0,0,0,0,0,0,0
00-0036374,L'Jarius Sneed,CB,TEN,3,0,0,0,0,0,0,0
00-0036375,Amik Robertson,CB,DET,3,0,0,0,0,0,0,0
00-0036380,Alohi Gilman,SAF,LAC,3,0,0,0,0,0,0,0
00-0036388,Xavier McKinney,SAF,GB,3,0,0,0,0,0,0,0
00-0036389,Jalen Hurts,QB,PHI,3,32,226,9,40,0,0,0
00-0036394,Darnay Holmes,CB,LV,3,0,0,0,0,0,0,0
00-0036407,Jerry Jeudy,WR,CLE,3,0,0,0,0,5,1,17
00-0036409,Jordyn Brooks,LB,MIA,3,0,0,0,0,0,0,0
00-0036410,Tee Higgins,WR,CIN,3,0,0,0,0,2,1,15
00-0036411,Antoine Winfield Jr.,SAF,TB,3,0,0,0,0,0,0,0
00-0036414,Cam Akers,RB,MIN,3,0,0,5,19,1,0,0
00-0036415,Van Jefferson,WR,TEN,3,0,0,0,0,1,1,8
00-0036417,Damien Lewis,G,CAR,3,0,0,0,0,0,0,0
00-0036418,Zack Baun,LB,PHI,3,0,0,0,0,0,0,0
00-0036421,Terrell Burgess,SAF,NO,3,0,0,0,0,0,0,0
00-0036422,Adam Trautman,TE,DEN,3,0,0,0,0,0,0,0
00-0036427,Tyler Johnson,WR,NYJ,3,0,0,0,0,3,2,32
00-0036428,Justin Strnad,LB,DEN,3,0,0,0,0,0,0,0
00-0036429,Charlie Woerner,TE,ATL,3,0,0,0,0,1,1,-5
00-0036441,"Kenneth Murray, Jr.",LB,DAL,3,0,0,0,0,0,0,0
00-0036479,Kwity Paye,DE,IND,3,0,0,0,0,0,0,0
00-0036480,Dayo Odeyingbo,DE,CHI,3,0,0,0,0,0,0,0
00-0036483,Will Fries,G,MIN,3,0,0,0,0,0,0,0
00-0036500,Jamien Sherwood,LB,NYJ,3,0,0,0,0,0,0,0
00-0036501,Michael Carter II,CB,NYJ,3,0,0,0,0,0,0,0
00-0036502,Jason Pinnock,SAF,SF,3,0,0,0,0,0,0,0
00-0036504,Brandin Echols,CB,PIT,3,0,0,0,0,0,0,0
00-0036550,Rashod Bateman,WR,BAL,3,0,0,0,0,7,5,63
00-0036554,Nico Collins,WR,HOU,3,0,0,0,0,11,8,104
00-0036555,Chuba Hubbard,RB,CAR,3,0,0,17,73,3,2,3
00-0036563,Deommodore Lenoir,CB,SF,3,0,0,0,0,0,0,0
00-0036564,Talanoa Hufanga,SAF,DEN,3,0,0,0,0,0,0,0
00-0036568,Roy Lopez,DT,DET,3,0,0,0,0,0,0,0
00-0036589,Nick McCloud,CB,CHI,3,0,0,0,0,0,0,0
00-0036604,Jordan Meredith,G,LV,3,0,0,0,0,0,0,0
00-0036613,Jaylen Waddle,WR,MIA,3,0,0,0,0,6,5,39
00-0036616,Christian Darrisaw,OT,MIN,3,0,0,0,0,0,0,0
00-0036620,Dee Eskridge,WR,MIA,3,0,0,0,0,0,0,0
00-0036621,Nick Bolton,LB,KC,3,0,0,0,0,0,0,0
00-0036625,Benjamin St-Juste,CB,LAC,3,0,0,0,0,0,0,0
00-0036626,Dyami Brown,WR,JAX,3,0,0,0,0,3,2,7
00-0036629,Camryn Bynum,SAF,IND,3,0,0,0,0,0,0,0
00-0036630,Tylan Wallace,WR,BAL,3,0,0,0,0,1,0,0
00-0036637,Noah Gray,TE,KC,3,0,0,0,0,6,3,17
00-0036642,Tedarrell Slaton,DT,CIN,3,0,0,0,0,0,0,0
00-0036643,K.J. Britt,LB,MIA,3,0,0,0,0,0,0,0
00-0036646,Simi Fehoko,WR,ARI,3,0,0,0,0,0,0,0
00-0036648,Nick Niemann,LB,GB,3,0,0,0,0,0,0,0
00-0036658,Isaiah McDuffie,LB,GB,3,0,0,0,0,0,0,0
00-0036672,Grant Stuard,LB,DET,3,0,0,0,0,0,0,0
00-0036677,Zayne Anderson,SAF,GB,3,0,0,0,0,0,0,0
00-0036683,Devon Key,SAF,DEN,3,0,0,0,0,0,0,0
00-0036741,Jack Stoll,TE,NO,3,0,0,0,0,3,2,21
00-0036813,Christian Elliss,LB,NE,3,0,0,0,0,0,0,0
00-0036816,Riley Patterson,K,MIA,3,0,0,0,0,0,0,0
00-0036839,Kion Smith,OT,MIA,3,0,0,0,0,0,0,0
00-0036844,Garret Wallow,LB,DEN,3,0,0,0,0,0,0,0
00-0036849,Tutu Atwell,WR,LA,3,0,0,0,0,1,0,0
00-0036850,Cameron Sample,DE,CIN,3,0,0,0,0,0,0,0
00-0036854,Evan McPherson,K,CIN,3,0,0,0,0,0,0,0
00-0036862,Ben Skowronek,WR,PIT,3,0,0,0,0,0,0,0
00-0036867,Chris Rumph II,LB,NO,3,0,0,0,0,0,0,0
00-0036871,Nate Hobbs,CB,GB,3,0,0,0,0,0,0,0
00-0036874,Pat Surtain II,CB,DEN,3,0,0,0,0,0,0,0
00-0036875,Rhamondre Stevenson,RB,NE,3,0,0,4,18,3,3,38
00-0036876,Kylen Granson,TE,PHI,3,0,0,0,0,0,0,0
00-0036883,Tommy Togiai,DT,HOU,3,0,0,0,0,0,0,0
00-0036884,Marco Wilson,CB,CIN,3,0,0,0,0,0,0,0
00-0036893,Najee Harris,RB,LAC,3,0,0,6,28,0,0,0
00-0036894,Pat Freiermuth,TE,PIT,3,0,0,0,0,3,1,6
00-0036900,Ja'Marr Chase,WR,CIN,3,0,0,1,9,6,5,50
00-0036901,Eric Stokes,CB,LV,3,0,0,0,0,0,0,0
00-0036902,Joseph Ossai,DE,CIN,3,0,0,0,0,0,0,0
00-0036912,DeVonta Smith,WR,PHI,3,0,0,0,0,9,8,60
00-0036914,Greg Rousseau,LB,BUF,3,0,0,0,0,0,0,0
00-0036916,Milton Williams,DT,NE,3,0,0,0,0,0,0,0
00-0036919,Kenny Gainwell,RB,PIT,3,0,0,4,16,1,1,10
00-0036927,Pete Werner,LB,NO,3,0,0,0,0,0,0,0
00-0036932,Micah Parsons,LB,GB,3,0,0,0,0,0,0,0
00-0036933,Zaven Collins,LB,ARI,3,0,0,0,0,0,0,0
00-0036934,Jaelan Phillips,LB,MIA,3,0,0,0,0,0,0,0
00-0036937,Paulson Adebo,CB,NYG,3,0,0,0,0,0,0,0
00-0036940,Odafe Oweh,LB,BAL,3,0,0,0,0,0,0,0
00-0036941,Andre Cisco,SAF,NYJ,3,0,0,0,0,0,0,0
00-0036942,Osa Odighizuwa,DT,DAL,3,0,0,0,0,0,0,0
00-0036943,Mitchell Fraboni,LS,DEN,3,0,0,0,0,0,0,0
00-0036944,Jaycee Horn,CB,CAR,3,0,0,0,0,0,0,0
00-0036952,Jonathon Cooper,LB,DEN,3,0,0,0,0,0,0,0
00-0036962,Tre'von Moehrig,SAF,CAR,3,0,0,0,0,0,0,0
00-0036963,Amon-Ra St. Brown,WR,DET,3,0,0,0,0,8,7,77
00-0036964,Derrick Barnes,LB,DET,3,0,0,0,0,0,0,0
00-0036967,Joe Tryon-Shoyinka,DE,CLE,3,0,0,0,0,0,0,0
00-0036970,Kyle Pitts,TE,ATL,3,0,0,0,0,6,4,39
00-0036971,Trevor Lawrence,QB,JAX,3,40,222,2,9,0,0,0
00-0036972,Mac Jones,QB,SF,3,41,284,1,-1,0,0,0
00-0036973,Travis Etienne,RB,JAX,3,0,0,16,56,2,0,0
00-0036974,Tyson Campbell,CB,JAX,3,0,0,0,0,0,0,0
00-0036975,Walker Little,OT,JAX,3,0,0,0,0,0,0,0
00-0036980,Elijah Moore,WR,BUF,3,0,0,1,11,3,2,30
00-0036981,Christian Barmore,DT,NE,3,0,0,0,0,0,0,0
00-0036986,Nahshon Wright,CB,CHI,3,0,0,0,0,0,0,0
00-0036987,Brandon Stephens,CB,NYJ,3,0,0,0,0,0,0,0
00-0036988,Josh Palmer,WR,BUF,3,0,0,0,0,1,1,5
00-0036989,Malcolm Koonce,DE,LV,3,0,0,0,0,0,0,0
00-0036990,Divine Deablo,LB,ATL,3,0,0,0,0,0,0,0
00-0036994,Ernest Jones,LB,SEA,3,0,0,0,0,0,0,0
00-0036995,Baron Browning,LB,ARI,3,0,0,0,0,0,0,0
00-0036996,Greg Newsome II,CB,CLE,3,0,0,0,0,0,0,0
00-0036997,Javonte Williams,RB,DAL,3,0,0,10,76,5,5,16
00-0036998,Jevon Holland,SAF,NYG,3,0,0,0,0,0,0,0
00-0037002,Landon Dickerson,G,PHI,3,0,0,0,0,0,0,0
00-0037003,Chazz Surratt,LB,SEA,3,0,0,0,0,0,0,0
00-0037004,Hunter Long,TE,JAX,3,0,0,0,0,3,2,12
00-0037005,Tommy Tremble,TE,CAR,3,0,0,0,0,2,2,16
00-0037034,Dee Alford,CB,ATL,3,0,0,0,0,0,0,0
00-0037051,Elijah Garcia,DE,NYG,3,0,0,0,0,0,0,0
00-0037073,Jordan Davis,DT,PHI,3,0,0,0,0,0,0,0
00-0037074,Quay Walker,LB,GB,3,0,0,0,0,0,0,0
00-0037076,Sean Rhyan,OT,GB,3,0,0,0,0,0,0,0
00-0037079,Riq Woolen,CB,SEA,3,0,0,0,0,0,0,0
00-0037082,Dominique Robinson,DE,CHI,3,0,0,0,0,0,0,0
00-0037083,Kingsley Enagbare,LB,GB,3,0,0,0,0,0,0,0
00-0037085,Tyler Badie,RB,DEN,3,0,0,0,0,0,0,0
00-0037086,Grant Calcaterra,TE,PHI,3,0,0,0,0,0,0,0
00-0037093,Dareke Young,WR,SEA,3,0,0,0,0,1,1,12
00-0037109,Jack Sanborn,LB,DAL,3,0,0,0,0,0,0,0
00-0037112,Jake Tonges,TE,SF,3,0,0,0,0,3,2,21
00-0037120,Tyler Goodson,RB,IND,3,0,0,2,6,0,0,0
00-0037130,Reed Blankenship,SAF,PHI,3,0,0,0,0,0,0,0
00-0037137,Josh Jobe,CB,SEA,3,0,0,0,0,0,0,0
00-0037190,Sauce Gardner,CB,NYJ,3,0,0,0,0,0,0,0
00-0037191,Trent McDuffie,CB,KC,3,0,0,0,0,0,0,0
00-0037192,George Karlaftis,DE,KC,3,0,0,0,0,0,0,0
00-0037193,Bryan Cook,SAF,KC,3,0,0,0,0,0,0,0
00-0037195,Jaylen Watson,CB,KC,3,0,0,0,0,0,0,0
00-0037196,Rasheed Walker,OT,GB,3,0,0,0,0,0,0,0
00-0037197,Isiah Pacheco,RB,KC,3,0,0,10,45,1,1,3
00-0037205,Brenden Schooler,SAF,NE,3,0,0,0,0,0,0,0
00-0037224,Cameron Dicker,K,LAC,3,0,0,0,0,0,0,0
00-0037228,Jaylen Warren,RB,PIT,3,0,0,18,47,6,5,34
00-0037231,Kevin Austin Jr.,WR,NO,3,0,0,0,0,1,0,0
00-0037235,Travon Walker,DE,JAX,3,0,0,0,0,0,0,0
00-0037236,Aidan Hutchinson,DE,DET,3,0,0,0,0,0,0,0
00-0037237,Derek Stingley Jr.,CB,HOU,3,0,0,0,0,0,0,0
00-0037238,Drake London,WR,ATL,3,0,0,0,0,8,5,55
00-0037239,Chris Olave,WR,NO,3,0,0,0,0,14,10,57
00-0037240,Jameson Williams,WR,DET,3,0,0,0,0,3,2,43
00-0037242,Kaiir Elam,CB,DAL,3,0,0,0,0,0,0,0
00-0037244,Devin Lloyd,LB,JAX,3,0,0,0,0,0,0,0
00-0037246,Jalen Pitre,SAF,HOU,3,0,0,0,0,0,0,0
00-0037247,George Pickens,WR,DAL,3,0,0,0,0,9,5,68
00-0037248,James Cook,RB,BUF,3,0,0,19,108,3,3,10
00-0037249,Nik Bonitto,LB,DEN,3,0,0,0,0,0,0,0
00-0037251,Alex Wright,DE,CLE,3,0,0,0,0,0,0,0
00-0037253,Marcus Jones,CB,NE,3,0,0,0,0,0,0,0
00-0037254,Terrel Bernard,LB,BUF,3,0,0,0,0,0,0,0
00-0037256,Rachaad White,RB,TB,3,0,0,5,12,1,1,2
00-0037261,Khalil Shakir,WR,BUF,3,0,0,0,0,4,4,45
00-0037262,Thomas Booker,DT,LV,3,0,0,0,0,0,0,0
00-0037263,Tyler Allgeier,RB,ATL,3,0,0,1,4,2,1,0
00-0037267,Jerome Ford,RB,CLE,3,0,0,0,0,4,4,10
00-0037268,Zyon McCollum,CB,TB,3,0,0,0,0,0,0,0
00-0037269,Eric Johnson,DT,IND,3,0,0,0,0,0,0,0
00-0037280,Matthew Butler,DT,MIA,3,0,0,0,0,0,0,0
00-0037281,Damone Clark,LB,DAL,3,0,0,0,0,0,0,0
00-0037284,Matt Araiza,P,KC,3,0,0,0,0,0,0,0
00-0037288,Christian Benford,CB,BUF,3,0,0,0,0,0,0,0
00-0037291,Jalen Nailor,WR,MIN,3,0,0,0,0,5,3,37
00-0037294,Jordan Jackson,DT,DEN,3,0,0,0,0,0,0,0
00-0037295,Jamaree Salyer,G,LAC,3,0,0,0,0,0,0,0
00-0037297,Cade Mays,C,CAR,3,0,0,0,0,0,0,0
00-0037301,Theo Jackson,DB,MIN,3,0,0,0,0,0,0,0
00-0037306,John FitzPatrick,TE,GB,3,0,0,0,0,2,2,12
00-0037307,Ja'Sir Taylor,CB,LAC,3,0,0,0,0,0,0,0
00-0037310,James Houston,LB,DAL,3,0,0,0,0,0,0,0
00-0037311,Ko Kieft,TE,TB,3,0,0,0,0,0,0,0
00-0037315,Cameron Goode,LB,MIA,3,0,0,0,0,0,0,0
00-0037321,Chase Lucas,CB,SF,3,0,0,0,0,0,0,0
00-0037332,D'Anthony Bell,SAF,SEA,3,0,0,0,0,0,0,0
00-0037348,Tanner Conner,TE,MIA,3,0,0,0,0,2,1,13
00-0037380,Kaden Davis,WR,CLE,3,0,0,0,0,0,0,0
00-0037384,Ja'Quan McMillian,CB,DEN,3,0,0,0,0,0,0,0
00-0037395,Dallis Flowers,CB,CHI,3,0,0,0,0,0,0,0
00-0037457,Jake Hansen,LB,HOU,3,0,0,0,0,0,0,0
00-0037461,Tristin McCollum,DB,LV,3,0,0,0,0,0,0,0
00-0037500,Ryan Wright,P,MIN,3,0,0,0,0,0,0,0
00-0037512,Isaiah Pola-Mao,SAF,LV,3,0,0,0,0,0,0,0
00-0037525,Jordan Mason,RB,MIN,3,0,0,16,116,0,0,0
00-0037526,Marcelino McCrary-Ball,LB,NYJ,3,0,0,0,0,0,0,0
00-0037527,Segun Olubi,LB,IND,3,0,0,0,0,0,0,0
00-0037539,Lucas Krull,TE,DEN,3,0,0,0,0,2,1,9
00-0037542,John Parker Romo,K,ATL,3,0,0,0,0,0,0,0
00-0037545,Rashid Shaheed,WR,NO,3,0,0,0,0,6,4,42
00-0037547,Daniel Whelan,P,GB,3,0,0,0,0,0,0,0
00-0037549,Darrell Baker Jr.,CB,TEN,3,0,0,0,0,0,0,0
00-0037578,Juanyeh Thomas,SAF,DAL,3,0,0,0,0,0,0,0
00-0037587,Nate Landman,LB,LA,3,0,0,0,0,0,0,0
00-0037594,Julius Chestnut,RB,TEN,3,0,0,2,26,0,0,0
00-0037596,Jack Gibbens,LB,NE,3,0,0,0,0,0,0,0
00-0037602,Sam Okuayinonu,DT,SF,3,0,0,0,0,0,0,0
00-0037611,Kayvon Thibodeaux,LB,NYG,3,0,0,0,0,0,0,0
00-0037614,John Metchie III,WR,PHI,3,0,0,0,0,1,1,8
00-0037616,Nick Cross,SAF,IND,3,0,0,0,0,0,0,0
00-0037617,Hassan Haskins,RB,LAC,3,0,0,0,0,0,0,0
00-0037633,Jacob Hummel,LB,BAL,3,0,0,0,0,0,0,0
00-0037654,Tucker Fisk,TE,LAC,3,0,0,0,0,1,0,0
00-0037664,Alec Pierce,WR,IND,3,0,0,0,0,5,4,67
00-0037665,Sam Williams,LB,DAL,3,0,0,0,0,0,0,0
00-0037666,Jalen Tolbert,WR,DAL,3,0,0,0,0,6,3,24
00-0037667,Kerby Joseph,SAF,DET,3,0,0,0,0,0,0,0
00-0037692,Brandon Aubrey,K,DAL,3,0,0,0,0,0,0,0
00-0037740,Garrett Wilson,WR,NYJ,3,0,0,0,0,13,10,84
00-0037741,Jahan Dotson,WR,PHI,3,0,0,0,0,3,1,7
00-0037743,Daxton Hill,DB,CIN,3,0,0,0,0,0,0,0
00-0037744,Trey McBride,TE,ARI,3,0,0,0,0,8,5,43
00-0037745,Velus Jones Jr.,WR,NO,3,0,0,0,0,0,0,0
00-0037746,Brian Robinson,RB,SF,3,0,0,2,22,0,0,0
00-0037752,Tycen Anderson,SAF,CIN,3,0,0,0,0,0,0,0
00-0037756,Travis Jones,DT,BAL,3,0,0,0,0,0,0,0
00-0037758,Cordale Flott,CB,NYG,3,0,0,0,0,0,0,0
00-0037759,DeMarvin Leal,DE,PIT,3,0,0,0,0,0,0,0
00-0037799,Dondrea Tillman,LB,DEN,3,0,0,0,0,0,0,0
00-0037801,KaVontae Turpin,WR,DAL,3,0,0,1,4,3,2,64
00-0037808,DeAngelo Malone,LB,ATL,3,0,0,0,0,0,0,0
00-0037809,Chig Okonkwo,TE,TEN,3,0,0,0,0,6,5,66
00-0037816,Romeo Doubs,WR,GB,3,0,0,0,0,2,2,25
00-0037819,Leo Chenal,LB,KC,3,0,0,0,0,0,0,0
00-0037823,Christian Harris,LB,HOU,3,0,0,0,0,0,0,0
00-0037832,Kalia Davis,DT,SF,3,0,0,0,0,0,0,0
00-0037837,Calvin Austin III,WR,PIT,3,0,0,0,0,5,3,34
00-0037839,Cobie Durant,CB,LA,3,0,0,0,0,0,0,0
00-0037840,Kyren Williams,RB,LA,3,0,0,20,94,3,2,18
00-0037841,Quentin Lake,SAF,LA,3,0,0,0,0,0,0,0
00-0037842,Derion Kendrick,CB,SEA,3,0,0,0,0,0,0,0
00-0037843,Daniel Hardy,DE,CHI,3,0,0,0,0,0,0,0
00-0038038,Kyle Hamilton,SAF,BAL,3,0,0,0,0,0,0,0
00-0038039,Jack Jones,CB,MIA,3,0,0,0,0,0,0,0
00-0038040,Zamir White,RB,LV,3,0,0,5,19,2,1,4
00-0038041,Jake Ferguson,TE,DAL,3,0,0,0,0,14,13,82
00-0038043,Joshua Williams,CB,KC,3,0,0,0,0,0,0,0
00-0038046,Charlie Kolar,TE,BAL,3,0,0,0,0,3,2,22
00-0038090,Skyy Moore,WR,SF,3,0,0,0,0,1,1,10
00-0038094,Jordan Stout,P,BAL,3,0,0,0,0,0,0,0
00-0038101,Akayleb Evans,CB,CAR,3,0,0,0,0,0,0,0
00-0038104,Tyquan Thornton,WR,KC,3,0,0,0,0,9,5,71
00-0038106,Eyioma Uwazurike,DT,DEN,3,0,0,0,0,0,0,0
00-0038107,Micheal Clemons,DE,NYJ,3,0,0,0,0,0,0,0
00-0038115,Daniel Bellinger,TE,NYG,3,0,0,0,0,1,1,6
00-0038116,Arnold Ebiketie,LB,ATL,3,0,0,0,0,0,0,0
00-0038117,Wan'Dale Robinson,WR,NYG,3,0,0,0,0,4,1,26
00-0038119,Jalyn Armour-Davis,CB,TEN,3,0,0,0,0,0,0,0
00-0038120,Breece Hall,RB,NYJ,3,0,0,9,21,6,4,31
00-0038121,Alontae Taylor,CB,NO,3,0,0,0,0,0,0,0
00-0038123,Dane Belton,SAF,NYG,3,0,0,0,0,0,0,0
00-0038125,Roger McCreary,CB,TEN,3,0,0,0,0,0,0,0
00-0038127,Logan Hall,DE,TB,3,0,0,0,0,0,0,0
00-0038133,Boye Mafe,DE,SEA,3,0,0,0,0,0,0,0
00-0038134,Kenneth Walker III,RB,SEA,3,0,0,16,38,1,1,12
00-0038135,Jaquan Brisker,SAF,CHI,3,0,0,0,0,0,0,0
00-0038136,Coby Bryant,CB,SEA,3,0,0,0,0,0,0,0
00-0038359,Xavier Smith,WR,LA,3,0,0,0,0,0,0,0
00-0038381,Kyu Blu Kelly,CB,LV,3,0,0,0,0,0,0,0
00-0038386,Jalen Carter,DT,PHI,3,0,0,0,0,0,0,0
00-0038387,Colby Wooden,DE,GB,3,0,0,0,0,0,0,0
00-0038390,Noah Sewell,LB,CHI,3,0,0,0,0,0,0,0
00-0038392,Daniel Scott,SAF,IND,3,0,0,0,0,0,0,0
00-0038393,Dontayvion Wicks,WR,GB,3,0,0,0,0,4,2,21
00-0038398,Karl Brooks,DT,GB,3,0,0,0,0,0,0,0
00-0038408,Carrington Valentine,DB,GB,3,0,0,0,0,0,0,0
00-0038412,Moro Ojomo,DT,PHI,3,0,0,0,0,0,0,0
00-0038428,Andre Szmyt,K,CLE,3,0,0,0,0,0,0,0
00-0038440,Zavier Scott,RB,MIN,3,0,0,8,30,1,1,20
00-0038465,Malik Heath,WR,GB,3,0,0,0,0,0,0,0
00-0038488,Brady Russell,RB,SEA,3,0,0,0,0,0,0,0
00-0038504,Trenton Simpson,LB,BAL,3,0,0,0,0,0,0,0
00-0038505,Tavius Robinson,LB,BAL,3,0,0,0,0,0,0,0
00-0038519,Nikko Remigio,WR,KC,3,0,0,1,11,0,0,0
00-0038535,DJ Johnson,DE,CAR,3,0,0,0,0,0,0,0
00-0038541,Tyree Wilson,DE,LV,3,0,0,0,0,0,0,0
00-0038542,Bijan Robinson,RB,ATL,3,0,0,13,72,6,5,39
00-0038543,Jaxon Smith-Njigba,WR,SEA,3,0,0,0,0,6,5,96
00-0038544,Quentin Johnston,WR,LAC,3,0,0,0,0,9,6,89
00-0038546,Myles Murphy,DE,CIN,3,0,0,0,0,0,0,0
00-0038547,Luke Schoonmaker,TE,DAL,3,0,0,0,0,1,1,5
00-0038549,DJ Turner II,CB,CIN,3,0,0,0,0,0,0,0
00-0038551,Kendre Miller,RB,NO,3,0,0,7,27,2,2,9
00-0038552,Riley Moss,CB,DEN,3,0,0,0,0,0,0,0
00-0038553,Daiyan Henley,LB,LAC,3,0,0,0,0,0,0,0
00-0038554,Ji'Ayir Brown,SAF,SF,3,0,0,0,0,0,0,0
00-0038555,Tank Bigsby,RB,PHI,3,0,0,0,0,0,0,0
00-0038557,Dorian Williams,LB,BUF,3,0,0,0,0,0,0,0
00-0038559,Michael Wilson,WR,ARI,3,0,0,0,0,2,1,5
00-0038560,Jordan Battle,SAF,CIN,3,0,0,0,0,0,0,0
00-0038563,Tre Tucker,WR,LV,3,0,0,1,4,9,8,145
00-0038565,Mekhi Blackmon,DB,IND,3,0,0,0,0,0,0,0
00-0038567,Chad Ryland,K,ARI,3,0,0,0,0,0,0,0
00-0038570,Ventrell Miller,LB,JAX,3,0,0,0,0,0,0,0
00-0038573,Derius Davis,WR,LAC,3,0,0,1,2,0,0,0
00-0038574,Isaiah McGuire,DE,CLE,3,0,0,0,0,0,0,0
00-0038576,Charlie Jones,WR,CIN,3,0,0,0,0,0,0,0
00-0038577,Nick Herbig,LB,PIT,3,0,0,0,0,0,0,0
00-0038588,Jordan Howden,SAF,NO,3,0,0,0,0,0,0,0
00-0038591,Mike Morris,DE,SEA,3,0,0,0,0,0,0,0
00-0038594,Darrell Luter Jr.,CB,SF,3,0,0,0,0,0,0,0
00-0038596,Antonio Johnson,SAF,JAX,3,0,0,0,0,0,0,0
00-0038597,Chase Brown,RB,CIN,3,0,0,10,3,5,4,17
00-0038599,Henry To'oTo'o,LB,HOU,3,0,0,0,0,0,0,0
00-0038600,Owen Pappoe,LB,ARI,3,0,0,0,0,0,0,0
00-0038605,JL Skinner,SAF,DEN,3,0,0,0,0,0,0,0
00-0038606,Parker Washington,WR,JAX,3,0,0,0,0,11,4,34
00-0038608,Kayshon Boutte,WR,NE,3,0,0,0,0,3,2,28
00-0038609,Luke Wypler,C,CLE,3,0,0,0,0,1,0,0
00-0038610,Bryce Baringer,P,NE,3,0,0,0,0,0,0,0
00-0038611,Chris Rodriguez Jr.,RB,WAS,3,0,0,11,39,0,0,0
00-0038613,Jerrick Reed II,SAF,SEA,3,0,0,0,0,0,0,0
00-0038618,Xavier Hutchinson,WR,HOU,3,0,0,0,0,3,3,16
00-0038621,DeMario Douglas,WR,NE,3,0,0,0,0,5,2,7
00-0038623,Dante Stills,DT,ARI,3,0,0,0,0,0,0,0
00-0038625,Dee Winters,LB,SF,3,0,0,0,0,0,0,0
00-0038628,DeMarcco Hellams,SAF,ATL,3,0,0,0,0,0,0,0
00-0038642,D.J. Ivey,CB,CIN,3,0,0,0,0,0,0,0
00-0038643,Brayden Willis,TE,SF,3,0,0,0,0,0,0,0
00-0038646,Alex Austin,CB,NE,3,0,0,0,0,0,0,0
00-0038653,Cory Durden,DT,NE,3,0,0,0,0,0,0,0
00-0038660,Trevor Nowaske,LB,DET,3,0,0,0,0,0,0,0
00-0038679,Tyrell Shavers,WR,BUF,3,0,0,0,0,2,2,24
00-0038685,Chris Brooks,RB,GB,3,0,0,0,0,0,0,0
00-0038705,Emari Demercado,RB,ARI,3,0,0,2,0,1,0,0
00-0038710,Blake Whiteheart,TE,CLE,3,0,0,0,0,0,0,0
00-0038711,Mohamoud Diabate,LB,CLE,3,0,0,0,0,0,0,0
00-0038715,Ronnie Hickman Jr.,SAF,CLE,3,0,0,0,0,0,0,0
00-0038720,Julian Hill,TE,MIA,3,0,0,0,0,1,1,4
00-0038765,Ty Okada,SAF,SEA,3,0,0,0,0,0,0,0
00-0038778,Jalen Redmond,DL,MIN,3,0,0,0,0,0,0,0
00-0038788,Art Green,CB,NYG,3,0,0,0,0,0,0,0
00-0038791,Thomas Incoom,LB,CAR,3,0,0,0,0,0,0,0
00-0038795,PJ Mustipher,DT,ARI,3,0,0,0,0,0,0,0
00-0038797,Emanuel Wilson,RB,GB,3,0,0,6,25,0,0,0
00-0038807,Ivan Pace Jr.,LB,MIN,3,0,0,0,0,0,0,0
00-0038818,Luke Haggard,OT,TB,3,0,0,0,0,0,0,0
00-0038823,Kaevon Merriweather,SAF,TB,3,0,0,0,0,0,0,0
00-0038824,Ryan Miller,WR,TB,3,0,0,0,0,1,0,0
00-0038839,Mitchell Tinsley,WR,CIN,3,0,0,0,0,1,0,0
00-0038840,Brycen Tremayne,WR,CAR,3,0,0,0,0,2,2,15
00-0038851,Caleb Murphy,LB,LAC,3,0,0,0,0,0,0,0
00-0038890,Shaka Heyward,LB,CIN,3,0,0,0,0,0,0,0
00-0038896,Jacob Saylors,RB,DET,3,0,0,0,0,0,0,0
00-0038905,Blake Grupe,K,NO,3,0,0,0,0,0,0,0
00-0038922,Drake Thomas,LB,SEA,3,0,0,0,0,0,0,0
00-0038932,Darnell Wright,OT,CHI,3,0,0,0,0,0,0,0
00-0038933,Dalton Kincaid,TE,BUF,3,0,0,0,0,6,5,66
00-0038935,Brenton Strange,TE,JAX,3,0,0,0,0,7,6,61
00-0038940,Tyler Lacy,DE,DET,3,0,0,0,0,0,0,0
00-0038951,Sean Tucker,RB,TB,3,0,0,0,0,0,0,0
00-0038958,Markees Watts,LB,TB,3,0,0,0,0,0,0,0
00-0038966,Natrone Brooks,DB,ATL,3,0,0,0,0,0,0,0
00-0038976,Marvin Mims Jr.,WR,DEN,3,0,0,0,0,4,1,4
00-0038978,Byron Young,DT,PHI,3,0,0,0,0,0,0,0
00-0038979,Cedric Tillman,WR,CLE,3,0,0,0,0,3,3,26
00-0038980,Zach Harrison,DE,ATL,3,0,0,0,0,0,0,0
00-0038982,Chamarri Conner,DB,KC,3,0,0,0,0,0,0,0
00-0038984,Kei'Trel Clark,CB,ARI,3,0,0,0,0,0,0,0
00-0038995,Bryan Bresee,DT,NO,3,0,0,0,0,0,0,0
00-0038996,Tucker Kraft,TE,GB,3,0,0,0,0,4,3,29
00-0038997,Josh Downs,WR,IND,3,0,0,0,0,3,2,34
00-0039000,Deonte Banks,CB,NYG,3,0,0,0,0,0,0,0
00-0039002,Sydney Brown,SAF,PHI,3,0,0,0,0,0,0,0
00-0039009,Dylan Horton,DE,HOU,3,0,0,0,0,0,0,0
00-0039013,Nolan Smith,LB,PHI,3,0,0,0,0,0,0,0
00-0039018,Jack Campbell,LB,DET,3,0,0,0,0,0,0,0
00-0039021,Roschon Johnson,RB,CHI,3,0,0,0,0,0,0,0
00-0039031,Adetomiwa Adebawore,DT,IND,3,0,0,0,0,0,0,0
00-0039034,Peter Skoronski,OT,TEN,3,0,0,0,0,0,0,0
00-0039040,De'Von Achane,RB,MIA,3,0,0,12,62,9,7,29
00-0039041,Elijah Higgins,TE,ARI,3,0,0,0,0,1,1,7
00-0039047,Derick Hall,LB,SEA,3,0,0,0,0,0,0,0
00-0039048,Matthew Bergeron,OL,ATL,3,0,0,0,0,0,0,0
00-0039049,SirVocea Dennis,LB,TB,3,0,0,0,0,0,0,0
00-0039051,Josh Hayes,DB,TB,3,0,0,0,0,0,0,0
00-0039059,Ethan Evans,P,LA,3,0,0,0,0,0,0,0
00-0039064,Zay Flowers,WR,BAL,3,0,0,0,0,3,2,13
00-0039065,Sam LaPorta,TE,DET,3,0,0,0,0,4,4,33
00-0039066,Michael Mayer,TE,LV,3,0,0,0,0,1,0,0
00-0039068,Yaya Diaby,LB,TB,3,0,0,0,0,0,0,0
00-0039070,Gervon Dexter Sr.,DT,CHI,3,0,0,0,0,0,0,0
00-0039071,Tyrique Stevenson,CB,CHI,3,0,0,0,0,0,0,0
00-0039072,Jakorian Bennett,DB,PHI,3,0,0,0,0,0,0,0
00-0039074,Davis Allen,TE,LA,3,0,0,0,0,1,1,3
00-0039075,Puka Nacua,WR,LA,3,0,0,1,6,15,11,112
00-0039108,Will Anderson Jr.,DE,HOU,3,0,0,0,0,0,0,0
00-0039110,Keeanu Benton,DT,PIT,3,0,0,0,0,0,0,0
00-0039111,Tuli Tuipulotu,LB,LAC,3,0,0,0,0,0,0,0
00-0039112,Lukas Van Ness,LB,GB,3,0,0,0,0,0,0,0
00-0039137,Byron Young,LB,LA,3,0,0,0,0,0,0,0
00-0039138,Kobie Turner,DE,LA,3,0,0,0,0,0,0,0
00-0039139,Jahmyr Gibbs,RB,DET,3,0,0,22,67,6,5,32
00-0039140,Kelee Ringo,CB,PHI,3,0,0,0,0,0,0,0
00-0039141,Brian Branch,CB,DET,3,0,0,0,0,0,0,0
00-0039142,Will McDonald IV,DE,NYJ,3,0,0,0,0,0,0,0
00-0039148,Keion White,DE,NE,3,0,0,0,0,0,0,0
00-0039149,Quan Martin,SAF,WAS,3,0,0,0,0,0,0,0
00-0039150,Bryce Young,QB,CAR,3,24,121,2,8,0,0,0
00-0039151,Emmanuel Forbes,CB,LA,3,0,0,0,0,0,0,0
00-0039163,C.J. Stroud,QB,HOU,3,38,204,4,22,0,0,0
00-0039164,Anthony Richardson,QB,IND,3,0,0,4,-1,0,0,0
00-0039172,Jake Bates,K,DET,3,0,0,0,0,0,0,0
00-0039178,Austin Ajiake,LB,IND,3,0,0,0,0,0,0,0
00-0039232,Nate Wiggins,CB,BAL,3,0,0,0,0,0,0,0
00-0039234,T.J. Tampa,CB,BAL,3,0,0,0,0,0,0,0
00-0039235,Sanoussi Kane,SAF,BAL,3,0,0,0,0,0,0,0
00-0039284,Braiden McGregor,DE,NYJ,3,0,0,0,0,0,0,0
00-0039289,Leonard Taylor III,DT,NYJ,3,0,0,0,0,0,0,0
00-0039299,George Holani,RB,SEA,3,0,0,10,27,2,2,15
00-0039309,Byron Murphy II,DT,SEA,3,0,0,0,0,0,0,0
00-0039313,Swayze Bozeman,LB,NYG,3,0,0,0,0,0,0,0
00-0039323,Ryan Rehkow,P,CIN,3,0,0,0,0,0,0,0
00-0039324,Christian Roland-Wallace,CB,KC,3,0,0,0,0,0,0,0
00-0039332,C.J. Ravenell,DE,TEN,3,0,0,0,0,0,0,0
00-0039333,Brandon Codrington,CB,BUF,3,0,0,0,0,0,0,0
00-0039337,Malik Nabers,WR,NYG,3,0,0,0,0,7,2,13
00-0039338,Brock Bowers,TE,LV,3,0,0,0,0,5,4,38
00-0039340,Laiatu Latu,DE,IND,3,0,0,0,0,0,0,0
00-0039341,Tyler Guyton,OT,DAL,3,0,0,0,0,0,0,0
00-0039343,Kamari Lassiter,CB,HOU,3,0,0,0,0,0,0,0
00-0039345,Renardo Green,CB,SF,3,0,0,0,0,0,0,0
00-0039347,Trevin Wallace,LB,CAR,3,0,0,0,0,0,0,0
00-0039351,Dominick Puni,OT,SF,3,0,0,0,0,0,0,0
00-0039355,Luke McCaffrey,WR,WAS,3,0,0,0,0,3,3,56
00-0039356,Ja'Tavion Sanders,TE,CAR,3,0,0,0,0,2,2,11
00-0039361,Bucky Irving,RB,TB,3,0,0,25,66,4,4,33
00-0039363,Isaac Guerendo,RB,SF,3,0,0,0,0,0,0,0
00-0039364,Sione Vaki,RB,DET,3,0,0,0,0,0,0,0
00-0039366,Tarheeb Still,CB,LAC,3,0,0,0,0,0,0,0
00-0039368,Jordan Magee,LB,WAS,3,0,0,0,0,0,0,0
00-0039370,JD Bertrand,LB,ATL,3,0,0,0,0,0,0,0
00-0039375,Josh Newton,CB,CIN,3,0,0,0,0,0,0,0
00-0039376,Spencer Rattler,QB,NO,3,39,218,2,10,0,0,0
00-0039379,Jamari Thrash,WR,CLE,3,0,0,0,0,3,2,7
00-0039380,Chau Smith-Wade,CB,CAR,3,0,0,0,0,0,0,0
00-0039384,Tyrone Tracy Jr.,RB,NYG,3,0,0,7,29,3,2,7
00-0039388,Jaylan Ford,LB,NO,3,0,0,0,0,0,0,0
00-0039398,Joe Milton III,QB,DAL,3,5,41,0,0,0,0,0
00-0039402,Jaden Crumedy,DT,CAR,3,0,0,0,0,0,0,0
00-0039404,Will Reichard,K,MIN,3,0,0,0,0,0,0,0
00-0039407,Dylan Laube,RB,LV,3,0,0,3,2,1,0,0
00-0039408,Christian Mahogany,G,DET,3,0,0,0,0,0,0,0
00-0039409,Cam Little,K,JAX,3,0,0,0,0,0,0,0
00-0039410,Ryan Flournoy,WR,DAL,3,0,0,0,0,3,2,21
00-0039411,Elijah Klein,G,TB,3,0,0,0,0,0,0,0
00-0039412,Javontae Jean-Baptiste,LB,WAS,3,0,0,0,0,0,0,0
00-0039417,Myles Harden,CB,CLE,3,0,0,0,0,0,0,0
00-0039419,Michael Jurgens,G,MIN,3,0,0,0,0,0,0,0
00-0039421,Levi Drake Rodriguez,DL,MIN,3,0,0,0,0,0,0,0
00-0039423,Jonah Laulu,DT,LV,3,0,0,0,0,0,0,0
00-0039435,Tatum Bethune,LB,SF,3,0,0,0,0,0,0,0
00-0039436,Jaylen Harrell,DE,TEN,3,0,0,0,0,0,0,0
00-0039451,Isaiah Williams,WR,NYJ,3,0,0,0,0,0,0,0
00-0039460,Carl Jones,LB,CHI,3,0,0,0,0,0,0,0
00-0039465,Reddy Steward,DB,DAL,3,0,0,0,0,0,0,0
00-0039480,Jordan Colbert,SAF,MIA,3,0,0,0,0,0,0,0
00-0039530,Brevyn Spann-Ford,TE,DAL,3,0,0,0,0,0,0,0
00-0039576,Spencer Shrader,K,IND,3,0,0,0,0,0,0,0
00-0039589,Kameron Johnson,WR,TB,3,0,0,0,0,0,0,0
00-0039601,Demani Richardson,SAF,CAR,3,0,0,0,0,0,0,0
00-0039622,Isaiah Stalbird,LB,NO,3,0,0,0,0,0,0,0
00-0039631,Cam Grandy,TE,CIN,3,0,0,0,0,1,1,6
00-0039632,PJ Jules,SAF,CIN,3,0,0,0,0,0,0,0
00-0039634,Austin McNamara,P,NYJ,3,0,0,0,0,0,0,0
00-0039637,Maema Njongmeta,LB,CAR,3,0,0,0,0,0,0,0
00-0039681,Tyler Owens,DB,WAS,3,0,0,0,0,0,0,0
00-0039686,Colson Yankoff,TE,WAS,3,0,0,0,0,0,0,0
00-0039714,Dwight McGlothern,CB,MIN,3,0,0,0,0,0,0,0
00-0039732,Bo Nix,QB,DEN,3,25,153,8,33,0,0,0
00-0039733,Ruke Orhorhoro,DT,ATL,3,0,0,0,0,0,0,0
00-0039734,Braden Fiske,DT,LA,3,0,0,0,0,0,0,0
00-0039737,Tip Reiman,TE,ARI,3,0,0,0,0,3,2,8
00-0039738,Blake Corum,RB,LA,3,0,0,8,53,0,0,0
00-0039740,Jalyx Hunt,LB,PHI,3,0,0,0,0,0,0,0
00-0039741,Payton Wilson,LB,PIT,3,0,0,0,0,0,0,0
00-0039745,Tory Taylor,P,CHI,3,0,0,0,0,0,0,0
00-0039749,Tyler Davis,DE,LA,3,0,0,0,0,0,0,0
00-0039750,Joshua Karty,K,LA,3,1,0,0,0,0,0,0
00-0039751,Jordan Whittington,WR,LA,3,0,0,2,7,3,2,7
00-0039770,Charles Woods,CB,NE,3,0,0,0,0,0,0,0
00-0039774,Omar Speights,LB,LA,3,0,0,0,0,0,0,0
00-0039776,Jaylen McCollough,SAF,LA,3,0,0,0,0,0,0,0
00-0039783,Anthony Goodlow,DE,ARI,3,0,0,0,0,0,0,0
00-0039789,Qwan'tez Stiggers,DB,NYJ,3,0,0,0,0,0,0,0
00-0039790,Olumuyiwa Fashanu,OT,NYJ,3,0,0,0,0,0,0,0
00-0039792,Devontez Walker,WR,BAL,3,0,0,0,0,1,1,34
00-0039793,AJ Barner,TE,SEA,3,0,0,0,0,1,1,23
00-0039794,Braelon Allen,RB,NYJ,3,0,0,6,30,2,2,17
00-0039796,Rasheen Ali,RB,BAL,3,0,0,0,0,0,0,0
00-0039798,Isaiah Davis,RB,NYJ,3,0,0,0,0,0,0,0
00-0039807,Max Melton,CB,ARI,3,0,0,0,0,0,0,0
00-0039809,Jonah Elliss,LB,DEN,3,0,0,0,0,0,0,0
00-0039812,Ty'Ron Hopper,LB,GB,3,0,0,0,0,0,0,0
00-0039813,Evan Williams,SAF,GB,3,0,0,0,0,0,0,0
00-0039815,Tyrice Knight,LB,SEA,3,0,0,0,0,0,0,0
00-0039816,Anthony Gould,WR,IND,3,0,0,0,0,0,0,0
00-0039821,Andru Phillips,DB,NYG,3,0,0,0,0,0,0,0
00-0039825,Jaden Hicks,SAF,KC,3,0,0,0,0,0,0,0
00-0039826,Jeremiah Trotter Jr.,LB,PHI,3,0,0,0,0,0,0,0
00-0039834,Kamren Kinchens,SAF,LA,3,0,0,0,0,0,0,0
00-0039835,Justin Eboigbe,DT,LAC,3,0,0,0,0,0,0,0
00-0039836,Brennan Jackson,LB,LV,3,0,0,0,0,0,0,0
00-0039838,Calen Bullock,SAF,HOU,3,0,0,0,0,0,0,0
00-0039841,Cooper DeJean,CB,PHI,3,0,0,0,0,0,0,0
00-0039846,Tykee Smith,DB,TB,3,0,0,0,0,0,0,0
00-0039847,Theo Johnson,TE,NYG,3,0,0,0,0,2,1,10
00-0039849,Marvin Harrison Jr.,WR,ARI,3,0,0,0,0,6,3,44
00-0039850,Edgerrin Cooper,LB,GB,3,0,0,0,0,0,0,0
00-0039851,Drake Maye,QB,NE,3,37,268,7,45,0,0,0
00-0039852,Jared Verse,DE,LA,3,0,0,0,0,0,0,0
00-0039854,Darius Robinson,DL,ARI,3,0,0,0,0,0,0,0
00-0039858,Cedric Gray,LB,TEN,3,0,0,0,0,0,0,0
00-0039859,Brandon Dorlus,DE,ATL,3,0,0,0,0,0,0,0
00-0039860,Kool-Aid McKinstry,CB,NO,3,0,0,0,0,0,0,0
00-0039861,Tyler Nubin,SAF,NYG,3,0,0,0,0,0,0,0
00-0039864,Dadrion Taylor-Demerson,SAF,ARI,3,0,0,0,0,0,0,0
00-0039867,Javon Bullard,SAF,GB,3,0,0,0,0,0,0,0
00-0039868,Troy Franklin,WR,DEN,3,0,0,0,0,4,2,8
00-0039871,Troy Fautanu,OT,PIT,3,0,0,0,0,0,0,0
00-0039872,Cole Bishop,SAF,BUF,3,0,0,0,0,0,0,0
00-0039875,Ray Davis,RB,BUF,3,0,0,0,0,1,0,0
00-0039880,Malik Washington,WR,MIA,3,0,0,2,20,5,3,12
00-0039888,Quinyon Mitchell,CB,PHI,3,0,0,0,0,0,0,0
00-0039890,Adonai Mitchell,WR,IND,3,0,0,0,0,2,0,0
00-0039893,Brian Thomas Jr.,WR,JAX,3,0,0,0,0,6,2,55
00-0039896,Zach Frazier,C,PIT,3,0,0,0,0,0,0,0
00-0039898,Mike Sainristil,CB,WAS,3,0,0,0,0,0,0,0
00-0039900,Marshawn Kneeland,DE,DAL,3,0,0,0,0,0,0,0
00-0039901,Keon Coleman,WR,BUF,3,0,0,0,0,4,3,20
00-0039902,Chris Braswell,LB,TB,3,0,0,0,0,0,0,0
00-0039903,Terrion Arnold,CB,DET,3,0,0,0,0,0,0,0
00-0039904,Jordan Morgan,OT,GB,3,0,0,0,0,0,0,0
00-0039905,Graham Barton,C,TB,3,0,0,0,0,0,0,0
00-0039906,Jer'Zhan Newton,DT,WAS,3,0,0,0,0,0,0,0
00-0039908,Kris Jenkins,DT,CIN,3,0,0,0,0,0,0,0
00-0039915,Ladd McConkey,WR,LAC,3,0,0,0,0,7,4,41
00-0039916,Ricky Pearsall,WR,SF,3,0,0,0,0,11,8,117
00-0039917,Michael Penix Jr.,QB,ATL,3,36,172,2,9,0,0,0
00-0039918,Caleb Williams,QB,CHI,3,28,298,5,12,0,0,0
00-0039919,Rome Odunze,WR,CHI,3,0,0,0,0,7,3,62
00-0039921,Trey Benson,RB,ARI,3,0,0,10,42,4,3,9
00-0039924,Dallas Turner,LB,MIN,3,0,0,0,0,0,0,0
00-0039926,Jalen Sundell,OT,SEA,3,0,0,0,0,0,0,0
00-0040009,Savion Williams,WR,GB,3,0,0,2,-1,0,0,0
00-0040067,Jacardia Wright,RB,SEA,3,0,0,5,20,0,0,0
00-0040069,Teddye Buchanan,LB,BAL,3,0,0,0,0,0,0,0
00-0040072,Jeffrey Bassa,LB,KC,3,0,0,0,0,0,0,0
00-0040074,Tyler Loop,K,BAL,3,0,0,0,0,0,0,0
00-0040075,LaJohntay Wester,WR,BAL,3,0,0,0,0,0,0,0
00-0040076,Aeneas Peebles,DT,BAL,3,0,0,0,0,0,0,0
00-0040078,Brashard Smith,RB,KC,3,0,0,2,13,1,0,0
00-0040089,Kevin Knowles,DB,KC,3,0,0,0,0,0,0,0
00-0040100,Jay Higgins,LB,BAL,3,0,0,0,0,0,0,0
00-0040116,Josh Simmons,OT,KC,3,0,0,0,0,0,0,0
00-0040118,Cooper McDonald,LB,KC,3,0,0,0,0,0,0,0
00-0040122,Ashton Jeanty,RB,LV,3,0,0,17,63,0,0,0
00-0040124,Tetairoa McMillan,WR,CAR,3,0,0,0,0,8,3,48
00-0040125,Kelvin Banks Jr.,OT,NO,3,0,0,0,0,0,0,0
00-0040126,Colston Loveland,TE,CHI,3,0,0,0,0,3,1,31
00-0040127,Kenneth Grant,DT,MIA,3,0,0,0,0,0,0,0
00-0040128,Tyler Warren,TE,IND,3,0,0,0,0,5,3,38
00-0040129,Emeka Egbuka,WR,TB,3,0,0,0,0,8,6,85
00-0040130,Jayden Higgins,WR,HOU,3,0,0,0,0,1,1,5
00-0040131,Kyle Williams,WR,NE,3,0,0,0,0,1,1,8
00-0040133,Azareye'h Thomas,CB,NYJ,3,0,0,0,0,0,0,0
00-0040137,Jordan Burch,LB,ARI,3,0,0,0,0,0,0,0
00-0040138,Jaylin Noel,WR,HOU,3,0,0,0,0,1,1,4
00-0040140,Dylan Fairchild,G,CIN,3,0,0,0,0,0,0,0
00-0040143,Jacob Parrish,CB,TB,3,0,0,0,0,0,0,0
00-0040144,Jamaree Caldwell,DT,LAC,3,0,0,0,0,0,0,0
00-0040148,Xavier Watts,SAF,ATL,3,0,0,0,0,0,0,0
00-0040152,Upton Stout,CB,SF,3,0,0,0,0,0,0,0
00-0040154,Tai Felton,WR,MIN,3,0,0,0,0,1,1,9
00-0040155,Danny Stutsman,LB,NO,3,0,0,0,0,0,0,0
00-0040156,Billy Bowman Jr.,CB,ATL,3,0,0,0,0,0,0,0
00-0040157,Barrett Carter,LB,CIN,3,0,0,0,0,0,0,0
00-0040159,Lathan Ransom,SAF,CAR,3,0,0,0,0,0,0,0
00-0040160,Jack Sawyer,LB,PIT,3,0,0,0,0,0,0,0
00-0040161,Kyle Kennard,LB,LAC,3,0,0,0,0,0,0,0
00-0040162,Dylan Sampson,RB,CLE,3,0,0,1,2,0,0,0
00-0040164,Jaylin Lane,WR,WAS,3,0,0,0,0,2,1,-2
00-0040165,Malachi Moore,SAF,NYJ,3,0,0,0,0,0,0,0
00-0040166,Quincy Riley,CB,NO,3,0,0,0,0,0,0,0
00-0040170,Elic Ayomanor,WR,TEN,3,0,0,0,0,5,4,38
00-0040171,Joshua Farmer,DT,NE,3,0,0,0,0,0,0,0
00-0040173,Tyrion Ingram-Dawkins,DT,MIN,3,0,0,0,0,0,0,0
00-0040174,Cam Jackson,DT,CAR,3,0,0,0,0,0,0,0
00-0040178,Jason Marshall Jr.,CB,MIA,3,0,0,0,0,0,0,0
00-0040179,DJ Giddens,RB,IND,3,0,0,1,3,0,0,0
00-0040182,Dante Trader Jr.,SAF,MIA,3,0,0,0,0,0,0,0
00-0040183,Elijah Roberts,DE,TB,3,0,0,0,0,0,0,0
00-0040185,Marques Sigle,SAF,SF,3,0,0,0,0,0,0,0
00-0040186,Francisco Mauigoa,LB,NYJ,3,0,0,0,0,0,0,0
00-0040187,Mitchell Evans,TE,CAR,3,0,0,0,0,1,1,9
00-0040188,Yahya Black,DE,PIT,3,0,0,0,0,0,0,0
00-0040189,Oronde Gadsden II,TE,LAC,3,0,0,0,0,7,5,46
00-0040194,Jackson Hawes,TE,BUF,3,0,0,0,0,1,1,5
00-0040195,Denzel Burke,CB,ARI,3,0,0,0,0,0,0,0
00-0040196,Tyler Baron,DE,NYJ,3,0,0,0,0,0,0,0
00-0040197,Dorian Strong,CB,BUF,3,0,0,0,0,0,0,0
00-0040198,Ollie Gordon II,RB,MIA,3,0,0,9,38,0,0,0
00-0040200,Andy Borregales,K,NE,3,0,0,0,0,0,0,0
00-0040208,Tahj Brooks,RB,CIN,3,0,0,5,17,0,0,0
00-0040213,Rayuan Lane III,SAF,JAX,3,0,0,0,0,0,0,0
00-0040214,Kobe King,LB,MIN,3,0,0,0,0,0,0,0
00-0040221,R.J. Mickens,SAF,LAC,3,0,0,0,0,0,0,0
00-0040223,Jeremy Crawshaw,P,DEN,3,0,0,0,0,0,0,0
00-0040230,Kitan Crawford,SAF,ARI,3,0,0,0,0,0,0,0
00-0040236,Kyle Monangai,RB,CHI,3,0,0,6,16,1,1,4
00-0040237,Tez Johnson,WR,TB,3,0,0,0,0,1,0,0
00-0040238,LeQuint Allen Jr.,RB,JAX,3,0,0,0,0,1,1,9
00-0040242,Jacory Croskey-Merritt,RB,WAS,3,0,0,8,26,1,1,5
00-0040245,Connor Colby,G,SF,3,0,0,0,0,0,0,0
00-0040249,Fadil Diggs,DE,NO,3,0,0,0,0,0,0,0
00-0040251,Trikweze Bridges,DB,DAL,3,0,0,0,0,0,0,0
00-0040255,Adin Huntington,DE,CLE,3,0,0,0,0,0,0,0
00-0040261,Easton Mascarenas-Arnold,LB,CLE,3,0,0,0,0,0,0,0
00-0040263,Donovan McMillon,SAF,CLE,3,0,0,0,0,0,0,0
00-0040279,Ryan Fitzgerald,K,CAR,3,0,0,0,0,0,0,0
00-0040289,Bam Martin-Scott,LB,CAR,3,0,0,0,0,0,0,0
00-0040296,Corey Thornton,CB,CAR,3,0,0,0,0,0,0,0
00-0040362,Keonta Jenkins,LB,BUF,3,0,0,0,0,0,0,0
00-0040369,Howard Cross III,DT,CIN,3,0,0,0,0,0,0,0
00-0040379,William Wagner,LS,CIN,3,0,0,0,0,0,0,0
00-0040396,Dean Clark,SAF,NYJ,3,0,0,0,0,0,0,0
00-0040451,Xavier Truss,G,NO,3,0,0,0,0,0,0,0
00-0040460,Marlowe Wax,LB,LAC,3,0,0,0,0,0,0,0
00-0040494,Max Brosmer,QB,MIN,3,4,29,0,0,0,0,0
00-0040496,Chaz Chambliss,LB,MIN,3,0,0,0,0,0,0,0
00-0040500,Joe Huber,G,MIN,3,0,0,0,0,0,0,0
00-0040501,Austin Keys,LB,MIN,3,0,0,0,0,0,0,0
00-0040503,Dorian Mausi,LB,TEN,3,0,0,0,0,0,0,0
00-0040506,Myles Price,WR,MIN,3,0,0,0,0,0,0,0
00-0040509,Ben Yurosek,TE,MIN,3,0,0,0,0,0,0,0
00-0040541,Torricelli Simpkins III,OL,NO,3,0,0,0,0,0,0,0
00-0040547,Nate Carter,RB,ATL,3,0,0,7,46,0,0,0
00-0040577,Jalon Walker,LB,ATL,3,0,0,0,0,0,0,0
00-0040579,Carson Schwesinger,LB,CLE,3,0,0,0,0,0,0,0
00-0040581,Dont'e Thornton Jr.,WR,LV,3,0,0,0,0,4,2,29
00-0040582,Arian Smith,WR,NYJ,3,0,0,0,0,2,2,2
00-0040583,Woody Marks,RB,HOU,3,0,0,6,27,2,1,9
00-0040584,Gunnar Helm,TE,TEN,3,0,0,0,0,3,3,27
00-0040613,Shaun Dolac,LB,LA,3,0,0,0,0,0,0,0
00-0040629,Dalevon Campbell,WR,CAR,3,0,0,0,0,0,0,0
00-0040636,Keyon Martin,CB,BAL,3,0,0,0,0,0,0,0
00-0040640,Ashton Gillotte,DE,KC,3,0,0,0,0,0,0,0
00-0040641,Darien Porter,CB,LV,3,0,0,0,0,0,0,0
00-0040643,Jonas Sanker,SAF,NO,3,0,0,0,0,0,0,0
00-0040644,Trevor Etienne,RB,CAR,3,0,0,0,0,0,0,0
00-0040645,Cody Simon,LB,ARI,3,0,0,0,0,0,0,0
00-0040648,Tory Horton,WR,SEA,3,0,0,0,0,4,3,32
00-0040654,Kai Kroeger,P,NO,3,0,0,0,0,0,0,0
00-0040660,Mykel Williams,DE,SF,3,0,0,0,0,0,0,0
00-0040661,Donovan Jackson,G,MIN,3,0,0,0,0,0,0,0
00-0040663,Harold Fannin Jr.,TE,CLE,3,0,0,0,0,4,3,25
00-0040666,Omarion Hampton,RB,LAC,3,0,0,19,70,7,6,59
00-0040667,Matthew Golden,WR,GB,3,0,0,3,9,4,4,52
00-0040669,Isaac TeSlaa,WR,DET,3,0,0,0,0,2,0,0
00-0040670,Nohl Williams,CB,KC,3,0,0,0,0,0,0,0
00-0040673,Jalen Milroe,QB,SEA,3,0,0,1,3,0,0,0
00-0040676,Cam Ward,QB,TEN,3,38,219,3,12,0,0,0
00-0040677,Abdul Carter,LB,NYG,3,0,0,0,0,0,0,0
00-0040678,Derrick Harmon,DT,PIT,3,0,0,0,0,0,0,0
00-0040685,Mason Graham,DT,CLE,3,0,0,0,0,0,0,0
00-0040686,Josh Conerly Jr.,OT,WAS,3,0,0,0,0,0,0,0
00-0040688,Malaki Starks,SAF,BAL,3,0,0,0,0,0,0,0
00-0040691,Jaxson Dart,QB,NYG,3,0,0,1,3,0,0,0
00-0040694,Darius Alexander,DT,NYG,3,0,0,0,0,0,0,0
00-0040699,Will Campbell,OT,NE,3,0,0,0,0,0,0,0
00-0040705,Chimere Dike,WR,TEN,3,0,0,2,3,4,3,2
00-0040708,Jihaad Campbell,LB,PHI,3,0,0,0,0,0,0,0
00-0040710,Deone Walker,DT,BUF,3,0,0,0,0,0,0,0
00-0040711,CJ West,DT,SF,3,0,0,0,0,0,0,0
00-0040715,Cam Skattebo,RB,NYG,3,0,0,10,60,8,6,61
00-0040716,Craig Woodson,SAF,NE,3,0,0,0,0,0,0,0
00-0040718,Travis Hunter,CB,JAX,3,0,0,0,0,2,1,21
00-0040719,Bhayshul Tuten,RB,JAX,3,0,0,6,21,1,0,0
00-0040720,Jahdae Barron,CB,DEN,3,0,0,0,0,0,0,0
00-0040722,Mike Green,LB,BAL,3,0,0,0,0,0,0,0
00-0040725,Donovan Ezeiruaku,LB,DAL,3,0,0,0,0,0,0,0
00-0040727,Tre Harris,WR,LAC,3,0,0,0,0,1,0,0
00-0040729,Jack Bech,WR,LV,3,0,0,0,0,1,1,10
00-0040730,RJ Harvey,RB,DEN,3,0,0,2,2,3,3,14
00-0040731,Trey Amos,CB,WAS,3,0,0,0,0,0,0,0
00-0040734,TreVeyon Henderson,RB,NE,3,0,0,11,28,3,3,19
00-0040735,Luther Burden III,WR,CHI,3,0,0,1,7,3,3,101
00-0040736,Mason Taylor,TE,NYJ,3,0,0,0,0,6,4,18
00-0040738,Demetrius Knight Jr.,LB,CIN,3,0,0,0,0,0,0,0
00-0040739,Elijah Arroyo,TE,SEA,3,0,0,0,0,1,0,0
00-0040742,Jonah Savaiinaea,G,MIA,3,0,0,0,0,0,0,0
00-0040743,Tyler Shough,QB,NO,3,2,0,0,0,0,0,0
00-0040745,Aireontae Ersery,OT,HOU,3,0,0,0,0,0,0,0
00-0040746,Nic Scourton,LB,CAR,3,0,0,0,0,0,0,0
00-0040747,Benjamin Morrison,CB,TB,3,0,0,0,0,0,0,0
00-0040748,Omarr Norman-Lott,DT,KC,3,0,0,0,0,0,0,0
00-0040749,Andrew Mukuba,SAF,PHI,3,0,0,0,0,0,0,0
00-0040752,Oluwafemi Oladejo,DE,TEN,3,0,0,0,0,0,0,0
00-0040782,Isaiah Bond,WR,CLE,3,0,0,0,0,4,2,16
00-0040784,Quinshon Judkins,RB,CLE,3,0,0,18,94,2,1,1
,,,MIA,3,0,0,0,0,0,0,0
00-0023459,Aaron Rodgers,QB,PIT,4,22,200,3,8,0,0,0
00-0023853,Matt Prater,K,BUF,4,0,0,0,0,0,0,0
00-0025565,Nick Folk,K,NYJ,4,0,0,0,0,0,0,0
00-0026158,Joe Flacco,QB,CLE,4,34,184,3,-1,0,0,0
00-0026190,Calais Campbell,DE,ARI,4,0,0,0,0,0,0,0
00-0026498,Matthew Stafford,QB,LA,4,41,375,4,4,0,0,0
00-0027114,Thomas Morstead,P,SF,4,0,0,0,0,0,0,0
00-0027962,Cameron Jordan,LB,NO,4,0,0,0,0,0,0,0
00-0027969,Cameron Heyward,DE,PIT,4,0,0,0,0,0,0,0
00-0027973,Andy Dalton,QB,CAR,4,6,58,0,0,0,0,0
00-0028292,Nick Bellore,LB,WAS,4,0,0,0,0,0,0,0
00-0028872,Johnny Hekker,P,TEN,4,0,0,0,0,0,0,0
00-0029255,Bobby Wagner,MLB,WAS,4,0,0,0,0,0,0,0
00-0029263,Russell Wilson,QB,NYG,4,1,8,0,0,0,0,0
00-0029562,Lavonte David,OLB,TB,4,0,0,0,0,0,0,0
00-0029592,Kevin Zeitler,G,TEN,4,0,0,0,0,0,0,0
00-0029606,Harrison Smith,FS,MIN,4,0,0,0,0,0,0,0
00-0029607,Demario Davis,OLB,NO,4,0,0,0,0,0,0,0
00-0029685,Greg Van Roten,G,NYG,4,0,0,0,0,0,0,0
00-0029692,Bryan Anger,P,DAL,4,0,0,0,0,0,0,0
00-0029822,Brandon McManus,K,GB,4,0,0,0,0,0,0,0
00-0029892,Kyle Juszczyk,FB,SF,4,0,0,0,0,3,3,32
00-0030035,Adam Thielen,WR,MIN,4,0,0,0,0,2,2,11
00-0030061,Zach Ertz,TE,WAS,4,0,0,0,0,4,2,21
00-0030062,Darius Slay,CB,PIT,4,0,0,0,0,0,0,0
00-0030070,John Jenkins,DT,BAL,4,0,0,0,0,0,0,0
00-0030092,Sam Martin,P,CAR,4,0,0,0,0,0,0,0
00-0030140,Tress Way,P,WAS,4,0,0,0,0,0,0,0
00-0030279,Keenan Allen,WR,LAC,4,0,0,0,0,7,5,37
00-0030294,Tony Jefferson,S,LAC,4,0,0,0,0,0,0,0
00-0030506,Travis Kelce,TE,KC,4,0,0,0,0,5,5,48
00-0030564,DeAndre Hopkins,WR,BAL,4,0,0,0,0,1,0,0
00-0030565,Geno Smith,QB,LV,4,21,117,4,31,0,0,0
00-0030757,Mike Pennel,DT,CIN,4,0,0,0,0,0,0,0
00-0031054,DaQuan Jones,DT,BUF,4,0,0,0,0,0,0,0
00-0031136,Chris Boswell,K,PIT,4,0,0,0,0,0,0,0
00-0031177,Brent Urban,DE,BAL,4,0,0,0,0,0,0,0
00-0031203,Cairo Santos,K,CHI,4,0,0,0,0,0,0,0
00-0031236,Brandin Cooks,WR,NO,4,0,0,0,0,4,3,22
00-0031270,Shelby Harris,DE,CLE,4,0,0,0,0,0,0,0
00-0031357,C.J. Goodwin,CB,DAL,4,0,0,0,0,0,0,0
00-0031364,Jadeveon Clowney,DE,DAL,4,0,0,0,0,0,0,0
00-0031381,Davante Adams,WR,LA,4,0,0,0,0,6,4,56
00-0031411,DeMarcus Lawrence,LB,SEA,4,0,0,0,0,0,0,0
00-0031484,Chris Manhertz,TE,NYG,4,0,0,0,0,0,0,0
00-0031492,Jason Myers,K,SEA,4,0,0,0,0,0,0,0
00-0031550,Shaq Thompson,OLB,BUF,4,0,0,0,0,0,0,0
00-0031551,Eddie Goldman,NT,WAS,4,0,0,0,0,0,0,0
00-0031557,Jordan Phillips,DT,BUF,4,0,0,0,0,0,0,0
00-0031565,Danielle Hunter,DE,HOU,4,0,0,0,0,0,0,0
00-0031576,Za'Darius Smith,DE,PHI,4,0,0,0,0,0,0,0
00-0031588,Stefon Diggs,WR,NE,4,0,0,0,0,7,6,101
00-0031608,Quandre Diggs,S,TEN,4,0,0,0,0,0,0,0
00-0031610,Darren Waller,TE,MIA,4,0,0,0,0,4,3,27
00-0031687,Raheem Mostert,RB,LV,4,0,0,4,62,1,1,11
00-0031740,Neville Hewitt,LB,NYG,4,0,0,0,0,0,0,0
00-0031763,DeAndre Carter,WR,CLE,4,0,0,0,0,0,0,0
00-0031898,Alex Singleton,LB,DEN,4,0,0,0,0,0,0,0
00-0031933,Leonard Williams,DE,SEA,4,0,0,0,0,0,0,0
00-0032052,Dante Fowler Jr.,DE,DAL,4,0,0,0,0,0,0,0
00-0032065,Bradley Pinion,P,ATL,4,0,0,0,0,0,0,0
00-0032146,Bud Dupree,OLB,LAC,4,0,0,0,0,0,0,0
00-0032164,Arik Armstead,DE,JAX,4,0,0,0,0,0,0,0
00-0032211,Tyler Lockett,WR,TEN,4,0,0,0,0,4,0,0
00-0032265,Mario Edwards,DE,HOU,4,0,0,0,0,0,0,0
00-0032268,Marcus Mariota,QB,WAS,4,27,156,2,20,0,0,0
00-0032378,DeForest Buckner,DT,IND,4,0,0,0,0,0,0,0
00-0032381,Taylor Decker,OT,DET,4,0,0,0,0,0,0,0
00-0032385,Sterling Shepard,WR,TB,4,0,0,1,6,4,2,14
00-0032387,Jarran Reed,DT,SEA,4,0,0,0,0,0,0,0
00-0032392,Austin Hooper,TE,NE,4,0,0,0,0,1,1,24
00-0032398,Chris Moore,WR,WAS,4,0,0,1,9,3,0,0
00-0032415,Matthew Judon,OLB,MIA,4,0,0,0,0,0,0,0
00-0032424,DJ Reader,DT,DET,4,0,0,0,0,0,0,0
00-0032442,Elandon Roberts,OLB,LV,4,0,0,0,0,0,0,0
00-0032445,Ted Karras,G,CIN,4,0,0,0,0,0,0,0
00-0032464,Kalif Raymond,WR,DET,4,0,0,0,0,3,2,13
00-0032497,Reid Ferguson,LS,BUF,4,0,0,0,0,0,0,0
00-0032521,Mike Hilton,CB,IND,4,0,0,0,0,0,0,0
00-0032569,Wil Lutz,K,DEN,4,0,0,0,0,0,0,0
00-0032701,Jake Brendel,C,SF,4,0,0,0,0,0,0,0
00-0032726,Ka'imi Fairbairn,K,HOU,4,0,0,0,0,0,0,0
00-0032759,Sheldon Rankins,DT,HOU,4,0,0,0,0,0,0,0
00-0032762,Chris Jones,DE,KC,4,0,0,0,0,0,0,0
00-0032763,Austin Johnson,NT,JAX,4,0,0,0,0,0,0,0
00-0032764,Derrick Henry,RB,BAL,4,0,0,8,42,3,2,16
00-0032775,Demarcus Robinson,WR,SF,4,0,0,0,0,2,1,20
00-0032889,A'Shawn Robinson,DT,CAR,4,0,0,0,0,0,0,0
00-0032933,Antonio Hamilton,CB,WAS,4,0,0,0,0,0,0,0
00-0032943,Riley Dixon,P,TB,4,0,0,0,0,0,0,0
00-0032950,Carson Wentz,QB,MIN,4,46,350,2,12,0,0,0
00-0033038,Eric Murray,S,JAX,4,0,0,0,0,0,0,0
00-0033040,Tyreek Hill,WR,MIA,4,0,0,0,0,6,6,67
00-0033046,Jihad Ward,LB,TEN,4,0,0,0,0,0,0,0
00-0033050,Xavien Howard,CB,IND,4,0,0,0,0,0,0,0
00-0033051,David Onyemata,DT,ATL,4,0,0,0,0,0,0,0
00-0033055,Jalen Ramsey,CB,PIT,4,0,0,0,0,0,0,0
00-0033066,Andrew Billings,DT,CHI,4,0,0,0,0,0,0,0
00-0033072,Leonard Floyd,DE,ATL,4,0,0,0,0,0,0,0
00-0033073,Emmanuel Ogbah,DE,JAX,4,0,0,0,0,0,0,0
00-0033077,Dak Prescott,QB,DAL,4,40,319,1,2,0,0,0
00-0033090,Hunter Henry,TE,NE,4,0,0,0,0,2,2,39
00-0033106,Jared Goff,QB,DET,4,27,168,0,0,0,0,0
00-0033109,Javon Hargrave,NT,MIN,4,0,0,0,0,0,0,0
00-0033110,Tyler Higbee,TE,LA,4,0,0,0,0,5,2,25
00-0033120,Kenny Clark,NT,DAL,4,0,0,0,0,0,0,0
00-0033131,Maliek Collins,DT,CLE,4,0,0,0,0,0,0,0
00-0033132,Kevin Byard,FS,CHI,4,0,0,0,0,0,0,0
00-0033156,Joey Bosa,DE,BUF,4,0,0,0,0,0,0,0
00-0033246,Johnny Mundt,TE,JAX,4,0,0,0,0,1,0,0
00-0033269,Rigoberto Sanchez,P,IND,4,0,0,0,0,0,0,0
00-0033280,Christian McCaffrey,RB,SF,4,0,0,17,49,11,6,92
00-0033281,Marlon Humphrey,CB,BAL,4,0,0,0,0,0,0,0
00-0033282,Curtis Samuel,WR,BUF,4,0,0,0,0,2,1,9
00-0033294,Chuck Clark,SAF,PIT,4,0,0,0,0,0,0,0
00-0033297,D.J. Jones,DT,DEN,4,0,0,0,0,0,0,0
00-0033303,Harrison Butker,K,KC,4,0,0,0,0,0,0,0
00-0033307,Kendrick Bourne,WR,SF,4,0,0,0,0,4,1,17
00-0033336,Eric Wilson,LB,MIN,4,0,0,0,0,0,0,0
00-0033347,Josh Tupou,DT,BAL,4,0,0,0,0,0,0,0
00-0033375,Tim Patrick,WR,JAX,4,0,0,0,0,1,1,-1
00-0033381,Adam Butler,DT,LV,4,0,0,0,0,0,0,0
00-0033523,Jonathan Allen,DE,MIN,4,0,0,0,0,0,0,0
00-0033526,Samaje Perine,RB,CIN,4,0,0,1,4,1,0,0
00-0033546,Dalvin Tomlinson,DE,ARI,4,0,0,0,0,0,0,0
00-0033548,Chidobe Awuzie,CB,BAL,4,0,0,0,0,0,0,0
00-0033551,Rasul Douglas,CB,MIA,4,0,0,0,0,0,0,0
00-0033555,Mack Hollins,WR,NE,4,0,0,0,0,1,1,4
00-0033572,Jamal Agnew,WR,ATL,4,0,0,0,0,0,0,0
00-0033576,Eric Saubert,TE,SEA,4,0,0,0,0,0,0,0
00-0033579,Xavier Woods,FS,TEN,4,0,0,0,0,0,0,0
00-0033589,David Moore,WR,CAR,4,0,0,1,12,0,0,0
00-0033595,Pat O'Connor,DE,DET,4,0,0,0,0,0,0,0
00-0033662,Cooper Rush,QB,BAL,4,13,52,0,0,0,0,0
00-0033729,Cameron Johnston,P,BUF,4,0,0,0,0,0,0,0
00-0033757,Robert Tonyan,TE,KC,4,0,0,0,0,0,0,0
00-0033787,Jake Elliott,K,PHI,4,0,0,0,0,0,0,0
00-0033857,JuJu Smith-Schuster,WR,KC,4,0,0,0,0,6,4,36
00-0033858,Jonnu Smith,TE,PIT,4,0,0,0,0,3,2,6
00-0033860,Davon Godchaux,DT,NO,4,0,0,0,0,0,0,0
00-0033868,Myles Garrett,DE,CLE,4,0,0,0,0,0,0,0
00-0033872,Jamal Adams,LB,LV,4,0,0,0,0,0,0,0
00-0033873,Patrick Mahomes,QB,KC,4,37,270,4,5,0,0,0
00-0033874,Marshon Lattimore,CB,WAS,4,0,0,0,0,0,0,0
00-0033875,Haason Reddick,OLB,TB,4,0,0,0,0,0,0,0
00-0033876,Derek Barnett,DE,HOU,4,0,0,0,0,0,0,0
00-0033877,Malik Hooker,FS,DAL,4,0,0,0,0,0,0,0
00-0033881,Evan Engram,TE,DEN,4,0,0,0,0,7,4,29
00-0033884,Tre'Davious White,CB,BUF,4,0,0,0,0,0,0,0
00-0033885,David Njoku,TE,CLE,4,0,0,0,0,3,2,11
00-0033886,T.J. Watt,OLB,PIT,4,0,0,0,0,0,0,0
00-0033890,Budda Baker,S,ARI,4,0,0,0,0,0,0,0
00-0033902,Tanoh Kpassagnon,DE,CHI,4,0,0,0,0,0,0,0
00-0033904,Dion Dawkins,OT,BUF,4,0,0,0,0,0,0,0
00-0033906,Alvin Kamara,RB,NO,4,0,0,15,70,5,4,2
00-0033907,Dawuane Smoot,DE,JAX,4,0,0,0,0,0,0,0
00-0033908,Cooper Kupp,WR,SEA,4,0,0,0,0,5,4,26
00-0033914,Alex Anzalone,MLB,DET,4,0,0,0,0,0,0,0
00-0033921,Chris Godwin Jr.,WR,TB,4,0,0,0,0,10,3,26
00-0033923,Kareem Hunt,RB,KC,4,0,0,13,34,1,1,13
00-0033928,Jourdan Lewis,CB,JAX,4,0,0,0,0,0,0,0
00-0033935,Trey Hendrickson,LB,CIN,4,0,0,0,0,0,0,0
00-0033941,Rayshawn Jenkins,DB,CLE,4,0,0,0,0,0,0,0
00-0033943,Josh Reynolds,WR,NYJ,4,0,0,0,0,2,0,0
00-0033945,Samson Ebukam,DE,IND,4,0,0,0,0,0,0,0
00-0033949,Joshua Dobbs,QB,NE,4,1,0,3,-2,0,0,0
00-0033952,Grover Stewart,DT,IND,4,0,0,0,0,0,0,0
00-0033955,Jeremy McNichols,RB,WAS,4,0,0,2,3,2,1,0
00-0034160,Michael Dickson,P,SEA,4,0,0,0,0,0,0,0
00-0034161,Daniel Carlson,K,LV,4,0,0,0,0,0,0,0
00-0034162,J.K. Scott,P,LAC,4,0,0,0,0,0,0,0
00-0034163,Jacob Martin,DE,WAS,4,0,0,0,0,0,0,0
00-0034173,Eddy Pineiro,K,SF,4,0,0,0,0,0,0,0
00-0034203,Darious Williams,CB,LA,4,0,0,0,0,0,0,0
00-0034234,Poona Ford,DT,LA,4,0,0,0,0,0,0,0
00-0034264,Jalyn Holmes,DT,WAS,4,0,0,0,0,0,0,0
00-0034270,Tyler Conklin,TE,LAC,4,0,0,0,0,1,1,3
00-0034274,Parry Nickerson,CB,PHI,4,0,0,0,0,0,0,0
00-0034275,Foley Fatukasi,DT,HOU,4,0,0,0,0,0,0,0
00-0034277,DeShon Elliott,SAF,PIT,4,0,0,0,0,0,0,0
00-0034278,Tremon Smith,CB,HOU,4,0,0,0,0,0,0,0
00-0034285,Zach Sieler,DE,MIA,4,0,0,0,0,0,0,0
00-0034302,Frankie Luvu,LB,WAS,4,0,0,0,0,0,0,0
00-0034333,Daron Payne,NT,WAS,4,0,0,0,0,0,0,0
00-0034342,Quenton Nelson,G,IND,4,0,0,0,0,0,0,0
00-0034348,Courtland Sutton,WR,DEN,4,0,0,0,0,6,5,81
00-0034350,Uchenna Nwosu,LB,SEA,4,0,0,0,0,0,0,0
00-0034351,Dallas Goedert,TE,PHI,4,0,0,0,0,4,4,37
00-0034355,M.J. Stewart,SAF,HOU,4,0,0,0,0,0,0,0
00-0034356,Donte Jackson,CB,LAC,4,0,0,0,0,0,0,0
00-0034357,Isaiah Oliver,FS,NYJ,4,0,0,0,0,0,0,0
00-0034361,Justin Reid,S,NO,4,0,0,0,0,0,0,0
00-0034365,Ian Thomas,TE,LV,4,0,0,0,0,0,0,0
00-0034371,Da'Shawn Hand,DE,LAC,4,0,0,0,0,0,0,0
00-0034373,Dorance Armstrong,DE,WAS,4,0,0,0,0,0,0,0
00-0034376,Taron Johnson,CB,BUF,4,0,0,0,0,0,0,0
00-0034381,Josh Sweat,LB,ARI,4,0,0,0,0,0,0,0
00-0034383,Dalton Schultz,TE,HOU,4,0,0,0,0,6,5,30
00-0034384,D.J. Reed,CB,DET,4,0,0,0,0,0,0,0
00-0034397,Tim Settle,DT,HOU,4,0,0,0,0,0,0,0
00-0034399,Wyatt Teller,G,CLE,4,0,0,0,0,0,0,0
00-0034407,Ray-Ray McCloud,WR,ATL,4,0,0,0,0,2,1,-7
00-0034413,Foye Oluokun,LB,JAX,4,0,0,0,0,0,0,0
00-0034431,Zaire Franklin,OLB,IND,4,0,0,0,0,0,0,0
00-0034437,Logan Cooke,P,JAX,4,0,0,0,0,0,0,0
00-0034465,Jeremy Reaves,DB,WAS,4,0,0,0,0,0,0,0
00-0034473,Dennis Gardeck,LB,JAX,4,0,0,0,0,0,0,0
00-0034485,Jonathan Owens,SAF,CHI,4,0,0,0,0,0,0,0
00-0034488,Tavierre Thomas,SAF,MIN,4,0,0,0,0,0,0,0
00-0034521,Allen Lazard,WR,NYJ,4,0,0,0,0,1,1,8
00-0034573,Charvarius Ward,CB,IND,4,0,0,0,0,0,0,0
00-0034577,Kyle Allen,QB,DET,4,0,0,2,-2,0,0,0
00-0034639,Mike Ford,DB,ATL,4,0,0,0,0,0,0,0
00-0034673,Tremaine Edmunds,MLB,CHI,4,0,0,0,0,0,0,0
00-0034675,Jessie Bates,FS,ATL,4,0,0,0,0,0,0,0
00-0034720,Robert Spillane,LB,NE,4,0,0,0,0,0,0,0
00-0034721,Corey Bojorquez,P,CLE,4,0,0,0,0,0,0,0
00-0034753,Mark Andrews,TE,BAL,4,0,0,0,0,8,7,30
00-0034754,Oren Burks,ILB,CIN,4,0,0,0,0,0,0,0
00-0034760,Nathan Shepherd,DE,NO,4,0,0,0,0,0,0,0
00-0034773,Vita Vea,DT,TB,4,0,0,0,0,0,0,0
00-0034775,Christian Kirk,WR,HOU,4,0,0,0,0,4,3,20
00-0034778,Carlton Davis III,CB,NE,4,0,0,0,0,0,0,0
00-0034780,Isaac Yiadom,CB,NO,4,0,0,0,0,0,0,0
00-0034782,Harrison Phillips,DT,NYJ,4,0,0,0,0,0,0,0
00-0034789,Minkah Fitzpatrick,FS,MIA,4,0,0,0,0,0,0,0
00-0034790,Derwin James,FS,LAC,4,0,0,0,0,0,0,0
00-0034791,Nick Chubb,RB,HOU,4,0,0,13,47,2,2,15
00-0034792,Cornell Armstrong,DB,MIA,4,0,0,0,0,0,0,0
00-0034796,Lamar Jackson,QB,BAL,4,20,147,6,48,0,0,0
00-0034797,Jerome Baker,OLB,CLE,4,0,0,0,0,0,0,0
00-0034800,B.J. Hill,DE,CIN,4,0,0,0,0,0,0,0
00-0034805,John Franklin-Myers,DE,DEN,4,0,0,0,0,0,0,0
00-0034810,Sebastian Joseph-Day,DT,TEN,4,0,0,0,0,0,0,0
00-0034815,Fred Warner,MLB,SF,4,0,0,0,0,0,0,0
00-0034825,Arden Key,DE,TEN,4,0,0,0,0,0,0,0
00-0034827,DJ Moore,WR,CHI,4,0,0,0,0,5,4,38
00-0034828,Harold Landry III,LB,NE,4,0,0,0,0,0,0,0
00-0034829,Mike Gesicki,TE,CIN,4,0,0,0,0,1,1,8
00-0034832,Bradley Chubb,OLB,MIA,4,0,0,0,0,0,0,0
00-0034837,Calvin Ridley,WR,TEN,4,0,0,0,0,3,2,30
00-0034843,Mike Hughes,CB,ATL,4,0,0,0,0,0,0,0
00-0034844,Saquon Barkley,RB,PHI,4,0,0,19,43,4,4,31
00-0034855,Baker Mayfield,QB,TB,4,40,289,2,13,0,0,0
00-0034856,Denzel Ward,CB,CLE,4,0,0,0,0,0,0,0
00-0034857,Josh Allen,QB,BUF,4,22,209,7,45,0,0,0
00-0034869,Sam Darnold,QB,SEA,4,26,242,1,24,0,0,0
00-0034874,Roquan Smith,ILB,BAL,4,0,0,0,0,0,0,0
00-0034960,Jakobi Meyers,WR,LV,4,0,0,0,0,7,4,30
00-0034967,Rashan Gary,LB,GB,4,0,0,0,0,0,0,0
00-0034968,Darnell Savage,SAF,WAS,4,0,0,0,0,0,0,0
00-0034973,Maxx Crosby,DE,LV,4,0,0,0,0,0,0,0
00-0034974,Julian Love,SAF,SEA,4,0,0,0,0,0,0,0
00-0034975,Justice Hill,RB,BAL,4,0,0,3,76,6,5,41
00-0034983,Hunter Renfrow,WR,CAR,4,0,0,0,0,2,2,10
00-0034987,E.J. Speed,LB,HOU,4,0,0,0,0,0,0,0
00-0034993,Marcus Epps,SAF,PHI,4,0,0,0,0,0,0,0
00-0035020,Demetrius Flannigan-Fowles,LB,NYG,4,0,0,0,0,0,0,0
00-0035021,Ashton Dulin,WR,IND,4,0,0,1,7,1,1,11
00-0035042,Jamie Gillan,P,NYG,4,0,0,0,0,0,0,0
00-0035100,Jake Browning,QB,CIN,4,25,125,3,4,0,0,0
00-0035133,Keisean Nixon,DB,GB,4,0,0,0,0,0,0,0
00-0035142,Ugo Amadi,CB,NO,4,0,0,0,0,0,0,0
00-0035144,Mack Wilson,LB,ARI,4,0,0,0,0,0,0,0
00-0035156,Jack Fox,P,DET,4,0,0,0,0,0,0,0
00-0035157,Darius Harris,LB,NE,4,0,0,0,0,0,0,0
00-0035166,Azeez Al-Shaair,LB,HOU,4,0,0,0,0,0,0,0
00-0035190,AJ Cole,P,LV,4,0,0,0,0,0,0,0
00-0035192,Joey Slye,K,TEN,4,0,0,0,0,0,0,0
00-0035202,Del'Shawn Phillips,LB,LAC,4,0,0,0,0,0,0,0
00-0035208,Olamide Zaccheaus,WR,CHI,4,0,0,0,0,6,5,41
00-0035228,Kyler Murray,QB,ARI,4,41,200,5,41,0,0,0
00-0035229,T.J. Hockenson,TE,MIN,4,0,0,0,0,5,4,39
00-0035234,Tytus Howard,OT,HOU,4,0,0,0,0,0,0,0
00-0035236,Byron Murphy,CB,MIN,4,0,0,0,0,0,0,0
00-0035242,Erik McCoy,C,NO,4,0,0,0,0,0,0,0
00-0035243,Miles Sanders,RB,DAL,4,0,0,2,8,2,2,17
00-0035248,Zach Allen,DE,DEN,4,0,0,0,0,0,0,0
00-0035249,Josh Oliver,TE,MIN,4,0,0,0,0,1,0,0
00-0035250,Devin Singletary,RB,NYG,4,0,0,7,28,0,0,0
00-0035254,Anthony Nelson,LB,TB,4,0,0,0,0,0,0,0
00-0035258,Hjalte Froholdt,G,ARI,4,0,0,0,0,0,0,0
00-0035261,Tony Pollard,RB,TEN,4,0,0,14,64,3,3,12
00-0035262,Drue Tranquill,LB,KC,4,0,0,0,0,0,0,0
00-0035269,Matt Gay,K,WAS,4,0,0,0,0,0,0,0
00-0035277,Mike Jackson,CB,CAR,4,0,0,0,0,0,0,0
00-0035279,Charles Omenihu,DE,KC,4,0,0,0,0,0,0,0
00-0035280,Jake Bailey,P,MIA,4,0,0,0,0,0,0,0
00-0035286,Cole Holcomb,LB,PIT,4,0,0,0,0,0,0,0
00-0035289,Gardner Minshew,QB,KC,4,0,0,2,-3,0,0,0
00-0035298,Scott Miller,WR,PIT,4,0,0,0,0,1,0,0
00-0035301,Donovan Wilson,SAF,DAL,4,0,0,0,0,0,0,0
00-0035316,Kaden Elliss,LB,ATL,4,0,0,0,0,0,0,0
00-0035352,Tyrel Dodson,LB,MIA,4,0,0,0,0,0,0,0
00-0035357,Cam Lewis,CB,BUF,4,0,0,0,0,0,0,0
00-0035358,Chase McLaughlin,K,TB,4,0,0,0,0,0,0,0
00-0035378,Andrew Wingard,SAF,JAX,4,0,0,0,0,0,0,0
00-0035402,Carl Granderson,DE,NO,4,0,0,0,0,0,0,0
00-0035409,Shy Tuttle,DT,TEN,4,0,0,0,0,0,0,0
00-0035413,Luke Gifford,LB,SF,4,0,0,0,0,0,0,0
00-0035500,Greg Dortch,WR,ARI,4,0,0,1,4,5,4,35
00-0035525,Devin Bush,LB,CLE,4,0,0,0,0,0,0,0
00-0035526,Elgton Jenkins,C,GB,4,0,0,0,0,0,0,0
00-0035535,Darius Slayton,WR,NYG,4,0,0,0,0,4,3,44
00-0035537,Ty Johnson,RB,BUF,4,0,0,1,0,0,0,0
00-0035567,Craig Reynolds,RB,DET,4,0,0,0,0,0,0,0
00-0035617,Troy Reeder,LB,LA,4,0,0,0,0,0,0,0
00-0035625,Juan Thornhill,SAF,PIT,4,0,0,0,0,0,0,0
00-0035629,Jonah Williams,OT,ARI,4,0,0,0,0,0,0,0
00-0035632,Amani Hooker,SAF,TEN,4,0,0,0,0,0,0,0
00-0035637,Rock Ya-Sin,CB,DET,4,0,0,0,0,0,0,0
00-0035640,DK Metcalf,WR,PIT,4,0,0,0,0,5,5,126
00-0035642,Josh Hines-Allen,DE,JAX,4,0,0,0,0,0,0,0
00-0035643,Jeffery Simmons,DT,TEN,4,0,0,0,0,0,0,0
00-0035645,Gunner Olszewski,WR,NYG,4,0,0,0,0,0,0,0
00-0035647,Montez Sweat,DE,CHI,4,0,0,0,0,0,0,0
00-0035662,Marquise Brown,WR,KC,4,0,0,0,0,5,3,38
00-0035663,Taylor Rapp,SAF,BUF,4,0,0,0,0,0,0,0
00-0035667,Greg Gaines,DT,TB,4,0,0,0,0,0,0,0
00-0035668,David Edwards,OT,BUF,4,0,0,0,0,0,0,0
00-0035669,Nick Scott,SAF,CAR,4,0,0,0,0,0,0,0
00-0035672,Cody Barton,LB,TEN,4,0,0,0,0,0,0,0
00-0035674,Jerry Tillery,DT,KC,4,0,0,0,0,0,0,0
00-0035676,A.J. Brown,WR,PHI,4,0,0,0,0,9,2,7
00-0035678,Dre'Mont Jones,LB,TEN,4,0,0,0,0,0,0,0
00-0035683,Dexter Lawrence,DT,NYG,4,0,0,0,0,0,0,0
00-0035685,David Montgomery,RB,DET,4,0,0,9,12,1,0,0
00-0035687,Bobby Okereke,ILB,NYG,4,0,0,0,0,0,0,0
00-0035688,Trey Pipkins,OT,LAC,4,0,0,0,0,0,0,0
00-0035689,Dawson Knox,TE,BUF,4,0,0,0,0,1,0,0
00-0035697,Germaine Pratt,LB,LV,4,0,0,0,0,0,0,0
00-0035698,Chuma Edoga,OT,JAX,4,0,0,0,0,0,0,0
00-0035699,Jamel Dean,CB,TB,4,0,0,0,0,0,0,0
00-0035700,Josh Jacobs,RB,GB,4,0,0,22,86,4,4,71
00-0035705,Jalen Thompson,DB,ARI,4,0,0,0,0,0,0,0
00-0035707,Devin White,LB,LV,4,0,0,0,0,0,0,0
00-0035710,Daniel Jones,QB,IND,4,33,262,1,-1,0,0,0
00-0035713,Brian Burns,LB,NYG,4,0,0,0,0,0,0,0
00-0035718,Quinnen Williams,DT,NYJ,4,0,0,0,0,0,0,0
00-0035719,Deebo Samuel Sr.,WR,WAS,4,0,0,3,9,6,6,72
00-0035795,James Pierre,CB,PIT,4,0,0,0,0,0,0,0
00-0035821,Corliss Waitman,P,PIT,4,0,0,0,0,0,0,0
00-0035827,Ross Matiscik,LS,JAX,4,0,0,0,0,0,0,0
00-0035859,Blake Gillikin,P,ARI,4,0,0,0,0,0,0,0
00-0035889,Tommy Townsend,P,HOU,4,0,0,0,0,0,0,0
00-0035890,Tershawn Wharton,DE,CAR,4,0,0,0,0,0,0,0
00-0035895,Joe Bachie,LB,IND,4,0,0,0,0,0,0,0
00-0035942,Christian Rozeboom,LB,CAR,4,0,0,0,0,0,0,0
00-0036040,Juwan Johnson,TE,NO,4,0,0,0,0,3,3,28
00-0036123,Brandon Walton,OT,CAR,4,0,0,0,0,0,0,0
00-0036124,Khalil Dorsey,CB,DET,4,0,0,0,0,0,0,0
00-0036139,Rico Dowdle,RB,CAR,4,0,0,9,32,1,1,-2
00-0036151,Bryce Huff,DE,SF,4,0,0,0,0,0,0,0
00-0036158,J.K. Dobbins,RB,DEN,4,0,0,16,101,1,1,4
00-0036159,Joshua Uche,LB,PHI,4,0,0,0,0,0,0,0
00-0036181,Teair Tart,DT,LAC,4,0,0,0,0,0,0,0
00-0036182,Nick Westbrook-Ikhine,WR,MIA,4,0,0,0,0,1,1,1
00-0036192,A.J. Epenesa,LB,BUF,4,0,0,0,0,0,0,0
00-0036193,Anfernee Jennings,LB,NE,4,0,0,0,0,0,0,0
00-0036199,Geno Stone,SAF,CIN,4,0,0,0,0,0,0,0
00-0036212,Tua Tagovailoa,QB,MIA,4,25,177,3,6,0,0,0
00-0036220,Derrick Brown,DT,CAR,4,0,0,0,0,0,0,0
00-0036221,Brandon Jones,SAF,DEN,4,0,0,0,0,0,0,0
00-0036222,Isaiah Rodgers,CB,MIN,4,0,0,0,0,0,0,0
00-0036223,Jonathan Taylor,RB,IND,4,0,0,17,76,5,5,20
00-0036224,Jonathan Greenard,LB,MIN,4,0,0,0,0,0,0,0
00-0036231,Kyle Dugger,SAF,NE,4,0,0,0,0,0,0,0
00-0036244,Colby Parkinson,TE,LA,4,0,0,0,0,2,2,17
00-0036252,Michael Pittman,WR,IND,4,0,0,0,0,10,5,41
00-0036256,Colton McKivitz,OT,SF,4,0,0,0,0,0,0,0
00-0036258,Jonah Jackson,G,CHI,4,0,0,0,0,0,0,0
00-0036259,Jauan Jennings,WR,SF,4,0,0,0,0,4,2,24
00-0036260,Javon Kinlaw,DT,WAS,4,0,0,0,0,0,0,0
00-0036262,DaVon Hamilton,DT,JAX,4,0,0,0,0,0,0,0
00-0036264,Jordan Love,QB,GB,4,43,337,3,28,0,0,0
00-0036265,AJ Dillon,RB,PHI,4,0,0,3,17,0,0,0
00-0036266,Jordan Elliott,DT,SF,4,0,0,0,0,0,0,0
00-0036274,Jeff Okudah,CB,MIN,4,0,0,0,0,0,0,0
00-0036275,D'Andre Swift,RB,CHI,4,0,0,14,38,6,4,22
00-0036282,Grant Delpit,SAF,CLE,4,0,0,0,0,0,0,0
00-0036286,K'Lavon Chaisson,LB,NE,4,0,0,0,0,0,0,0
00-0036288,Yetur Gross-Matos,DE,SF,4,0,0,0,0,0,0,0
00-0036290,Cole Kmet,TE,CHI,4,0,0,0,0,9,3,46
00-0036293,Jeremy Chinn,SAF,LV,4,0,0,0,0,0,0,0
00-0036294,Logan Wilson,LB,CIN,4,0,0,0,0,0,0,0
00-0036298,Akeem Davis-Gaither,LB,ARI,4,0,0,0,0,0,0,0
00-0036300,Mykal Walker,LB,NYJ,4,0,0,0,0,0,0,0
00-0036302,Jaylinn Hawkins,SAF,NE,4,0,0,0,0,0,0,0
00-0036309,Darnell Mooney,WR,ATL,4,0,0,0,0,1,1,15
00-0036313,Braden Mann,P,PHI,4,0,0,1,-34,0,0,0
00-0036322,Justin Jefferson,WR,MIN,4,0,0,0,0,11,10,126
00-0036323,Patrick Queen,LB,PIT,4,0,0,0,0,0,0,0
00-0036328,Antonio Gibson,RB,NE,4,0,0,6,27,0,0,0
00-0036329,Ashtyn Davis,SAF,MIA,4,0,0,0,0,0,0,0
00-0036331,Devin Duvernay,WR,CHI,4,0,0,0,0,0,0,0
00-0036337,James Lynch,DT,TEN,4,0,0,0,0,0,0,0
00-0036338,Troy Dye,LB,LAC,4,0,0,0,0,0,0,0
00-0036339,Kevin Dotson,G,LA,4,0,0,0,0,0,0,0
00-0036348,Josh Metellus,SAF,MIN,4,0,0,0,0,0,0,0
00-0036349,Kam Curl,SAF,LA,4,0,0,0,0,0,0,0
00-0036355,Justin Herbert,QB,LAC,4,41,203,1,24,0,0,0
00-0036361,Trevon Diggs,CB,DAL,4,0,0,0,0,0,0,0
00-0036366,Neville Gallimore,DT,IND,4,0,0,0,0,0,0,0
00-0036369,John Simpson,G,NYJ,4,0,0,0,0,0,0,0
00-0036374,L'Jarius Sneed,CB,TEN,4,0,0,0,0,0,0,0
00-0036375,Amik Robertson,CB,DET,4,0,0,0,0,0,0,0
00-0036380,Alohi Gilman,SAF,LAC,4,0,0,0,0,0,0,0
00-0036386,Andrew Thomas,OT,NYG,4,0,0,0,0,0,0,0
00-0036388,Xavier McKinney,SAF,GB,4,0,0,0,0,0,0,0
00-0036389,Jalen Hurts,QB,PHI,4,24,130,9,62,0,0,0
00-0036391,Lloyd Cushenberry III,C,TEN,4,0,0,0,0,0,0,0
00-0036394,Darnay Holmes,CB,LV,4,0,0,0,0,0,0,0
00-0036407,Jerry Jeudy,WR,CLE,4,0,0,0,0,9,3,48
00-0036409,Jordyn Brooks,LB,MIA,4,0,0,0,0,0,0,0
00-0036410,Tee Higgins,WR,CIN,4,0,0,0,0,6,3,32
00-0036411,Antoine Winfield Jr.,SAF,TB,4,0,0,0,0,0,0,0
00-0036415,Van Jefferson,WR,TEN,4,0,0,0,0,1,1,6
00-0036417,Damien Lewis,G,CAR,4,0,0,0,0,0,0,0
00-0036418,Zack Baun,LB,PHI,4,0,0,0,0,0,0,0
00-0036422,Adam Trautman,TE,DEN,4,0,0,0,0,3,2,32
00-0036428,Justin Strnad,LB,DEN,4,0,0,0,0,0,0,0
00-0036441,"Kenneth Murray, Jr.",LB,DAL,4,0,0,0,0,0,0,0
00-0036443,Rex Sunahara,LS,CLE,4,0,0,0,0,0,0,0
00-0036479,Kwity Paye,DE,IND,4,0,0,0,0,0,0,0
00-0036480,Dayo Odeyingbo,DE,CHI,4,0,0,0,0,0,0,0
00-0036483,Will Fries,G,MIN,4,0,0,0,0,0,0,0
00-0036500,Jamien Sherwood,LB,NYJ,4,0,0,0,0,0,0,0
00-0036501,Michael Carter II,CB,NYJ,4,0,0,0,0,0,0,0
00-0036502,Jason Pinnock,SAF,SF,4,0,0,0,0,0,0,0
00-0036504,Brandin Echols,CB,PIT,4,0,0,0,0,0,0,0
00-0036550,Rashod Bateman,WR,BAL,4,0,0,0,0,2,1,24
00-0036553,Carlos Basham,LB,CAR,4,0,0,0,0,0,0,0
00-0036554,Nico Collins,WR,HOU,4,0,0,0,0,6,4,79
00-0036555,Chuba Hubbard,RB,CAR,4,0,0,10,49,3,3,20
00-0036563,Deommodore Lenoir,CB,SF,4,0,0,0,0,0,0,0
00-0036564,Talanoa Hufanga,SAF,DEN,4,0,0,0,0,0,0,0
00-0036568,Roy Lopez,DT,DET,4,0,0,0,0,0,0,0
00-0036589,Nick McCloud,CB,CHI,4,0,0,0,0,0,0,0
00-0036590,Quintin Morris,TE,JAX,4,0,0,0,0,0,0,0
00-0036613,Jaylen Waddle,WR,MIA,4,0,0,0,0,6,3,48
00-0036616,Christian Darrisaw,OT,MIN,4,0,0,0,0,0,0,0
00-0036621,Nick Bolton,LB,KC,4,0,0,0,0,0,0,0
00-0036622,Josh Myers,C,NYJ,4,0,0,0,0,0,0,0
00-0036625,Benjamin St-Juste,CB,LAC,4,0,0,0,0,0,0,0
00-0036629,Camryn Bynum,SAF,IND,4,0,0,0,0,0,0,0
00-0036630,Tylan Wallace,WR,BAL,4,0,0,0,0,2,1,14
00-0036637,Noah Gray,TE,KC,4,0,0,0,0,1,1,1
00-0036642,Tedarrell Slaton,DT,CIN,4,0,0,0,0,0,0,0
00-0036643,K.J. Britt,LB,MIA,4,0,0,0,0,0,0,0
00-0036646,Simi Fehoko,WR,ARI,4,0,0,0,0,0,0,0
00-0036658,Isaiah McDuffie,LB,GB,4,0,0,0,0,0,0,0
00-0036672,Grant Stuard,LB,DET,4,0,0,0,0,0,0,0
00-0036677,Zayne Anderson,SAF,GB,4,0,0,0,0,0,0,0
00-0036683,Devon Key,SAF,DEN,4,0,0,0,0,0,0,0
00-0036695,Naquan Jones,DT,LAC,4,0,0,0,0,0,0,0
00-0036727,Adam Prentice,FB,DEN,4,0,0,1,4,0,0,0
00-0036741,Jack Stoll,TE,NO,4,0,0,0,0,1,1,7
00-0036754,Brock Wright,TE,DET,4,0,0,0,0,0,0,0
00-0036813,Christian Elliss,LB,NE,4,0,0,0,0,0,0,0
00-0036816,Riley Patterson,K,MIA,4,0,0,0,0,0,0,0
00-0036825,Feleipe Franks,TE,ATL,4,0,0,0,0,0,0,0
00-0036844,Garret Wallow,LB,DEN,4,0,0,0,0,0,0,0
00-0036849,Tutu Atwell,WR,LA,4,0,0,0,0,2,1,88
00-0036850,Cameron Sample,DE,CIN,4,0,0,0,0,0,0,0
00-0036854,Evan McPherson,K,CIN,4,0,0,0,0,0,0,0
00-0036862,Ben Skowronek,WR,PIT,4,0,0,0,0,1,0,0
00-0036867,Chris Rumph II,LB,NO,4,0,0,0,0,0,0,0
00-0036871,Nate Hobbs,CB,GB,4,0,0,0,0,0,0,0
00-0036874,Pat Surtain II,CB,DEN,4,0,0,0,0,0,0,0
00-0036875,Rhamondre Stevenson,RB,NE,4,0,0,9,38,1,1,3
00-0036876,Kylen Granson,TE,PHI,4,0,0,0,0,0,0,0
00-0036881,Jay Tufele,DT,NYJ,4,0,0,0,0,0,0,0
00-0036883,Tommy Togiai,DT,HOU,4,0,0,0,0,0,0,0
00-0036887,Luke Farrell,TE,SF,4,0,0,0,0,2,2,20
00-0036900,Ja'Marr Chase,WR,CIN,4,0,0,0,0,8,5,23
00-0036901,Eric Stokes,CB,LV,4,0,0,0,0,0,0,0
00-0036902,Joseph Ossai,DE,CIN,4,0,0,0,0,0,0,0
00-0036903,Bobby Brown III,DT,CAR,4,0,0,0,0,0,0,0
00-0036905,Larry Borom,G,MIA,4,0,0,0,0,0,0,0
00-0036909,Khyiris Tonga,DT,NE,4,0,0,0,0,0,0,0
00-0036912,DeVonta Smith,WR,PHI,4,0,0,0,0,2,2,29
00-0036914,Greg Rousseau,LB,BUF,4,0,0,0,0,0,0,0
00-0036916,Milton Williams,DT,NE,4,0,0,0,0,0,0,0
00-0036919,Kenny Gainwell,RB,PIT,4,0,0,19,99,6,6,35
00-0036922,Patrick Johnson,DE,PHI,4,0,0,0,0,0,0,0
00-0036924,Michael Carter,RB,ARI,4,0,0,1,1,0,0,0
00-0036927,Pete Werner,LB,NO,4,0,0,0,0,0,0,0
00-0036932,Micah Parsons,LB,GB,4,0,0,0,0,0,0,0
00-0036933,Zaven Collins,LB,ARI,4,0,0,0,0,0,0,0
00-0036934,Jaelan Phillips,LB,MIA,4,0,0,0,0,0,0,0
00-0036937,Paulson Adebo,CB,NYG,4,0,0,0,0,0,0,0
00-0036940,Odafe Oweh,LB,BAL,4,0,0,0,0,0,0,0
00-0036941,Andre Cisco,SAF,NYJ,4,0,0,0,0,0,0,0
00-0036942,Osa Odighizuwa,DT,DAL,4,0,0,0,0,0,0,0
00-0036944,Jaycee Horn,CB,CAR,4,0,0,0,0,0,0,0
00-0036945,Justin Fields,QB,NYJ,4,27,226,7,81,0,0,0
00-0036952,Jonathon Cooper,LB,DEN,4,0,0,0,0,0,0,0
00-0036962,Tre'von Moehrig,SAF,CAR,4,0,0,0,0,0,0,0
00-0036963,Amon-Ra St. Brown,WR,DET,4,0,0,0,0,7,7,70
00-0036964,Derrick Barnes,LB,DET,4,0,0,0,0,0,0,0
00-0036967,Joe Tryon-Shoyinka,DE,CLE,4,0,0,0,0,0,0,0
00-0036970,Kyle Pitts,TE,ATL,4,0,0,0,0,5,5,70
00-0036971,Trevor Lawrence,QB,JAX,4,31,174,7,7,0,0,0
00-0036973,Travis Etienne,RB,JAX,4,0,0,19,124,2,1,1
00-0036974,Tyson Campbell,CB,JAX,4,0,0,0,0,0,0,0
00-0036975,Walker Little,OT,JAX,4,0,0,0,0,0,0,0
00-0036980,Elijah Moore,WR,BUF,4,0,0,1,0,0,0,0
00-0036981,Christian Barmore,DT,NE,4,0,0,0,0,0,0,0
00-0036984,Trey Sermon,RB,PIT,4,0,0,0,0,0,0,0
00-0036985,Robert Hainsey,OT,JAX,4,0,0,0,0,0,0,0
00-0036986,Nahshon Wright,CB,CHI,4,0,0,0,0,0,0,0
00-0036987,Brandon Stephens,CB,NYJ,4,0,0,0,0,0,0,0
00-0036988,Josh Palmer,WR,BUF,4,0,0,0,0,3,2,25
00-0036989,Malcolm Koonce,DE,LV,4,0,0,0,0,0,0,0
00-0036990,Divine Deablo,LB,ATL,4,0,0,0,0,0,0,0
00-0036992,Elijah Molden,CB,LAC,4,0,0,0,0,0,0,0
00-0036994,Ernest Jones,LB,SEA,4,0,0,0,0,0,0,0
00-0036995,Baron Browning,LB,ARI,4,0,0,0,0,0,0,0
00-0036996,Greg Newsome II,CB,CLE,4,0,0,0,0,0,0,0
00-0036997,Javonte Williams,RB,DAL,4,0,0,20,85,3,3,15
00-0036998,Jevon Holland,SAF,NYG,4,0,0,0,0,0,0,0
00-0037003,Chazz Surratt,LB,SEA,4,0,0,0,0,0,0,0
00-0037004,Hunter Long,TE,JAX,4,0,0,0,0,3,3,23
00-0037005,Tommy Tremble,TE,CAR,4,0,0,0,0,8,5,42
00-0037034,Dee Alford,CB,ATL,4,0,0,0,0,0,0,0
00-0037073,Jordan Davis,DT,PHI,4,0,0,0,0,0,0,0
00-0037074,Quay Walker,LB,GB,4,0,0,0,0,0,0,0
00-0037075,Devonte Wyatt,DT,GB,4,0,0,0,0,0,0,0
00-0037076,Sean Rhyan,OT,GB,4,0,0,0,0,0,0,0
00-0037079,Riq Woolen,CB,SEA,4,0,0,0,0,0,0,0
00-0037082,Dominique Robinson,DE,CHI,4,0,0,0,0,0,0,0
00-0037083,Kingsley Enagbare,LB,GB,4,0,0,0,0,0,0,0
00-0037085,Tyler Badie,RB,DEN,4,0,0,0,0,2,1,11
00-0037086,Grant Calcaterra,TE,PHI,4,0,0,0,0,2,1,16
00-0037091,Bo Melton,WR,GB,4,0,0,0,0,0,0,0
00-0037093,Dareke Young,WR,SEA,4,0,0,0,0,0,0,0
00-0037096,Elijah Hicks,SAF,CHI,4,0,0,0,0,0,0,0
00-0037106,Jaylon Jones,DB,CHI,4,0,0,0,0,0,0,0
00-0037109,Jack Sanborn,LB,DAL,4,0,0,0,0,0,0,0
00-0037112,Jake Tonges,TE,SF,4,0,0,0,0,5,3,58
00-0037120,Tyler Goodson,RB,IND,4,0,0,0,0,1,1,0
00-0037129,Josh Blackwell,CB,CHI,4,0,0,0,0,0,0,0
00-0037130,Reed Blankenship,SAF,PHI,4,0,0,0,0,0,0,0
00-0037137,Josh Jobe,CB,SEA,4,0,0,0,0,0,0,0
00-0037155,Tony Adams,SAF,NYJ,4,0,0,0,0,0,0,0
00-0037157,Bam Knight,RB,ARI,4,0,0,0,0,0,0,0
00-0037190,Sauce Gardner,CB,NYJ,4,0,0,0,0,0,0,0
00-0037191,Trent McDuffie,CB,KC,4,0,0,0,0,0,0,0
00-0037192,George Karlaftis,DE,KC,4,0,0,0,0,0,0,0
00-0037193,Bryan Cook,SAF,KC,4,0,0,0,0,0,0,0
00-0037194,Darian Kinnard,G,GB,4,0,0,0,0,0,0,0
00-0037195,Jaylen Watson,CB,KC,4,0,0,0,0,0,0,0
00-0037197,Isiah Pacheco,RB,KC,4,0,0,7,35,3,2,13
00-0037205,Brenden Schooler,SAF,NE,4,0,0,0,0,0,0,0
00-0037208,Jack Cochrane,LB,KC,4,0,0,0,0,0,0,0
00-0037224,Cameron Dicker,K,LAC,4,0,0,0,0,0,0,0
00-0037229,Ikem Ekwonu,OT,CAR,4,0,0,0,0,0,0,0
00-0037235,Travon Walker,DE,JAX,4,0,0,0,0,0,0,0
00-0037236,Aidan Hutchinson,DE,DET,4,0,0,0,0,0,0,0
00-0037237,Derek Stingley Jr.,CB,HOU,4,0,0,0,0,0,0,0
00-0037238,Drake London,WR,ATL,4,0,0,0,0,10,8,110
00-0037239,Chris Olave,WR,NO,4,1,0,0,0,6,3,20
00-0037240,Jameson Williams,WR,DET,4,0,0,1,-3,8,2,40
00-0037242,Kaiir Elam,CB,DAL,4,0,0,0,0,0,0,0
00-0037243,Tyler Smith,OT,DAL,4,0,0,0,0,0,0,0
00-0037244,Devin Lloyd,LB,JAX,4,0,0,0,0,0,0,0
00-0037246,Jalen Pitre,SAF,HOU,4,0,0,0,0,0,0,0
00-0037247,George Pickens,WR,DAL,4,0,0,0,0,11,8,134
00-0037248,James Cook,RB,BUF,4,0,0,22,117,4,3,18
00-0037249,Nik Bonitto,LB,DEN,4,0,0,0,0,0,0,0
00-0037253,Marcus Jones,CB,NE,4,0,0,0,0,0,0,0
00-0037254,Terrel Bernard,LB,BUF,4,0,0,0,0,0,0,0
00-0037256,Rachaad White,RB,TB,4,0,0,6,17,5,4,29
00-0037261,Khalil Shakir,WR,BUF,4,0,0,0,0,5,5,69
00-0037262,Thomas Booker,DT,LV,4,0,0,0,0,0,0,0
00-0037263,Tyler Allgeier,RB,ATL,4,0,0,16,51,0,0,0
00-0037267,Jerome Ford,RB,CLE,4,0,0,1,-1,2,1,4
00-0037268,Zyon McCollum,CB,TB,4,0,0,0,0,0,0,0
00-0037271,D'Marco Jackson,LB,CHI,4,0,0,0,0,0,0,0
00-0037275,DaRon Bland,CB,DAL,4,0,0,0,0,0,0,0
00-0037278,Luke Wattenberg,C,DEN,4,0,0,0,0,0,0,0
00-0037280,Matthew Butler,DT,MIA,4,0,0,0,0,0,0,0
00-0037282,James Mitchell,TE,CAR,4,0,0,0,0,2,2,17
00-0037284,Matt Araiza,P,KC,4,0,0,0,0,0,0,0
00-0037288,Christian Benford,CB,BUF,4,0,0,0,0,0,0,0
00-0037291,Jalen Nailor,WR,MIN,4,0,0,0,0,4,1,2
00-0037292,Andrew Ogletree,TE,IND,4,0,0,0,0,0,0,0
00-0037301,Theo Jackson,DB,MIN,4,0,0,0,0,0,0,0
00-0037302,Austin Deculus,OT,LAC,4,0,0,0,0,0,0,0
00-0037304,Connor Heyward,FB,PIT,4,0,0,1,2,0,0,0
00-0037310,James Houston,LB,DAL,4,0,0,0,0,0,0,0
00-0037313,Montaric Brown,CB,JAX,4,0,0,0,0,0,0,0
00-0037315,Cameron Goode,LB,MIA,4,0,0,0,0,0,0,0
00-0037316,Mark Robinson,LB,NYJ,4,0,0,0,0,0,0,0
00-0037321,Chase Lucas,CB,SF,4,0,0,0,0,0,0,0
00-0037323,Rodney Thomas,SAF,IND,4,0,0,0,0,0,0,0
00-0037332,D'Anthony Bell,SAF,SEA,4,0,0,0,0,0,0,0
00-0037348,Tanner Conner,TE,MIA,4,0,0,0,0,0,0,0
00-0037384,Ja'Quan McMillian,CB,DEN,4,0,0,0,0,0,0,0
00-0037447,Tomon Fox,LB,NYG,4,0,0,0,0,0,0,0
00-0037457,Jake Hansen,LB,HOU,4,0,0,0,0,0,0,0
00-0037461,Tristin McCollum,DB,LV,4,0,0,0,0,0,0,0
00-0037500,Ryan Wright,P,MIN,4,0,0,0,0,0,0,0
00-0037512,Isaiah Pola-Mao,SAF,LV,4,0,0,0,0,0,0,0
00-0037524,Tay Martin,WR,WAS,4,0,0,0,0,1,1,14
00-0037525,Jordan Mason,RB,MIN,4,0,0,16,57,3,3,15
00-0037527,Segun Olubi,LB,IND,4,0,0,0,0,0,0,0
00-0037542,John Parker Romo,K,ATL,4,0,0,0,0,0,0,0
00-0037544,Nephi Sewell,LB,NO,4,0,0,0,0,0,0,0
00-0037545,Rashid Shaheed,WR,NO,4,0,0,2,5,5,4,47
00-0037547,Daniel Whelan,P,GB,4,0,0,0,0,0,0,0
00-0037561,Markquese Bell,SAF,DAL,4,0,0,0,0,0,0,0
00-0037578,Juanyeh Thomas,SAF,DAL,4,0,0,0,0,0,0,0
00-0037587,Nate Landman,LB,LA,4,0,0,0,0,0,0,0
00-0037593,Tre Avery,CB,CLE,4,0,0,0,0,0,0,0
00-0037594,Julius Chestnut,RB,TEN,4,0,0,1,0,1,0,0
00-0037596,Jack Gibbens,LB,NE,4,0,0,0,0,0,0,0
00-0037602,Sam Okuayinonu,DT,SF,4,0,0,0,0,0,0,0
00-0037611,Kayvon Thibodeaux,LB,NYG,4,0,0,0,0,0,0,0
00-0037614,John Metchie III,WR,PHI,4,0,0,0,0,2,2,10
00-0037616,Nick Cross,SAF,IND,4,0,0,0,0,0,0,0
00-0037617,Hassan Haskins,RB,LAC,4,0,0,0,0,0,0,0
00-0037633,Jacob Hummel,LB,BAL,4,0,0,0,0,0,0,0
00-0037654,Tucker Fisk,TE,LAC,4,0,0,0,0,1,0,0
00-0037665,Sam Williams,LB,DAL,4,0,0,0,0,0,0,0
00-0037666,Jalen Tolbert,WR,DAL,4,0,0,0,0,6,4,61
00-0037667,Kerby Joseph,SAF,DET,4,0,0,0,0,0,0,0
00-0037692,Brandon Aubrey,K,DAL,4,0,0,0,0,0,0,0
00-0037740,Garrett Wilson,WR,NYJ,4,0,0,0,0,8,6,82
00-0037741,Jahan Dotson,WR,PHI,4,0,0,0,0,0,0,0
00-0037743,Daxton Hill,DB,CIN,4,0,0,0,0,0,0,0
00-0037744,Trey McBride,TE,ARI,4,0,0,0,0,11,7,52
00-0037745,Velus Jones Jr.,WR,NO,4,0,0,0,0,0,0,0
00-0037746,Brian Robinson,RB,SF,4,0,0,5,21,0,0,0
00-0037752,Tycen Anderson,SAF,CIN,4,0,0,0,0,0,0,0
00-0037753,Cam Taylor-Britt,CB,CIN,4,0,0,0,0,0,0,0
00-0037757,Bernhard Raimann,OT,IND,4,0,0,0,0,0,0,0
00-0037758,Cordale Flott,CB,NYG,4,0,0,0,0,0,0,0
00-0037799,Dondrea Tillman,LB,DEN,4,0,0,0,0,0,0,0
00-0037801,KaVontae Turpin,WR,DAL,4,0,0,1,4,4,3,30
00-0037805,Jeremy Ruckert,TE,NYJ,4,0,0,0,0,1,1,23
00-0037808,DeAngelo Malone,LB,ATL,4,0,0,0,0,0,0,0
00-0037809,Chig Okonkwo,TE,TEN,4,0,0,0,0,3,1,4
00-0037811,Chad Muma,LB,IND,4,0,0,0,0,0,0,0
00-0037815,Cameron Thomas,DE,CLE,4,0,0,0,0,0,0,0
00-0037816,Romeo Doubs,WR,GB,4,0,0,0,0,8,6,58
00-0037818,Zion Johnson,G,LAC,4,0,0,0,0,0,0,0
00-0037819,Leo Chenal,LB,KC,4,0,0,0,0,0,0,0
00-0037832,Kalia Davis,DT,SF,4,0,0,0,0,0,0,0
00-0037834,Brock Purdy,QB,SF,4,38,309,2,13,0,0,0
00-0037837,Calvin Austin III,WR,PIT,4,0,0,0,0,2,2,13
00-0037839,Cobie Durant,CB,LA,4,0,0,0,0,0,0,0
00-0037840,Kyren Williams,RB,LA,4,0,0,13,77,4,3,17
00-0037841,Quentin Lake,SAF,LA,4,0,0,0,0,0,0,0
00-0037843,Daniel Hardy,DE,CHI,4,0,0,0,0,0,0,0
00-0038038,Kyle Hamilton,SAF,BAL,4,0,0,0,0,0,0,0
00-0038039,Jack Jones,CB,MIA,4,0,0,0,0,0,0,0
00-0038041,Jake Ferguson,TE,DAL,4,0,0,0,0,7,7,40
00-0038090,Skyy Moore,WR,SF,4,0,0,0,0,1,0,0
00-0038094,Jordan Stout,P,BAL,4,0,0,0,0,0,0,0
00-0038101,Akayleb Evans,CB,CAR,4,0,0,0,0,0,0,0
00-0038104,Tyquan Thornton,WR,KC,4,0,0,0,0,2,1,11
00-0038106,Eyioma Uwazurike,DT,DEN,4,0,0,0,0,0,0,0
00-0038107,Micheal Clemons,DE,NYJ,4,0,0,0,0,0,0,0
00-0038112,Cam Jurgens,C,PHI,4,0,0,0,0,0,0,0
00-0038115,Daniel Bellinger,TE,NYG,4,0,0,0,0,1,1,13
00-0038116,Arnold Ebiketie,LB,ATL,4,0,0,0,0,0,0,0
00-0038117,Wan'Dale Robinson,WR,NYG,4,0,0,0,0,5,3,14
00-0038119,Jalyn Armour-Davis,CB,TEN,4,0,0,0,0,0,0,0
00-0038120,Breece Hall,RB,NYJ,4,0,0,14,81,6,5,30
00-0038121,Alontae Taylor,CB,NO,4,0,0,0,0,0,0,0
00-0038123,Dane Belton,SAF,NYG,4,0,0,0,0,0,0,0
00-0038125,Roger McCreary,CB,TEN,4,0,0,0,0,0,0,0
00-0038127,Logan Hall,DE,TB,4,0,0,0,0,0,0,0
00-0038129,Cade Otton,TE,TB,4,0,0,0,0,4,3,9
00-0038133,Boye Mafe,DE,SEA,4,0,0,0,0,0,0,0
00-0038134,Kenneth Walker III,RB,SEA,4,0,0,19,81,2,1,29
00-0038135,Jaquan Brisker,SAF,CHI,4,0,0,0,0,0,0,0
00-0038136,Coby Bryant,CB,SEA,4,0,0,0,0,0,0,0
00-0038142,David Ojabo,LB,BAL,4,0,0,0,0,0,0,0
00-0038359,Xavier Smith,WR,LA,4,0,0,0,0,0,0,0
00-0038360,Alex Ward,LS,LA,4,0,0,0,0,0,0,0
00-0038381,Kyu Blu Kelly,CB,LV,4,0,0,0,0,0,0,0
00-0038386,Jalen Carter,DT,PHI,4,0,0,0,0,0,0,0
00-0038387,Colby Wooden,DE,GB,4,0,0,0,0,0,0,0
00-0038390,Noah Sewell,LB,CHI,4,0,0,0,0,0,0,0
00-0038393,Dontayvion Wicks,WR,GB,4,0,0,0,0,4,2,19
00-0038398,Karl Brooks,DT,GB,4,0,0,0,0,0,0,0
00-0038408,Carrington Valentine,DB,GB,4,0,0,0,0,0,0,0
00-0038412,Moro Ojomo,DT,PHI,4,0,0,0,0,0,0,0
00-0038428,Andre Szmyt,K,CLE,4,0,0,0,0,0,0,0
00-0038440,Zavier Scott,RB,MIN,4,0,0,2,1,8,6,43
00-0038465,Malik Heath,WR,GB,4,0,0,0,0,1,1,9
00-0038493,Claudin Cherelus,LB,CAR,4,0,0,0,0,0,0,0
00-0038504,Trenton Simpson,LB,BAL,4,0,0,0,0,0,0,0
00-0038505,Tavius Robinson,LB,BAL,4,0,0,0,0,0,0,0
00-0038519,Nikko Remigio,WR,KC,4,0,0,0,0,0,0,0
00-0038535,DJ Johnson,DE,CAR,4,0,0,0,0,0,0,0
00-0038540,Paris Johnson Jr.,OT,ARI,4,0,0,0,0,0,0,0
00-0038541,Tyree Wilson,DE,LV,4,0,0,0,0,0,0,0
00-0038542,Bijan Robinson,RB,ATL,4,0,0,17,75,5,4,106
00-0038543,Jaxon Smith-Njigba,WR,SEA,4,0,0,3,11,5,4,79
00-0038544,Quentin Johnston,WR,LAC,4,0,0,0,0,13,8,98
00-0038545,Mazi Smith,DT,DAL,4,0,0,0,0,0,0,0
00-0038546,Myles Murphy,DE,CIN,4,0,0,0,0,0,0,0
00-0038547,Luke Schoonmaker,TE,DAL,4,0,0,0,0,2,2,8
00-0038549,DJ Turner II,CB,CIN,4,0,0,0,0,0,0,0
00-0038551,Kendre Miller,RB,NO,4,0,0,11,65,0,0,0
00-0038552,Riley Moss,CB,DEN,4,0,0,0,0,0,0,0
00-0038553,Daiyan Henley,LB,LAC,4,0,0,0,0,0,0,0
00-0038555,Tank Bigsby,RB,PHI,4,0,0,0,0,0,0,0
00-0038557,Dorian Williams,LB,BUF,4,0,0,0,0,0,0,0
00-0038558,Darnell Washington,TE,PIT,4,0,0,0,0,3,3,20
00-0038559,Michael Wilson,WR,ARI,4,0,0,0,0,6,3,15
00-0038560,Jordan Battle,SAF,CIN,4,0,0,0,0,0,0,0
00-0038563,Tre Tucker,WR,LV,4,0,0,2,9,2,2,13
00-0038564,Cameron Latu,TE,PHI,4,0,0,0,0,0,0,0
00-0038565,Mekhi Blackmon,DB,IND,4,0,0,0,0,0,0,0
00-0038567,Chad Ryland,K,ARI,4,0,0,0,0,0,0,0
00-0038568,Clark Phillips III,CB,ATL,4,0,0,0,0,0,0,0
00-0038574,Isaiah McGuire,DE,CLE,4,0,0,0,0,0,0,0
00-0038576,Charlie Jones,WR,CIN,4,0,0,0,0,0,0,0
00-0038577,Nick Herbig,LB,PIT,4,0,0,0,0,0,0,0
00-0038578,Jay Ward,SAF,MIN,4,0,0,0,0,0,0,0
00-0038588,Jordan Howden,SAF,NO,4,0,0,0,0,0,0,0
00-0038590,Justin Shorter,TE,LV,4,0,0,0,0,0,0,0
00-0038594,Darrell Luter Jr.,CB,SF,4,0,0,0,0,0,0,0
00-0038596,Antonio Johnson,SAF,JAX,4,0,0,0,0,0,0,0
00-0038597,Chase Brown,RB,CIN,4,0,0,10,40,3,3,31
00-0038599,Henry To'oTo'o,LB,HOU,4,0,0,0,0,0,0,0
00-0038600,Owen Pappoe,LB,ARI,4,0,0,0,0,0,0,0
00-0038602,Chris Smith II,S,LV,4,0,0,0,0,0,0,0
00-0038606,Parker Washington,WR,JAX,4,0,0,1,-1,2,0,0
00-0038608,Kayshon Boutte,WR,NE,4,0,0,0,0,3,1,18
00-0038610,Bryce Baringer,P,NE,4,0,0,0,0,0,0,0
00-0038611,Chris Rodriguez Jr.,RB,WAS,4,0,0,7,59,0,0,0
00-0038614,Scott Matlock,DT,LAC,4,0,0,0,0,1,1,1
00-0038618,Xavier Hutchinson,WR,HOU,4,0,0,0,0,3,2,17
00-0038619,Andrei Iosivas,WR,CIN,4,0,0,1,5,1,1,22
00-0038623,Dante Stills,DT,ARI,4,0,0,0,0,0,0,0
00-0038625,Dee Winters,LB,SF,4,0,0,0,0,0,0,0
00-0038628,DeMarcco Hellams,SAF,ATL,4,0,0,0,0,0,0,0
00-0038643,Brayden Willis,TE,SF,4,0,0,0,0,0,0,0
00-0038646,Alex Austin,CB,NE,4,0,0,0,0,0,0,0
00-0038653,Cory Durden,DT,NE,4,0,0,0,0,0,0,0
00-0038660,Trevor Nowaske,LB,DET,4,0,0,0,0,0,0,0
00-0038679,Tyrell Shavers,WR,BUF,4,0,0,0,0,0,0,0
00-0038685,Chris Brooks,RB,GB,4,0,0,0,0,1,1,1
00-0038694,Brandon Pili,DT,SEA,4,0,0,0,0,0,0,0
00-0038705,Emari Demercado,RB,ARI,4,0,0,2,8,2,2,13
00-0038710,Blake Whiteheart,TE,CLE,4,0,0,0,0,1,0,0
00-0038711,Mohamoud Diabate,LB,CLE,4,0,0,0,0,0,0,0
00-0038715,Ronnie Hickman Jr.,SAF,CLE,4,0,0,0,0,0,0,0
00-0038720,Julian Hill,TE,MIA,4,0,0,0,0,2,1,19
00-0038738,Hunter Luepke,RB,DAL,4,0,0,1,6,1,0,0
00-0038742,Tyrus Wheat,LB,DET,4,0,0,0,0,0,0,0
00-0038752,Jake Bobo,WR,SEA,4,0,0,0,0,1,1,17
00-0038778,Jalen Redmond,DL,MIN,4,0,0,0,0,0,0,0
00-0038783,Nate Adkins,TE,DEN,4,0,0,0,0,3,2,5
00-0038788,Art Green,CB,NYG,4,0,0,0,0,0,0,0
00-0038791,Thomas Incoom,LB,CAR,4,0,0,0,0,0,0,0
00-0038795,PJ Mustipher,DT,ARI,4,0,0,0,0,0,0,0
00-0038796,Alex Palczewski,OT,DEN,4,0,0,0,0,0,0,0
00-0038797,Emanuel Wilson,RB,GB,4,0,0,8,44,3,3,37
00-0038807,Ivan Pace Jr.,LB,MIN,4,0,0,0,0,0,0,0
00-0038823,Kaevon Merriweather,SAF,TB,4,0,0,0,0,0,0,0
00-0038839,Mitchell Tinsley,WR,CIN,4,0,0,0,0,2,1,9
00-0038840,Brycen Tremayne,WR,CAR,4,0,0,0,0,4,3,36
00-0038851,Caleb Murphy,LB,LAC,4,0,0,0,0,0,0,0
00-0038890,Shaka Heyward,LB,CIN,4,0,0,0,0,0,0,0
00-0038896,Jacob Saylors,RB,DET,4,0,0,2,11,0,0,0
00-0038905,Blake Grupe,K,NO,4,0,0,0,0,0,0,0
00-0038922,Drake Thomas,LB,SEA,4,0,0,0,0,0,0,0
00-0038933,Dalton Kincaid,TE,BUF,4,0,0,0,0,2,1,28
00-0038934,Anton Harrison,OT,JAX,4,0,0,0,0,0,0,0
00-0038935,Brenton Strange,TE,JAX,4,0,0,0,0,7,6,45
00-0038940,Tyler Lacy,DE,DET,4,0,0,0,0,0,0,0
00-0038951,Sean Tucker,RB,TB,4,0,0,0,0,0,0,0
00-0038958,Markees Watts,LB,TB,4,0,0,0,0,0,0,0
00-0038976,Marvin Mims Jr.,WR,DEN,4,0,0,1,16,6,6,69
00-0038978,Byron Young,DT,PHI,4,0,0,0,0,0,0,0
00-0038979,Cedric Tillman,WR,CLE,4,0,0,0,0,2,1,6
00-0038980,Zach Harrison,DE,ATL,4,0,0,0,0,0,0,0
00-0038981,Wanya Morris,OT,KC,4,0,0,0,0,0,0,0
00-0038982,Chamarri Conner,DB,KC,4,0,0,0,0,0,0,0
00-0038984,Kei'Trel Clark,CB,ARI,4,0,0,0,0,0,0,0
00-0038986,Nic Jones,CB,NYG,4,0,0,0,0,0,0,0
00-0038994,Jordan Addison,WR,MIN,4,0,0,0,0,8,4,114
00-0038995,Bryan Bresee,DT,NO,4,0,0,0,0,0,0,0
00-0038996,Tucker Kraft,TE,GB,4,0,0,0,0,5,5,56
00-0038997,Josh Downs,WR,IND,4,0,0,0,0,5,4,24
00-0039000,Deonte Banks,CB,NYG,4,0,0,0,0,0,0,0
00-0039002,Sydney Brown,SAF,PHI,4,0,0,0,0,0,0,0
00-0039018,Jack Campbell,LB,DET,4,0,0,0,0,0,0,0
00-0039019,John Michael Schmitz,C,NYG,4,0,0,0,0,0,0,0
00-0039021,Roschon Johnson,RB,CHI,4,0,0,0,0,0,0,0
00-0039030,Jake Andrews,C,HOU,4,0,0,0,0,0,0,0
00-0039031,Adetomiwa Adebawore,DT,IND,4,0,0,0,0,0,0,0
00-0039040,De'Von Achane,RB,MIA,4,0,0,20,99,2,1,2
00-0039041,Elijah Higgins,TE,ARI,4,0,0,0,0,0,0,0
00-0039047,Derick Hall,LB,SEA,4,0,0,0,0,0,0,0
00-0039049,SirVocea Dennis,LB,TB,4,0,0,0,0,0,0,0
00-0039050,Payne Durham,TE,TB,4,0,0,0,0,0,0,0
00-0039051,Josh Hayes,DB,TB,4,0,0,0,0,0,0,0
00-0039054,Marte Mapu,LB,NE,4,0,0,0,0,0,0,0
00-0039059,Ethan Evans,P,LA,4,0,0,0,0,0,0,0
00-0039064,Zay Flowers,WR,BAL,4,0,0,0,0,8,7,74
00-0039065,Sam LaPorta,TE,DET,4,0,0,0,0,4,3,39
00-0039068,Yaya Diaby,LB,TB,4,0,0,0,0,0,0,0
00-0039070,Gervon Dexter Sr.,DT,CHI,4,0,0,0,0,0,0,0
00-0039071,Tyrique Stevenson,CB,CHI,4,0,0,0,0,0,0,0
00-0039074,Davis Allen,TE,LA,4,0,0,0,0,1,1,0
00-0039075,Puka Nacua,WR,LA,4,0,0,0,0,15,13,170
00-0039108,Will Anderson Jr.,DE,HOU,4,0,0,0,0,0,0,0
00-0039109,Broderick Jones,OT,PIT,4,0,0,0,0,0,0,0
00-0039110,Keeanu Benton,DT,PIT,4,0,0,0,0,0,0,0
00-0039111,Tuli Tuipulotu,LB,LAC,4,0,0,0,0,0,0,0
00-0039137,Byron Young,LB,LA,4,0,0,0,0,0,0,0
00-0039138,Kobie Turner,DE,LA,4,0,0,0,0,0,0,0
00-0039139,Jahmyr Gibbs,RB,DET,4,0,0,15,91,2,2,6
00-0039140,Kelee Ringo,CB,PHI,4,0,0,0,0,0,0,0
00-0039141,Brian Branch,CB,DET,4,0,0,0,0,0,0,0
00-0039142,Will McDonald IV,DE,NYJ,4,0,0,0,0,0,0,0
00-0039144,Luke Musgrave,TE,GB,4,0,0,0,0,1,1,6
00-0039145,Joe Tippmann,C,NYJ,4,0,0,0,0,0,0,0
00-0039147,Christian Gonzalez,CB,NE,4,0,0,0,0,0,0,0
00-0039148,Keion White,DE,NE,4,0,0,0,0,0,0,0
00-0039149,Quan Martin,SAF,WAS,4,0,0,0,0,0,0,0
00-0039150,Bryce Young,QB,CAR,4,30,150,1,3,0,0,0
00-0039151,Emmanuel Forbes,CB,LA,4,0,0,0,0,0,0,0
00-0039163,C.J. Stroud,QB,HOU,4,28,233,4,11,0,0,0
00-0039165,Zach Charbonnet,RB,SEA,4,0,0,12,39,2,2,5
00-0039169,Devon Witherspoon,CB,SEA,4,0,0,0,0,0,0,0
00-0039172,Jake Bates,K,DET,4,0,0,0,0,0,0,0
00-0039176,Basil Okoye,DT,BAL,4,0,0,0,0,0,0,0
00-0039178,Austin Ajiake,LB,IND,4,0,0,0,0,0,0,0
00-0039232,Nate Wiggins,CB,BAL,4,0,0,0,0,0,0,0
00-0039233,Roger Rosengarten,OT,BAL,4,0,0,0,0,0,0,0
00-0039234,T.J. Tampa,CB,BAL,4,0,0,0,0,0,0,0
00-0039299,George Holani,RB,SEA,4,0,0,0,0,0,0,0
00-0039309,Byron Murphy II,DT,SEA,4,0,0,0,0,0,0,0
00-0039323,Ryan Rehkow,P,CIN,4,0,0,0,0,0,0,0
00-0039324,Christian Roland-Wallace,CB,KC,4,0,0,0,0,0,0,0
00-0039337,Malik Nabers,WR,NYG,4,0,0,0,0,3,2,20
00-0039338,Brock Bowers,TE,LV,4,0,0,0,0,6,5,46
00-0039339,Taliese Fuaga,OT,NO,4,0,0,0,0,0,0,0
00-0039340,Laiatu Latu,DE,IND,4,0,0,0,0,0,0,0
00-0039343,Kamari Lassiter,CB,HOU,4,0,0,0,0,0,0,0
00-0039347,Trevin Wallace,LB,CAR,4,0,0,0,0,0,0,0
00-0039352,Marist Liufau,LB,DAL,4,0,0,0,0,0,0,0
00-0039353,Jarrian Jones,CB,JAX,4,0,0,0,0,0,0,0
00-0039355,Luke McCaffrey,WR,WAS,4,0,0,0,0,3,2,21
00-0039361,Bucky Irving,RB,TB,4,0,0,15,63,5,5,102
00-0039366,Tarheeb Still,CB,LAC,4,0,0,0,0,0,0,0
00-0039369,Cam Hart,CB,LAC,4,0,0,0,0,0,0,0
00-0039370,JD Bertrand,LB,ATL,4,0,0,0,0,0,0,0
00-0039374,Tommy Eichenberg,LB,LV,4,0,0,0,0,0,0,0
00-0039375,Josh Newton,CB,CIN,4,0,0,0,0,0,0,0
00-0039376,Spencer Rattler,QB,NO,4,27,126,6,49,1,0,0
00-0039380,Chau Smith-Wade,CB,CAR,4,0,0,0,0,0,0,0
00-0039391,Kimani Vidal,RB,LAC,4,0,0,0,0,0,0,0
00-0039394,Casey Washington,WR,ATL,4,0,0,0,0,3,1,19
00-0039395,Jamal Hill,LB,HOU,4,0,0,0,0,0,0,0
00-0039401,Khristian Boyd,DT,NO,4,0,0,0,0,0,0,0
00-0039404,Will Reichard,K,MIN,4,0,0,0,0,0,0,0
00-0039407,Dylan Laube,RB,LV,4,0,0,0,0,0,0,0
00-0039408,Christian Mahogany,G,DET,4,0,0,0,0,0,0,0
00-0039409,Cam Little,K,JAX,4,0,0,0,0,0,0,0
00-0039410,Ryan Flournoy,WR,DAL,4,0,0,1,12,2,2,14
00-0039412,Javontae Jean-Baptiste,LB,WAS,4,0,0,0,0,0,0,0
00-0039417,Myles Harden,CB,CLE,4,0,0,0,0,0,0,0
00-0039421,Levi Drake Rodriguez,DL,MIN,4,0,0,0,0,0,0,0
00-0039422,Nathan Thomas,OT,DAL,4,0,0,0,0,0,0,0
00-0039423,Jonah Laulu,DT,LV,4,0,0,0,0,0,0,0
00-0039431,Jowon Briggs,DE,NYJ,4,0,0,0,0,0,0,0
00-0039436,Jaylen Harrell,DE,TEN,4,0,0,0,0,0,0,0
00-0039451,Isaiah Williams,WR,NYJ,4,0,0,0,0,0,0,0
00-0039459,Theo Benedet,OL,CHI,4,0,0,0,0,0,0,0
00-0039460,Carl Jones,LB,CHI,4,0,0,0,0,0,0,0
00-0039465,Reddy Steward,DB,DAL,4,0,0,0,0,0,0,0
00-0039521,Xavier Weaver,WR,ARI,4,0,0,0,0,1,0,0
00-0039576,Spencer Shrader,K,IND,4,0,0,0,0,0,0,0
00-0039578,Dalton Tucker,G,IND,4,0,0,0,0,0,0,0
00-0039589,Kameron Johnson,WR,TB,4,0,0,0,0,0,0,0
00-0039596,Rashad Wisdom,SAF,TB,4,0,0,0,0,0,0,0
00-0039632,PJ Jules,SAF,CIN,4,0,0,0,0,0,0,0
00-0039634,Austin McNamara,P,NYJ,4,0,0,0,0,0,0,0
00-0039681,Tyler Owens,DB,WAS,4,0,0,0,0,0,0,0
00-0039686,Colson Yankoff,TE,WAS,4,0,0,0,0,0,0,0
00-0039692,Dell Pettus,SAF,NE,4,0,0,0,0,0,0,0
00-0039718,Bo Richter,LB,MIN,4,0,0,0,0,0,0,0
00-0039732,Bo Nix,QB,DEN,4,42,326,6,7,0,0,0
00-0039733,Ruke Orhorhoro,DT,ATL,4,0,0,0,0,0,0,0
00-0039734,Braden Fiske,DT,LA,4,0,0,0,0,0,0,0
00-0039735,Jackson Powers-Johnson,C,LV,4,0,0,0,0,0,0,0
00-0039738,Blake Corum,RB,LA,4,0,0,9,21,4,2,-5
00-0039740,Jalyx Hunt,LB,PHI,4,0,0,0,0,0,0,0
00-0039741,Payton Wilson,LB,PIT,4,0,0,0,0,0,0,0
00-0039745,Tory Taylor,P,CHI,4,0,0,0,0,0,0,0
00-0039746,Will Shipley,RB,PHI,4,0,0,0,0,1,0,0
00-0039749,Tyler Davis,DE,LA,4,0,0,0,0,0,0,0
00-0039750,Joshua Karty,K,LA,4,0,0,0,0,0,0,0
00-0039751,Jordan Whittington,WR,LA,4,0,0,0,0,1,1,7
00-0039754,Devin Culp,TE,TB,4,0,0,0,0,0,0,0
00-0039755,KT Leveston,OT,CLE,4,0,0,0,0,0,0,0
00-0039763,Joe Andreessen,LB,BUF,4,0,0,0,0,0,0,0
00-0039770,Charles Woods,CB,NE,4,0,0,0,0,0,0,0
00-0039772,Josh Wallace,CB,LA,4,0,0,0,0,0,0,0
00-0039774,Omar Speights,LB,LA,4,0,0,0,0,0,0,0
00-0039776,Jaylen McCollough,SAF,LA,4,0,0,0,0,0,0,0
00-0039783,Anthony Goodlow,DE,ARI,4,0,0,0,0,0,0,0
00-0039792,Devontez Walker,WR,BAL,4,0,0,0,0,0,0,0
00-0039793,AJ Barner,TE,SEA,4,0,0,0,0,3,3,32
00-0039794,Braelon Allen,RB,NYJ,4,0,0,4,26,0,0,0
00-0039795,Nehemiah Pritchett,CB,SEA,4,0,0,0,0,0,0,0
00-0039796,Rasheen Ali,RB,BAL,4,0,0,0,0,0,0,0
00-0039798,Isaiah Davis,RB,NYJ,4,0,0,3,9,2,2,18
00-0039807,Max Melton,CB,ARI,4,0,0,0,0,0,0,0
00-0039813,Evan Williams,SAF,GB,4,0,0,0,0,0,0,0
00-0039815,Tyrice Knight,LB,SEA,4,0,0,0,0,0,0,0
00-0039816,Anthony Gould,WR,IND,4,0,0,0,0,0,0,0
00-0039821,Andru Phillips,DB,NYG,4,0,0,0,0,0,0,0
00-0039825,Jaden Hicks,SAF,KC,4,0,0,0,0,0,0,0
00-0039826,Jeremiah Trotter Jr.,LB,PHI,4,0,0,0,0,0,0,0
00-0039829,Darius Muasau,LB,NYG,4,0,0,0,0,0,0,0
00-0039834,Kamren Kinchens,SAF,LA,4,0,0,0,0,0,0,0
00-0039835,Justin Eboigbe,DT,LAC,4,0,0,0,0,0,0,0
00-0039841,Cooper DeJean,CB,PHI,4,0,0,0,0,0,0,0
00-0039846,Tykee Smith,DB,TB,4,0,0,0,0,0,0,0
00-0039847,Theo Johnson,TE,NYG,4,0,0,0,0,5,3,17
00-0039849,Marvin Harrison Jr.,WR,ARI,4,0,0,0,0,10,6,66
00-0039850,Edgerrin Cooper,LB,GB,4,0,0,0,0,0,0,0
00-0039851,Drake Maye,QB,NE,4,17,203,3,11,0,0,0
00-0039852,Jared Verse,DE,LA,4,0,0,0,0,0,0,0
00-0039854,Darius Robinson,DL,ARI,4,0,0,0,0,0,0,0
00-0039858,Cedric Gray,LB,TEN,4,0,0,0,0,0,0,0
00-0039859,Brandon Dorlus,DE,ATL,4,0,0,0,0,0,0,0
00-0039860,Kool-Aid McKinstry,CB,NO,4,0,0,0,0,0,0,0
00-0039861,Tyler Nubin,SAF,NYG,4,0,0,0,0,0,0,0
00-0039864,Dadrion Taylor-Demerson,SAF,ARI,4,0,0,0,0,0,0,0
00-0039867,Javon Bullard,SAF,GB,4,0,0,0,0,0,0,0
00-0039868,Troy Franklin,WR,DEN,4,0,0,0,0,8,4,55
00-0039872,Cole Bishop,SAF,BUF,4,0,0,0,0,0,0,0
00-0039875,Ray Davis,RB,BUF,4,0,0,1,3,0,0,0
00-0039879,Javon Solomon,LB,BUF,4,0,0,0,0,0,0,0
00-0039880,Malik Washington,WR,MIA,4,0,0,2,8,3,2,13
00-0039888,Quinyon Mitchell,CB,PHI,4,0,0,0,0,0,0,0
00-0039889,Maason Smith,DT,JAX,4,0,0,0,0,0,0,0
00-0039890,Adonai Mitchell,WR,IND,4,0,0,0,0,4,3,96
00-0039893,Brian Thomas Jr.,WR,JAX,4,0,0,1,7,7,5,49
00-0039894,Xavier Worthy,WR,KC,4,0,0,2,38,8,5,83
00-0039898,Mike Sainristil,CB,WAS,4,0,0,0,0,0,0,0
00-0039899,Patrick Paul,OT,MIA,4,0,0,0,0,0,0,0
00-0039900,Marshawn Kneeland,DE,DAL,4,0,0,0,0,0,0,0
00-0039901,Keon Coleman,WR,BUF,4,0,0,0,0,4,3,45
00-0039902,Chris Braswell,LB,TB,4,0,0,0,0,0,0,0
00-0039903,Terrion Arnold,CB,DET,4,0,0,0,0,0,0,0
00-0039904,Jordan Morgan,OT,GB,4,0,0,0,0,0,0,0
00-0039906,Jer'Zhan Newton,DT,WAS,4,0,0,0,0,0,0,0
00-0039908,Kris Jenkins,DT,CIN,4,0,0,0,0,0,0,0
00-0039912,Ben Sinnott,TE,WAS,4,0,0,0,0,0,0,0
00-0039915,Ladd McConkey,WR,LAC,4,0,0,0,0,6,1,11
00-0039916,Ricky Pearsall,WR,SF,4,0,0,0,0,5,4,46
00-0039917,Michael Penix Jr.,QB,ATL,4,26,313,4,2,0,0,0
00-0039918,Caleb Williams,QB,CHI,4,37,212,8,13,0,0,0
00-0039919,Rome Odunze,WR,CHI,4,0,0,0,0,8,4,69
00-0039921,Trey Benson,RB,ARI,4,0,0,8,35,5,5,19
00-0039924,Dallas Turner,LB,MIN,4,0,0,0,0,0,0,0
00-0039925,Amarius Mims,OT,CIN,4,0,0,0,0,0,0,0
00-0039934,Jude McAtamney,K,NYG,4,0,0,0,0,0,0,0
00-0040009,Savion Williams,WR,GB,4,0,0,1,1,3,3,22
00-0040011,Shemar James,LB,DAL,4,0,0,0,0,0,0,0
00-0040041,Nazir Stackhouse,DT,GB,4,0,0,0,0,0,0,0
00-0040069,Teddye Buchanan,LB,BAL,4,0,0,0,0,0,0,0
00-0040071,Mac McWilliams,CB,PHI,4,0,0,0,0,0,0,0
00-0040074,Tyler Loop,K,BAL,4,0,0,0,0,0,0,0
00-0040076,Aeneas Peebles,DT,BAL,4,0,0,0,0,0,0,0
00-0040078,Brashard Smith,RB,KC,4,0,0,4,9,4,3,27
00-0040100,Jay Higgins,LB,BAL,4,0,0,0,0,0,0,0
00-0040118,Cooper McDonald,LB,KC,4,0,0,0,0,0,0,0
00-0040122,Ashton Jeanty,RB,LV,4,0,0,21,138,2,2,17
00-0040123,Armand Membou,OT,NYJ,4,0,0,0,0,0,0,0
00-0040124,Tetairoa McMillan,WR,CAR,4,0,0,0,0,8,4,62
00-0040127,Kenneth Grant,DT,MIA,4,0,0,0,0,0,0,0
00-0040128,Tyler Warren,TE,IND,4,0,0,2,3,6,5,70
00-0040129,Emeka Egbuka,WR,TB,4,0,0,1,0,10,4,101
00-0040130,Jayden Higgins,WR,HOU,4,0,0,0,0,1,1,24
00-0040131,Kyle Williams,WR,NE,4,0,0,1,-2,0,0,0
00-0040134,Pat Bryant,WR,DEN,4,0,0,0,0,1,0,0
00-0040136,Princely Umanmielen,LB,CAR,4,0,0,0,0,0,0,0
00-0040137,Jordan Burch,LB,ARI,4,0,0,0,0,0,0,0
00-0040138,Jaylin Noel,WR,HOU,4,0,0,1,2,1,1,-2
00-0040140,Dylan Fairchild,G,CIN,4,0,0,0,0,0,0,0
00-0040142,Kaleb Johnson,RB,PIT,4,0,0,6,22,1,0,0
00-0040143,Jacob Parrish,CB,TB,4,0,0,0,0,0,0,0
00-0040144,Jamaree Caldwell,DT,LAC,4,0,0,0,0,0,0,0
00-0040148,Xavier Watts,SAF,ATL,4,0,0,0,0,0,0,0
00-0040152,Upton Stout,CB,SF,4,0,0,0,0,0,0,0
00-0040154,Tai Felton,WR,MIN,4,0,0,0,0,0,0,0
00-0040155,Danny Stutsman,LB,NO,4,0,0,0,0,0,0,0
00-0040156,Billy Bowman Jr.,CB,ATL,4,0,0,0,0,0,0,0
00-0040157,Barrett Carter,LB,CIN,4,0,0,0,0,0,0,0
00-0040159,Lathan Ransom,SAF,CAR,4,0,0,0,0,0,0,0
00-0040160,Jack Sawyer,LB,PIT,4,0,0,0,0,0,0,0
00-0040162,Dylan Sampson,RB,CLE,4,0,0,1,-2,1,0,0
00-0040164,Jaylin Lane,WR,WAS,4,0,0,0,0,3,2,18
00-0040165,Malachi Moore,SAF,NYJ,4,0,0,0,0,0,0,0
00-0040166,Quincy Riley,CB,NO,4,0,0,0,0,0,0,0
00-0040170,Elic Ayomanor,WR,TEN,4,0,0,0,0,7,2,44
00-0040171,Joshua Farmer,DT,NE,4,0,0,0,0,0,0,0
00-0040174,Cam Jackson,DT,CAR,4,0,0,0,0,0,0,0
00-0040175,Jordan Phillips,DT,MIA,4,0,0,0,0,0,0,0
00-0040182,Dante Trader Jr.,SAF,MIA,4,0,0,0,0,0,0,0
00-0040183,Elijah Roberts,DE,TB,4,0,0,0,0,0,0,0
00-0040184,KeAndre Lambert-Smith,WR,LAC,4,0,0,0,0,0,0,0
00-0040185,Marques Sigle,SAF,SF,4,0,0,0,0,0,0,0
00-0040186,Francisco Mauigoa,LB,NYJ,4,0,0,0,0,0,0,0
00-0040187,Mitchell Evans,TE,CAR,4,0,0,0,0,4,3,23
00-0040189,Oronde Gadsden II,TE,LAC,4,0,0,0,0,3,2,16
00-0040192,Jordan Hancock,CB,BUF,4,0,0,0,0,0,0,0
00-0040194,Jackson Hawes,TE,BUF,4,0,0,0,0,1,1,15
00-0040195,Denzel Burke,CB,ARI,4,0,0,0,0,0,0,0
00-0040196,Tyler Baron,DE,NYJ,4,0,0,0,0,0,0,0
00-0040197,Dorian Strong,CB,BUF,4,0,0,0,0,0,0,0
00-0040198,Ollie Gordon II,RB,MIA,4,0,0,6,10,1,0,0
00-0040199,JJ Pegues,DT,LV,4,0,0,0,0,0,0,0
00-0040200,Andy Borregales,K,NE,4,0,0,0,0,0,0,0
00-0040201,Marcus Harris,CB,TEN,4,0,0,0,0,0,0,0
00-0040208,Tahj Brooks,RB,CIN,4,0,0,0,0,0,0,0
00-0040213,Rayuan Lane III,SAF,JAX,4,0,0,0,0,0,0,0
00-0040214,Kobe King,LB,MIN,4,0,0,0,0,0,0,0
00-0040223,Jeremy Crawshaw,P,DEN,4,0,0,0,0,0,0,0
00-0040230,Kitan Crawford,SAF,ARI,4,0,0,0,0,0,0,0
00-0040231,Carson Bruener,LB,PIT,4,0,0,0,0,0,0,0
00-0040236,Kyle Monangai,RB,CHI,4,0,0,4,18,0,0,0
00-0040237,Tez Johnson,WR,TB,4,0,0,1,5,1,1,8
00-0040238,LeQuint Allen Jr.,RB,JAX,4,0,0,0,0,1,1,7
00-0040242,Jacory Croskey-Merritt,RB,WAS,4,0,0,7,47,2,2,10
00-0040255,Adin Huntington,DE,CLE,4,0,0,0,0,0,0,0
00-0040277,Jahdae Walker,WR,CHI,4,0,0,0,0,0,0,0
00-0040279,Ryan Fitzgerald,K,CAR,4,0,0,0,0,0,0,0
00-0040347,Johnathan Edwards,DB,IND,4,0,0,0,0,0,0,0
00-0040384,Elijah Simmons,DL,TB,4,0,0,0,0,0,0,0
00-0040416,John Bullock,LB,TB,4,0,0,0,0,0,0,0
00-0040449,Karene Reid,LB,DEN,4,0,0,0,0,0,0,0
00-0040460,Marlowe Wax,LB,LAC,4,0,0,0,0,0,0,0
00-0040506,Myles Price,WR,MIN,4,0,0,0,0,0,0,0
00-0040577,Jalon Walker,LB,ATL,4,0,0,0,0,0,0,0
00-0040579,Carson Schwesinger,LB,CLE,4,0,0,0,0,0,0,0
00-0040580,Josaiah Stewart,LB,LA,4,0,0,0,0,0,0,0
00-0040581,Dont'e Thornton Jr.,WR,LV,4,0,0,0,0,2,0,0
00-0040583,Woody Marks,RB,HOU,4,0,0,17,69,5,4,50
00-0040584,Gunnar Helm,TE,TEN,4,0,0,0,0,1,1,12
00-0040585,Ty Hamilton,DT,LA,4,0,0,0,0,0,0,0
00-0040613,Shaun Dolac,LB,LA,4,0,0,0,0,0,0,0
00-0040624,Elijah Williams,DE,MIN,4,0,0,0,0,0,0,0
00-0040636,Keyon Martin,CB,BAL,4,0,0,0,0,0,0,0
00-0040640,Ashton Gillotte,DE,KC,4,0,0,0,0,0,0,0
00-0040643,Jonas Sanker,SAF,NO,4,0,0,0,0,0,0,0
00-0040644,Trevor Etienne,RB,CAR,4,0,0,7,33,0,0,0
00-0040645,Cody Simon,LB,ARI,4,0,0,0,0,0,0,0
00-0040646,Jalen Royals,WR,KC,4,0,0,0,0,0,0,0
00-0040648,Tory Horton,WR,SEA,4,0,0,0,0,2,1,10
00-0040654,Kai Kroeger,P,NO,4,0,0,0,0,0,0,0
00-0040660,Mykel Williams,DE,SF,4,0,0,0,0,0,0,0
00-0040663,Harold Fannin Jr.,TE,CLE,4,0,0,1,1,6,2,24
00-0040666,Omarion Hampton,RB,LAC,4,0,0,12,128,5,5,37
00-0040667,Matthew Golden,WR,GB,4,0,0,1,5,6,5,58
00-0040670,Nohl Williams,CB,KC,4,0,0,0,0,0,0,0
00-0040676,Cam Ward,QB,TEN,4,26,108,2,22,0,0,0
00-0040677,Abdul Carter,LB,NYG,4,0,0,0,0,0,0,0
00-0040678,Derrick Harmon,DT,PIT,4,0,0,0,0,0,0,0
00-0040685,Mason Graham,DT,CLE,4,0,0,0,0,0,0,0
00-0040688,Malaki Starks,SAF,BAL,4,0,0,0,0,0,0,0
00-0040691,Jaxson Dart,QB,NYG,4,20,111,10,54,0,0,0
00-0040704,Dillon Gabriel,QB,CLE,4,1,0,0,0,0,0,0
00-0040705,Chimere Dike,WR,TEN,4,0,0,1,-4,0,0,0
00-0040708,Jihaad Campbell,LB,PHI,4,0,0,0,0,0,0,0
00-0040710,Deone Walker,DT,BUF,4,0,0,0,0,0,0,0
00-0040715,Cam Skattebo,RB,NYG,4,0,0,25,79,2,2,11
00-0040716,Craig Woodson,SAF,NE,4,0,0,0,0,0,0,0
00-0040718,Travis Hunter,CB,JAX,4,0,0,0,0,5,3,42
00-0040719,Bhayshul Tuten,RB,JAX,4,0,0,4,14,1,1,8
00-0040720,Jahdae Barron,CB,DEN,4,0,0,0,0,0,0,0
00-0040722,Mike Green,LB,BAL,4,0,0,0,0,0,0,0
00-0040723,Jack Kiser,LB,JAX,4,0,0,0,0,0,0,0
00-0040724,T.J. Sanders,DT,BUF,4,0,0,0,0,0,0,0
00-0040725,Donovan Ezeiruaku,LB,DAL,4,0,0,0,0,0,0,0
00-0040727,Tre Harris,WR,LAC,4,0,0,0,0,1,0,0
00-0040728,Tate Ratledge,G,DET,4,0,0,0,0,0,0,0
00-0040729,Jack Bech,WR,LV,4,0,0,0,0,0,0,0
00-0040730,RJ Harvey,RB,DEN,4,0,0,14,58,5,4,40
00-0040731,Trey Amos,CB,WAS,4,0,0,0,0,0,0,0
00-0040734,TreVeyon Henderson,RB,NE,4,0,0,7,32,2,2,14
00-0040735,Luther Burden III,WR,CHI,4,0,0,0,0,2,2,-4
00-0040736,Mason Taylor,TE,NYJ,4,0,0,0,0,7,5,65
00-0040738,Demetrius Knight Jr.,LB,CIN,4,0,0,0,0,0,0,0
00-0040739,Elijah Arroyo,TE,SEA,4,0,0,0,0,4,2,44
00-0040741,Shemar Turner,DT,CHI,4,0,0,0,0,0,0,0
00-0040744,Jaylahn Tuimolaou,DE,IND,4,0,0,0,0,0,0,0
00-0040746,Nic Scourton,LB,CAR,4,0,0,0,0,0,0,0
00-0040747,Benjamin Morrison,CB,TB,4,0,0,0,0,0,0,0
00-0040749,Andrew Mukuba,SAF,PHI,4,0,0,0,0,0,0,0
00-0040752,Oluwafemi Oladejo,DE,TEN,4,0,0,0,0,0,0,0
00-0040782,Isaiah Bond,WR,CLE,4,0,0,0,0,6,3,58
00-0040784,Quinshon Judkins,RB,CLE,4,0,0,21,82,4,4,33
,,,ARI,4,0,0,0,0,0,0,0
00-0023853,Matt Prater,K,BUF,5,0,0,0,0,0,0,0
00-0025565,Nick Folk,K,NYJ,5,0,0,0,0,0,0,0
00-0026190,Calais Campbell,DE,ARI,5,0,0,0,0,0,0,0
00-0026498,Matthew Stafford,QB,LA,5,47,389,1,0,0,0,0
00-0027114,Thomas Morstead,P,SF,5,0,0,0,0,0,0,0
00-0027940,Von Miller,OLB,WAS,5,0,0,0,0,0,0,0
00-0027962,Cameron Jordan,LB,NO,5,0,0,0,0,0,0,0
00-0028872,Johnny Hekker,P,TEN,5,0,0,0,0,0,0,0
00-0029255,Bobby Wagner,MLB,WAS,5,0,0,0,0,0,0,0
00-0029316,Kelvin Beachum,OT,ARI,5,0,0,0,0,0,0,0
00-0029562,Lavonte David,OLB,TB,5,0,0,0,0,0,0,0
00-0029606,Harrison Smith,FS,MIN,5,0,0,0,0,0,0,0
00-0029607,Demario Davis,OLB,NO,5,0,0,0,0,0,0,0
00-0029692,Bryan Anger,P,DAL,5,0,0,0,0,0,0,0
00-0029892,Kyle Juszczyk,FB,SF,5,0,0,1,-1,4,3,21
00-0030061,Zach Ertz,TE,WAS,5,0,0,0,0,1,0,0
00-0030070,John Jenkins,DT,BAL,5,0,0,0,0,0,0,0
00-0030092,Sam Martin,P,CAR,5,0,0,0,0,0,0,0
00-0030140,Tress Way,P,WAS,5,0,0,0,0,0,0,0
00-0030279,Keenan Allen,WR,LAC,5,0,0,0,0,9,5,58
00-0030294,Tony Jefferson,S,LAC,5,0,0,0,0,0,0,0
00-0030506,Travis Kelce,TE,KC,5,0,0,0,0,8,7,61
00-0030564,DeAndre Hopkins,WR,BAL,5,0,0,0,0,2,2,46
00-0030565,Geno Smith,QB,LV,5,36,228,3,8,0,0,0
00-0030757,Mike Pennel,DT,CIN,5,0,0,0,0,0,0,0
00-0031054,DaQuan Jones,DT,BUF,5,0,0,0,0,0,0,0
00-0031177,Brent Urban,DE,BAL,5,0,0,0,0,0,0,0
00-0031236,Brandin Cooks,WR,NO,5,0,0,0,0,1,1,5
00-0031270,Shelby Harris,DE,CLE,5,0,0,0,0,0,0,0
00-0031357,C.J. Goodwin,CB,DAL,5,0,0,0,0,0,0,0
00-0031360,Kyle Van Noy,MLB,BAL,5,0,0,0,0,0,0,0
00-0031364,Jadeveon Clowney,DE,DAL,5,0,0,0,0,0,0,0
00-0031381,Davante Adams,WR,LA,5,0,0,0,0,11,5,88
00-0031492,Jason Myers,K,SEA,5,0,0,0,0,0,0,0
00-0031550,Shaq Thompson,OLB,BUF,5,0,0,0,0,0,0,0
00-0031551,Eddie Goldman,NT,WAS,5,0,0,0,0,0,0,0
00-0031576,Za'Darius Smith,DE,PHI,5,0,0,0,0,0,0,0
00-0031588,Stefon Diggs,WR,NE,5,0,0,0,0,12,10,146
00-0031608,Quandre Diggs,S,TEN,5,0,0,0,0,0,0,0
00-0031610,Darren Waller,TE,MIA,5,0,0,0,0,5,5,78
00-0031687,Raheem Mostert,RB,LV,5,0,0,7,22,0,0,0
00-0031740,Neville Hewitt,LB,NYG,5,0,0,0,0,0,0,0
00-0031898,Alex Singleton,LB,DEN,5,0,0,0,0,0,0,0
00-0031933,Leonard Williams,DE,SEA,5,0,0,0,0,0,0,0
00-0031935,Preston Smith,DE,WAS,5,0,0,0,0,0,0,0
00-0031957,Rakeem Nunez-Roches,DT,NYG,5,0,0,0,0,0,0,0
00-0032052,Dante Fowler Jr.,DE,DAL,5,0,0,0,0,0,0,0
00-0032104,Ameer Abdullah,RB,IND,5,0,0,2,6,0,0,0
00-0032164,Arik Armstead,DE,JAX,5,0,0,0,0,0,0,0
00-0032211,Tyler Lockett,WR,TEN,5,0,0,0,0,4,1,6
00-0032265,Mario Edwards,DE,HOU,5,0,0,0,0,0,0,0
00-0032378,DeForest Buckner,DT,IND,5,0,0,0,0,0,0,0
00-0032380,Laremy Tunsil,OT,WAS,5,0,0,0,0,0,0,0
00-0032385,Sterling Shepard,WR,TB,5,0,0,1,-5,5,4,24
00-0032388,Deion Jones,LB,TB,5,0,0,0,0,0,0,0
00-0032395,Graham Glasgow,C,DET,5,0,0,0,0,0,0,0
00-0032398,Chris Moore,WR,WAS,5,0,0,0,0,1,0,0
00-0032415,Matthew Judon,OLB,MIA,5,0,0,0,0,0,0,0
00-0032442,Elandon Roberts,OLB,LV,5,0,0,0,0,0,0,0
00-0032445,Ted Karras,G,CIN,5,0,0,0,0,0,0,0
00-0032464,Kalif Raymond,WR,DET,5,0,0,0,0,0,0,0
00-0032521,Mike Hilton,CB,IND,5,0,0,0,0,0,0,0
00-0032569,Wil Lutz,K,DEN,5,0,0,0,0,0,0,0
00-0032667,Roy Robertson-Harris,DE,NYG,5,0,0,0,0,0,0,0
00-0032726,Ka'imi Fairbairn,K,HOU,5,0,0,0,0,0,0,0
00-0032762,Chris Jones,DE,KC,5,0,0,0,0,0,0,0
00-0032763,Austin Johnson,NT,JAX,5,0,0,0,0,0,0,0
00-0032764,Derrick Henry,RB,BAL,5,0,0,15,33,1,0,0
00-0032775,Demarcus Robinson,WR,SF,5,0,0,0,0,7,3,39
00-0032803,Jalen Mills,CB,HOU,5,0,0,0,0,0,0,0
00-0032889,A'Shawn Robinson,DT,CAR,5,0,0,0,0,0,0,0
00-0032918,C.J. Ham,FB,MIN,5,0,0,0,0,0,0,0
00-0032933,Antonio Hamilton,CB,WAS,5,0,0,0,0,0,0,0
00-0032943,Riley Dixon,P,TB,5,0,0,0,0,0,0,0
00-0032950,Carson Wentz,QB,MIN,5,34,236,3,13,0,0,0
00-0033038,Eric Murray,S,JAX,5,0,0,0,0,0,0,0
00-0033046,Jihad Ward,LB,TEN,5,0,0,0,0,0,0,0
00-0033057,Jack Conklin,OT,CLE,5,0,0,0,0,0,0,0
00-0033073,Emmanuel Ogbah,DE,JAX,5,0,0,0,0,0,0,0
00-0033077,Dak Prescott,QB,DAL,5,29,237,7,28,0,0,0
00-0033090,Hunter Henry,TE,NE,5,0,0,0,0,4,2,46
00-0033093,Jonathan Bullard,DE,NO,5,0,0,0,0,0,0,0
00-0033106,Jared Goff,QB,DET,5,23,258,2,-2,0,0,0
00-0033109,Javon Hargrave,NT,MIN,5,0,0,0,0,0,0,0
00-0033119,Jacoby Brissett,QB,ARI,5,1,0,0,0,0,0,0
00-0033120,Kenny Clark,NT,DAL,5,0,0,0,0,0,0,0
00-0033131,Maliek Collins,DT,CLE,5,0,0,0,0,0,0,0
00-0033156,Joey Bosa,DE,BUF,5,0,0,0,0,0,0,0
00-0033246,Johnny Mundt,TE,JAX,5,0,0,0,0,1,1,7
00-0033269,Rigoberto Sanchez,P,IND,5,0,0,0,0,0,0,0
00-0033280,Christian McCaffrey,RB,SF,5,0,0,22,57,9,8,82
00-0033282,Curtis Samuel,WR,BUF,5,0,0,0,0,2,2,26
00-0033284,Taylor Moton,OT,CAR,5,0,0,0,0,0,0,0
00-0033290,Jermaine Eluemunor,G,NYG,5,0,0,0,0,0,0,0
00-0033297,D.J. Jones,DT,DEN,5,0,0,0,0,0,0,0
00-0033303,Harrison Butker,K,KC,5,0,0,0,0,0,0,0
00-0033307,Kendrick Bourne,WR,SF,5,0,0,0,0,11,10,142
00-0033336,Eric Wilson,LB,MIN,5,0,0,0,0,0,0,0
00-0033357,Taysom Hill,TE,NO,5,1,19,6,-1,0,0,0
00-0033375,Tim Patrick,WR,JAX,5,0,0,0,0,1,0,0
00-0033381,Adam Butler,DT,LV,5,0,0,0,0,0,0,0
00-0033523,Jonathan Allen,DE,MIN,5,0,0,0,0,0,0,0
00-0033526,Samaje Perine,RB,CIN,5,0,0,4,27,2,2,2
00-0033538,Garett Bolles,OT,DEN,5,0,0,0,0,0,0,0
00-0033546,Dalvin Tomlinson,DE,ARI,5,0,0,0,0,0,0,0
00-0033551,Rasul Douglas,CB,MIA,5,0,0,0,0,0,0,0
00-0033571,Matt Milano,OLB,BUF,5,0,0,0,0,0,0,0
00-0033579,Xavier Woods,FS,TEN,5,0,0,0,0,0,0,0
00-0033595,Pat O'Connor,DE,DET,5,0,0,0,0,0,0,0
00-0033662,Cooper Rush,QB,BAL,5,20,179,0,0,0,0,0
00-0033787,Jake Elliott,K,PHI,5,0,0,0,0,0,0,0
00-0033854,Dare Ogunbowale,RB,HOU,5,0,0,0,0,0,0,0
00-0033857,JuJu Smith-Schuster,WR,KC,5,0,0,0,0,3,2,17
00-0033868,Myles Garrett,DE,CLE,5,0,0,0,0,0,0,0
00-0033870,Solomon Thomas,DE,DAL,5,0,0,0,0,0,0,0
00-0033872,Jamal Adams,LB,LV,5,0,0,0,0,0,0,0
00-0033873,Patrick Mahomes,QB,KC,5,41,318,6,60,0,0,0
00-0033874,Marshon Lattimore,CB,WAS,5,0,0,0,0,0,0,0
00-0033875,Haason Reddick,OLB,TB,5,0,0,0,0,0,0,0
00-0033876,Derek Barnett,DE,HOU,5,0,0,0,0,0,0,0
00-0033881,Evan Engram,TE,DEN,5,0,0,0,0,6,4,33
00-0033884,Tre'Davious White,CB,BUF,5,0,0,0,0,0,0,0
00-0033885,David Njoku,TE,CLE,5,0,0,0,0,9,6,67
00-0033889,Cam Robinson,OT,CLE,5,0,0,0,0,0,0,0
00-0033890,Budda Baker,S,ARI,5,0,0,0,0,0,0,0
00-0033891,Zay Jones,WR,ARI,5,0,0,0,0,3,2,8
00-0033904,Dion Dawkins,OT,BUF,5,0,0,0,0,0,0,0
00-0033906,Alvin Kamara,RB,NO,5,0,0,8,27,6,4,28
00-0033908,Cooper Kupp,WR,SEA,5,0,0,0,0,9,6,59
00-0033914,Alex Anzalone,MLB,DET,5,0,0,0,0,0,0,0
00-0033921,Chris Godwin Jr.,WR,TB,5,0,0,0,0,4,3,26
00-0033923,Kareem Hunt,RB,KC,5,0,0,7,49,1,1,8
00-0033928,Jourdan Lewis,CB,JAX,5,0,0,0,0,0,0,0
00-0033935,Trey Hendrickson,LB,CIN,5,0,0,0,0,0,0,0
00-0033941,Rayshawn Jenkins,DB,CLE,5,0,0,0,0,0,0,0
00-0033943,Josh Reynolds,WR,NYJ,5,0,0,0,0,4,3,29
00-0033945,Samson Ebukam,DE,IND,5,0,0,0,0,0,0,0
00-0033952,Grover Stewart,DT,IND,5,0,0,0,0,0,0,0
00-0033955,Jeremy McNichols,RB,WAS,5,0,0,1,6,2,1,12
00-0033964,Al-Quadin Muhammad,LB,DET,5,0,0,0,0,0,0,0
00-0034145,Chris Lammons,DB,IND,5,0,0,0,0,0,0,0
00-0034160,Michael Dickson,P,SEA,5,0,0,0,0,0,0,0
00-0034161,Daniel Carlson,K,LV,5,0,0,0,0,0,0,0
00-0034162,J.K. Scott,P,LAC,5,0,0,0,0,0,0,0
00-0034163,Jacob Martin,DE,WAS,5,0,0,0,0,0,0,0
00-0034173,Eddy Pineiro,K,SF,5,0,0,0,0,0,0,0
00-0034198,Trent Sieg,LS,DAL,5,0,0,0,0,0,0,0
00-0034203,Darious Williams,CB,LA,5,0,0,0,0,0,0,0
00-0034234,Poona Ford,DT,LA,5,0,0,0,0,0,0,0
00-0034248,Elijah Campbell,DB,MIA,5,0,0,0,0,0,0,0
00-0034264,Jalyn Holmes,DT,WAS,5,0,0,0,0,0,0,0
00-0034270,Tyler Conklin,TE,LAC,5,0,0,0,0,3,2,30
00-0034272,Marquez Valdes-Scantling,WR,SF,5,0,0,0,0,3,1,9
00-0034278,Tremon Smith,CB,HOU,5,0,0,0,0,0,0,0
00-0034285,Zach Sieler,DE,MIA,5,0,0,0,0,0,0,0
00-0034302,Frankie Luvu,LB,WAS,5,0,0,0,0,0,0,0
00-0034333,Daron Payne,NT,WAS,5,0,0,0,0,0,0,0
00-0034348,Courtland Sutton,WR,DEN,5,0,0,0,0,10,8,99
00-0034350,Uchenna Nwosu,LB,SEA,5,0,0,0,0,0,0,0
00-0034351,Dallas Goedert,TE,PHI,5,0,0,0,0,9,3,19
00-0034355,M.J. Stewart,SAF,HOU,5,0,0,0,0,0,0,0
00-0034356,Donte Jackson,CB,LAC,5,0,0,0,0,0,0,0
00-0034357,Isaiah Oliver,FS,NYJ,5,0,0,0,0,0,0,0
00-0034359,Tyquan Lewis,DE,IND,5,0,0,0,0,0,0,0
00-0034361,Justin Reid,S,NO,5,0,0,0,0,0,0,0
00-0034365,Ian Thomas,TE,LV,5,0,0,0,0,3,3,20
00-0034371,Da'Shawn Hand,DE,LAC,5,0,0,0,0,0,0,0
00-0034373,Dorance Armstrong,DE,WAS,5,0,0,0,0,0,0,0
00-0034376,Taron Johnson,CB,BUF,5,0,0,0,0,0,0,0
00-0034377,Avonte Maddox,FS,DET,5,0,0,0,0,0,0,0
00-0034381,Josh Sweat,LB,ARI,5,0,0,0,0,0,0,0
00-0034383,Dalton Schultz,TE,HOU,5,0,0,0,0,6,5,60
00-0034391,Siran Neal,DB,SF,5,0,0,0,0,0,0,0
00-0034397,Tim Settle,DT,HOU,5,0,0,0,0,0,0,0
00-0034413,Foye Oluokun,LB,JAX,5,0,0,0,0,0,0,0
00-0034429,Jordan Mailata,OT,PHI,5,0,0,0,0,0,0,0
00-0034431,Zaire Franklin,OLB,IND,5,0,0,0,0,0,0,0
00-0034437,Logan Cooke,P,JAX,5,0,0,0,0,0,0,0
00-0034465,Jeremy Reaves,DB,WAS,5,0,0,0,0,0,0,0
00-0034473,Dennis Gardeck,LB,JAX,5,0,0,0,0,0,0,0
00-0034487,Trent Sherfield,WR,DEN,5,0,0,0,0,2,1,15
00-0034488,Tavierre Thomas,SAF,MIN,5,0,0,0,0,0,0,0
00-0034521,Allen Lazard,WR,NYJ,5,0,0,0,0,2,1,3
00-0034571,Trent Scott,OT,WAS,5,0,0,0,0,0,0,0
00-0034573,Charvarius Ward,CB,IND,5,0,0,0,0,0,0,0
00-0034720,Robert Spillane,LB,NE,5,0,0,0,0,0,0,0
00-0034721,Corey Bojorquez,P,CLE,5,0,0,0,0,0,0,0
00-0034728,Jaire Alexander,CB,BAL,5,0,0,0,0,0,0,0
00-0034752,Orlando Brown,OT,CIN,5,0,0,0,0,0,0,0
00-0034753,Mark Andrews,TE,BAL,5,0,0,0,0,3,2,22
00-0034754,Oren Burks,ILB,CIN,5,0,0,0,0,0,0,0
00-0034760,Nathan Shepherd,DE,NO,5,0,0,0,0,0,0,0
00-0034775,Christian Kirk,WR,HOU,5,0,0,0,0,4,4,64
00-0034778,Carlton Davis III,CB,NE,5,0,0,0,0,0,0,0
00-0034782,Harrison Phillips,DT,NYJ,5,0,0,0,0,0,0,0
00-0034789,Minkah Fitzpatrick,FS,MIA,5,0,0,0,0,0,0,0
00-0034790,Derwin James,FS,LAC,5,0,0,0,0,0,0,0
00-0034791,Nick Chubb,RB,HOU,5,0,0,11,61,1,0,0
00-0034797,Jerome Baker,OLB,CLE,5,0,0,0,0,0,0,0
00-0034800,B.J. Hill,DE,CIN,5,0,0,0,0,0,0,0
00-0034810,Sebastian Joseph-Day,DT,TEN,5,0,0,0,0,0,0,0
00-0034815,Fred Warner,MLB,SF,5,0,0,0,0,0,0,0
00-0034818,Derrick Nnadi,NT,KC,5,0,0,0,0,0,0,0
00-0034825,Arden Key,DE,TEN,5,0,0,0,0,0,0,0
00-0034828,Harold Landry III,LB,NE,5,0,0,0,0,0,0,0
00-0034829,Mike Gesicki,TE,CIN,5,0,0,0,0,5,2,15
00-0034832,Bradley Chubb,OLB,MIA,5,0,0,0,0,0,0,0
00-0034836,Braden Smith,OT,IND,5,0,0,0,0,0,0,0
00-0034837,Calvin Ridley,WR,TEN,5,0,0,0,0,10,5,131
00-0034844,Saquon Barkley,RB,PHI,5,0,0,6,30,3,3,58
00-0034847,Mike McGlinchey,OT,DEN,5,0,0,0,0,0,0,0
00-0034855,Baker Mayfield,QB,TB,5,33,379,5,15,0,0,0
00-0034856,Denzel Ward,CB,CLE,5,0,0,0,0,0,0,0
00-0034857,Josh Allen,QB,BUF,5,31,253,9,53,0,0,0
00-0034867,Malik Turner,WR,SF,5,0,0,0,0,1,0,0
00-0034869,Sam Darnold,QB,SEA,5,34,341,0,0,0,0,0
00-0034941,Mitch Wishnowsky,P,BUF,5,0,0,0,0,0,0,0
00-0034959,Andrew Beck,FB,NYJ,5,0,0,0,0,2,1,1
00-0034960,Jakobi Meyers,WR,LV,5,0,0,0,0,6,4,32
00-0034973,Maxx Crosby,DE,LV,5,0,0,0,0,0,0,0
00-0034975,Justice Hill,RB,BAL,5,0,0,1,3,2,1,9
00-0034978,Ben Powers,G,DEN,5,0,0,0,0,0,0,0
00-0034983,Hunter Renfrow,WR,CAR,5,0,0,0,0,3,1,7
00-0034987,E.J. Speed,LB,HOU,5,0,0,0,0,0,0,0
00-0035021,Ashton Dulin,WR,IND,5,0,0,0,0,5,2,55
00-0035042,Jamie Gillan,P,NYG,5,0,0,0,0,0,0,0
00-0035100,Jake Browning,QB,CIN,5,40,251,4,31,0,0,0
00-0035112,Patrick Mekari,OT,JAX,5,0,0,0,0,0,0,0
00-0035125,Alec Ingold,FB,MIA,5,0,0,0,0,1,0,0
00-0035144,Mack Wilson,LB,ARI,5,0,0,0,0,0,0,0
00-0035156,Jack Fox,P,DET,5,0,0,0,0,0,0,0
00-0035166,Azeez Al-Shaair,LB,HOU,5,0,0,0,0,0,0,0
00-0035190,AJ Cole,P,LV,5,0,0,0,0,0,0,0
00-0035192,Joey Slye,K,TEN,5,0,0,0,0,0,0,0
00-0035202,Del'Shawn Phillips,LB,LAC,5,0,0,0,0,0,0,0
00-0035228,Kyler Murray,QB,ARI,5,31,220,4,25,0,0,0
00-0035229,T.J. Hockenson,TE,MIN,5,0,0,0,0,6,6,38
00-0035236,Byron Murphy,CB,MIN,5,0,0,0,0,0,0,0
00-0035237,Jawaan Taylor,OT,KC,5,0,0,0,0,0,0,0
00-0035240,Jahlani Tavai,LB,NE,5,0,0,0,0,0,0,0
00-0035248,Zach Allen,DE,DEN,5,0,0,0,0,0,0,0
00-0035249,Josh Oliver,TE,MIN,5,0,0,0,0,3,2,35
00-0035250,Devin Singletary,RB,NYG,5,0,0,6,20,2,1,4
00-0035254,Anthony Nelson,LB,TB,5,0,0,0,0,0,0,0
00-0035261,Tony Pollard,RB,TEN,5,0,0,14,67,3,3,11
00-0035262,Drue Tranquill,LB,KC,5,0,0,0,0,0,0,0
00-0035269,Matt Gay,K,WAS,5,0,0,0,0,0,0,0
00-0035277,Mike Jackson,CB,CAR,5,0,0,0,0,0,0,0
00-0035279,Charles Omenihu,DE,KC,5,0,0,0,0,0,0,0
00-0035280,Jake Bailey,P,MIA,5,0,0,0,0,0,0,0
00-0035301,Donovan Wilson,SAF,DAL,5,0,0,0,0,0,0,0
00-0035352,Tyrel Dodson,LB,MIA,5,0,0,0,0,0,0,0
00-0035357,Cam Lewis,CB,BUF,5,0,0,0,0,0,0,0
00-0035358,Chase McLaughlin,K,TB,5,0,0,0,0,0,0,0
00-0035378,Andrew Wingard,SAF,JAX,5,0,0,0,0,0,0,0
00-0035402,Carl Granderson,DE,NO,5,0,0,0,0,0,0,0
00-0035409,Shy Tuttle,DT,TEN,5,0,0,0,0,0,0,0
00-0035413,Luke Gifford,LB,SF,5,0,0,0,0,0,0,0
00-0035500,Greg Dortch,WR,ARI,5,0,0,0,0,2,2,12
00-0035525,Devin Bush,LB,CLE,5,0,0,0,0,0,0,0
00-0035535,Darius Slayton,WR,NYG,5,0,0,0,0,6,3,31
00-0035537,Ty Johnson,RB,BUF,5,0,0,2,10,0,0,0
00-0035567,Craig Reynolds,RB,DET,5,0,0,0,0,0,0,0
00-0035602,Alex Bachman,WR,LV,5,0,0,0,0,1,1,9
00-0035617,Troy Reeder,LB,LA,5,0,0,0,0,0,0,0
00-0035629,Jonah Williams,OT,ARI,5,0,0,0,0,0,0,0
00-0035631,Drew Sample,TE,CIN,5,0,0,0,0,1,1,-1
00-0035632,Amani Hooker,SAF,TEN,5,0,0,0,0,0,0,0
00-0035637,Rock Ya-Sin,CB,DET,5,0,0,0,0,0,0,0
00-0035642,Josh Hines-Allen,DE,JAX,5,0,0,0,0,0,0,0
00-0035643,Jeffery Simmons,DT,TEN,5,0,0,0,0,0,0,0
00-0035645,Gunner Olszewski,WR,NYG,5,0,0,0,0,0,0,0
00-0035662,Marquise Brown,WR,KC,5,0,0,0,0,8,4,48
00-0035663,Taylor Rapp,SAF,BUF,5,0,0,0,0,0,0,0
00-0035669,Nick Scott,SAF,CAR,5,0,0,0,0,0,0,0
00-0035672,Cody Barton,LB,TEN,5,0,0,0,0,0,0,0
00-0035674,Jerry Tillery,DT,KC,5,0,0,0,0,0,0,0
00-0035676,A.J. Brown,WR,PHI,5,0,0,0,0,8,5,43
00-0035678,Dre'Mont Jones,LB,TEN,5,0,0,0,0,0,0,0
00-0035679,Connor McGovern,G,BUF,5,0,0,0,0,0,0,0
00-0035683,Dexter Lawrence,DT,NYG,5,0,0,0,0,0,0,0
00-0035685,David Montgomery,RB,DET,5,1,3,18,65,1,1,6
00-0035687,Bobby Okereke,ILB,NYG,5,0,0,0,0,0,0,0
00-0035688,Trey Pipkins,OT,LAC,5,0,0,0,0,0,0,0
00-0035689,Dawson Knox,TE,BUF,5,0,0,0,0,2,2,15
00-0035692,Clelin Ferrell,DE,LAC,5,0,0,0,0,0,0,0
00-0035705,Jalen Thompson,DB,ARI,5,0,0,0,0,0,0,0
00-0035707,Devin White,LB,LV,5,0,0,0,0,0,0,0
00-0035710,Daniel Jones,QB,IND,5,29,212,1,2,0,0,0
00-0035713,Brian Burns,LB,NYG,5,0,0,0,0,0,0,0
00-0035718,Quinnen Williams,DT,NYJ,5,0,0,0,0,0,0,0
00-0035719,Deebo Samuel Sr.,WR,WAS,5,0,0,0,0,11,8,96
00-0035743,Brett Toth,G,PHI,5,0,0,0,0,0,0,0
00-0035841,Benito Jones,DT,MIA,5,0,0,0,0,0,0,0
00-0035859,Blake Gillikin,P,ARI,5,0,0,0,0,0,0,0
00-0035889,Tommy Townsend,P,HOU,5,0,0,0,0,0,0,0
00-0035895,Joe Bachie,LB,IND,5,0,0,0,0,0,0,0
00-0035942,Christian Rozeboom,LB,CAR,5,0,0,0,0,0,0,0
00-0035961,Krys Barnes,LB,CAR,5,0,0,0,0,0,0,0
00-0036037,Sam Franklin Jr.,SAF,BUF,5,0,0,0,0,0,0,0
00-0036040,Juwan Johnson,TE,NO,5,0,0,0,0,4,2,17
00-0036139,Rico Dowdle,RB,CAR,5,0,0,23,206,4,3,28
00-0036151,Bryce Huff,DE,SF,5,0,0,0,0,0,0,0
00-0036158,J.K. Dobbins,RB,DEN,5,0,0,20,79,1,1,5
00-0036159,Joshua Uche,LB,PHI,5,0,0,0,0,0,0,0
00-0036181,Teair Tart,DT,LAC,5,0,0,0,0,0,0,0
00-0036187,Reggie Gilliam,RB,BUF,5,0,0,0,0,0,0,0
00-0036192,A.J. Epenesa,LB,BUF,5,0,0,0,0,0,0,0
00-0036193,Anfernee Jennings,LB,NE,5,0,0,0,0,0,0,0
00-0036199,Geno Stone,SAF,CIN,5,0,0,0,0,0,0,0
00-0036212,Tua Tagovailoa,QB,MIA,5,36,256,1,5,0,0,0
00-0036220,Derrick Brown,DT,CAR,5,0,0,0,0,0,0,0
00-0036221,Brandon Jones,SAF,DEN,5,0,0,0,0,0,0,0
00-0036222,Isaiah Rodgers,CB,MIN,5,0,0,0,0,0,0,0
00-0036223,Jonathan Taylor,RB,IND,5,0,0,17,66,4,3,20
00-0036224,Jonathan Greenard,LB,MIN,5,0,0,0,0,0,0,0
00-0036231,Kyle Dugger,SAF,NE,5,0,0,0,0,0,0,0
00-0036232,Harrison Bryant,TE,HOU,5,0,0,0,0,2,1,5
00-0036244,Colby Parkinson,TE,LA,5,0,0,0,0,1,0,0
00-0036252,Michael Pittman,WR,IND,5,0,0,0,0,6,5,39
00-0036256,Colton McKivitz,OT,SF,5,0,0,0,0,0,0,0
00-0036260,Javon Kinlaw,DT,WAS,5,0,0,0,0,0,0,0
00-0036262,DaVon Hamilton,DT,JAX,5,0,0,0,0,0,0,0
00-0036265,AJ Dillon,RB,PHI,5,0,0,2,12,0,0,0
00-0036266,Jordan Elliott,DT,SF,5,0,0,0,0,0,0,0
00-0036274,Jeff Okudah,CB,MIN,5,0,0,0,0,0,0,0
00-0036282,Grant Delpit,SAF,CLE,5,0,0,0,0,0,0,0
00-0036288,Yetur Gross-Matos,DE,SF,5,0,0,0,0,0,0,0
00-0036293,Jeremy Chinn,SAF,LV,5,0,0,0,0,0,0,0
00-0036294,Logan Wilson,LB,CIN,5,0,0,0,0,0,0,0
00-0036298,Akeem Davis-Gaither,LB,ARI,5,0,0,0,0,0,0,0
00-0036302,Jaylinn Hawkins,SAF,NE,5,0,0,0,0,0,0,0
00-0036305,Trevis Gipson,LB,SF,5,0,0,0,0,0,0,0
00-0036307,Kindle Vildor,CB,TB,5,0,0,0,0,0,0,0
00-0036313,Braden Mann,P,PHI,5,0,0,0,0,0,0,0
00-0036322,Justin Jefferson,WR,MIN,5,0,0,0,0,11,7,123
00-0036328,Antonio Gibson,RB,NE,5,0,0,6,21,1,1,5
00-0036329,Ashtyn Davis,SAF,MIA,5,0,0,0,0,0,0,0
00-0036335,D.J. Wonnum,LB,CAR,5,0,0,0,0,0,0,0
00-0036337,James Lynch,DT,TEN,5,0,0,0,0,0,0,0
00-0036338,Troy Dye,LB,LAC,5,0,0,0,0,0,0,0
00-0036348,Josh Metellus,SAF,MIN,5,0,0,0,0,0,0,0
00-0036349,Kam Curl,SAF,LA,5,0,0,0,0,0,0,0
00-0036355,Justin Herbert,QB,LAC,5,29,166,4,60,0,0,0
00-0036359,Damon Arnette,CB,HOU,5,0,0,0,0,0,0,0
00-0036361,Trevon Diggs,CB,DAL,5,0,0,0,0,0,0,0
00-0036366,Neville Gallimore,DT,IND,5,0,0,0,0,0,0,0
00-0036369,John Simpson,G,NYJ,5,0,0,0,0,0,0,0
00-0036374,L'Jarius Sneed,CB,TEN,5,0,0,0,0,0,0,0
00-0036375,Amik Robertson,CB,DET,5,0,0,0,0,0,0,0
00-0036378,Michael Danna,LB,KC,5,0,0,0,0,0,0,0
00-0036380,Alohi Gilman,SAF,LAC,5,0,0,0,0,0,0,0
00-0036389,Jalen Hurts,QB,PHI,5,38,280,2,3,0,0,0
00-0036394,Darnay Holmes,CB,LV,5,0,0,0,0,0,0,0
00-0036407,Jerry Jeudy,WR,CLE,5,0,0,0,0,5,2,15
00-0036409,Jordyn Brooks,LB,MIA,5,0,0,0,0,0,0,0
00-0036410,Tee Higgins,WR,CIN,5,0,0,0,0,7,3,22
00-0036411,Antoine Winfield Jr.,SAF,TB,5,0,0,0,0,0,0,0
00-0036413,Darrell Taylor,DE,HOU,5,0,0,0,0,0,0,0
00-0036414,Cam Akers,RB,MIN,5,1,32,0,0,0,0,0
00-0036418,Zack Baun,LB,PHI,5,0,0,0,0,0,0,0
00-0036421,Terrell Burgess,SAF,NO,5,0,0,0,0,0,0,0
00-0036422,Adam Trautman,TE,DEN,5,0,0,0,0,1,1,11
00-0036423,Albert Okwuegbunam,TE,LV,5,0,0,0,0,6,5,36
00-0036425,DeeJay Dallas,RB,CAR,5,0,0,0,0,0,0,0
00-0036428,Justin Strnad,LB,DEN,5,0,0,0,0,0,0,0
00-0036441,"Kenneth Murray, Jr.",LB,DAL,5,0,0,0,0,0,0,0
00-0036443,Rex Sunahara,LS,CLE,5,0,0,0,0,0,0,0
00-0036500,Jamien Sherwood,LB,NYJ,5,0,0,0,0,0,0,0
00-0036502,Jason Pinnock,SAF,SF,5,0,0,0,0,0,0,0
00-0036550,Rashod Bateman,WR,BAL,5,0,0,0,0,3,0,0
00-0036552,Azeez Ojulari,LB,PHI,5,0,0,0,0,0,0,0
00-0036554,Nico Collins,WR,HOU,5,0,0,1,8,5,4,52
00-0036563,Deommodore Lenoir,CB,SF,5,0,0,0,0,0,0,0
00-0036564,Talanoa Hufanga,SAF,DEN,5,0,0,0,0,0,0,0
00-0036568,Roy Lopez,DT,DET,5,0,0,0,0,0,0,0
00-0036590,Quintin Morris,TE,JAX,5,0,0,0,0,0,0,0
00-0036603,Alaric Jackson,OT,LA,5,0,0,0,0,0,0,0
00-0036604,Jordan Meredith,G,LV,5,0,0,0,0,0,0,0
00-0036613,Jaylen Waddle,WR,MIA,5,0,0,0,0,9,6,110
00-0036620,Dee Eskridge,WR,MIA,5,0,0,0,0,0,0,0
00-0036621,Nick Bolton,LB,KC,5,0,0,0,0,0,0,0
00-0036622,Josh Myers,C,NYJ,5,0,0,0,0,0,0,0
00-0036625,Benjamin St-Juste,CB,LAC,5,0,0,0,0,0,0,0
00-0036626,Dyami Brown,WR,JAX,5,0,0,0,0,4,2,15
00-0036628,John Bates,TE,WAS,5,0,0,0,0,1,1,9
00-0036629,Camryn Bynum,SAF,IND,5,0,0,0,0,0,0,0
00-0036642,Tedarrell Slaton,DT,CIN,5,0,0,0,0,0,0,0
00-0036643,K.J. Britt,LB,MIA,5,0,0,0,0,0,0,0
00-0036646,Simi Fehoko,WR,ARI,5,0,0,0,0,0,0,0
00-0036653,Stone Forsythe,OT,LV,5,0,0,0,0,0,0,0
00-0036672,Grant Stuard,LB,DET,5,0,0,0,0,0,0,0
00-0036683,Devon Key,SAF,DEN,5,0,0,0,0,0,0,0
00-0036711,Charles Snowden,DE,LV,5,0,0,0,0,0,0,0
00-0036727,Adam Prentice,FB,DEN,5,0,0,1,8,0,0,0
00-0036728,Curtis Robinson,LB,SF,5,0,0,0,0,0,0,0
00-0036754,Brock Wright,TE,DET,5,0,0,0,0,3,2,9
00-0036813,Christian Elliss,LB,NE,5,0,0,0,0,0,0,0
00-0036816,Riley Patterson,K,MIA,5,0,0,0,0,0,0,0
00-0036849,Tutu Atwell,WR,LA,5,0,0,0,0,4,2,72
00-0036850,Cameron Sample,DE,CIN,5,0,0,0,0,0,0,0
00-0036854,Evan McPherson,K,CIN,5,0,0,0,0,0,0,0
00-0036867,Chris Rumph II,LB,NO,5,0,0,0,0,0,0,0
00-0036874,Pat Surtain II,CB,DEN,5,0,0,0,0,0,0,0
00-0036875,Rhamondre Stevenson,RB,NE,5,0,0,7,14,2,2,13
00-0036876,Kylen Granson,TE,PHI,5,0,0,0,0,0,0,0
00-0036881,Jay Tufele,DT,NYJ,5,0,0,0,0,0,0,0
00-0036883,Tommy Togiai,DT,HOU,5,0,0,0,0,0,0,0
00-0036885,Tre Brown,CB,LA,5,0,0,0,0,0,0,0
00-0036887,Luke Farrell,TE,SF,5,0,0,0,0,2,1,8
00-0036898,Davis Mills,QB,HOU,5,4,23,3,3,0,0,0
00-0036900,Ja'Marr Chase,WR,CIN,5,0,0,0,0,10,6,110
00-0036902,Joseph Ossai,DE,CIN,5,0,0,0,0,0,0,0
00-0036906,Khalil Herbert,RB,NYJ,5,0,0,0,0,0,0,0
00-0036909,Khyiris Tonga,DT,NE,5,0,0,0,0,0,0,0
00-0036912,DeVonta Smith,WR,PHI,5,0,0,0,0,10,8,114
00-0036914,Greg Rousseau,LB,BUF,5,0,0,0,0,0,0,0
00-0036916,Milton Williams,DT,NE,5,0,0,0,0,0,0,0
00-0036924,Michael Carter,RB,ARI,5,0,0,18,51,5,5,22
00-0036927,Pete Werner,LB,NO,5,0,0,0,0,0,0,0
00-0036933,Zaven Collins,LB,ARI,5,0,0,0,0,0,0,0
00-0036934,Jaelan Phillips,LB,MIA,5,0,0,0,0,0,0,0
00-0036937,Paulson Adebo,CB,NYG,5,0,0,0,0,0,0,0
00-0036940,Odafe Oweh,LB,BAL,5,0,0,0,0,0,0,0
00-0036941,Andre Cisco,SAF,NYJ,5,0,0,0,0,0,0,0
00-0036942,Osa Odighizuwa,DT,DAL,5,0,0,0,0,0,0,0
00-0036944,Jaycee Horn,CB,CAR,5,0,0,0,0,0,0,0
00-0036945,Justin Fields,QB,NYJ,5,46,283,7,26,0,0,0
00-0036950,Avery Williams,RB,NYJ,5,0,0,0,0,0,0,0
00-0036952,Jonathon Cooper,LB,DEN,5,0,0,0,0,0,0,0
00-0036956,Darren Hall,CB,ARI,5,0,0,0,0,0,0,0
00-0036962,Tre'von Moehrig,SAF,CAR,5,0,0,0,0,0,0,0
00-0036963,Amon-Ra St. Brown,WR,DET,5,0,0,0,0,9,8,100
00-0036964,Derrick Barnes,LB,DET,5,0,0,0,0,0,0,0
00-0036967,Joe Tryon-Shoyinka,DE,CLE,5,0,0,0,0,0,0,0
00-0036971,Trevor Lawrence,QB,JAX,5,25,221,10,54,0,0,0
00-0036972,Mac Jones,QB,SF,5,49,342,4,5,0,0,0
00-0036973,Travis Etienne,RB,JAX,5,0,0,12,49,4,3,9
00-0036974,Tyson Campbell,CB,JAX,5,0,0,0,0,0,0,0
00-0036981,Christian Barmore,DT,NE,5,0,0,0,0,0,0,0
00-0036987,Brandon Stephens,CB,NYJ,5,0,0,0,0,0,0,0
00-0036988,Josh Palmer,WR,BUF,5,0,0,0,0,2,2,36
00-0036989,Malcolm Koonce,DE,LV,5,0,0,0,0,0,0,0
00-0036992,Elijah Molden,CB,LAC,5,0,0,0,0,0,0,0
00-0036993,Ifeatu Melifonwu,SAF,MIA,5,0,0,0,0,0,0,0
00-0036994,Ernest Jones,LB,SEA,5,0,0,0,0,0,0,0
00-0036995,Baron Browning,LB,ARI,5,0,0,0,0,0,0,0
00-0036996,Greg Newsome II,CB,CLE,5,0,0,0,0,0,0,0
00-0036997,Javonte Williams,RB,DAL,5,0,0,16,135,2,1,4
00-0036998,Jevon Holland,SAF,NYG,5,0,0,0,0,0,0,0
00-0037003,Chazz Surratt,LB,SEA,5,0,0,0,0,0,0,0
00-0037004,Hunter Long,TE,JAX,5,0,0,0,0,1,1,3
00-0037005,Tommy Tremble,TE,CAR,5,0,0,0,0,2,1,7
00-0037007,Patrick Jones II,LB,CAR,5,0,0,0,0,0,0,0
00-0037012,Trey Lance,QB,LAC,5,4,44,1,11,0,0,0
00-0037073,Jordan Davis,DT,PHI,5,0,0,0,0,0,0,0
00-0037079,Riq Woolen,CB,SEA,5,0,0,0,0,0,0,0
00-0037085,Tyler Badie,RB,DEN,5,0,0,0,0,2,1,16
00-0037086,Grant Calcaterra,TE,PHI,5,0,0,0,0,2,2,18
00-0037093,Dareke Young,WR,SEA,5,0,0,0,0,1,1,36
00-0037109,Jack Sanborn,LB,DAL,5,0,0,0,0,0,0,0
00-0037112,Jake Tonges,TE,SF,5,0,0,0,0,11,7,41
00-0037130,Reed Blankenship,SAF,PHI,5,0,0,0,0,0,0,0
00-0037137,Josh Jobe,CB,SEA,5,0,0,0,0,0,0,0
00-0037155,Tony Adams,SAF,NYJ,5,0,0,0,0,0,0,0
00-0037157,Bam Knight,RB,ARI,5,0,0,4,11,1,1,13
00-0037190,Sauce Gardner,CB,NYJ,5,0,0,0,0,0,0,0
00-0037191,Trent McDuffie,CB,KC,5,0,0,0,0,0,0,0
00-0037192,George Karlaftis,DE,KC,5,0,0,0,0,0,0,0
00-0037193,Bryan Cook,SAF,KC,5,0,0,0,0,0,0,0
00-0037195,Jaylen Watson,CB,KC,5,0,0,0,0,0,0,0
00-0037197,Isiah Pacheco,RB,KC,5,0,0,7,36,3,3,20
00-0037203,LaBryan Ray,DT,CAR,5,0,0,0,0,0,0,0
00-0037205,Brenden Schooler,SAF,NE,5,0,0,0,0,0,0,0
00-0037208,Jack Cochrane,LB,KC,5,0,0,0,0,0,0,0
00-0037224,Cameron Dicker,K,LAC,5,0,0,0,0,0,0,0
00-0037236,Aidan Hutchinson,DE,DET,5,0,0,0,0,0,0,0
00-0037237,Derek Stingley Jr.,CB,HOU,5,0,0,0,0,0,0,0
00-0037239,Chris Olave,WR,NO,5,0,0,0,0,11,7,59
00-0037240,Jameson Williams,WR,DET,5,0,0,1,1,1,1,9
00-0037242,Kaiir Elam,CB,DAL,5,0,0,0,0,0,0,0
00-0037244,Devin Lloyd,LB,JAX,5,0,0,0,0,0,0,0
00-0037246,Jalen Pitre,SAF,HOU,5,0,0,0,0,0,0,0
00-0037247,George Pickens,WR,DAL,5,0,0,0,0,4,2,57
00-0037248,James Cook,RB,BUF,5,0,0,15,49,1,0,0
00-0037249,Nik Bonitto,LB,DEN,5,0,0,0,0,0,0,0
00-0037251,Alex Wright,DE,CLE,5,0,0,0,0,0,0,0
00-0037253,Marcus Jones,CB,NE,5,0,0,0,0,0,0,0
00-0037254,Terrel Bernard,LB,BUF,5,0,0,0,0,0,0,0
00-0037256,Rachaad White,RB,TB,5,0,0,14,41,4,4,30
00-0037258,Dameon Pierce,RB,HOU,5,0,0,7,21,0,0,0
00-0037260,DJ Davidson,DT,NYG,5,0,0,0,0,0,0,0
00-0037261,Khalil Shakir,WR,BUF,5,0,0,1,5,9,6,45
00-0037262,Thomas Booker,DT,LV,5,0,0,0,0,0,0,0
00-0037267,Jerome Ford,RB,CLE,5,0,0,5,18,2,2,20
00-0037268,Zyon McCollum,CB,TB,5,0,0,0,0,0,0,0
00-0037270,Otito Ogbonnia,DT,LAC,5,0,0,0,0,0,0,0
00-0037275,DaRon Bland,CB,DAL,5,0,0,0,0,0,0,0
00-0037280,Matthew Butler,DT,MIA,5,0,0,0,0,0,0,0
00-0037282,James Mitchell,TE,CAR,5,0,0,0,0,1,1,11
00-0037284,Matt Araiza,P,KC,5,0,0,0,0,0,0,0
00-0037287,Vederian Lowe,OT,NE,5,0,0,0,0,0,0,0
00-0037288,Christian Benford,CB,BUF,5,0,0,0,0,0,0,0
00-0037291,Jalen Nailor,WR,MIN,5,0,0,1,15,4,3,27
00-0037301,Theo Jackson,DB,MIN,5,0,0,0,0,0,0,0
00-0037310,James Houston,LB,DAL,5,0,0,0,0,0,0,0
00-0037313,Montaric Brown,CB,JAX,5,0,0,0,0,0,0,0
00-0037315,Cameron Goode,LB,MIA,5,0,0,0,0,0,0,0
00-0037316,Mark Robinson,LB,NYJ,5,0,0,0,0,0,0,0
00-0037321,Chase Lucas,CB,SF,5,0,0,0,0,0,0,0
00-0037323,Rodney Thomas,SAF,IND,5,0,0,0,0,0,0,0
00-0037332,D'Anthony Bell,SAF,SEA,5,0,0,0,0,0,0,0
00-0037340,Zaire Mitchell-Paden,TE,BAL,5,0,0,0,0,1,1,3
00-0037348,Tanner Conner,TE,MIA,5,0,0,0,0,2,2,16
00-0037384,Ja'Quan McMillian,CB,DEN,5,0,0,0,0,0,0,0
00-0037457,Jake Hansen,LB,HOU,5,0,0,0,0,0,0,0
00-0037461,Tristin McCollum,DB,LV,5,0,0,0,0,0,0,0
00-0037500,Ryan Wright,P,MIN,5,0,0,0,0,0,0,0
00-0037512,Isaiah Pola-Mao,SAF,LV,5,0,0,0,0,0,0,0
00-0037524,Tay Martin,WR,WAS,5,0,0,0,0,1,1,9
00-0037525,Jordan Mason,RB,MIN,5,0,0,13,52,4,3,4
00-0037527,Segun Olubi,LB,IND,5,0,0,0,0,0,0,0
00-0037545,Rashid Shaheed,WR,NO,5,0,0,0,0,5,4,114
00-0037561,Markquese Bell,SAF,DAL,5,0,0,0,0,0,0,0
00-0037578,Juanyeh Thomas,SAF,DAL,5,0,0,0,0,0,0,0
00-0037587,Nate Landman,LB,LA,5,0,0,0,0,0,0,0
00-0037593,Tre Avery,CB,CLE,5,0,0,0,0,0,0,0
00-0037594,Julius Chestnut,RB,TEN,5,0,0,1,3,1,0,0
00-0037596,Jack Gibbens,LB,NE,5,0,0,0,0,0,0,0
00-0037602,Sam Okuayinonu,DT,SF,5,0,0,0,0,0,0,0
00-0037611,Kayvon Thibodeaux,LB,NYG,5,0,0,0,0,0,0,0
00-0037616,Nick Cross,SAF,IND,5,0,0,0,0,0,0,0
00-0037617,Hassan Haskins,RB,LAC,5,0,0,5,13,1,1,2
00-0037665,Sam Williams,LB,DAL,5,0,0,0,0,0,0,0
00-0037666,Jalen Tolbert,WR,DAL,5,0,0,0,0,1,0,0
00-0037667,Kerby Joseph,SAF,DET,5,0,0,0,0,0,0,0
00-0037692,Brandon Aubrey,K,DAL,5,0,0,0,0,0,0,0
00-0037740,Garrett Wilson,WR,NYJ,5,0,0,0,0,10,6,71
00-0037741,Jahan Dotson,WR,PHI,5,0,0,0,0,3,1,24
00-0037743,Daxton Hill,DB,CIN,5,0,0,0,0,0,0,0
00-0037744,Trey McBride,TE,ARI,5,0,0,0,0,7,5,41
00-0037745,Velus Jones Jr.,WR,NO,5,0,0,0,0,0,0,0
00-0037746,Brian Robinson,RB,SF,5,0,0,5,12,0,0,0
00-0037752,Tycen Anderson,SAF,CIN,5,0,0,0,0,0,0,0
00-0037753,Cam Taylor-Britt,CB,CIN,5,0,0,0,0,0,0,0
00-0037756,Travis Jones,DT,BAL,5,0,0,0,0,0,0,0
00-0037757,Bernhard Raimann,OT,IND,5,0,0,0,0,1,0,0
00-0037758,Cordale Flott,CB,NYG,5,0,0,0,0,0,0,0
00-0037799,Dondrea Tillman,LB,DEN,5,0,0,0,0,0,0,0
00-0037804,Zachary Carter,DT,ARI,5,0,0,0,0,0,0,0
00-0037805,Jeremy Ruckert,TE,NYJ,5,0,0,0,0,4,4,28
00-0037809,Chig Okonkwo,TE,TEN,5,0,0,0,0,5,4,48
00-0037811,Chad Muma,LB,IND,5,0,0,0,0,0,0,0
00-0037819,Leo Chenal,LB,KC,5,0,0,0,0,0,0,0
00-0037832,Kalia Davis,DT,SF,5,0,0,0,0,0,0,0
00-0037838,Isaiah Likely,TE,BAL,5,0,0,0,0,1,1,12
00-0037839,Cobie Durant,CB,LA,5,0,0,0,0,0,0,0
00-0037840,Kyren Williams,RB,LA,5,0,0,14,65,10,8,66
00-0037841,Quentin Lake,SAF,LA,5,0,0,0,0,0,0,0
00-0037842,Derion Kendrick,CB,SEA,5,0,0,0,0,0,0,0
00-0038039,Jack Jones,CB,MIA,5,0,0,0,0,0,0,0
00-0038041,Jake Ferguson,TE,DAL,5,0,0,0,0,9,7,49
00-0038043,Joshua Williams,CB,KC,5,0,0,0,0,0,0,0
00-0038046,Charlie Kolar,TE,BAL,5,0,0,0,0,1,1,10
00-0038090,Skyy Moore,WR,SF,5,0,0,1,1,0,0,0
00-0038094,Jordan Stout,P,BAL,5,0,0,0,0,0,0,0
00-0038099,Phidarian Mathis,DT,BUF,5,0,0,0,0,0,0,0
00-0038100,Percy Butler,SAF,WAS,5,0,0,0,0,0,0,0
00-0038103,Cole Strange,G,MIA,5,0,0,0,0,0,0,0
00-0038104,Tyquan Thornton,WR,KC,5,0,0,0,0,5,3,90
00-0038106,Eyioma Uwazurike,DT,DEN,5,0,0,0,0,0,0,0
00-0038107,Micheal Clemons,DE,NYJ,5,0,0,0,0,0,0,0
00-0038115,Daniel Bellinger,TE,NYG,5,0,0,0,0,4,4,52
00-0038117,Wan'Dale Robinson,WR,NYG,5,0,0,1,2,7,5,30
00-0038119,Jalyn Armour-Davis,CB,TEN,5,0,0,0,0,0,0,0
00-0038120,Breece Hall,RB,NYJ,5,0,0,14,113,5,4,42
00-0038121,Alontae Taylor,CB,NO,5,0,0,0,0,0,0,0
00-0038123,Dane Belton,SAF,NYG,5,0,0,0,0,0,0,0
00-0038125,Roger McCreary,CB,TEN,5,0,0,0,0,0,0,0
00-0038127,Logan Hall,DE,TB,5,0,0,0,0,0,0,0
00-0038129,Cade Otton,TE,TB,5,0,0,0,0,5,4,81
00-0038133,Boye Mafe,DE,SEA,5,0,0,0,0,0,0,0
00-0038134,Kenneth Walker III,RB,SEA,5,0,0,10,86,1,1,0
00-0038136,Coby Bryant,CB,SEA,5,0,0,0,0,0,0,0
00-0038142,David Ojabo,LB,BAL,5,0,0,0,0,0,0,0
00-0038359,Xavier Smith,WR,LA,5,0,0,0,0,0,0,0
00-0038381,Kyu Blu Kelly,CB,LV,5,0,0,0,0,0,0,0
00-0038386,Jalen Carter,DT,PHI,5,0,0,0,0,0,0,0
00-0038412,Moro Ojomo,DT,PHI,5,0,0,0,0,0,0,0
00-0038428,Andre Szmyt,K,CLE,5,0,0,0,0,0,0,0
00-0038440,Zavier Scott,RB,MIN,5,0,0,5,18,0,0,0
00-0038454,Keaton Mitchell,RB,BAL,5,0,0,3,8,1,1,5
00-0038456,Travis Vokolek,TE,ARI,5,0,0,0,0,0,0,0
00-0038492,Jason Brownlee,WR,KC,5,0,0,0,0,0,0,0
00-0038504,Trenton Simpson,LB,BAL,5,0,0,0,0,0,0,0
00-0038505,Tavius Robinson,LB,BAL,5,0,0,0,0,0,0,0
00-0038513,Cam Jones,LB,NYJ,5,0,0,0,0,0,0,0
00-0038519,Nikko Remigio,WR,KC,5,0,0,0,0,0,0,0
00-0038541,Tyree Wilson,DE,LV,5,0,0,0,0,0,0,0
00-0038543,Jaxon Smith-Njigba,WR,SEA,5,0,0,0,0,9,8,132
00-0038544,Quentin Johnston,WR,LAC,5,0,0,1,9,4,4,40
00-0038546,Myles Murphy,DE,CIN,5,0,0,0,0,0,0,0
00-0038547,Luke Schoonmaker,TE,DAL,5,0,0,0,0,2,1,3
00-0038549,DJ Turner II,CB,CIN,5,0,0,0,0,0,0,0
00-0038551,Kendre Miller,RB,NO,5,0,0,10,41,1,1,8
00-0038552,Riley Moss,CB,DEN,5,0,0,0,0,0,0,0
00-0038553,Daiyan Henley,LB,LAC,5,0,0,0,0,0,0,0
00-0038554,Ji'Ayir Brown,SAF,SF,5,0,0,0,0,0,0,0
00-0038555,Tank Bigsby,RB,PHI,5,0,0,0,0,0,0,0
00-0038559,Michael Wilson,WR,ARI,5,0,0,0,0,4,2,16
00-0038560,Jordan Battle,SAF,CIN,5,0,0,0,0,0,0,0
00-0038563,Tre Tucker,WR,LV,5,0,0,1,9,6,4,62
00-0038564,Cameron Latu,TE,PHI,5,0,0,0,0,0,0,0
00-0038565,Mekhi Blackmon,DB,IND,5,0,0,0,0,0,0,0
00-0038567,Chad Ryland,K,ARI,5,0,0,0,0,0,0,0
00-0038570,Ventrell Miller,LB,JAX,5,0,0,0,0,0,0,0
00-0038574,Isaiah McGuire,DE,CLE,5,0,0,0,0,0,0,0
00-0038576,Charlie Jones,WR,CIN,5,0,0,0,0,0,0,0
00-0038588,Jordan Howden,SAF,NO,5,0,0,0,0,0,0,0
00-0038596,Antonio Johnson,SAF,JAX,5,0,0,0,0,0,0,0
00-0038597,Chase Brown,RB,CIN,5,0,0,8,27,8,7,21
00-0038599,Henry To'oTo'o,LB,HOU,5,0,0,0,0,0,0,0
00-0038600,Owen Pappoe,LB,ARI,5,0,0,0,0,0,0,0
00-0038602,Chris Smith II,S,LV,5,0,0,0,0,0,0,0
00-0038605,JL Skinner,SAF,DEN,5,0,0,0,0,0,0,0
00-0038606,Parker Washington,WR,JAX,5,0,0,0,0,3,2,16
00-0038608,Kayshon Boutte,WR,NE,5,0,0,0,0,3,3,43
00-0038610,Bryce Baringer,P,NE,5,0,0,0,0,0,0,0
00-0038611,Chris Rodriguez Jr.,RB,WAS,5,0,0,5,7,0,0,0
00-0038618,Xavier Hutchinson,WR,HOU,5,0,0,0,0,3,3,18
00-0038619,Andrei Iosivas,WR,CIN,5,0,0,0,0,7,5,82
00-0038621,DeMario Douglas,WR,NE,5,0,0,0,0,3,2,17
00-0038623,Dante Stills,DT,ARI,5,0,0,0,0,0,0,0
00-0038625,Dee Winters,LB,SF,5,0,0,0,0,0,0,0
00-0038640,Jalen Brooks,WR,DAL,5,0,0,0,0,0,0,0
00-0038643,Brayden Willis,TE,SF,5,0,0,0,0,0,0,0
00-0038653,Cory Durden,DT,NE,5,0,0,0,0,0,0,0
00-0038660,Trevor Nowaske,LB,DET,5,0,0,0,0,0,0,0
00-0038679,Tyrell Shavers,WR,BUF,5,0,0,0,0,1,0,0
00-0038684,Ethan Bonner,CB,MIA,5,0,0,0,0,0,0,0
00-0038703,Kendell Brooks,SAF,TEN,5,0,0,0,0,0,0,0
00-0038705,Emari Demercado,RB,ARI,5,0,0,3,81,0,0,0
00-0038711,Mohamoud Diabate,LB,CLE,5,0,0,0,0,0,0,0
00-0038715,Ronnie Hickman Jr.,SAF,CLE,5,0,0,0,0,0,0,0
00-0038720,Julian Hill,TE,MIA,5,0,0,0,0,5,4,22
00-0038731,TJ Bass,OT,DAL,5,0,0,0,0,0,0,0
00-0038738,Hunter Luepke,RB,DAL,5,0,0,0,0,1,1,10
00-0038740,Jalen Moreno-Cropper,WR,DAL,5,0,0,0,0,0,0,0
00-0038752,Jake Bobo,WR,SEA,5,0,0,0,0,0,0,0
00-0038765,Ty Okada,SAF,SEA,5,0,0,0,0,0,0,0
00-0038778,Jalen Redmond,DL,MIN,5,0,0,0,0,0,0,0
00-0038782,Eku Leota,LB,NO,5,0,0,0,0,0,0,0
00-0038783,Nate Adkins,TE,DEN,5,0,0,0,0,1,0,0
00-0038791,Thomas Incoom,LB,CAR,5,0,0,0,0,0,0,0
00-0038795,PJ Mustipher,DT,ARI,5,0,0,0,0,0,0,0
00-0038807,Ivan Pace Jr.,LB,MIN,5,0,0,0,0,0,0,0
00-0038840,Brycen Tremayne,WR,CAR,5,0,0,0,0,1,1,9
00-0038851,Caleb Murphy,LB,LAC,5,0,0,0,0,0,0,0
00-0038890,Shaka Heyward,LB,CIN,5,0,0,0,0,0,0,0
00-0038896,Jacob Saylors,RB,DET,5,0,0,0,0,0,0,0
00-0038905,Blake Grupe,K,NO,5,0,0,0,0,0,0,0
00-0038922,Drake Thomas,LB,SEA,5,0,0,0,0,0,0,0
00-0038933,Dalton Kincaid,TE,BUF,5,0,0,0,0,6,6,108
00-0038935,Brenton Strange,TE,JAX,5,0,0,0,0,1,1,22
00-0038936,Juice Scruggs,C,HOU,5,0,0,0,0,0,0,0
00-0038938,Jalin Hyatt,WR,NYG,5,0,0,0,0,3,0,0
00-0038940,Tyler Lacy,DE,DET,5,0,0,0,0,0,0,0
00-0038951,Sean Tucker,RB,TB,5,0,0,3,3,3,3,-4
00-0038958,Markees Watts,LB,TB,5,0,0,0,0,0,0,0
00-0038976,Marvin Mims Jr.,WR,DEN,5,0,0,1,9,5,2,10
00-0038978,Byron Young,DT,PHI,5,0,0,0,0,0,0,0
00-0038982,Chamarri Conner,DB,KC,5,0,0,0,0,0,0,0
00-0038984,Kei'Trel Clark,CB,ARI,5,0,0,0,0,0,0,0
00-0038994,Jordan Addison,WR,MIN,5,0,0,0,0,6,5,41
00-0038995,Bryan Bresee,DT,NO,5,0,0,0,0,0,0,0
00-0038997,Josh Downs,WR,IND,5,0,0,0,0,8,6,54
00-0039000,Deonte Banks,CB,NYG,5,0,0,0,0,0,0,0
00-0039001,Tyler Steen,OT,PHI,5,0,0,0,0,0,0,0
00-0039002,Sydney Brown,SAF,PHI,5,0,0,0,0,0,0,0
00-0039009,Dylan Horton,DE,HOU,5,0,0,0,0,0,0,0
00-0039018,Jack Campbell,LB,DET,5,0,0,0,0,0,0,0
00-0039032,Tyjae Spears,RB,TEN,5,0,0,4,14,0,0,0
00-0039040,De'Von Achane,RB,MIA,5,0,0,10,16,7,6,30
00-0039041,Elijah Higgins,TE,ARI,5,0,0,0,0,2,2,10
00-0039047,Derick Hall,LB,SEA,5,0,0,0,0,0,0,0
00-0039049,SirVocea Dennis,LB,TB,5,0,0,0,0,0,0,0
00-0039050,Payne Durham,TE,TB,5,0,0,0,0,0,0,0
00-0039059,Ethan Evans,P,LA,5,0,0,0,0,0,0,0
00-0039064,Zay Flowers,WR,BAL,5,0,0,0,0,5,5,72
00-0039065,Sam LaPorta,TE,DET,5,0,0,0,0,6,5,92
00-0039068,Yaya Diaby,LB,TB,5,0,0,0,0,0,0,0
00-0039074,Davis Allen,TE,LA,5,0,0,0,0,2,2,24
00-0039075,Puka Nacua,WR,LA,5,0,0,0,0,12,10,85
00-0039108,Will Anderson Jr.,DE,HOU,5,0,0,0,0,0,0,0
00-0039137,Byron Young,LB,LA,5,0,0,0,0,0,0,0
00-0039138,Kobie Turner,DE,LA,5,0,0,0,0,0,0,0
00-0039139,Jahmyr Gibbs,RB,DET,5,0,0,12,54,2,2,33
00-0039140,Kelee Ringo,CB,PHI,5,0,0,0,0,0,0,0
00-0039141,Brian Branch,CB,DET,5,0,0,0,0,0,0,0
00-0039142,Will McDonald IV,DE,NYJ,5,0,0,0,0,0,0,0
00-0039147,Christian Gonzalez,CB,NE,5,0,0,0,0,0,0,0
00-0039148,Keion White,DE,NE,5,0,0,0,0,0,0,0
00-0039149,Quan Martin,SAF,WAS,5,0,0,0,0,0,0,0
00-0039150,Bryce Young,QB,CAR,5,30,198,3,1,0,0,0
00-0039151,Emmanuel Forbes,CB,LA,5,0,0,0,0,0,0,0
00-0039156,Julius Brents,CB,MIA,5,0,0,0,0,0,0,0
00-0039163,C.J. Stroud,QB,HOU,5,27,244,1,30,0,0,0
00-0039164,Anthony Richardson,QB,IND,5,2,9,0,0,1,1,9
00-0039165,Zach Charbonnet,RB,SEA,5,0,0,9,36,2,1,12
00-0039172,Jake Bates,K,DET,5,0,0,0,0,0,0,0
00-0039176,Basil Okoye,DT,BAL,5,0,0,0,0,0,0,0
00-0039178,Austin Ajiake,LB,IND,5,0,0,0,0,0,0,0
00-0039232,Nate Wiggins,CB,BAL,5,0,0,0,0,0,0,0
00-0039234,T.J. Tampa,CB,BAL,5,0,0,0,0,0,0,0
00-0039284,Braiden McGregor,DE,NYJ,5,0,0,0,0,0,0,0
00-0039299,George Holani,RB,SEA,5,0,0,0,0,0,0,0
00-0039309,Byron Murphy II,DT,SEA,5,0,0,0,0,0,0,0
00-0039313,Swayze Bozeman,LB,NYG,5,0,0,0,0,0,0,0
00-0039323,Ryan Rehkow,P,CIN,5,0,0,0,0,0,0,0
00-0039324,Christian Roland-Wallace,CB,KC,5,0,0,0,0,0,0,0
00-0039340,Laiatu Latu,DE,IND,5,0,0,0,0,0,0,0
00-0039342,Xavier Legette,WR,CAR,5,0,0,0,0,3,2,31
00-0039343,Kamari Lassiter,CB,HOU,5,0,0,0,0,0,0,0
00-0039345,Renardo Green,CB,SF,5,0,0,0,0,0,0,0
00-0039347,Trevin Wallace,LB,CAR,5,0,0,0,0,0,0,0
00-0039352,Marist Liufau,LB,DAL,5,0,0,0,0,0,0,0
00-0039353,Jarrian Jones,CB,JAX,5,0,0,0,0,0,0,0
00-0039354,McKinnley Jackson,DT,CIN,5,0,0,0,0,0,0,0
00-0039355,Luke McCaffrey,WR,WAS,5,0,0,0,0,2,1,50
00-0039363,Isaac Guerendo,RB,SF,5,0,0,0,0,0,0,0
00-0039366,Tarheeb Still,CB,LAC,5,0,0,0,0,0,0,0
00-0039368,Jordan Magee,LB,WAS,5,0,0,0,0,0,0,0
00-0039369,Cam Hart,CB,LAC,5,0,0,0,0,0,0,0
00-0039375,Josh Newton,CB,CIN,5,0,0,0,0,0,0,0
00-0039376,Spencer Rattler,QB,NO,5,31,225,6,21,1,1,0
00-0039379,Jamari Thrash,WR,CLE,5,0,0,0,0,1,1,22
00-0039391,Kimani Vidal,RB,LAC,5,0,0,4,18,1,1,1
00-0039395,Jamal Hill,LB,HOU,5,0,0,0,0,0,0,0
00-0039400,Zion Logue,DT,BUF,5,0,0,0,0,0,0,0
00-0039404,Will Reichard,K,MIN,5,0,0,0,0,0,0,0
00-0039407,Dylan Laube,RB,LV,5,0,0,0,0,0,0,0
00-0039409,Cam Little,K,JAX,5,0,0,0,0,0,0,0
00-0039410,Ryan Flournoy,WR,DAL,5,0,0,2,10,9,6,114
00-0039417,Myles Harden,CB,CLE,5,0,0,0,0,0,0,0
00-0039421,Levi Drake Rodriguez,DL,MIN,5,0,0,0,0,0,0,0
00-0039422,Nathan Thomas,OT,DAL,5,0,0,0,0,0,0,0
00-0039423,Jonah Laulu,DT,LV,5,0,0,0,0,0,0,0
00-0039424,Devaughn Vele,WR,NO,5,0,0,0,0,2,2,13
00-0039430,James Williams,LB,TEN,5,0,0,0,0,0,0,0
00-0039431,Jowon Briggs,DE,NYJ,5,0,0,0,0,0,0,0
00-0039436,Jaylen Harrell,DE,TEN,5,0,0,0,0,0,0,0
00-0039458,Brenden Bates,TE,HOU,5,0,0,0,0,2,2,23
00-0039465,Reddy Steward,DB,DAL,5,0,0,0,0,0,0,0
00-0039530,Brevyn Spann-Ford,TE,DAL,5,0,0,0,0,0,0,0
00-0039576,Spencer Shrader,K,IND,5,0,0,0,0,0,0,0
00-0039589,Kameron Johnson,WR,TB,5,0,0,1,2,0,0,0
00-0039603,British Brooks,RB,HOU,5,0,0,2,15,0,0,0
00-0039622,Isaiah Stalbird,LB,NO,5,0,0,0,0,0,0,0
00-0039634,Austin McNamara,P,NYJ,5,0,0,0,0,0,0,0
00-0039637,Maema Njongmeta,LB,CAR,5,0,0,0,0,0,0,0
00-0039681,Tyler Owens,DB,WAS,5,0,0,0,0,0,0,0
00-0039686,Colson Yankoff,TE,WAS,5,0,0,0,0,0,0,0
00-0039692,Dell Pettus,SAF,NE,5,0,0,0,0,0,0,0
00-0039718,Bo Richter,LB,MIN,5,0,0,0,0,0,0,0
00-0039732,Bo Nix,QB,DEN,5,39,242,3,22,0,0,0
00-0039734,Braden Fiske,DT,LA,5,0,0,0,0,0,0,0
00-0039737,Tip Reiman,TE,ARI,5,0,0,0,0,1,0,0
00-0039738,Blake Corum,RB,LA,5,0,0,1,13,2,0,0
00-0039740,Jalyx Hunt,LB,PHI,5,0,0,0,0,0,0,0
00-0039746,Will Shipley,RB,PHI,5,0,0,1,0,2,1,4
00-0039749,Tyler Davis,DE,LA,5,0,0,0,0,0,0,0
00-0039750,Joshua Karty,K,LA,5,0,0,0,0,0,0,0
00-0039751,Jordan Whittington,WR,LA,5,0,0,0,0,3,2,33
00-0039755,KT Leveston,OT,CLE,5,0,0,0,0,0,0,0
00-0039763,Joe Andreessen,LB,BUF,5,0,0,0,0,0,0,0
00-0039772,Josh Wallace,CB,LA,5,0,0,0,0,0,0,0
00-0039774,Omar Speights,LB,LA,5,0,0,0,0,0,0,0
00-0039776,Jaylen McCollough,SAF,LA,5,0,0,0,0,0,0,0
00-0039792,Devontez Walker,WR,BAL,5,0,0,0,0,0,0,0
00-0039793,AJ Barner,TE,SEA,5,0,0,0,0,7,7,53
00-0039795,Nehemiah Pritchett,CB,SEA,5,0,0,0,0,0,0,0
00-0039796,Rasheen Ali,RB,BAL,5,0,0,0,0,0,0,0
00-0039798,Isaiah Davis,RB,NYJ,5,0,0,1,5,4,3,28
00-0039808,Isaiah Adams,G,ARI,5,0,0,0,0,0,0,0
00-0039809,Jonah Elliss,LB,DEN,5,0,0,0,0,0,0,0
00-0039815,Tyrice Knight,LB,SEA,5,0,0,0,0,0,0,0
00-0039816,Anthony Gould,WR,IND,5,0,0,0,0,0,0,0
00-0039821,Andru Phillips,DB,NYG,5,0,0,0,0,0,0,0
00-0039825,Jaden Hicks,SAF,KC,5,0,0,0,0,0,0,0
00-0039829,Darius Muasau,LB,NYG,5,0,0,0,0,0,0,0
00-0039834,Kamren Kinchens,SAF,LA,5,0,0,0,0,0,0,0
00-0039835,Justin Eboigbe,DT,LAC,5,0,0,0,0,0,0,0
00-0039838,Calen Bullock,SAF,HOU,5,0,0,0,0,0,0,0
00-0039841,Cooper DeJean,CB,PHI,5,0,0,0,0,0,0,0
00-0039844,Kingsley Suamataia,OT,KC,5,0,0,0,0,0,0,0
00-0039846,Tykee Smith,DB,TB,5,0,0,0,0,0,0,0
00-0039847,Theo Johnson,TE,NYG,5,0,0,0,0,7,6,33
00-0039849,Marvin Harrison Jr.,WR,ARI,5,0,0,0,0,5,4,98
00-0039851,Drake Maye,QB,NE,5,30,273,3,12,0,0,0
00-0039852,Jared Verse,DE,LA,5,0,0,0,0,0,0,0
00-0039858,Cedric Gray,LB,TEN,5,0,0,0,0,0,0,0
00-0039860,Kool-Aid McKinstry,CB,NO,5,0,0,0,0,0,0,0
00-0039861,Tyler Nubin,SAF,NYG,5,0,0,0,0,0,0,0
00-0039864,Dadrion Taylor-Demerson,SAF,ARI,5,0,0,0,0,0,0,0
00-0039868,Troy Franklin,WR,DEN,5,0,0,0,0,5,3,35
00-0039872,Cole Bishop,SAF,BUF,5,0,0,0,0,0,0,0
00-0039875,Ray Davis,RB,BUF,5,0,0,2,1,0,0,0
00-0039880,Malik Washington,WR,MIA,5,0,0,0,0,5,4,0
00-0039888,Quinyon Mitchell,CB,PHI,5,0,0,0,0,0,0,0
00-0039890,Adonai Mitchell,WR,IND,5,0,0,0,0,1,0,0
00-0039893,Brian Thomas Jr.,WR,JAX,5,0,0,0,0,6,4,80
00-0039894,Xavier Worthy,WR,KC,5,0,0,1,9,9,6,42
00-0039898,Mike Sainristil,CB,WAS,5,0,0,0,0,0,0,0
00-0039901,Keon Coleman,WR,BUF,5,0,0,0,0,7,4,23
00-0039902,Chris Braswell,LB,TB,5,0,0,0,0,0,0,0
00-0039903,Terrion Arnold,CB,DET,5,0,0,0,0,0,0,0
00-0039906,Jer'Zhan Newton,DT,WAS,5,0,0,0,0,0,0,0
00-0039908,Kris Jenkins,DT,CIN,5,0,0,0,0,0,0,0
00-0039910,Jayden Daniels,QB,WAS,5,26,231,8,39,0,0,0
00-0039911,Chop Robinson,LB,MIA,5,0,0,0,0,0,0,0
00-0039915,Ladd McConkey,WR,LAC,5,0,0,0,0,7,5,39
00-0039920,Malachi Corley,WR,CLE,5,0,0,1,11,0,0,0
00-0039924,Dallas Turner,LB,MIN,5,0,0,0,0,0,0,0
00-0039926,Jalen Sundell,OT,SEA,5,0,0,0,0,0,0,0
00-0039934,Jude McAtamney,K,NYG,5,0,0,0,0,0,0,0
00-0040011,Shemar James,LB,DAL,5,0,0,0,0,0,0,0
00-0040045,Alijah Clark,DB,DAL,5,0,0,0,0,0,0,0
00-0040069,Teddye Buchanan,LB,BAL,5,0,0,0,0,0,0,0
00-0040074,Tyler Loop,K,BAL,5,0,0,0,0,0,0,0
00-0040075,LaJohntay Wester,WR,BAL,5,0,0,0,0,0,0,0
00-0040078,Brashard Smith,RB,KC,5,0,0,1,4,3,3,32
00-0040100,Jay Higgins,LB,BAL,5,0,0,0,0,0,0,0
00-0040106,Reuben Lowery,SAF,BAL,5,0,0,0,0,0,0,0
00-0040122,Ashton Jeanty,RB,LV,5,0,0,14,67,7,5,42
00-0040123,Armand Membou,OT,NYJ,5,0,0,0,0,0,0,0
00-0040124,Tetairoa McMillan,WR,CAR,5,0,0,0,0,8,6,73
00-0040127,Kenneth Grant,DT,MIA,5,0,0,0,0,0,0,0
00-0040128,Tyler Warren,TE,IND,5,1,0,0,0,4,4,44
00-0040129,Emeka Egbuka,WR,TB,5,0,0,0,0,7,7,163
00-0040130,Jayden Higgins,WR,HOU,5,0,0,0,0,4,4,32
00-0040134,Pat Bryant,WR,DEN,5,0,0,0,0,0,0,0
00-0040136,Princely Umanmielen,LB,CAR,5,0,0,0,0,0,0,0
00-0040138,Jaylin Noel,WR,HOU,5,0,0,1,5,3,2,13
00-0040143,Jacob Parrish,CB,TB,5,0,0,0,0,0,0,0
00-0040152,Upton Stout,CB,SF,5,0,0,0,0,0,0,0
00-0040154,Tai Felton,WR,MIN,5,0,0,0,0,0,0,0
00-0040157,Barrett Carter,LB,CIN,5,0,0,0,0,0,0,0
00-0040159,Lathan Ransom,SAF,CAR,5,0,0,0,0,0,0,0
00-0040162,Dylan Sampson,RB,CLE,5,0,0,1,-4,2,1,6
00-0040164,Jaylin Lane,WR,WAS,5,0,0,0,0,2,1,16
00-0040165,Malachi Moore,SAF,NYJ,5,0,0,0,0,0,0,0
00-0040166,Quincy Riley,CB,NO,5,0,0,0,0,0,0,0
00-0040170,Elic Ayomanor,WR,TEN,5,0,0,0,0,4,2,18
00-0040171,Joshua Farmer,DT,NE,5,0,0,0,0,0,0,0
00-0040173,Tyrion Ingram-Dawkins,DT,MIN,5,0,0,0,0,0,0,0
00-0040175,Jordan Phillips,DT,MIA,5,0,0,0,0,0,0,0
00-0040179,DJ Giddens,RB,IND,5,0,0,5,22,1,0,0
00-0040182,Dante Trader Jr.,SAF,MIA,5,0,0,0,0,0,0,0
00-0040183,Elijah Roberts,DE,TB,5,0,0,0,0,0,0,0
00-0040184,KeAndre Lambert-Smith,WR,LAC,5,0,0,0,0,0,0,0
00-0040185,Marques Sigle,SAF,SF,5,0,0,0,0,0,0,0
00-0040186,Francisco Mauigoa,LB,NYJ,5,0,0,0,0,0,0,0
00-0040187,Mitchell Evans,TE,CAR,5,0,0,0,0,1,1,4
00-0040189,Oronde Gadsden II,TE,LAC,5,0,0,0,0,1,1,14
00-0040195,Denzel Burke,CB,ARI,5,0,0,0,0,0,0,0
00-0040196,Tyler Baron,DE,NYJ,5,0,0,0,0,0,0,0
00-0040198,Ollie Gordon II,RB,MIA,5,0,0,3,-2,0,0,0
00-0040199,JJ Pegues,DT,LV,5,0,0,0,0,0,0,0
00-0040200,Andy Borregales,K,NE,5,0,0,0,0,0,0,0
00-0040201,Marcus Harris,CB,TEN,5,0,0,0,0,0,0,0
00-0040213,Rayuan Lane III,SAF,JAX,5,0,0,0,0,0,0,0
00-0040214,Kobe King,LB,MIN,5,0,0,0,0,0,0,0
00-0040218,Jimmy Horn Jr.,WR,CAR,5,0,0,2,10,3,2,21
00-0040223,Jeremy Crawshaw,P,DEN,5,0,0,0,0,0,0,0
00-0040230,Kitan Crawford,SAF,ARI,5,0,0,0,0,0,0,0
00-0040237,Tez Johnson,WR,TB,5,0,0,0,0,4,4,59
00-0040238,LeQuint Allen Jr.,RB,JAX,5,0,0,0,0,0,0,0
00-0040242,Jacory Croskey-Merritt,RB,WAS,5,0,0,14,111,2,2,39
00-0040245,Connor Colby,G,SF,5,0,0,0,0,0,0,0
00-0040255,Adin Huntington,DE,CLE,5,0,0,0,0,0,0,0
00-0040259,Gage Larvadain,WR,CLE,5,0,0,0,0,0,0,0
00-0040261,Easton Mascarenas-Arnold,LB,CLE,5,0,0,0,0,0,0,0
00-0040263,Donovan McMillon,SAF,CLE,5,0,0,0,0,0,0,0
00-0040279,Ryan Fitzgerald,K,CAR,5,0,0,0,0,0,0,0
00-0040289,Bam Martin-Scott,LB,CAR,5,0,0,0,0,0,0,0
00-0040295,Trevian Thomas,SAF,CAR,5,0,0,0,0,0,0,0
00-0040296,Corey Thornton,CB,CAR,5,0,0,0,0,0,0,0
00-0040347,Johnathan Edwards,DB,IND,5,0,0,0,0,0,0,0
00-0040357,Trey Washington,SAF,IND,5,0,0,0,0,0,0,0
00-0040416,John Bullock,LB,TB,5,0,0,0,0,0,0,0
00-0040429,Josh Williams,RB,TB,5,0,0,0,0,0,0,0
00-0040432,Beaux Collins,WR,NYG,5,0,0,0,0,3,1,7
00-0040449,Karene Reid,LB,DEN,5,0,0,0,0,0,0,0
00-0040460,Marlowe Wax,LB,LAC,5,0,0,0,0,0,0,0
00-0040494,Max Brosmer,QB,MIN,5,0,0,1,-1,0,0,0
00-0040500,Joe Huber,G,MIN,5,0,0,0,0,0,0,0
00-0040501,Austin Keys,LB,MIN,5,0,0,0,0,0,0,0
00-0040503,Dorian Mausi,LB,TEN,5,0,0,0,0,0,0,0
00-0040506,Myles Price,WR,MIN,5,0,0,0,0,0,0,0
00-0040541,Torricelli Simpkins III,OL,NO,5,0,0,0,0,0,0,0
00-0040574,Elijah Ponder,LB,NE,5,0,0,0,0,0,0,0
00-0040579,Carson Schwesinger,LB,CLE,5,0,0,0,0,0,0,0
00-0040580,Josaiah Stewart,LB,LA,5,0,0,0,0,0,0,0
00-0040581,Dont'e Thornton Jr.,WR,LV,5,0,0,0,0,2,0,0
00-0040582,Arian Smith,WR,NYJ,5,0,0,0,0,1,1,14
00-0040583,Woody Marks,RB,HOU,5,0,0,7,24,1,0,0
00-0040584,Gunnar Helm,TE,TEN,5,0,0,0,0,5,4,34
00-0040585,Ty Hamilton,DT,LA,5,0,0,0,0,0,0,0
00-0040586,Jaydon Blue,RB,DAL,5,0,0,4,7,0,0,0
00-0040613,Shaun Dolac,LB,LA,5,0,0,0,0,0,0,0
00-0040636,Keyon Martin,CB,BAL,5,0,0,0,0,0,0,0
00-0040639,Grey Zabel,G,SEA,5,0,0,0,0,0,0,0
00-0040640,Ashton Gillotte,DE,KC,5,0,0,0,0,0,0,0
00-0040641,Darien Porter,CB,LV,5,0,0,0,0,0,0,0
00-0040643,Jonas Sanker,SAF,NO,5,0,0,0,0,0,0,0
00-0040644,Trevor Etienne,RB,CAR,5,0,0,4,22,1,1,7
00-0040648,Tory Horton,WR,SEA,5,0,0,0,0,4,3,39
00-0040654,Kai Kroeger,P,NO,5,0,0,0,0,0,0,0
00-0040660,Mykel Williams,DE,SF,5,0,0,0,0,0,0,0
00-0040663,Harold Fannin Jr.,TE,CLE,5,0,0,0,0,4,4,13
00-0040666,Omarion Hampton,RB,LAC,5,0,0,12,44,6,6,26
00-0040669,Isaac TeSlaa,WR,DET,5,0,0,0,0,1,1,12
00-0040670,Nohl Williams,CB,KC,5,0,0,0,0,0,0,0
00-0040672,Tyleik Williams,DT,DET,5,0,0,0,0,0,0,0
00-0040673,Jalen Milroe,QB,SEA,5,0,0,1,0,0,0,0
00-0040676,Cam Ward,QB,TEN,5,39,265,5,-6,0,0,0
00-0040677,Abdul Carter,LB,NYG,5,0,0,0,0,0,0,0
00-0040685,Mason Graham,DT,CLE,5,0,0,0,0,0,0,0
00-0040688,Malaki Starks,SAF,BAL,5,0,0,0,0,0,0,0
00-0040691,Jaxson Dart,QB,NYG,5,40,202,7,55,0,0,0
00-0040694,Darius Alexander,DT,NYG,5,0,0,0,0,0,0,0
00-0040704,Dillon Gabriel,QB,CLE,5,33,190,2,5,0,0,0
00-0040705,Chimere Dike,WR,TEN,5,0,0,0,0,5,2,17
00-0040708,Jihaad Campbell,LB,PHI,5,0,0,0,0,0,0,0
00-0040710,Deone Walker,DT,BUF,5,0,0,0,0,0,0,0
00-0040715,Cam Skattebo,RB,NYG,5,0,0,15,59,7,6,45
00-0040716,Craig Woodson,SAF,NE,5,0,0,0,0,0,0,0
00-0040718,Travis Hunter,CB,JAX,5,0,0,0,0,3,3,64
00-0040719,Bhayshul Tuten,RB,JAX,5,0,0,4,6,1,1,5
00-0040720,Jahdae Barron,CB,DEN,5,0,0,0,0,0,0,0
00-0040721,Alfred Collins,DT,SF,5,0,0,0,0,0,0,0
00-0040722,Mike Green,LB,BAL,5,0,0,0,0,0,0,0
00-0040723,Jack Kiser,LB,JAX,5,0,0,0,0,0,0,0
00-0040725,Donovan Ezeiruaku,LB,DAL,5,0,0,0,0,0,0,0
00-0040729,Jack Bech,WR,LV,5,0,0,0,0,5,3,27
00-0040730,RJ Harvey,RB,DEN,5,0,0,4,12,3,3,18
00-0040731,Trey Amos,CB,WAS,5,0,0,0,0,0,0,0
00-0040733,Nick Emmanwori,SAF,SEA,5,0,0,0,0,0,0,0
00-0040734,TreVeyon Henderson,RB,NE,5,0,0,6,24,3,2,3
00-0040736,Mason Taylor,TE,NYJ,5,0,0,0,0,12,9,67
00-0040737,Terrance Ferguson,TE,LA,5,0,0,0,0,1,1,21
00-0040738,Demetrius Knight Jr.,LB,CIN,5,0,0,0,0,0,0,0
00-0040739,Elijah Arroyo,TE,SEA,5,0,0,0,0,1,1,10
00-0040744,Jaylahn Tuimolaou,DE,IND,5,0,0,0,0,0,0,0
00-0040746,Nic Scourton,LB,CAR,5,0,0,0,0,0,0,0
00-0040749,Andrew Mukuba,SAF,PHI,5,0,0,0,0,0,0,0
00-0040751,Will Johnson,CB,ARI,5,0,0,0,0,0,0,0
00-0040752,Oluwafemi Oladejo,DE,TEN,5,0,0,0,0,0,0,0
00-0040782,Isaiah Bond,WR,CLE,5,0,0,0,0,7,2,29
00-0040784,Quinshon Judkins,RB,CLE,5,0,0,23,110,2,1,18
,,,SF,5,0,0,0,0,0,0,0
00-0023459,Aaron Rodgers,QB,PIT,6,30,235,1,1,0,0,0
00-0023853,Matt Prater,K,BUF,6,0,0,0,0,0,0,0
00-0025565,Nick Folk,K,NYJ,6,0,0,0,0,0,0,0
00-0026158,Joe Flacco,QB,CIN,6,45,219,0,0,0,0,0
00-0026190,Calais Campbell,DE,ARI,6,0,0,0,0,0,0,0
00-0026498,Matthew Stafford,QB,LA,6,26,181,4,1,0,0,0
00-0027114,Thomas Morstead,P,SF,6,0,0,0,0,0,0,0
00-0027857,Trent Williams,OT,SF,6,0,0,0,0,0,0,0
00-0027940,Von Miller,OLB,WAS,6,0,0,0,0,0,0,0
00-0027962,Cameron Jordan,LB,NO,6,0,0,0,0,0,0,0
00-0027969,Cameron Heyward,DE,PIT,6,0,0,0,0,0,0,0
00-0028872,Johnny Hekker,P,TEN,6,0,0,0,0,0,0,0
00-0029255,Bobby Wagner,MLB,WAS,6,0,0,0,0,0,0,0
00-0029263,Russell Wilson,QB,NYG,6,1,0,0,0,0,0,0
00-0029562,Lavonte David,OLB,TB,6,0,0,0,0,0,0,0
00-0029607,Demario Davis,OLB,NO,6,0,0,0,0,0,0,0
00-0029692,Bryan Anger,P,DAL,6,0,0,0,0,0,0,0
00-0029892,Kyle Juszczyk,FB,SF,6,0,0,0,0,1,1,9
00-0030061,Zach Ertz,TE,WAS,6,0,0,0,0,6,6,43
00-0030062,Darius Slay,CB,PIT,6,0,0,0,0,0,0,0
00-0030070,John Jenkins,DT,BAL,6,0,0,0,0,0,0,0
00-0030092,Sam Martin,P,CAR,6,0,0,0,0,0,0,0
00-0030114,Jordan Poyer,FS,BUF,6,0,0,0,0,0,0,0
00-0030140,Tress Way,P,WAS,6,0,0,0,0,0,0,0
00-0030279,Keenan Allen,WR,LAC,6,0,0,0,0,7,4,27
00-0030294,Tony Jefferson,S,LAC,6,0,0,0,0,0,0,0
00-0030506,Travis Kelce,TE,KC,6,0,0,0,0,7,6,78
00-0030564,DeAndre Hopkins,WR,BAL,6,0,0,0,0,4,2,20
00-0030565,Geno Smith,QB,LV,6,23,174,4,-3,0,0,0
00-0030757,Mike Pennel,DT,CIN,6,0,0,0,0,0,0,0
00-0031079,Pat O'Donnell,P,ARI,6,0,0,0,0,0,0,0
00-0031136,Chris Boswell,K,PIT,6,0,0,0,0,0,0,0
00-0031177,Brent Urban,DE,BAL,6,0,0,0,0,0,0,0
00-0031236,Brandin Cooks,WR,NO,6,0,0,0,0,1,1,21
00-0031270,Shelby Harris,DE,CLE,6,0,0,0,0,0,0,0
00-0031279,Jake Matthews,OT,ATL,6,0,0,0,0,0,0,0
00-0031330,Morgan Moses,OT,NE,6,0,0,0,0,0,0,0
00-0031360,Kyle Van Noy,MLB,BAL,6,0,0,0,0,0,0,0
00-0031364,Jadeveon Clowney,DE,DAL,6,0,0,0,0,0,0,0
00-0031381,Davante Adams,WR,LA,6,0,0,0,0,9,4,39
00-0031411,DeMarcus Lawrence,LB,SEA,6,0,0,0,0,0,0,0
00-0031492,Jason Myers,K,SEA,6,0,0,0,0,0,0,0
00-0031550,Shaq Thompson,OLB,BUF,6,0,0,0,0,0,0,0
00-0031557,Jordan Phillips,DT,BUF,6,0,0,0,0,0,0,0
00-0031576,Za'Darius Smith,DE,PHI,6,0,0,0,0,0,0,0
00-0031588,Stefon Diggs,WR,NE,6,0,0,0,0,3,3,28
00-0031608,Quandre Diggs,S,TEN,6,0,0,0,0,0,0,0
00-0031610,Darren Waller,TE,MIA,6,0,0,0,0,3,2,12
00-0031622,Bobby Hart,OT,LAC,6,0,0,0,0,0,0,0
00-0031687,Raheem Mostert,RB,LV,6,0,0,5,-4,0,0,0
00-0031740,Neville Hewitt,LB,NYG,6,0,0,0,0,0,0,0
00-0031898,Alex Singleton,LB,DEN,6,0,0,0,0,0,0,0
00-0031933,Leonard Williams,DE,SEA,6,0,0,0,0,0,0,0
00-0031935,Preston Smith,DE,WAS,6,0,0,0,0,0,0,0
00-0031957,Rakeem Nunez-Roches,DT,NYG,6,0,0,0,0,0,0,0
00-0032052,Dante Fowler Jr.,DE,DAL,6,0,0,0,0,0,0,0
00-0032065,Bradley Pinion,P,ATL,6,0,0,0,0,0,0,0
00-0032104,Ameer Abdullah,RB,IND,6,0,0,1,7,1,1,9
00-0032146,Bud Dupree,OLB,LAC,6,0,0,0,0,0,0,0
00-0032164,Arik Armstead,DE,JAX,6,0,0,0,0,0,0,0
00-0032211,Tyler Lockett,WR,TEN,6,0,0,0,0,3,1,0
00-0032228,Joe Cardona,LS,MIA,6,0,0,0,0,0,0,0
00-0032378,DeForest Buckner,DT,IND,6,0,0,0,0,0,0,0
00-0032380,Laremy Tunsil,OT,WAS,6,0,0,0,0,0,0,0
00-0032385,Sterling Shepard,WR,TB,6,0,0,0,0,3,2,51
00-0032387,Jarran Reed,DT,SEA,6,0,0,0,0,0,0,0
00-0032388,Deion Jones,LB,TB,6,0,0,0,0,0,0,0
00-0032392,Austin Hooper,TE,NE,6,0,0,0,0,1,1,5
00-0032398,Chris Moore,WR,WAS,6,0,0,0,0,5,3,46
00-0032399,Miles Killebrew,SAF,PIT,6,0,0,0,0,0,0,0
00-0032424,DJ Reader,DT,DET,6,0,0,0,0,0,0,0
00-0032442,Elandon Roberts,OLB,LV,6,0,0,0,0,0,0,0
00-0032464,Kalif Raymond,WR,DET,6,0,0,0,0,0,0,0
00-0032569,Wil Lutz,K,DEN,6,0,0,0,0,0,0,0
00-0032667,Roy Robertson-Harris,DE,NYG,6,0,0,0,0,0,0,0
00-0032701,Jake Brendel,C,SF,6,0,0,0,0,0,0,0
00-0032762,Chris Jones,DE,KC,6,0,0,0,0,0,0,0
00-0032764,Derrick Henry,RB,BAL,6,0,0,24,122,2,1,8
00-0032775,Demarcus Robinson,WR,SF,6,0,0,0,0,3,2,44
00-0032889,A'Shawn Robinson,DT,CAR,6,0,0,0,0,0,0,0
00-0032933,Antonio Hamilton,CB,WAS,6,0,0,0,0,0,0,0
00-0032943,Riley Dixon,P,TB,6,0,0,0,0,0,0,0
00-0032965,Ronnie Stanley,OT,BAL,6,0,0,0,0,0,0,0
00-0033038,Eric Murray,S,JAX,6,0,0,0,0,0,0,0
00-0033046,Jihad Ward,LB,TEN,6,0,0,0,0,0,0,0
00-0033051,David Onyemata,DT,ATL,6,0,0,0,0,0,0,0
00-0033055,Jalen Ramsey,CB,PIT,6,0,0,0,0,0,0,0
00-0033066,Andrew Billings,DT,CHI,6,0,0,0,0,0,0,0
00-0033072,Leonard Floyd,DE,ATL,6,0,0,0,0,0,0,0
00-0033073,Emmanuel Ogbah,DE,JAX,6,0,0,0,0,0,0,0
00-0033077,Dak Prescott,QB,DAL,6,34,261,2,-1,0,0,0
00-0033090,Hunter Henry,TE,NE,6,0,0,0,0,3,3,27
00-0033093,Jonathan Bullard,DE,NO,6,0,0,0,0,0,0,0
00-0033106,Jared Goff,QB,DET,6,29,203,1,7,0,0,0
00-0033110,Tyler Higbee,TE,LA,6,0,0,0,0,4,4,40
00-0033119,Jacoby Brissett,QB,ARI,6,44,320,3,19,0,0,0
00-0033120,Kenny Clark,NT,DAL,6,0,0,0,0,0,0,0
00-0033131,Maliek Collins,DT,CLE,6,0,0,0,0,0,0,0
00-0033132,Kevin Byard,FS,CHI,6,0,0,0,0,0,0,0
00-0033156,Joey Bosa,DE,BUF,6,0,0,0,0,0,0,0
00-0033217,Mo Alie-Cox,TE,IND,6,0,0,0,0,2,1,16
00-0033246,Johnny Mundt,TE,JAX,6,0,0,0,0,2,1,14
00-0033269,Rigoberto Sanchez,P,IND,6,0,0,0,0,0,0,0
00-0033280,Christian McCaffrey,RB,SF,6,0,0,17,54,8,7,57
00-0033281,Marlon Humphrey,CB,BAL,6,0,0,0,0,0,0,0
00-0033290,Jermaine Eluemunor,G,NYG,6,0,0,0,0,0,0,0
00-0033297,D.J. Jones,DT,DEN,6,0,0,0,0,0,0,0
00-0033303,Harrison Butker,K,KC,6,0,0,0,0,0,0,0
00-0033307,Kendrick Bourne,WR,SF,6,0,0,0,0,9,5,142
00-0033357,Taysom Hill,TE,NO,6,0,0,1,1,0,0,0
00-0033375,Tim Patrick,WR,JAX,6,0,0,0,0,1,1,26
00-0033381,Adam Butler,DT,LV,6,0,0,0,0,0,0,0
00-0033503,Arthur Maulet,CB,DET,6,0,0,0,0,0,0,0
00-0033526,Samaje Perine,RB,CIN,6,0,0,6,16,3,2,16
00-0033546,Dalvin Tomlinson,DE,ARI,6,0,0,0,0,0,0,0
00-0033551,Rasul Douglas,CB,MIA,6,0,0,0,0,0,0,0
00-0033555,Mack Hollins,WR,NE,6,0,0,0,0,3,2,28
00-0033572,Jamal Agnew,WR,ATL,6,0,0,0,0,0,0,0
00-0033576,Eric Saubert,TE,SEA,6,0,0,0,0,0,0,0
00-0033579,Xavier Woods,FS,TEN,6,0,0,0,0,0,0,0
00-0033595,Pat O'Connor,DE,DET,6,0,0,0,0,0,0,0
00-0033662,Cooper Rush,QB,BAL,6,19,72,1,0,0,0,0
00-0033676,Elijah Wilkinson,OT,ATL,6,0,0,0,0,0,0,0
00-0033787,Jake Elliott,K,PHI,6,0,0,0,0,0,0,0
00-0033857,JuJu Smith-Schuster,WR,KC,6,0,0,0,0,3,3,57
00-0033858,Jonnu Smith,TE,PIT,6,0,0,1,10,4,3,18
00-0033860,Davon Godchaux,DT,NO,6,0,0,0,0,0,0,0
00-0033868,Myles Garrett,DE,CLE,6,0,0,0,0,0,0,0
00-0033870,Solomon Thomas,DE,DAL,6,0,0,0,0,0,0,0
00-0033872,Jamal Adams,LB,LV,6,0,0,0,0,0,0,0
00-0033873,Patrick Mahomes,QB,KC,6,30,257,10,32,0,0,0
00-0033874,Marshon Lattimore,CB,WAS,6,0,0,0,0,0,0,0
00-0033875,Haason Reddick,OLB,TB,6,0,0,0,0,0,0,0
00-0033878,Adoree' Jackson,CB,PHI,6,0,0,0,0,0,0,0
00-0033881,Evan Engram,TE,DEN,6,0,0,1,7,6,5,42
00-0033883,Jabrill Peppers,FS,PIT,6,0,0,0,0,0,0,0
00-0033884,Tre'Davious White,CB,BUF,6,0,0,0,0,0,0,0
00-0033885,David Njoku,TE,CLE,6,0,0,0,0,6,3,28
00-0033886,T.J. Watt,OLB,PIT,6,0,0,0,0,0,0,0
00-0033889,Cam Robinson,OT,CLE,6,0,0,0,0,0,0,0
00-0033890,Budda Baker,S,ARI,6,0,0,0,0,0,0,0
00-0033891,Zay Jones,WR,ARI,6,0,0,0,0,8,5,79
00-0033906,Alvin Kamara,RB,NO,6,0,0,10,31,5,5,45
00-0033907,Dawuane Smoot,DE,JAX,6,0,0,0,0,0,0,0
00-0033908,Cooper Kupp,WR,SEA,6,0,0,0,0,3,2,40
00-0033914,Alex Anzalone,MLB,DET,6,0,0,0,0,0,0,0
00-0033923,Kareem Hunt,RB,KC,6,0,0,6,23,1,1,11
00-0033926,Shaquill Griffin,CB,SEA,6,0,0,0,0,0,0,0
00-0033928,Jourdan Lewis,CB,JAX,6,0,0,0,0,0,0,0
00-0033935,Trey Hendrickson,LB,CIN,6,0,0,0,0,0,0,0
00-0033941,Rayshawn Jenkins,DB,CLE,6,0,0,0,0,0,0,0
00-0033943,Josh Reynolds,WR,NYJ,6,0,0,0,0,3,3,25
00-0033945,Samson Ebukam,DE,IND,6,0,0,0,0,0,0,0
00-0033952,Grover Stewart,DT,IND,6,0,0,0,0,0,0,0
00-0033955,Jeremy McNichols,RB,WAS,6,0,0,2,5,4,3,30
00-0033964,Al-Quadin Muhammad,LB,DET,6,0,0,0,0,0,0,0
00-0034084,Mike Badgley,K,IND,6,0,0,0,0,0,0,0
00-0034112,Austin Schlottmann,C,NYG,6,0,0,0,0,0,0,0
00-0034145,Chris Lammons,DB,IND,6,0,0,0,0,0,0,0
00-0034159,Will Dissly,TE,LAC,6,0,0,0,0,2,2,18
00-0034160,Michael Dickson,P,SEA,6,0,0,0,0,0,0,0
00-0034161,Daniel Carlson,K,LV,6,0,0,0,0,0,0,0
00-0034162,J.K. Scott,P,LAC,6,0,0,0,0,0,0,0
00-0034163,Jacob Martin,DE,WAS,6,0,0,0,0,0,0,0
00-0034173,Eddy Pineiro,K,SF,6,0,0,0,0,0,0,0
00-0034203,Darious Williams,CB,LA,6,0,0,0,0,0,0,0
00-0034234,Poona Ford,DT,LA,6,0,0,0,0,0,0,0
00-0034251,Daniel Ekuale,DT,PIT,6,0,0,0,0,0,0,0
00-0034264,Jalyn Holmes,DT,WAS,6,0,0,0,0,0,0,0
00-0034272,Marquez Valdes-Scantling,WR,SF,6,0,0,0,0,3,2,22
00-0034277,DeShon Elliott,SAF,PIT,6,0,0,0,0,0,0,0
00-0034285,Zach Sieler,DE,MIA,6,0,0,0,0,0,0,0
00-0034302,Frankie Luvu,LB,WAS,6,0,0,0,0,0,0,0
00-0034333,Daron Payne,NT,WAS,6,0,0,0,0,0,0,0
00-0034346,Will Hernandez,G,ARI,6,0,0,0,0,0,0,0
00-0034348,Courtland Sutton,WR,DEN,6,0,0,0,0,3,1,17
00-0034350,Uchenna Nwosu,LB,SEA,6,0,0,0,0,0,0,0
00-0034351,Dallas Goedert,TE,PHI,6,0,0,0,0,11,9,110
00-0034356,Donte Jackson,CB,LAC,6,0,0,0,0,0,0,0
00-0034357,Isaiah Oliver,FS,NYJ,6,0,0,0,0,0,0,0
00-0034361,Justin Reid,S,NO,6,0,0,0,0,0,0,0
00-0034365,Ian Thomas,TE,LV,6,0,0,0,0,1,1,4
00-0034367,Nyheim Hines,RB,LAC,6,0,0,0,0,0,0,0
00-0034373,Dorance Armstrong,DE,WAS,6,0,0,0,0,0,0,0
00-0034376,Taron Johnson,CB,BUF,6,0,0,0,0,0,0,0
00-0034381,Josh Sweat,LB,ARI,6,0,0,0,0,0,0,0
00-0034391,Siran Neal,DB,SF,6,0,0,0,0,0,0,0
00-0034413,Foye Oluokun,LB,JAX,6,0,0,0,0,0,0,0
00-0034431,Zaire Franklin,OLB,IND,6,0,0,0,0,0,0,0
00-0034437,Logan Cooke,P,JAX,6,0,0,0,0,0,0,0
00-0034465,Jeremy Reaves,DB,WAS,6,0,0,0,0,0,0,0
00-0034473,Dennis Gardeck,LB,JAX,6,0,0,0,0,0,0,0
00-0034485,Jonathan Owens,SAF,CHI,6,0,0,0,0,0,0,0
00-0034495,Evan Brown,C,ARI,6,0,0,0,0,0,0,0
00-0034613,Tanner Hudson,TE,CIN,6,0,0,0,0,5,4,10
00-0034639,Mike Ford,DB,ATL,6,0,0,0,0,0,0,0
00-0034673,Tremaine Edmunds,MLB,CHI,6,0,0,0,0,0,0,0
00-0034675,Jessie Bates,FS,ATL,6,0,0,0,0,0,0,0
00-0034678,Alex Cappa,G,LV,6,0,0,0,0,1,0,0
00-0034720,Robert Spillane,LB,NE,6,0,0,0,0,0,0,0
00-0034721,Corey Bojorquez,P,CLE,6,0,0,0,0,0,0,0
00-0034753,Mark Andrews,TE,BAL,6,0,0,3,2,6,4,24
00-0034754,Oren Burks,ILB,CIN,6,0,0,0,0,0,0,0
00-0034760,Nathan Shepherd,DE,NO,6,0,0,0,0,0,0,0
00-0034771,Mason Rudolph,QB,PIT,6,0,0,3,0,0,0,0
00-0034773,Vita Vea,DT,TB,6,0,0,0,0,0,0,0
00-0034778,Carlton Davis III,CB,NE,6,0,0,0,0,0,0,0
00-0034782,Harrison Phillips,DT,NYJ,6,0,0,0,0,0,0,0
00-0034789,Minkah Fitzpatrick,FS,MIA,6,0,0,0,0,0,0,0
00-0034790,Derwin James,FS,LAC,6,0,0,0,0,0,0,0
00-0034797,Jerome Baker,OLB,CLE,6,0,0,0,0,0,0,0
00-0034800,B.J. Hill,DE,CIN,6,0,0,0,0,0,0,0
00-0034801,Josh Woods,LB,ATL,6,0,0,0,0,0,0,0
00-0034803,Joe Noteboom,OT,BAL,6,0,0,0,0,0,0,0
00-0034805,John Franklin-Myers,DE,DEN,6,0,0,0,0,0,0,0
00-0034810,Sebastian Joseph-Day,DT,TEN,6,0,0,0,0,0,0,0
00-0034815,Fred Warner,MLB,SF,6,0,0,0,0,0,0,0
00-0034827,DJ Moore,WR,CHI,6,0,0,2,10,5,3,42
00-0034828,Harold Landry III,LB,NE,6,0,0,0,0,0,0,0
00-0034832,Bradley Chubb,OLB,MIA,6,0,0,0,0,0,0,0
00-0034837,Calvin Ridley,WR,TEN,6,0,0,0,0,1,1,18
00-0034843,Mike Hughes,CB,ATL,6,0,0,0,0,0,0,0
00-0034844,Saquon Barkley,RB,PHI,6,0,0,12,58,3,2,9
00-0034854,KhaDarel Hodge,WR,ATL,6,0,0,0,0,0,0,0
00-0034855,Baker Mayfield,QB,TB,6,23,256,3,14,0,0,0
00-0034856,Denzel Ward,CB,CLE,6,0,0,0,0,0,0,0
00-0034857,Josh Allen,QB,BUF,6,26,180,6,42,0,0,0
00-0034869,Sam Darnold,QB,SEA,6,27,295,4,2,0,0,0
00-0034941,Mitch Wishnowsky,P,BUF,6,0,0,0,0,0,0,0
00-0034959,Andrew Beck,FB,NYJ,6,0,0,0,0,1,1,6
00-0034960,Jakobi Meyers,WR,LV,6,0,0,0,0,4,4,39
00-0034967,Rashan Gary,LB,GB,6,0,0,0,0,0,0,0
00-0034968,Darnell Savage,SAF,WAS,6,0,0,0,0,0,0,0
00-0034973,Maxx Crosby,DE,LV,6,0,0,0,0,0,0,0
00-0034975,Justice Hill,RB,BAL,6,0,0,6,16,6,5,28
00-0034981,Foster Moreau,TE,NO,6,0,0,0,0,1,1,9
00-0034983,Hunter Renfrow,WR,CAR,6,0,0,0,0,2,1,7
00-0034993,Marcus Epps,SAF,PHI,6,0,0,0,0,0,0,0
00-0035021,Ashton Dulin,WR,IND,6,0,0,0,0,0,0,0
00-0035042,Jamie Gillan,P,NYG,6,0,0,0,0,0,0,0
00-0035125,Alec Ingold,FB,MIA,6,0,0,1,3,1,1,22
00-0035133,Keisean Nixon,DB,GB,6,0,0,0,0,0,0,0
00-0035144,Mack Wilson,LB,ARI,6,0,0,0,0,0,0,0
00-0035156,Jack Fox,P,DET,6,0,0,0,0,0,0,0
00-0035189,Matthew Wright,K,TEN,6,0,0,0,0,0,0,0
00-0035190,AJ Cole,P,LV,6,0,0,0,0,0,0,0
00-0035202,Del'Shawn Phillips,LB,LAC,6,0,0,0,0,0,0,0
00-0035208,Olamide Zaccheaus,WR,CHI,6,0,0,1,4,6,2,24
00-0035227,P.J. Locke,DB,DEN,6,0,0,0,0,0,0,0
00-0035230,Ed Oliver,DT,BUF,6,0,0,0,0,0,0,0
00-0035240,Jahlani Tavai,LB,NE,6,0,0,0,0,0,0,0
00-0035242,Erik McCoy,C,NO,6,0,0,0,0,0,0,0
00-0035248,Zach Allen,DE,DEN,6,0,0,0,0,0,0,0
00-0035250,Devin Singletary,RB,NYG,6,0,0,3,10,0,0,0
00-0035254,Anthony Nelson,LB,TB,6,0,0,0,0,0,0,0
00-0035261,Tony Pollard,RB,TEN,6,0,0,10,34,2,2,13
00-0035262,Drue Tranquill,LB,KC,6,0,0,0,0,0,0,0
00-0035269,Matt Gay,K,WAS,6,0,0,0,0,0,0,0
00-0035277,Mike Jackson,CB,CAR,6,0,0,0,0,0,0,0
00-0035279,Charles Omenihu,DE,KC,6,0,0,0,0,0,0,0
00-0035280,Jake Bailey,P,MIA,6,0,0,0,0,0,0,0
00-0035286,Cole Holcomb,LB,PIT,6,0,0,0,0,0,0,0
00-0035301,Donovan Wilson,SAF,DAL,6,0,0,0,0,0,0,0
00-0035316,Kaden Elliss,LB,ATL,6,0,0,0,0,0,0,0
00-0035357,Cam Lewis,CB,BUF,6,0,0,0,0,0,0,0
00-0035358,Chase McLaughlin,K,TB,6,0,0,0,0,0,0,0
00-0035378,Andrew Wingard,SAF,JAX,6,0,0,0,0,0,0,0
00-0035386,T.J. Edwards,LB,CHI,6,0,0,0,0,0,0,0
00-0035402,Carl Granderson,DE,NO,6,0,0,0,0,0,0,0
00-0035406,Lil'Jordan Humphrey,WR,NYG,6,0,0,0,0,8,4,55
00-0035409,Shy Tuttle,DT,TEN,6,0,0,0,0,0,0,0
00-0035413,Luke Gifford,LB,SF,6,0,0,0,0,0,0,0
00-0035500,Greg Dortch,WR,ARI,6,0,0,0,0,3,3,9
00-0035525,Devin Bush,LB,CLE,6,0,0,0,0,0,0,0
00-0035537,Ty Johnson,RB,BUF,6,0,0,1,5,2,1,11
00-0035567,Craig Reynolds,RB,DET,6,0,0,0,0,0,0,0
00-0035588,Garrett Bradbury,C,NE,6,0,0,0,0,0,0,0
00-0035602,Alex Bachman,WR,LV,6,0,0,0,0,0,0,0
00-0035617,Troy Reeder,LB,LA,6,0,0,0,0,0,0,0
00-0035625,Juan Thornhill,SAF,PIT,6,0,0,0,0,0,0,0
00-0035631,Drew Sample,TE,CIN,6,0,0,0,0,2,1,-2
00-0035632,Amani Hooker,SAF,TEN,6,0,0,0,0,0,0,0
00-0035637,Rock Ya-Sin,CB,DET,6,0,0,0,0,0,0,0
00-0035639,Parris Campbell,WR,DAL,6,0,0,0,0,0,0,0
00-0035640,DK Metcalf,WR,PIT,6,0,0,0,0,9,4,95
00-0035642,Josh Hines-Allen,DE,JAX,6,0,0,0,0,0,0,0
00-0035643,Jeffery Simmons,DT,TEN,6,0,0,0,0,0,0,0
00-0035644,Noah Fant,TE,CIN,6,0,0,0,0,4,4,27
00-0035645,Gunner Olszewski,WR,NYG,6,0,0,0,0,0,0,0
00-0035647,Montez Sweat,DE,CHI,6,0,0,0,0,0,0,0
00-0035662,Marquise Brown,WR,KC,6,0,0,0,0,4,4,45
00-0035663,Taylor Rapp,SAF,BUF,6,0,0,0,0,0,0,0
00-0035667,Greg Gaines,DT,TB,6,0,0,0,0,0,0,0
00-0035669,Nick Scott,SAF,CAR,6,0,0,0,0,0,0,0
00-0035672,Cody Barton,LB,TEN,6,0,0,0,0,0,0,0
00-0035676,A.J. Brown,WR,PHI,6,0,0,0,0,9,6,80
00-0035678,Dre'Mont Jones,LB,TEN,6,0,0,0,0,0,0,0
00-0035683,Dexter Lawrence,DT,NYG,6,0,0,0,0,0,0,0
00-0035685,David Montgomery,RB,DET,6,0,0,4,24,2,2,37
00-0035687,Bobby Okereke,ILB,NYG,6,0,0,0,0,0,0,0
00-0035689,Dawson Knox,TE,BUF,6,0,0,0,0,2,1,19
00-0035697,Germaine Pratt,LB,IND,6,0,0,0,0,0,0,0
00-0035698,Chuma Edoga,OT,JAX,6,0,0,0,0,0,0,0
00-0035699,Jamel Dean,CB,TB,6,0,0,0,0,0,0,0
00-0035700,Josh Jacobs,RB,GB,6,0,0,18,93,5,5,57
00-0035705,Jalen Thompson,DB,ARI,6,0,0,0,0,0,0,0
00-0035707,Devin White,LB,LV,6,0,0,0,0,0,0,0
00-0035710,Daniel Jones,QB,IND,6,30,212,5,20,0,0,0
00-0035713,Brian Burns,LB,NYG,6,0,0,0,0,0,0,0
00-0035718,Quinnen Williams,DT,NYJ,6,0,0,0,0,0,0,0
00-0035719,Deebo Samuel Sr.,WR,WAS,6,0,0,1,-1,5,4,15
00-0035763,Malcolm Roach,DT,DEN,6,0,0,0,0,0,0,0
00-0035795,James Pierre,CB,PIT,6,0,0,0,0,0,0,0
00-0035821,Corliss Waitman,P,PIT,6,0,0,0,0,0,0,0
00-0035827,Ross Matiscik,LS,JAX,6,0,0,0,0,0,0,0
00-0035841,Benito Jones,DT,MIA,6,0,0,0,0,0,0,0
00-0035857,Chris Williams,DT,CHI,6,0,0,0,0,0,0,0
00-0035942,Christian Rozeboom,LB,CAR,6,0,0,0,0,0,0,0
00-0035993,Tyler Huntley,QB,BAL,6,15,68,3,39,0,0,0
00-0036037,Sam Franklin Jr.,SAF,BUF,6,0,0,0,0,0,0,0
00-0036040,Juwan Johnson,TE,NO,6,0,0,0,0,2,2,15
00-0036139,Rico Dowdle,RB,CAR,6,0,0,30,183,5,4,56
00-0036151,Bryce Huff,DE,SF,6,0,0,0,0,0,0,0
00-0036158,J.K. Dobbins,RB,DEN,6,0,0,14,40,1,0,0
00-0036159,Joshua Uche,LB,PHI,6,0,0,0,0,0,0,0
00-0036171,Aaron Brewer,C,MIA,6,0,0,0,0,0,0,0
00-0036181,Teair Tart,DT,LAC,6,0,0,0,0,0,0,0
00-0036182,Nick Westbrook-Ikhine,WR,MIA,6,0,0,0,0,1,0,0
00-0036192,A.J. Epenesa,LB,BUF,6,0,0,0,0,0,0,0
00-0036199,Geno Stone,SAF,CIN,6,0,0,0,0,0,0,0
00-0036212,Tua Tagovailoa,QB,MIA,6,32,205,1,4,0,0,0
00-0036220,Derrick Brown,DT,CAR,6,0,0,0,0,0,0,0
00-0036221,Brandon Jones,SAF,DEN,6,0,0,0,0,0,0,0
00-0036223,Jonathan Taylor,RB,IND,6,0,0,21,123,4,4,14
00-0036231,Kyle Dugger,SAF,NE,6,0,0,0,0,0,0,0
00-0036237,Larrell Murchison,DT,LA,6,0,0,0,0,0,0,0
00-0036252,Michael Pittman,WR,IND,6,0,0,0,0,3,2,20
00-0036259,Jauan Jennings,WR,SF,6,0,0,0,0,3,1,7
00-0036260,Javon Kinlaw,DT,WAS,6,0,0,0,0,0,0,0
00-0036262,DaVon Hamilton,DT,JAX,6,0,0,0,0,0,0,0
00-0036264,Jordan Love,QB,GB,6,26,259,7,26,0,0,0
00-0036265,AJ Dillon,RB,PHI,6,0,0,1,2,2,2,18
00-0036266,Jordan Elliott,DT,SF,6,0,0,0,0,0,0,0
00-0036275,D'Andre Swift,RB,CHI,6,0,0,14,108,3,2,67
00-0036282,Grant Delpit,SAF,CLE,6,0,0,0,0,0,0,0
00-0036285,A.J. Terrell,CB,ATL,6,0,0,0,0,0,0,0
00-0036286,K'Lavon Chaisson,LB,NE,6,0,0,0,0,0,0,0
00-0036290,Cole Kmet,TE,CHI,6,0,0,0,0,2,1,0
00-0036293,Jeremy Chinn,SAF,LV,6,0,0,0,0,0,0,0
00-0036294,Logan Wilson,LB,CIN,6,0,0,0,0,0,0,0
00-0036298,Akeem Davis-Gaither,LB,ARI,6,0,0,0,0,0,0,0
00-0036300,Mykal Walker,LB,NYJ,6,0,0,0,0,0,0,0
00-0036305,Trevis Gipson,LB,SF,6,0,0,0,0,0,0,0
00-0036307,Kindle Vildor,CB,TB,6,0,0,0,0,0,0,0
00-0036313,Braden Mann,P,PHI,6,0,0,0,0,0,0,0
00-0036321,Chase Young,DE,NO,6,0,0,0,0,0,0,0
00-0036323,Patrick Queen,LB,PIT,6,0,0,0,0,0,0,0
00-0036327,Ezra Cleveland,G,JAX,6,0,0,0,0,0,0,0
00-0036329,Ashtyn Davis,SAF,MIA,6,0,0,0,0,0,0,0
00-0036331,Devin Duvernay,WR,CHI,6,0,0,0,0,0,0,0
00-0036333,Alex Highsmith,LB,PIT,6,0,0,0,0,0,0,0
00-0036335,D.J. Wonnum,LB,CAR,6,0,0,0,0,0,0,0
00-0036337,James Lynch,DT,TEN,6,0,0,0,0,0,0,0
00-0036338,Troy Dye,LB,LAC,6,0,0,0,0,0,0,0
00-0036349,Kam Curl,SAF,LA,6,0,0,0,0,0,0,0
00-0036355,Justin Herbert,QB,LAC,6,38,264,1,2,0,0,0
00-0036361,Trevon Diggs,CB,DAL,6,0,0,0,0,0,0,0
00-0036366,Neville Gallimore,DT,IND,6,0,0,0,0,0,0,0
00-0036371,Leki Fotu,DT,LV,6,0,0,0,0,0,0,0
00-0036374,L'Jarius Sneed,CB,TEN,6,0,0,0,0,0,0,0
00-0036375,Amik Robertson,CB,DET,6,0,0,0,0,0,0,0
00-0036378,Michael Danna,LB,KC,6,0,0,0,0,0,0,0
00-0036380,Alohi Gilman,SAF,BAL,6,0,0,0,0,0,0,0
00-0036388,Xavier McKinney,SAF,GB,6,0,0,0,0,0,0,0
00-0036389,Jalen Hurts,QB,PHI,6,33,283,7,13,0,0,0
00-0036392,Matt Peart,OT,DEN,6,0,0,0,0,0,0,0
00-0036394,Darnay Holmes,CB,LV,6,0,0,0,0,0,0,0
00-0036406,Tristan Wirfs,OT,TB,6,0,0,0,0,0,0,0
00-0036407,Jerry Jeudy,WR,CLE,6,0,0,0,0,13,5,43
00-0036409,Jordyn Brooks,LB,MIA,6,0,0,0,0,0,0,0
00-0036410,Tee Higgins,WR,CIN,6,0,0,0,0,8,5,62
00-0036411,Antoine Winfield Jr.,SAF,TB,6,0,0,0,0,0,0,0
00-0036415,Van Jefferson,WR,TEN,6,0,0,0,0,6,4,75
00-0036418,Zack Baun,LB,PHI,6,0,0,0,0,0,0,0
00-0036425,DeeJay Dallas,RB,CAR,6,0,0,1,0,0,0,0
00-0036427,Tyler Johnson,WR,NYJ,6,0,0,0,0,1,0,0
00-0036428,Justin Strnad,LB,DEN,6,0,0,0,0,0,0,0
00-0036441,"Kenneth Murray, Jr.",LB,DAL,6,0,0,0,0,0,0,0
00-0036479,Kwity Paye,DE,IND,6,0,0,0,0,0,0,0
00-0036480,Dayo Odeyingbo,DE,CHI,6,0,0,0,0,0,0,0
00-0036500,Jamien Sherwood,LB,NYJ,6,0,0,0,0,0,0,0
00-0036504,Brandin Echols,CB,PIT,6,0,0,0,0,0,0,0
00-0036550,Rashod Bateman,WR,BAL,6,0,0,0,0,1,1,8
00-0036552,Azeez Ojulari,LB,PHI,6,0,0,0,0,0,0,0
00-0036563,Deommodore Lenoir,CB,SF,6,0,0,0,0,0,0,0
00-0036564,Talanoa Hufanga,SAF,DEN,6,0,0,0,0,0,0,0
00-0036568,Roy Lopez,DT,DET,6,0,0,0,0,0,0,0
00-0036589,Nick McCloud,CB,CHI,6,0,0,0,0,0,0,0
00-0036613,Jaylen Waddle,WR,MIA,6,1,8,0,0,8,6,95
00-0036620,Dee Eskridge,WR,MIA,6,0,0,0,0,1,0,0
00-0036621,Nick Bolton,LB,KC,6,0,0,0,0,0,0,0
00-0036622,Josh Myers,C,NYJ,6,0,0,0,0,0,0,0
00-0036625,Benjamin St-Juste,CB,LAC,6,0,0,0,0,0,0,0
00-0036626,Dyami Brown,WR,JAX,6,0,0,1,7,5,2,13
00-0036629,Camryn Bynum,SAF,IND,6,0,0,0,0,0,0,0
00-0036630,Tylan Wallace,WR,BAL,6,0,0,0,0,0,0,0
00-0036637,Noah Gray,TE,KC,6,0,0,0,0,2,2,25
00-0036642,Tedarrell Slaton,DT,CIN,6,0,0,0,0,0,0,0
00-0036643,K.J. Britt,LB,MIA,6,0,0,0,0,0,0,0
00-0036646,Simi Fehoko,WR,ARI,6,0,0,0,0,0,0,0
00-0036658,Isaiah McDuffie,LB,GB,6,0,0,0,0,0,0,0
00-0036672,Grant Stuard,LB,DET,6,0,0,0,0,0,0,0
00-0036677,Zayne Anderson,SAF,GB,6,0,0,0,0,0,0,0
00-0036683,Devon Key,SAF,DEN,6,0,0,0,0,0,0,0
00-0036695,Naquan Jones,DT,LAC,6,0,0,0,0,0,0,0
00-0036727,Adam Prentice,FB,DEN,6,0,0,1,3,0,0,0
00-0036728,Curtis Robinson,LB,SF,6,0,0,0,0,0,0,0
00-0036813,Christian Elliss,LB,NE,6,0,0,0,0,0,0,0
00-0036816,Riley Patterson,K,MIA,6,0,0,0,0,0,0,0
00-0036825,Feleipe Franks,TE,ATL,6,0,0,1,2,0,0,0
00-0036842,Kene Nwangwu,RB,NYJ,6,0,0,0,0,0,0,0
00-0036850,Cameron Sample,DE,CIN,6,0,0,0,0,0,0,0
00-0036854,Evan McPherson,K,CIN,6,0,0,0,0,0,0,0
00-0036862,Ben Skowronek,WR,PIT,6,0,0,0,0,0,0,0
00-0036867,Chris Rumph II,LB,NO,6,0,0,0,0,0,0,0
00-0036869,Dan Moore Jr.,OT,TEN,6,0,0,0,0,0,0,0
00-0036870,Buddy Johnson,LB,IND,6,0,0,0,0,0,0,0
00-0036871,Nate Hobbs,CB,GB,6,0,0,0,0,0,0,0
00-0036874,Pat Surtain II,CB,DEN,6,0,0,0,0,0,0,0
00-0036875,Rhamondre Stevenson,RB,NE,6,0,0,13,18,1,0,0
00-0036881,Jay Tufele,DT,NYJ,6,0,0,0,0,0,0,0
00-0036887,Luke Farrell,TE,SF,6,0,0,0,0,0,0,0
00-0036894,Pat Freiermuth,TE,PIT,6,0,0,0,0,1,1,11
00-0036900,Ja'Marr Chase,WR,CIN,6,0,0,1,-3,12,10,94
00-0036901,Eric Stokes,CB,LV,6,0,0,0,0,0,0,0
00-0036902,Joseph Ossai,DE,CIN,6,0,0,0,0,0,0,0
00-0036903,Bobby Brown III,DT,CAR,6,0,0,0,0,0,0,0
00-0036905,Larry Borom,G,MIA,6,0,0,0,0,0,0,0
00-0036909,Khyiris Tonga,DT,NE,6,0,0,0,0,0,0,0
00-0036912,DeVonta Smith,WR,PHI,6,0,0,0,0,5,4,49
00-0036914,Greg Rousseau,LB,BUF,6,0,0,0,0,0,0,0
00-0036916,Milton Williams,DT,NE,6,0,0,0,0,0,0,0
00-0036919,Kenny Gainwell,RB,PIT,6,0,0,6,22,6,6,14
00-0036922,Patrick Johnson,DE,PHI,6,0,0,0,0,0,0,0
00-0036924,Michael Carter,RB,ARI,6,0,0,9,34,5,2,30
00-0036927,Pete Werner,LB,NO,6,0,0,0,0,0,0,0
00-0036932,Micah Parsons,LB,GB,6,0,0,0,0,0,0,0
00-0036933,Zaven Collins,LB,ARI,6,0,0,0,0,0,0,0
00-0036934,Jaelan Phillips,LB,MIA,6,0,0,0,0,0,0,0
00-0036937,Paulson Adebo,CB,NYG,6,0,0,0,0,0,0,0
00-0036940,Odafe Oweh,LB,LAC,6,0,0,0,0,0,0,0
00-0036941,Andre Cisco,SAF,NYJ,6,0,0,0,0,0,0,0
00-0036942,Osa Odighizuwa,DT,DAL,6,0,0,0,0,0,0,0
00-0036943,Mitchell Fraboni,LS,DEN,6,0,0,0,0,0,0,0
00-0036944,Jaycee Horn,CB,CAR,6,0,0,0,0,0,0,0
00-0036945,Justin Fields,QB,NYJ,6,17,45,7,31,0,0,0
00-0036952,Jonathon Cooper,LB,DEN,6,0,0,0,0,0,0,0
00-0036956,Darren Hall,CB,ARI,6,0,0,0,0,0,0,0
00-0036962,Tre'von Moehrig,SAF,CAR,6,0,0,0,0,0,0,0
00-0036963,Amon-Ra St. Brown,WR,DET,6,0,0,1,2,10,9,45
00-0036964,Derrick Barnes,LB,DET,6,0,0,0,0,0,0,0
00-0036967,Joe Tryon-Shoyinka,DE,CLE,6,0,0,0,0,0,0,0
00-0036968,Brady Christensen,OT,CAR,6,0,0,0,0,0,0,0
00-0036970,Kyle Pitts,TE,ATL,6,0,0,0,0,4,3,18
00-0036971,Trevor Lawrence,QB,JAX,6,42,258,3,9,0,0,0
00-0036972,Mac Jones,QB,SF,6,39,347,5,13,0,0,0
00-0036973,Travis Etienne,RB,JAX,6,0,0,12,27,5,4,28
00-0036974,Tyson Campbell,CB,CLE,6,0,0,0,0,0,0,0
00-0036980,Elijah Moore,WR,BUF,6,0,0,0,0,2,0,0
00-0036981,Christian Barmore,DT,NE,6,0,0,0,0,0,0,0
00-0036982,Chauncey Golston,DE,NYG,6,0,0,0,0,0,0,0
00-0036986,Nahshon Wright,CB,CHI,6,0,0,0,0,0,0,0
00-0036987,Brandon Stephens,CB,NYJ,6,0,0,0,0,0,0,0
00-0036988,Josh Palmer,WR,BUF,6,0,0,0,0,2,2,60
00-0036989,Malcolm Koonce,DE,LV,6,0,0,0,0,0,0,0
00-0036990,Divine Deablo,LB,ATL,6,0,0,0,0,0,0,0
00-0036992,Elijah Molden,CB,LAC,6,0,0,0,0,0,0,0
00-0036994,Ernest Jones,LB,SEA,6,0,0,0,0,0,0,0
00-0036995,Baron Browning,LB,ARI,6,0,0,0,0,0,0,0
00-0036997,Javonte Williams,RB,DAL,6,0,0,13,29,8,5,5
00-0036998,Jevon Holland,SAF,NYG,6,0,0,0,0,0,0,0
00-0037001,Quinn Meinerz,C,DEN,6,0,0,0,0,0,0,0
00-0037003,Chazz Surratt,LB,SEA,6,0,0,0,0,0,0,0
00-0037004,Hunter Long,TE,JAX,6,0,0,0,0,3,2,19
00-0037005,Tommy Tremble,TE,CAR,6,0,0,0,0,4,4,39
00-0037007,Patrick Jones II,LB,CAR,6,0,0,0,0,0,0,0
00-0037034,Dee Alford,CB,ATL,6,0,0,0,0,0,0,0
00-0037073,Jordan Davis,DT,PHI,6,0,0,0,0,0,0,0
00-0037074,Quay Walker,LB,GB,6,0,0,0,0,0,0,0
00-0037082,Dominique Robinson,DE,CHI,6,0,0,0,0,0,0,0
00-0037083,Kingsley Enagbare,LB,GB,6,0,0,0,0,0,0,0
00-0037091,Bo Melton,WR,GB,6,0,0,1,3,0,0,0
00-0037093,Dareke Young,WR,SEA,6,0,0,0,0,0,0,0
00-0037096,Elijah Hicks,SAF,CHI,6,0,0,0,0,0,0,0
00-0037112,Jake Tonges,TE,SF,6,0,0,0,0,7,6,58
00-0037130,Reed Blankenship,SAF,PHI,6,0,0,0,0,0,0,0
00-0037137,Josh Jobe,CB,SEA,6,0,0,0,0,0,0,0
00-0037157,Bam Knight,RB,ARI,6,0,0,11,34,2,1,20
00-0037190,Sauce Gardner,CB,NYJ,6,0,0,0,0,0,0,0
00-0037191,Trent McDuffie,CB,KC,6,0,0,0,0,0,0,0
00-0037192,George Karlaftis,DE,KC,6,0,0,0,0,0,0,0
00-0037193,Bryan Cook,SAF,KC,6,0,0,0,0,0,0,0
00-0037195,Jaylen Watson,CB,KC,6,0,0,0,0,0,0,0
00-0037197,Isiah Pacheco,RB,KC,6,0,0,12,51,3,1,0
00-0037203,LaBryan Ray,DT,CAR,6,0,0,0,0,0,0,0
00-0037205,Brenden Schooler,SAF,NE,6,0,0,0,0,0,0,0
00-0037224,Cameron Dicker,K,LAC,6,0,0,0,0,0,0,0
00-0037228,Jaylen Warren,RB,PIT,6,0,0,11,52,2,2,11
00-0037229,Ikem Ekwonu,OT,CAR,6,0,0,0,0,0,0,0
00-0037235,Travon Walker,DE,JAX,6,0,0,0,0,0,0,0
00-0037236,Aidan Hutchinson,DE,DET,6,0,0,0,0,0,0,0
00-0037238,Drake London,WR,ATL,6,0,0,0,0,16,10,158
00-0037239,Chris Olave,WR,NO,6,0,0,0,0,10,6,98
00-0037240,Jameson Williams,WR,DET,6,0,0,0,0,7,6,66
00-0037241,Trevor Penning,OT,NO,6,0,0,0,0,0,0,0
00-0037242,Kaiir Elam,CB,DAL,6,0,0,0,0,0,0,0
00-0037243,Tyler Smith,OT,DAL,6,0,0,0,0,0,0,0
00-0037244,Devin Lloyd,LB,JAX,6,0,0,0,0,0,0,0
00-0037247,George Pickens,WR,DAL,6,0,0,0,0,11,9,168
00-0037248,James Cook,RB,BUF,6,0,0,17,87,0,0,0
00-0037249,Nik Bonitto,LB,DEN,6,0,0,0,0,0,0,0
00-0037251,Alex Wright,DE,CLE,6,0,0,0,0,0,0,0
00-0037253,Marcus Jones,CB,NE,6,0,0,0,0,0,0,0
00-0037254,Terrel Bernard,LB,BUF,6,0,0,0,0,0,0,0
00-0037256,Rachaad White,RB,TB,6,0,0,17,65,3,3,21
00-0037260,DJ Davidson,DT,NYG,6,0,0,0,0,0,0,0
00-0037261,Khalil Shakir,WR,BUF,6,0,0,0,0,5,3,33
00-0037262,Thomas Booker,DT,LV,6,0,0,0,0,0,0,0
00-0037263,Tyler Allgeier,RB,ATL,6,0,0,10,32,1,1,6
00-0037267,Jerome Ford,RB,CLE,6,0,0,2,17,6,5,13
00-0037270,Otito Ogbonnia,DT,LAC,6,0,0,0,0,0,0,0
00-0037271,D'Marco Jackson,LB,CHI,6,0,0,0,0,0,0,0
00-0037275,DaRon Bland,CB,DAL,6,0,0,0,0,0,0,0
00-0037280,Matthew Butler,DT,MIA,6,0,0,0,0,0,0,0
00-0037284,Matt Araiza,P,KC,6,0,0,0,0,0,0,0
00-0037288,Christian Benford,CB,BUF,6,0,0,0,0,0,0,0
00-0037298,Sam Roberts,DE,ATL,6,0,0,0,0,0,0,0
00-0037302,Austin Deculus,OT,LAC,6,0,0,0,0,0,0,0
00-0037304,Connor Heyward,FB,PIT,6,0,0,0,0,1,1,12
00-0037307,Ja'Sir Taylor,CB,LAC,6,0,0,0,0,0,0,0
00-0037310,James Houston,LB,DAL,6,0,0,0,0,0,0,0
00-0037313,Montaric Brown,CB,JAX,6,0,0,0,0,0,0,0
00-0037315,Cameron Goode,LB,MIA,6,0,0,0,0,0,0,0
00-0037316,Mark Robinson,LB,NYJ,6,0,0,0,0,0,0,0
00-0037321,Chase Lucas,CB,SF,6,0,0,0,0,0,0,0
00-0037323,Rodney Thomas,SAF,IND,6,0,0,0,0,0,0,0
00-0037348,Tanner Conner,TE,MIA,6,0,0,0,0,1,1,8
00-0037384,Ja'Quan McMillian,CB,DEN,6,0,0,0,0,0,0,0
00-0037461,Tristin McCollum,DB,LV,6,0,0,0,0,0,0,0
00-0037475,Stone Smartt,TE,NYJ,6,0,0,0,0,0,0,0
00-0037487,Deven Thompkins,WR,ATL,6,0,0,0,0,0,0,0
00-0037512,Isaiah Pola-Mao,SAF,LV,6,0,0,0,0,0,0,0
00-0037542,John Parker Romo,K,ATL,6,0,0,0,0,0,0,0
00-0037545,Rashid Shaheed,WR,NO,6,0,0,0,0,6,4,28
00-0037547,Daniel Whelan,P,GB,6,0,0,0,0,0,0,0
00-0037549,Darrell Baker Jr.,CB,TEN,6,0,0,0,0,0,0,0
00-0037561,Markquese Bell,SAF,DAL,6,0,0,0,0,0,0,0
00-0037578,Juanyeh Thomas,SAF,DAL,6,0,0,0,0,0,0,0
00-0037587,Nate Landman,LB,LA,6,0,0,0,0,0,0,0
00-0037593,Tre Avery,CB,CLE,6,0,0,0,0,0,0,0
00-0037594,Julius Chestnut,RB,TEN,6,0,0,0,0,0,0,0
00-0037596,Jack Gibbens,LB,NE,6,0,0,0,0,0,0,0
00-0037611,Kayvon Thibodeaux,LB,NYG,6,0,0,0,0,0,0,0
00-0037616,Nick Cross,SAF,IND,6,0,0,0,0,0,0,0
00-0037617,Hassan Haskins,RB,LAC,6,0,0,6,14,1,1,9
00-0037661,Ja'Marcus Ingram,CB,BUF,6,0,0,0,0,0,0,0
00-0037662,C.J. Brewer,DT,TB,6,0,0,0,0,0,0,0
00-0037663,Jermaine Johnson II,DE,NYJ,6,0,0,0,0,0,0,0
00-0037664,Alec Pierce,WR,IND,6,0,0,0,0,4,2,48
00-0037665,Sam Williams,LB,DAL,6,0,0,0,0,0,0,0
00-0037666,Jalen Tolbert,WR,DAL,6,0,0,0,0,1,1,8
00-0037667,Kerby Joseph,SAF,DET,6,0,0,0,0,0,0,0
00-0037692,Brandon Aubrey,K,DAL,6,0,0,0,0,0,0,0
00-0037740,Garrett Wilson,WR,NYJ,6,0,0,0,0,8,3,13
00-0037741,Jahan Dotson,WR,PHI,6,0,0,0,0,2,1,17
00-0037743,Daxton Hill,DB,CIN,6,0,0,0,0,0,0,0
00-0037744,Trey McBride,TE,ARI,6,0,0,0,0,11,8,72
00-0037746,Brian Robinson,RB,SF,6,0,0,0,0,3,3,8
00-0037752,Tycen Anderson,SAF,CIN,6,0,0,0,0,0,0,0
00-0037753,Cam Taylor-Britt,CB,CIN,6,0,0,0,0,0,0,0
00-0037756,Travis Jones,DT,BAL,6,0,0,0,0,0,0,0
00-0037758,Cordale Flott,CB,NYG,6,0,0,0,0,0,0,0
00-0037799,Dondrea Tillman,LB,DEN,6,0,0,0,0,0,0,0
00-0037804,Zachary Carter,DT,ARI,6,0,0,0,0,0,0,0
00-0037805,Jeremy Ruckert,TE,NYJ,6,0,0,0,0,0,0,0
00-0037808,DeAngelo Malone,LB,ATL,6,0,0,0,0,0,0,0
00-0037809,Chig Okonkwo,TE,TEN,6,0,0,0,0,6,6,46
00-0037811,Chad Muma,LB,IND,6,0,0,0,0,0,0,0
00-0037815,Cameron Thomas,DE,CLE,6,0,0,0,0,0,0,0
00-0037816,Romeo Doubs,WR,GB,6,0,0,0,0,9,5,55
00-0037819,Leo Chenal,LB,KC,6,0,0,0,0,0,0,0
00-0037825,Tyler Linderbaum,C,BAL,6,0,0,0,0,0,0,0
00-0037838,Isaiah Likely,TE,BAL,6,0,0,0,0,2,2,6
00-0037839,Cobie Durant,CB,LA,6,0,0,0,0,0,0,0
00-0037840,Kyren Williams,RB,LA,6,0,0,13,50,2,2,37
00-0037841,Quentin Lake,SAF,LA,6,0,0,0,0,0,0,0
00-0037843,Daniel Hardy,DE,CHI,6,0,0,0,0,0,0,0
00-0038038,Kyle Hamilton,SAF,BAL,6,0,0,0,0,0,0,0
00-0038039,Jack Jones,CB,MIA,6,0,0,0,0,0,0,0
00-0038041,Jake Ferguson,TE,DAL,6,0,0,0,0,3,3,33
00-0038046,Charlie Kolar,TE,BAL,6,0,0,0,0,1,0,0
00-0038090,Skyy Moore,WR,SF,6,0,0,0,0,0,0,0
00-0038094,Jordan Stout,P,BAL,6,0,0,0,0,0,0,0
00-0038100,Percy Butler,SAF,WAS,6,0,0,0,0,0,0,0
00-0038106,Eyioma Uwazurike,DT,DEN,6,0,0,0,0,0,0,0
00-0038107,Micheal Clemons,DE,NYJ,6,0,0,0,0,0,0,0
00-0038111,Kyler Gordon,CB,CHI,6,0,0,0,0,0,0,0
00-0038116,Arnold Ebiketie,LB,ATL,6,0,0,0,0,0,0,0
00-0038117,Wan'Dale Robinson,WR,NYG,6,0,0,0,0,7,6,84
00-0038118,Daniel Faalele,G,BAL,6,0,0,0,0,0,0,0
00-0038119,Jalyn Armour-Davis,CB,TEN,6,0,0,0,0,0,0,0
00-0038120,Breece Hall,RB,NYJ,6,0,0,22,59,0,0,0
00-0038121,Alontae Taylor,CB,NO,6,0,0,0,0,0,0,0
00-0038123,Dane Belton,SAF,NYG,6,0,0,0,0,0,0,0
00-0038125,Roger McCreary,CB,TEN,6,0,0,0,0,0,0,0
00-0038127,Logan Hall,DE,TB,6,0,0,0,0,0,0,0
00-0038129,Cade Otton,TE,TB,6,0,0,0,0,6,5,51
00-0038133,Boye Mafe,DE,SEA,6,0,0,0,0,0,0,0
00-0038134,Kenneth Walker III,RB,SEA,6,0,0,10,34,1,1,3
00-0038135,Jaquan Brisker,SAF,CHI,6,0,0,0,0,0,0,0
00-0038136,Coby Bryant,CB,SEA,6,0,0,0,0,0,0,0
00-0038152,Lucas Havrisik,K,GB,6,0,0,0,0,0,0,0
00-0038359,Xavier Smith,WR,LA,6,0,0,0,0,0,0,0
00-0038381,Kyu Blu Kelly,CB,LV,6,0,0,0,0,0,0,0
00-0038387,Colby Wooden,DE,GB,6,0,0,0,0,0,0,0
00-0038390,Noah Sewell,LB,CHI,6,0,0,0,0,0,0,0
00-0038393,Dontayvion Wicks,WR,GB,6,0,0,0,0,2,2,15
00-0038399,Zaire Barnes,LB,NYG,6,0,0,0,0,0,0,0
00-0038408,Carrington Valentine,DB,GB,6,0,0,0,0,0,0,0
00-0038412,Moro Ojomo,DT,PHI,6,0,0,0,0,0,0,0
00-0038428,Andre Szmyt,K,CLE,6,0,0,0,0,0,0,0
00-0038454,Keaton Mitchell,RB,BAL,6,0,0,0,0,0,0,0
00-0038488,Brady Russell,RB,SEA,6,0,0,0,0,0,0,0
00-0038492,Jason Brownlee,WR,KC,6,0,0,0,0,0,0,0
00-0038504,Trenton Simpson,LB,BAL,6,0,0,0,0,0,0,0
00-0038519,Nikko Remigio,WR,KC,6,0,0,0,0,0,0,0
00-0038541,Tyree Wilson,DE,LV,6,0,0,0,0,0,0,0
00-0038542,Bijan Robinson,RB,ATL,6,0,0,19,170,8,6,68
00-0038543,Jaxon Smith-Njigba,WR,SEA,6,0,0,0,0,13,8,162
00-0038546,Myles Murphy,DE,CIN,6,0,0,0,0,0,0,0
00-0038547,Luke Schoonmaker,TE,DAL,6,0,0,0,0,2,1,8
00-0038549,DJ Turner II,CB,CIN,6,0,0,0,0,0,0,0
00-0038551,Kendre Miller,RB,NO,6,0,0,8,21,1,1,11
00-0038552,Riley Moss,CB,DEN,6,0,0,0,0,0,0,0
00-0038553,Daiyan Henley,LB,LAC,6,0,0,0,0,0,0,0
00-0038554,Ji'Ayir Brown,SAF,SF,6,0,0,0,0,0,0,0
00-0038555,Tank Bigsby,RB,PHI,6,0,0,0,0,0,0,0
00-0038557,Dorian Williams,LB,BUF,6,0,0,0,0,0,0,0
00-0038558,Darnell Washington,TE,PIT,6,0,0,0,0,5,3,62
00-0038559,Michael Wilson,WR,ARI,6,0,0,0,0,5,4,44
00-0038560,Jordan Battle,SAF,CIN,6,0,0,0,0,0,0,0
00-0038562,Jake Moody,K,CHI,6,0,0,0,0,0,0,0
00-0038563,Tre Tucker,WR,LV,6,0,0,0,0,5,5,70
00-0038564,Cameron Latu,TE,PHI,6,0,0,0,0,0,0,0
00-0038565,Mekhi Blackmon,DB,IND,6,0,0,0,0,0,0,0
00-0038567,Chad Ryland,K,ARI,6,0,0,0,0,0,0,0
00-0038570,Ventrell Miller,LB,JAX,6,0,0,0,0,0,0,0
00-0038574,Isaiah McGuire,DE,CLE,6,0,0,0,0,0,0,0
00-0038576,Charlie Jones,WR,CIN,6,0,0,0,0,0,0,0
00-0038577,Nick Herbig,LB,PIT,6,0,0,0,0,0,0,0
00-0038588,Jordan Howden,SAF,NO,6,0,0,0,0,0,0,0
00-0038590,Justin Shorter,TE,LV,6,0,0,0,0,0,0,0
00-0038591,Mike Morris,DE,SEA,6,0,0,0,0,0,0,0
00-0038597,Chase Brown,RB,CIN,6,0,0,9,42,2,2,7
00-0038600,Owen Pappoe,LB,ARI,6,0,0,0,0,0,0,0
00-0038606,Parker Washington,WR,JAX,6,0,0,0,0,4,2,29
00-0038608,Kayshon Boutte,WR,NE,6,0,0,0,0,5,5,93
00-0038610,Bryce Baringer,P,NE,6,0,0,0,0,0,0,0
00-0038619,Andrei Iosivas,WR,CIN,6,0,0,0,0,4,1,5
00-0038621,DeMario Douglas,WR,NE,6,0,0,0,0,4,3,71
00-0038623,Dante Stills,DT,ARI,6,0,0,0,0,0,0,0
00-0038625,Dee Winters,LB,SF,6,0,0,0,0,0,0,0
00-0038628,DeMarcco Hellams,SAF,ATL,6,0,0,0,0,0,0,0
00-0038642,D.J. Ivey,CB,CIN,6,0,0,0,0,0,0,0
00-0038643,Brayden Willis,TE,SF,6,0,0,0,0,0,0,0
00-0038645,Spencer Anderson,G,PIT,6,0,0,0,0,0,0,0
00-0038653,Cory Durden,DT,NE,6,0,0,0,0,0,0,0
00-0038660,Trevor Nowaske,LB,DET,6,0,0,0,0,0,0,0
00-0038679,Tyrell Shavers,WR,BUF,6,0,0,0,0,5,3,27
00-0038684,Ethan Bonner,CB,MIA,6,0,0,0,0,0,0,0
00-0038685,Chris Brooks,RB,GB,6,0,0,1,1,0,0,0
00-0038705,Emari Demercado,RB,ARI,6,0,0,1,1,1,0,0
00-0038710,Blake Whiteheart,TE,CLE,6,0,0,0,0,1,1,0
00-0038711,Mohamoud Diabate,LB,CLE,6,0,0,0,0,0,0,0
00-0038715,Ronnie Hickman Jr.,SAF,CLE,6,0,0,0,0,0,0,0
00-0038720,Julian Hill,TE,MIA,6,0,0,0,0,3,3,31
00-0038738,Hunter Luepke,RB,DAL,6,0,0,0,0,2,2,7
00-0038740,Jalen Moreno-Cropper,WR,DAL,6,0,0,0,0,0,0,0
00-0038742,Tyrus Wheat,LB,DET,6,0,0,0,0,0,0,0
00-0038765,Ty Okada,SAF,SEA,6,0,0,0,0,0,0,0
00-0038783,Nate Adkins,TE,DEN,6,0,0,0,0,2,2,23
00-0038788,Art Green,CB,NYG,6,0,0,0,0,0,0,0
00-0038791,Thomas Incoom,LB,CAR,6,0,0,0,0,0,0,0
00-0038794,Jaleel McLaughlin,RB,DEN,6,0,0,1,0,1,0,0
00-0038795,PJ Mustipher,DT,ARI,6,0,0,0,0,0,0,0
00-0038797,Emanuel Wilson,RB,GB,6,0,0,3,11,1,1,-4
00-0038820,Christian Izien,SAF,TB,6,0,0,0,0,0,0,0
00-0038823,Kaevon Merriweather,SAF,TB,6,0,0,0,0,0,0,0
00-0038824,Ryan Miller,WR,TB,6,0,0,0,0,0,0,0
00-0038890,Shaka Heyward,LB,CIN,6,0,0,0,0,0,0,0
00-0038905,Blake Grupe,K,NO,6,0,0,0,0,0,0,0
00-0038922,Drake Thomas,LB,SEA,6,0,0,0,0,0,0,0
00-0038934,Anton Harrison,OT,JAX,6,0,0,0,0,0,0,0
00-0038938,Jalin Hyatt,WR,NYG,6,0,0,0,0,5,3,17
00-0038940,Tyler Lacy,DE,DET,6,0,0,0,0,0,0,0
00-0038951,Sean Tucker,RB,TB,6,0,0,6,25,0,0,0
00-0038958,Markees Watts,LB,TB,6,0,0,0,0,0,0,0
00-0038976,Marvin Mims Jr.,WR,DEN,6,0,0,1,-2,3,2,30
00-0038978,Byron Young,DT,PHI,6,0,0,0,0,0,0,0
00-0038980,Zach Harrison,DE,ATL,6,0,0,0,0,0,0,0
00-0038982,Chamarri Conner,DB,KC,6,0,0,0,0,0,0,0
00-0038984,Kei'Trel Clark,CB,ARI,6,0,0,0,0,0,0,0
00-0038986,Nic Jones,CB,NYG,6,0,0,0,0,0,0,0
00-0038995,Bryan Bresee,DT,NO,6,0,0,0,0,0,0,0
00-0038996,Tucker Kraft,TE,GB,6,0,0,0,0,2,2,43
00-0038997,Josh Downs,WR,IND,6,0,0,0,0,7,6,42
00-0039002,Sydney Brown,SAF,PHI,6,0,0,0,0,0,0,0
00-0039018,Jack Campbell,LB,DET,6,0,0,0,0,0,0,0
00-0039021,Roschon Johnson,RB,CHI,6,0,0,1,6,0,0,0
00-0039031,Adetomiwa Adebawore,DT,IND,6,0,0,0,0,0,0,0
00-0039032,Tyjae Spears,RB,TEN,6,0,0,5,31,4,4,19
00-0039040,De'Von Achane,RB,MIA,6,0,0,16,128,6,4,22
00-0039041,Elijah Higgins,TE,ARI,6,0,0,0,0,2,2,34
00-0039049,SirVocea Dennis,LB,TB,6,0,0,0,0,0,0,0
00-0039051,Josh Hayes,DB,TB,6,0,0,0,0,0,0,0
00-0039054,Marte Mapu,LB,NE,6,0,0,0,0,0,0,0
00-0039058,Steve Avila,G,LA,6,0,0,0,0,0,0,0
00-0039059,Ethan Evans,P,LA,6,0,0,0,0,0,0,0
00-0039064,Zay Flowers,WR,BAL,6,0,0,0,0,10,6,46
00-0039065,Sam LaPorta,TE,DET,6,0,0,0,0,6,5,55
00-0039066,Michael Mayer,TE,LV,6,0,0,0,0,7,5,50
00-0039068,Yaya Diaby,LB,TB,6,0,0,0,0,0,0,0
00-0039070,Gervon Dexter Sr.,DT,CHI,6,0,0,0,0,0,0,0
00-0039071,Tyrique Stevenson,CB,CHI,6,0,0,0,0,0,0,0
00-0039074,Davis Allen,TE,LA,6,0,0,0,0,2,1,7
00-0039075,Puka Nacua,WR,LA,6,0,0,0,0,3,2,28
00-0039076,Nick Hampton,LB,LA,6,0,0,0,0,0,0,0
00-0039110,Keeanu Benton,DT,PIT,6,0,0,0,0,0,0,0
00-0039111,Tuli Tuipulotu,LB,LAC,6,0,0,0,0,0,0,0
00-0039112,Lukas Van Ness,LB,GB,6,0,0,0,0,0,0,0
00-0039137,Byron Young,LB,LA,6,0,0,0,0,0,0,0
00-0039138,Kobie Turner,DE,LA,6,0,0,0,0,0,0,0
00-0039139,Jahmyr Gibbs,RB,DET,6,0,0,17,65,2,1,0
00-0039140,Kelee Ringo,CB,PHI,6,0,0,0,0,0,0,0
00-0039141,Brian Branch,CB,DET,6,0,0,0,0,0,0,0
00-0039142,Will McDonald IV,DE,NYJ,6,0,0,0,0,0,0,0
00-0039144,Luke Musgrave,TE,GB,6,0,0,0,0,2,1,7
00-0039145,Joe Tippmann,C,NYJ,6,0,0,0,0,0,0,0
00-0039147,Christian Gonzalez,CB,NE,6,0,0,0,0,0,0,0
00-0039149,Quan Martin,SAF,WAS,6,0,0,0,0,0,0,0
00-0039150,Bryce Young,QB,CAR,6,25,199,3,5,0,0,0
00-0039151,Emmanuel Forbes,CB,LA,6,0,0,0,0,0,0,0
00-0039156,Julius Brents,CB,MIA,6,0,0,0,0,0,0,0
00-0039165,Zach Charbonnet,RB,SEA,6,0,0,12,24,1,1,13
00-0039167,Joey Porter Jr.,CB,PIT,6,0,0,0,0,0,0,0
00-0039172,Jake Bates,K,DET,6,0,0,0,0,0,0,0
00-0039176,Basil Okoye,DT,BAL,6,0,0,0,0,0,0,0
00-0039178,Austin Ajiake,LB,IND,6,0,0,0,0,0,0,0
00-0039232,Nate Wiggins,CB,BAL,6,0,0,0,0,0,0,0
00-0039234,T.J. Tampa,CB,BAL,6,0,0,0,0,0,0,0
00-0039299,George Holani,RB,SEA,6,0,0,0,0,0,0,0
00-0039309,Byron Murphy II,DT,SEA,6,0,0,0,0,0,0,0
00-0039323,Ryan Rehkow,P,CIN,6,0,0,0,0,0,0,0
00-0039324,Christian Roland-Wallace,CB,KC,6,0,0,0,0,0,0,0
00-0039333,Brandon Codrington,CB,BUF,6,0,0,0,0,0,0,0
00-0039340,Laiatu Latu,DE,IND,6,0,0,0,0,0,0,0
00-0039342,Xavier Legette,WR,CAR,6,0,0,0,0,2,2,11
00-0039345,Renardo Green,CB,SF,6,0,0,0,0,0,0,0
00-0039347,Trevin Wallace,LB,CAR,6,0,0,0,0,0,0,0
00-0039351,Dominick Puni,OT,SF,6,0,0,0,0,0,0,0
00-0039352,Marist Liufau,LB,DAL,6,0,0,0,0,0,0,0
00-0039355,Luke McCaffrey,WR,WAS,6,0,0,0,0,1,1,33
00-0039360,Malik Mustapha,SAF,SF,6,0,0,0,0,0,0,0
00-0039366,Tarheeb Still,CB,LAC,6,0,0,0,0,0,0,0
00-0039368,Jordan Magee,LB,WAS,6,0,0,0,0,0,0,0
00-0039369,Cam Hart,CB,LAC,6,0,0,0,0,0,0,0
00-0039371,Kris Abrams-Draine,CB,DEN,6,0,0,0,0,0,0,0
00-0039372,Jarvis Brownlee Jr.,DB,NYJ,6,0,0,0,0,0,0,0
00-0039374,Tommy Eichenberg,LB,LV,6,0,0,0,0,0,0,0
00-0039376,Spencer Rattler,QB,NO,6,26,227,4,20,0,0,0
00-0039379,Jamari Thrash,WR,CLE,6,0,0,0,0,3,2,13
00-0039380,Chau Smith-Wade,CB,CAR,6,0,0,0,0,0,0,0
00-0039384,Tyrone Tracy Jr.,RB,NYG,6,0,0,4,6,0,0,0
00-0039388,Jaylan Ford,LB,NO,6,0,0,0,0,0,0,0
00-0039391,Kimani Vidal,RB,LAC,6,0,0,18,124,4,3,14
00-0039394,Casey Washington,WR,ATL,6,0,0,0,0,2,0,0
00-0039407,Dylan Laube,RB,LV,6,0,0,0,0,0,0,0
00-0039409,Cam Little,K,JAX,6,0,0,0,0,0,0,0
00-0039410,Ryan Flournoy,WR,DAL,6,0,0,1,3,6,3,30
00-0039417,Myles Harden,CB,CLE,6,0,0,0,0,0,0,0
00-0039423,Jonah Laulu,DT,LV,6,0,0,0,0,0,0,0
00-0039430,James Williams,LB,TEN,6,0,0,0,0,0,0,0
00-0039435,Tatum Bethune,LB,SF,6,0,0,0,0,0,0,0
00-0039451,Isaiah Williams,WR,NYJ,6,0,0,0,0,0,0,0
00-0039459,Theo Benedet,OL,CHI,6,0,0,0,0,0,0,0
00-0039465,Reddy Steward,DB,DAL,6,0,0,0,0,0,0,0
00-0039480,Jordan Colbert,SAF,MIA,6,0,0,0,0,0,0,0
00-0039530,Brevyn Spann-Ford,TE,DAL,6,0,0,0,0,1,1,2
00-0039589,Kameron Johnson,WR,TB,6,0,0,0,0,4,4,64
00-0039622,Isaiah Stalbird,LB,NO,6,0,0,0,0,0,0,0
00-0039623,Mason Tipton,WR,NO,6,0,0,0,0,0,0,0
00-0039634,Austin McNamara,P,NYJ,6,0,0,0,0,0,0,0
00-0039637,Maema Njongmeta,LB,CAR,6,0,0,0,0,0,0,0
00-0039648,David Martin-Robinson,TE,TEN,6,0,0,0,0,1,1,1
00-0039660,Thomas Harper,SAF,DET,6,0,0,0,0,0,0,0
00-0039686,Colson Yankoff,TE,WAS,6,0,0,0,0,0,0,0
00-0039692,Dell Pettus,SAF,NE,6,0,0,0,0,0,0,0
00-0039732,Bo Nix,QB,DEN,6,30,174,5,24,0,0,0
00-0039733,Ruke Orhorhoro,DT,ATL,6,0,0,0,0,0,0,0
00-0039734,Braden Fiske,DT,LA,6,0,0,0,0,0,0,0
00-0039738,Blake Corum,RB,LA,6,0,0,5,23,0,0,0
00-0039739,Roman Wilson,WR,PIT,6,0,0,0,0,1,1,12
00-0039740,Jalyx Hunt,LB,PHI,6,0,0,0,0,0,0,0
00-0039741,Payton Wilson,LB,PIT,6,0,0,0,0,0,0,0
00-0039745,Tory Taylor,P,CHI,6,0,0,0,0,0,0,0
00-0039746,Will Shipley,RB,PHI,6,0,0,0,0,0,0,0
00-0039749,Tyler Davis,DE,LA,6,0,0,0,0,0,0,0
00-0039750,Joshua Karty,K,LA,6,0,0,0,0,0,0,0
00-0039751,Jordan Whittington,WR,LA,6,0,0,0,0,4,3,23
00-0039754,Devin Culp,TE,TB,6,0,0,0,0,0,0,0
00-0039763,Joe Andreessen,LB,BUF,6,0,0,0,0,0,0,0
00-0039770,Charles Woods,CB,NE,6,0,0,0,0,0,0,0
00-0039776,Jaylen McCollough,SAF,LA,6,0,0,0,0,0,0,0
00-0039783,Anthony Goodlow,DE,ARI,6,0,0,0,0,0,0,0
00-0039789,Qwan'tez Stiggers,DB,NYJ,6,0,0,0,0,0,0,0
00-0039793,AJ Barner,TE,SEA,6,0,0,0,0,3,3,71
00-0039795,Nehemiah Pritchett,CB,SEA,6,0,0,0,0,0,0,0
00-0039796,Rasheen Ali,RB,BAL,6,0,0,0,0,0,0,0
00-0039798,Isaiah Davis,RB,NYJ,6,0,0,2,2,1,1,-1
00-0039807,Max Melton,CB,ARI,6,0,0,0,0,0,0,0
00-0039812,Ty'Ron Hopper,LB,GB,6,0,0,0,0,0,0,0
00-0039813,Evan Williams,SAF,GB,6,0,0,0,0,0,0,0
00-0039815,Tyrice Knight,LB,SEA,6,0,0,0,0,0,0,0
00-0039816,Anthony Gould,WR,IND,6,0,0,0,0,0,0,0
00-0039821,Andru Phillips,DB,NYG,6,0,0,0,0,0,0,0
00-0039826,Jeremiah Trotter Jr.,LB,PHI,6,0,0,0,0,0,0,0
00-0039829,Darius Muasau,LB,NYG,6,0,0,0,0,0,0,0
00-0039834,Kamren Kinchens,SAF,LA,6,0,0,0,0,0,0,0
00-0039835,Justin Eboigbe,DT,LAC,6,0,0,0,0,0,0,0
00-0039841,Cooper DeJean,CB,PHI,6,0,0,0,0,0,0,0
00-0039846,Tykee Smith,DB,TB,6,0,0,0,0,0,0,0
00-0039847,Theo Johnson,TE,NYG,6,0,0,0,0,4,2,27
00-0039849,Marvin Harrison Jr.,WR,ARI,6,0,0,0,0,2,2,32
00-0039850,Edgerrin Cooper,LB,GB,6,0,0,0,0,0,0,0
00-0039851,Drake Maye,QB,NE,6,26,261,9,28,0,0,0
00-0039852,Jared Verse,DE,LA,6,0,0,0,0,0,0,0
00-0039858,Cedric Gray,LB,TEN,6,0,0,0,0,0,0,0
00-0039859,Brandon Dorlus,DE,ATL,6,0,0,0,0,0,0,0
00-0039860,Kool-Aid McKinstry,CB,NO,6,0,0,0,0,0,0,0
00-0039861,Tyler Nubin,SAF,NYG,6,0,0,0,0,0,0,0
00-0039864,Dadrion Taylor-Demerson,SAF,ARI,6,0,0,0,0,0,0,0
00-0039867,Javon Bullard,SAF,GB,6,0,0,0,0,0,0,0
00-0039868,Troy Franklin,WR,DEN,6,0,0,1,2,4,3,19
00-0039872,Cole Bishop,SAF,BUF,6,0,0,0,0,0,0,0
00-0039875,Ray Davis,RB,BUF,6,0,0,0,0,2,2,19
00-0039879,Javon Solomon,LB,BUF,6,0,0,0,0,0,0,0
00-0039880,Malik Washington,WR,MIA,6,0,0,1,1,5,4,22
00-0039888,Quinyon Mitchell,CB,PHI,6,0,0,0,0,0,0,0
00-0039889,Maason Smith,DT,JAX,6,0,0,0,0,0,0,0
00-0039893,Brian Thomas Jr.,WR,JAX,6,0,0,0,0,10,8,90
00-0039894,Xavier Worthy,WR,KC,6,0,0,1,6,4,2,20
00-0039898,Mike Sainristil,CB,WAS,6,0,0,0,0,0,0,0
00-0039900,Marshawn Kneeland,DE,DAL,6,0,0,0,0,0,0,0
00-0039901,Keon Coleman,WR,BUF,6,0,0,0,0,6,3,11
00-0039902,Chris Braswell,LB,TB,6,0,0,0,0,0,0,0
00-0039906,Jer'Zhan Newton,DT,WAS,6,0,0,0,0,0,0,0
00-0039908,Kris Jenkins,DT,CIN,6,0,0,0,0,0,0,0
00-0039910,Jayden Daniels,QB,WAS,6,26,211,10,52,0,0,0
00-0039911,Chop Robinson,LB,MIA,6,0,0,0,0,0,0,0
00-0039915,Ladd McConkey,WR,LAC,6,0,0,0,0,9,7,100
00-0039917,Michael Penix Jr.,QB,ATL,6,32,250,2,6,0,0,0
00-0039918,Caleb Williams,QB,CHI,6,29,252,4,3,0,0,0
00-0039919,Rome Odunze,WR,CHI,6,0,0,0,0,5,2,32
00-0039925,Amarius Mims,OT,CIN,6,0,0,0,0,0,0,0
00-0039926,Jalen Sundell,OT,SEA,6,0,0,0,0,0,0,0
00-0039934,Jude McAtamney,K,NYG,6,0,0,0,0,0,0,0
00-0040009,Savion Williams,WR,GB,6,0,0,1,3,0,0,0
00-0040010,Barryn Sorrell,DE,GB,6,0,0,0,0,0,0,0
00-0040011,Shemar James,LB,DAL,6,0,0,0,0,0,0,0
00-0040013,Smael Mondon Jr.,LB,PHI,6,0,0,0,0,0,0,0
00-0040019,Jay Toia,DT,DAL,6,0,0,0,0,0,0,0
00-0040041,Nazir Stackhouse,DT,GB,6,0,0,0,0,0,0,0
00-0040045,Alijah Clark,DB,DAL,6,0,0,0,0,0,0,0
00-0040069,Teddye Buchanan,LB,BAL,6,0,0,0,0,0,0,0
00-0040072,Jeffrey Bassa,LB,KC,6,0,0,0,0,0,0,0
00-0040074,Tyler Loop,K,BAL,6,0,0,0,0,0,0,0
00-0040075,LaJohntay Wester,WR,BAL,6,0,0,0,0,0,0,0
00-0040078,Brashard Smith,RB,KC,6,0,0,0,0,4,3,21
00-0040104,Keondre Jackson,SAF,BAL,6,0,0,0,0,0,0,0
00-0040118,Cooper McDonald,LB,KC,6,0,0,0,0,0,0,0
00-0040122,Ashton Jeanty,RB,LV,6,0,0,23,75,4,2,11
00-0040124,Tetairoa McMillan,WR,CAR,6,0,0,0,0,5,3,29
00-0040125,Kelvin Banks Jr.,OT,NO,6,0,0,0,0,0,0,0
00-0040126,Colston Loveland,TE,CHI,6,0,0,0,0,3,2,11
00-0040127,Kenneth Grant,DT,MIA,6,0,0,0,0,0,0,0
00-0040128,Tyler Warren,TE,IND,6,0,0,0,0,9,6,63
00-0040129,Emeka Egbuka,WR,TB,6,0,0,0,0,4,2,24
00-0040131,Kyle Williams,WR,NE,6,0,0,0,0,2,0,0
00-0040134,Pat Bryant,WR,DEN,6,0,0,0,0,2,2,22
00-0040136,Princely Umanmielen,LB,CAR,6,0,0,0,0,0,0,0
00-0040137,Jordan Burch,LB,ARI,6,0,0,0,0,0,0,0
00-0040142,Kaleb Johnson,RB,PIT,6,0,0,6,15,0,0,0
00-0040143,Jacob Parrish,CB,TB,6,0,0,0,0,0,0,0
00-0040144,Jamaree Caldwell,DT,LAC,6,0,0,0,0,0,0,0
00-0040148,Xavier Watts,SAF,ATL,6,0,0,0,0,0,0,0
00-0040152,Upton Stout,CB,SF,6,0,0,0,0,0,0,0
00-0040155,Danny Stutsman,LB,NO,6,0,0,0,0,0,0,0
00-0040157,Barrett Carter,LB,CIN,6,0,0,0,0,0,0,0
00-0040159,Lathan Ransom,SAF,CAR,6,0,0,0,0,0,0,0
00-0040160,Jack Sawyer,LB,PIT,6,0,0,0,0,0,0,0
00-0040161,Kyle Kennard,LB,LAC,6,0,0,0,0,0,0,0
00-0040162,Dylan Sampson,RB,CLE,6,0,0,3,12,2,2,12
00-0040164,Jaylin Lane,WR,WAS,6,0,0,1,7,2,1,37
00-0040165,Malachi Moore,SAF,NYJ,6,0,0,0,0,0,0,0
00-0040166,Quincy Riley,CB,NO,6,0,0,0,0,0,0,0
00-0040168,Que Robinson,LB,DEN,6,0,0,0,0,0,0,0
00-0040170,Elic Ayomanor,WR,TEN,6,0,0,0,0,5,3,27
00-0040171,Joshua Farmer,DT,NE,6,0,0,0,0,0,0,0
00-0040175,Jordan Phillips,DT,MIA,6,0,0,0,0,0,0,0
00-0040180,Jalen Rivers,OT,CIN,6,0,0,0,0,0,0,0
00-0040182,Dante Trader Jr.,SAF,MIA,6,0,0,0,0,0,0,0
00-0040183,Elijah Roberts,DE,TB,6,0,0,0,0,0,0,0
00-0040184,KeAndre Lambert-Smith,WR,LAC,6,0,0,0,0,2,1,1
00-0040185,Marques Sigle,SAF,SF,6,0,0,0,0,0,0,0
00-0040186,Francisco Mauigoa,LB,NYJ,6,0,0,0,0,0,0,0
00-0040187,Mitchell Evans,TE,CAR,6,0,0,0,0,1,1,21
00-0040189,Oronde Gadsden II,TE,LAC,6,0,0,0,0,8,7,68
00-0040192,Jordan Hancock,CB,BUF,6,0,0,0,0,0,0,0
00-0040198,Ollie Gordon II,RB,MIA,6,0,0,2,1,1,1,1
00-0040200,Andy Borregales,K,NE,6,0,0,0,0,0,0,0
00-0040213,Rayuan Lane III,SAF,JAX,6,0,0,0,0,0,0,0
00-0040218,Jimmy Horn Jr.,WR,CAR,6,0,0,1,11,2,2,36
00-0040221,R.J. Mickens,SAF,LAC,6,0,0,0,0,0,0,0
00-0040223,Jeremy Crawshaw,P,DEN,6,0,0,0,0,0,0,0
00-0040228,Cody Lindenberg,LB,LV,6,0,0,0,0,0,0,0
00-0040230,Kitan Crawford,SAF,ARI,6,0,0,0,0,0,0,0
00-0040231,Carson Bruener,LB,PIT,6,0,0,0,0,0,0,0
00-0040236,Kyle Monangai,RB,CHI,6,0,0,5,19,1,1,25
00-0040237,Tez Johnson,WR,TB,6,0,0,0,0,3,1,45
00-0040238,LeQuint Allen Jr.,RB,JAX,6,0,0,1,2,2,1,10
00-0040241,Dominic Lovett,WR,DET,6,0,0,0,0,0,0,0
00-0040242,Jacory Croskey-Merritt,RB,WAS,6,0,0,17,61,1,1,7
00-0040246,Julian Ashby,LS,NE,6,0,0,0,0,0,0,0
00-0040259,Gage Larvadain,WR,CLE,6,0,0,0,0,4,2,22
00-0040263,Donovan McMillon,SAF,CLE,6,0,0,0,0,0,0,0
00-0040279,Ryan Fitzgerald,K,CAR,6,0,0,0,0,0,0,0
00-0040289,Bam Martin-Scott,LB,CAR,6,0,0,0,0,0,0,0
00-0040329,BJ Green II,DE,JAX,6,0,0,0,0,0,0,0
00-0040342,Danny Striggow,DE,JAX,6,0,0,0,0,0,0,0
00-0040347,Johnathan Edwards,DB,IND,6,0,0,0,0,0,0,0
00-0040384,Elijah Simmons,DL,TB,6,0,0,0,0,0,0,0
00-0040449,Karene Reid,LB,DEN,6,0,0,0,0,0,0,0
00-0040460,Marlowe Wax,LB,LAC,6,0,0,0,0,0,0,0
00-0040503,Dorian Mausi,LB,TEN,6,0,0,0,0,0,0,0
00-0040527,Sebastian Castro,SAF,TB,6,0,0,0,0,0,0,0
00-0040534,Ke'Shawn Williams,WR,PIT,6,0,0,0,0,0,0,0
00-0040563,Efton Chism III,WR,NE,6,0,0,0,0,0,0,0
00-0040574,Elijah Ponder,LB,NE,6,0,0,0,0,0,0,0
00-0040577,Jalon Walker,LB,ATL,6,0,0,0,0,0,0,0
00-0040578,James Pearce Jr.,DE,ATL,6,0,0,0,0,0,0,0
00-0040579,Carson Schwesinger,LB,CLE,6,0,0,0,0,0,0,0
00-0040580,Josaiah Stewart,LB,LA,6,0,0,0,0,0,0,0
00-0040582,Arian Smith,WR,NYJ,6,0,0,0,0,1,0,0
00-0040584,Gunnar Helm,TE,TEN,6,0,0,0,0,3,2,15
00-0040585,Ty Hamilton,DT,LA,6,0,0,0,0,0,0,0
00-0040586,Jaydon Blue,RB,DAL,6,0,0,3,0,0,0,0
00-0040590,Konata Mumpfield,WR,LA,6,0,0,0,0,2,1,7
00-0040613,Shaun Dolac,LB,LA,6,0,0,0,0,0,0,0
00-0040643,Jonas Sanker,SAF,NO,6,0,0,0,0,0,0,0
00-0040644,Trevor Etienne,RB,CAR,6,0,0,3,17,0,0,0
00-0040645,Cody Simon,LB,ARI,6,0,0,0,0,0,0,0
00-0040648,Tory Horton,WR,SEA,6,0,0,0,0,1,0,0
00-0040654,Kai Kroeger,P,NO,6,0,0,0,0,0,0,0
00-0040660,Mykel Williams,DE,SF,6,0,0,0,0,0,0,0
00-0040662,Ty Robinson,DT,PHI,6,0,0,0,0,0,0,0
00-0040663,Harold Fannin Jr.,TE,CLE,6,0,0,0,0,10,7,81
00-0040667,Matthew Golden,WR,GB,6,0,0,2,16,5,3,86
00-0040670,Nohl Williams,CB,KC,6,0,0,0,0,0,0,0
00-0040672,Tyleik Williams,DT,DET,6,0,0,0,0,0,0,0
00-0040676,Cam Ward,QB,TEN,6,38,222,0,0,0,0,0
00-0040678,Derrick Harmon,DT,PIT,6,0,0,0,0,0,0,0
00-0040685,Mason Graham,DT,CLE,6,0,0,0,0,0,0,0
00-0040688,Malaki Starks,SAF,BAL,6,0,0,0,0,0,0,0
00-0040691,Jaxson Dart,QB,NYG,6,25,195,13,58,0,0,0
00-0040704,Dillon Gabriel,QB,CLE,6,52,221,0,0,0,0,0
00-0040705,Chimere Dike,WR,TEN,6,0,0,0,0,3,2,8
00-0040708,Jihaad Campbell,LB,PHI,6,0,0,0,0,0,0,0
00-0040710,Deone Walker,DT,BUF,6,0,0,0,0,0,0,0
00-0040711,CJ West,DT,SF,6,0,0,0,0,0,0,0
00-0040715,Cam Skattebo,RB,NYG,6,0,0,19,98,2,2,12
00-0040716,Craig Woodson,SAF,NE,6,0,0,0,0,0,0,0
00-0040718,Travis Hunter,CB,JAX,6,0,0,0,0,7,4,15
00-0040719,Bhayshul Tuten,RB,JAX,6,0,0,2,14,3,2,14
00-0040721,Alfred Collins,DT,SF,6,0,0,0,0,0,0,0
00-0040722,Mike Green,LB,BAL,6,0,0,0,0,0,0,0
00-0040725,Donovan Ezeiruaku,LB,DAL,6,0,0,0,0,0,0,0
00-0040727,Tre Harris,WR,LAC,6,0,0,0,0,5,4,27
00-0040729,Jack Bech,WR,LV,6,0,0,0,0,1,0,0
00-0040730,RJ Harvey,RB,DEN,6,0,0,2,4,4,4,21
00-0040731,Trey Amos,CB,WAS,6,0,0,0,0,0,0,0
00-0040733,Nick Emmanwori,SAF,SEA,6,0,0,0,0,0,0,0
00-0040734,TreVeyon Henderson,RB,NE,6,0,0,9,27,2,1,9
00-0040735,Luther Burden III,WR,CHI,6,0,0,0,0,4,4,51
00-0040736,Mason Taylor,TE,NYJ,6,0,0,0,0,1,1,2
00-0040737,Terrance Ferguson,TE,LA,6,0,0,1,0,0,0,0
00-0040738,Demetrius Knight Jr.,LB,CIN,6,0,0,0,0,0,0,0
00-0040739,Elijah Arroyo,TE,SEA,6,0,0,0,0,2,1,6
00-0040741,Shemar Turner,DT,CHI,6,0,0,0,0,0,0,0
00-0040749,Andrew Mukuba,SAF,PHI,6,0,0,0,0,0,0,0
00-0040751,Will Johnson,CB,ARI,6,0,0,0,0,0,0,0
00-0040752,Oluwafemi Oladejo,DE,TEN,6,0,0,0,0,0,0,0
00-0040782,Isaiah Bond,WR,CLE,6,0,0,0,0,5,2,9
00-0040784,Quinshon Judkins,RB,CLE,6,0,0,12,36,1,0,0
,,,PHI,6,0,0,0,0,0,0,0
00-0023459,Aaron Rodgers,QB,PIT,7,34,249,1,6,0,0,0
00-0025565,Nick Folk,K,NYJ,7,0,0,0,0,0,0,0
00-0026158,Joe Flacco,QB,CIN,7,47,342,5,3,0,0,0
00-0026190,Calais Campbell,DE,ARI,7,0,0,0,0,0,0,0
00-0026498,Matthew Stafford,QB,LA,7,33,182,2,1,0,0,0
00-0027114,Thomas Morstead,P,SF,7,0,0,0,0,0,0,0
00-0027940,Von Miller,OLB,WAS,7,0,0,0,0,0,0,0
00-0027962,Cameron Jordan,LB,NO,7,0,0,0,0,0,0,0
00-0027969,Cameron Heyward,DE,PIT,7,0,0,0,0,0,0,0
00-0027973,Andy Dalton,QB,CAR,7,7,60,2,-2,0,0,0
00-0028118,Tyrod Taylor,QB,NYJ,7,22,126,3,11,0,0,0
00-0028292,Nick Bellore,LB,WAS,7,0,0,0,0,0,0,0
00-0028872,Johnny Hekker,P,TEN,7,0,0,0,0,0,0,0
00-0029255,Bobby Wagner,MLB,WAS,7,0,0,0,0,0,0,0
00-0029562,Lavonte David,OLB,TB,7,0,0,0,0,0,0,0
00-0029606,Harrison Smith,FS,MIN,7,0,0,0,0,0,0,0
00-0029607,Demario Davis,OLB,NO,7,0,0,0,0,0,0,0
00-0029692,Bryan Anger,P,DAL,7,0,0,0,0,0,0,0
00-0029892,Kyle Juszczyk,FB,SF,7,0,0,1,-2,1,1,10
00-0030035,Adam Thielen,WR,MIN,7,0,0,0,0,2,1,10
00-0030061,Zach Ertz,TE,WAS,7,0,0,0,0,7,3,37
00-0030062,Darius Slay,CB,PIT,7,0,0,0,0,0,0,0
00-0030092,Sam Martin,P,CAR,7,0,0,0,0,0,0,0
00-0030140,Tress Way,P,WAS,7,0,0,0,0,0,0,0
00-0030279,Keenan Allen,WR,LAC,7,0,0,0,0,14,11,119
00-0030294,Tony Jefferson,S,LAC,7,0,0,0,0,0,0,0
00-0030506,Travis Kelce,TE,KC,7,0,0,0,0,3,3,54
00-0030565,Geno Smith,QB,LV,7,16,67,2,1,0,0,0
00-0030725,Cornelius Lucas,OT,CLE,7,0,0,0,0,0,0,0
00-0030757,Mike Pennel,DT,CIN,7,0,0,0,0,0,0,0
00-0031040,Khalil Mack,OLB,LAC,7,0,0,0,0,0,0,0
00-0031079,Pat O'Donnell,P,ARI,7,0,0,0,0,0,0,0
00-0031136,Chris Boswell,K,PIT,7,0,0,0,0,0,0,0
00-0031156,Tyler Ott,LS,WAS,7,0,0,0,0,0,0,0
00-0031236,Brandin Cooks,WR,NO,7,0,0,0,0,1,1,3
00-0031237,Teddy Bridgewater,QB,TB,7,0,0,1,-1,0,0,0
00-0031254,Denico Autry,DT,HOU,7,0,0,0,0,0,0,0
00-0031270,Shelby Harris,DE,CLE,7,0,0,0,0,0,0,0
00-0031345,Jimmy Garoppolo,QB,LA,7,0,0,3,-3,0,0,0
00-0031357,C.J. Goodwin,CB,DAL,7,0,0,0,0,0,0,0
00-0031364,Jadeveon Clowney,DE,DAL,7,0,0,0,0,0,0,0
00-0031381,Davante Adams,WR,LA,7,0,0,0,0,8,5,35
00-0031408,Mike Evans,WR,TB,7,0,0,0,0,4,0,0
00-0031411,DeMarcus Lawrence,LB,SEA,7,0,0,0,0,0,0,0
00-0031492,Jason Myers,K,SEA,7,0,0,0,0,0,0,0
00-0031565,Danielle Hunter,DE,HOU,7,0,0,0,0,0,0,0
00-0031588,Stefon Diggs,WR,NE,7,0,0,0,0,7,7,69
00-0031608,Quandre Diggs,S,TEN,7,0,0,0,0,0,0,0
00-0031610,Darren Waller,TE,MIA,7,0,0,0,0,0,0,0
00-0031622,Bobby Hart,OT,LAC,7,0,0,0,0,0,0,0
00-0031687,Raheem Mostert,RB,LV,7,0,0,0,0,1,1,2
00-0031740,Neville Hewitt,LB,NYG,7,0,0,0,0,0,0,0
00-0031898,Alex Singleton,LB,DEN,7,0,0,0,0,0,0,0
00-0031933,Leonard Williams,DE,SEA,7,0,0,0,0,0,0,0
00-0031935,Preston Smith,DE,WAS,7,0,0,0,0,0,0,0
00-0031957,Rakeem Nunez-Roches,DT,NYG,7,0,0,0,0,0,0,0
00-0032052,Dante Fowler Jr.,DE,DAL,7,0,0,0,0,0,0,0
00-0032065,Bradley Pinion,P,ATL,7,0,0,0,0,0,0,0
00-0032103,Denzel Perryman,MLB,LAC,7,0,0,0,0,0,0,0
00-0032104,Ameer Abdullah,RB,IND,7,0,0,2,19,1,1,8
00-0032146,Bud Dupree,OLB,LAC,7,0,0,0,0,0,0,0
00-0032164,Arik Armstead,DE,JAX,7,0,0,0,0,0,0,0
00-0032211,Tyler Lockett,WR,TEN,7,0,0,0,0,2,2,18
00-0032228,Joe Cardona,LS,MIA,7,0,0,0,0,0,0,0
00-0032265,Mario Edwards,DE,HOU,7,0,0,0,0,0,0,0
00-0032268,Marcus Mariota,QB,WAS,7,10,63,2,34,0,0,0
00-0032378,DeForest Buckner,DT,IND,7,0,0,0,0,0,0,0
00-0032381,Taylor Decker,OT,DET,7,0,0,0,0,0,0,0
00-0032385,Sterling Shepard,WR,TB,7,0,0,0,0,7,7,25
00-0032387,Jarran Reed,DT,SEA,7,0,0,0,0,0,0,0
00-0032388,Deion Jones,LB,TB,7,0,0,0,0,0,0,0
00-0032392,Austin Hooper,TE,NE,7,0,0,0,0,2,2,11
00-0032398,Chris Moore,WR,WAS,7,0,0,0,0,5,2,59
00-0032424,DJ Reader,DT,DET,7,0,0,0,0,0,0,0
00-0032442,Elandon Roberts,OLB,LV,7,0,0,0,0,0,0,0
00-0032464,Kalif Raymond,WR,DET,7,0,0,0,0,3,3,17
00-0032569,Wil Lutz,K,DEN,7,0,0,0,0,0,0,0
00-0032580,Jonathan Jones,DB,WAS,7,0,0,0,0,0,0,0
00-0032667,Roy Robertson-Harris,DE,NYG,7,0,0,0,0,0,0,0
00-0032688,Robbie Chosen,WR,WAS,7,0,0,0,0,4,4,36
00-0032726,Ka'imi Fairbairn,K,HOU,7,0,0,0,0,0,0,0
00-0032759,Sheldon Rankins,DT,HOU,7,0,0,0,0,0,0,0
00-0032762,Chris Jones,DE,KC,7,0,0,0,0,0,0,0
00-0032763,Austin Johnson,NT,JAX,7,0,0,0,0,0,0,0
00-0032775,Demarcus Robinson,WR,SF,7,0,0,0,0,1,0,0
00-0032889,A'Shawn Robinson,DT,CAR,7,0,0,0,0,0,0,0
00-0032918,C.J. Ham,FB,MIN,7,0,0,0,0,1,1,5
00-0032943,Riley Dixon,P,TB,7,0,0,0,0,0,0,0
00-0032950,Carson Wentz,QB,MIN,7,42,313,4,28,0,0,0
00-0032951,Laquon Treadwell,WR,IND,7,0,0,0,0,0,0,0
00-0033010,Sheldon Day,DT,WAS,7,0,0,0,0,0,0,0
00-0033038,Eric Murray,S,JAX,7,0,0,0,0,0,0,0
00-0033046,Jihad Ward,LB,TEN,7,0,0,0,0,0,0,0
00-0033051,David Onyemata,DT,ATL,7,0,0,0,0,0,0,0
00-0033055,Jalen Ramsey,CB,PIT,7,0,0,0,0,0,0,0
00-0033063,Zach Wood,LS,NO,7,0,0,0,0,0,0,0
00-0033066,Andrew Billings,DT,CHI,7,0,0,0,0,0,0,0
00-0033072,Leonard Floyd,DE,ATL,7,0,0,0,0,0,0,0
00-0033073,Emmanuel Ogbah,DE,JAX,7,0,0,0,0,0,0,0
00-0033077,Dak Prescott,QB,DAL,7,30,264,5,7,0,0,0
00-0033090,Hunter Henry,TE,NE,7,0,0,0,0,5,4,33
00-0033093,Jonathan Bullard,DE,NO,7,0,0,0,0,0,0,0
00-0033106,Jared Goff,QB,DET,7,29,241,2,7,0,0,0
00-0033109,Javon Hargrave,NT,MIN,7,0,0,0,0,0,0,0
00-0033110,Tyler Higbee,TE,LA,7,0,0,0,0,6,3,19
00-0033119,Jacoby Brissett,QB,ARI,7,36,279,6,26,0,0,0
00-0033131,Maliek Collins,DT,CLE,7,0,0,0,0,0,0,0
00-0033132,Kevin Byard,FS,CHI,7,0,0,0,0,0,0,0
00-0033217,Mo Alie-Cox,TE,IND,7,0,0,0,0,2,1,6
00-0033246,Johnny Mundt,TE,JAX,7,0,0,0,0,4,1,9
00-0033269,Rigoberto Sanchez,P,IND,7,0,0,0,0,0,0,0
00-0033280,Christian McCaffrey,RB,SF,7,0,0,24,129,8,7,72
00-0033288,George Kittle,TE,SF,7,0,0,0,0,2,0,0
00-0033290,Jermaine Eluemunor,G,NYG,7,0,0,0,0,0,0,0
00-0033294,Chuck Clark,SAF,PIT,7,0,0,0,0,0,0,0
00-0033297,D.J. Jones,DT,DEN,7,0,0,0,0,0,0,0
00-0033303,Harrison Butker,K,KC,7,0,0,0,0,0,0,0
00-0033307,Kendrick Bourne,WR,SF,7,0,0,0,0,2,2,14
00-0033336,Eric Wilson,LB,MIN,7,0,0,0,0,0,0,0
00-0033357,Taysom Hill,TE,NO,7,0,0,2,-4,2,2,12
00-0033375,Tim Patrick,WR,JAX,7,0,0,0,0,1,1,22
00-0033393,Kenny Moore II,CB,IND,7,0,0,0,0,0,0,0
00-0033503,Arthur Maulet,CB,DET,7,0,0,0,0,0,0,0
00-0033523,Jonathan Allen,DE,MIN,7,0,0,0,0,0,0,0
00-0033526,Samaje Perine,RB,CIN,7,0,0,7,31,0,0,0
00-0033538,Garett Bolles,OT,DEN,7,0,0,0,0,1,0,0
00-0033546,Dalvin Tomlinson,DE,ARI,7,0,0,0,0,0,0,0
00-0033547,Zach Cunningham,ILB,DET,7,0,0,0,0,0,0,0
00-0033551,Rasul Douglas,CB,MIA,7,0,0,0,0,0,0,0
00-0033555,Mack Hollins,WR,NE,7,0,0,1,4,2,2,49
00-0033572,Jamal Agnew,WR,ATL,7,0,0,0,0,0,0,0
00-0033579,Xavier Woods,FS,TEN,7,0,0,0,0,0,0,0
00-0033595,Pat O'Connor,DE,DET,7,0,0,0,0,0,0,0
00-0033676,Elijah Wilkinson,OT,ATL,7,0,0,0,0,0,0,0
00-0033787,Jake Elliott,K,PHI,7,0,0,0,0,0,0,0
00-0033854,Dare Ogunbowale,RB,HOU,7,0,0,0,0,1,0,0
00-0033857,JuJu Smith-Schuster,WR,KC,7,0,0,0,0,3,3,35
00-0033858,Jonnu Smith,TE,PIT,7,0,0,0,0,6,3,28
00-0033860,Davon Godchaux,DT,NO,7,0,0,0,0,0,0,0
00-0033868,Myles Garrett,DE,CLE,7,0,0,0,0,0,0,0
00-0033870,Solomon Thomas,DE,DAL,7,0,0,0,0,0,0,0
00-0033872,Jamal Adams,LB,LV,7,0,0,0,0,0,0,0
00-0033873,Patrick Mahomes,QB,KC,7,35,286,4,28,0,0,0
00-0033874,Marshon Lattimore,CB,WAS,7,0,0,0,0,0,0,0
00-0033875,Haason Reddick,OLB,TB,7,0,0,0,0,0,0,0
00-0033878,Adoree' Jackson,CB,PHI,7,0,0,0,0,0,0,0
00-0033881,Evan Engram,TE,DEN,7,0,0,0,0,8,5,42
00-0033883,Jabrill Peppers,FS,PIT,7,0,0,0,0,0,0,0
00-0033886,T.J. Watt,OLB,PIT,7,0,0,0,0,0,0,0
00-0033890,Budda Baker,S,ARI,7,0,0,0,0,0,0,0
00-0033891,Zay Jones,WR,ARI,7,0,0,0,0,2,2,67
00-0033906,Alvin Kamara,RB,NO,7,0,0,11,28,3,3,1
00-0033907,Dawuane Smoot,DE,JAX,7,0,0,0,0,0,0,0
00-0033908,Cooper Kupp,WR,SEA,7,1,0,0,0,1,1,32
00-0033914,Alex Anzalone,MLB,DET,7,0,0,0,0,0,0,0
00-0033923,Kareem Hunt,RB,KC,7,0,0,4,18,0,0,0
00-0033928,Jourdan Lewis,CB,JAX,7,0,0,0,0,0,0,0
00-0033941,Rayshawn Jenkins,DB,CLE,7,0,0,0,0,0,0,0
00-0033943,Josh Reynolds,WR,NYJ,7,0,0,0,0,9,3,29
00-0033945,Samson Ebukam,DE,IND,7,0,0,0,0,0,0,0
00-0033949,Joshua Dobbs,QB,NE,7,1,12,2,-2,0,0,0
00-0033952,Grover Stewart,DT,IND,7,0,0,0,0,0,0,0
00-0033955,Jeremy McNichols,RB,WAS,7,0,0,2,22,3,2,23
00-0033964,Al-Quadin Muhammad,LB,DET,7,0,0,0,0,0,0,0
00-0034084,Mike Badgley,K,IND,7,0,0,0,0,0,0,0
00-0034145,Chris Lammons,DB,IND,7,0,0,0,0,0,0,0
00-0034159,Will Dissly,TE,LAC,7,0,0,0,0,1,0,0
00-0034160,Michael Dickson,P,SEA,7,0,0,0,0,0,0,0
00-0034161,Daniel Carlson,K,LV,7,0,0,0,0,0,0,0
00-0034162,J.K. Scott,P,LAC,7,0,0,0,0,0,0,0
00-0034163,Jacob Martin,DE,WAS,7,0,0,0,0,0,0,0
00-0034173,Eddy Pineiro,K,SF,7,0,0,0,0,0,0,0
00-0034203,Darious Williams,CB,LA,7,0,0,0,0,0,0,0
00-0034277,DeShon Elliott,SAF,PIT,7,0,0,0,0,0,0,0
00-0034278,Tremon Smith,CB,HOU,7,0,0,0,0,0,0,0
00-0034285,Zach Sieler,DE,MIA,7,0,0,0,0,0,0,0
00-0034302,Frankie Luvu,LB,WAS,7,0,0,0,0,0,0,0
00-0034333,Daron Payne,NT,WAS,7,0,0,0,0,0,0,0
00-0034348,Courtland Sutton,WR,DEN,7,0,0,0,0,10,6,87
00-0034350,Uchenna Nwosu,LB,SEA,7,0,0,0,0,0,0,0
00-0034351,Dallas Goedert,TE,PHI,7,0,0,0,0,3,3,18
00-0034355,M.J. Stewart,SAF,HOU,7,0,0,0,0,0,0,0
00-0034356,Donte Jackson,CB,LAC,7,0,0,0,0,0,0,0
00-0034357,Isaiah Oliver,FS,NYJ,7,0,0,0,0,0,0,0
00-0034359,Tyquan Lewis,DE,IND,7,0,0,0,0,0,0,0
00-0034361,Justin Reid,S,NO,7,0,0,0,0,0,0,0
00-0034367,Nyheim Hines,RB,LAC,7,0,0,0,0,0,0,0
00-0034381,Josh Sweat,LB,ARI,7,0,0,0,0,0,0,0
00-0034383,Dalton Schultz,TE,HOU,7,0,0,0,0,10,9,98
00-0034387,Bilal Nichols,DT,ARI,7,0,0,0,0,0,0,0
00-0034391,Siran Neal,DB,SF,7,0,0,0,0,0,0,0
00-0034397,Tim Settle,DT,HOU,7,0,0,0,0,0,0,0
00-0034413,Foye Oluokun,LB,JAX,7,0,0,0,0,0,0,0
00-0034419,Braxton Berrios,WR,HOU,7,0,0,0,0,3,1,-1
00-0034429,Jordan Mailata,OT,PHI,7,0,0,0,0,0,0,0
00-0034431,Zaire Franklin,OLB,IND,7,0,0,0,0,0,0,0
00-0034437,Logan Cooke,P,JAX,7,0,0,0,0,0,0,0
00-0034465,Jeremy Reaves,DB,WAS,7,0,0,0,0,0,0,0
00-0034473,Dennis Gardeck,LB,JAX,7,0,0,0,0,0,0,0
00-0034485,Jonathan Owens,SAF,CHI,7,0,0,0,0,0,0,0
00-0034488,Tavierre Thomas,SAF,MIN,7,0,0,0,0,0,0,0
00-0034495,Evan Brown,C,ARI,7,0,0,0,0,0,0,0
00-0034521,Allen Lazard,WR,NYJ,7,0,0,0,0,3,2,16
00-0034673,Tremaine Edmunds,MLB,CHI,7,0,0,0,0,0,0,0
00-0034675,Jessie Bates,FS,ATL,7,0,0,0,0,0,0,0
00-0034678,Alex Cappa,G,LV,7,0,0,0,0,0,0,0
00-0034720,Robert Spillane,LB,NE,7,0,0,0,0,0,0,0
00-0034721,Corey Bojorquez,P,CLE,7,0,0,0,0,0,0,0
00-0034754,Oren Burks,ILB,CIN,7,0,0,0,0,0,0,0
00-0034760,Nathan Shepherd,DE,NO,7,0,0,0,0,0,0,0
00-0034773,Vita Vea,DT,TB,7,0,0,0,0,0,0,0
00-0034778,Carlton Davis III,CB,NE,7,0,0,0,0,0,0,0
00-0034782,Harrison Phillips,DT,NYJ,7,0,0,0,0,0,0,0
00-0034789,Minkah Fitzpatrick,FS,MIA,7,0,0,0,0,0,0,0
00-0034790,Derwin James,FS,LAC,7,0,0,0,0,0,0,0
00-0034791,Nick Chubb,RB,HOU,7,0,0,5,16,3,1,-5
00-0034797,Jerome Baker,OLB,CLE,7,0,0,0,0,0,0,0
00-0034800,B.J. Hill,DE,CIN,7,0,0,0,0,0,0,0
00-0034801,Josh Woods,LB,ATL,7,0,0,0,0,0,0,0
00-0034805,John Franklin-Myers,DE,DEN,7,0,0,0,0,0,0,0
00-0034810,Sebastian Joseph-Day,DT,TEN,7,0,0,0,0,0,0,0
00-0034818,Derrick Nnadi,NT,KC,7,0,0,0,0,0,0,0
00-0034827,DJ Moore,WR,CHI,7,0,0,1,9,5,3,43
00-0034828,Harold Landry III,LB,NE,7,0,0,0,0,0,0,0
00-0034832,Bradley Chubb,OLB,MIA,7,0,0,0,0,0,0,0
00-0034843,Mike Hughes,CB,ATL,7,0,0,0,0,0,0,0
00-0034844,Saquon Barkley,RB,PHI,7,0,0,18,44,1,1,-2
00-0034854,KhaDarel Hodge,WR,ATL,7,0,0,0,0,0,0,0
00-0034855,Baker Mayfield,QB,TB,7,50,228,0,0,0,0,0
00-0034856,Denzel Ward,CB,CLE,7,0,0,0,0,0,0,0
00-0034867,Malik Turner,WR,SF,7,0,0,0,0,0,0,0
00-0034869,Sam Darnold,QB,SEA,7,31,213,3,1,0,0,0
00-0034959,Andrew Beck,FB,NYJ,7,0,0,0,0,0,0,0
00-0034967,Rashan Gary,LB,GB,7,0,0,0,0,0,0,0
00-0034968,Darnell Savage,SAF,WAS,7,0,0,0,0,0,0,0
00-0034973,Maxx Crosby,DE,LV,7,0,0,0,0,0,0,0
00-0034982,Dre Greenlaw,LB,DEN,7,0,0,0,0,0,0,0
00-0034987,E.J. Speed,LB,HOU,7,0,0,0,0,0,0,0
00-0035042,Jamie Gillan,P,NYG,7,0,0,0,0,0,0,0
00-0035112,Patrick Mekari,OT,JAX,7,0,0,0,0,0,0,0
00-0035133,Keisean Nixon,DB,GB,7,0,0,0,0,0,0,0
00-0035144,Mack Wilson,LB,ARI,7,0,0,0,0,0,0,0
00-0035156,Jack Fox,P,DET,7,0,0,0,0,0,0,0
00-0035166,Azeez Al-Shaair,LB,HOU,7,0,0,0,0,0,0,0
00-0035190,AJ Cole,P,LV,7,0,0,0,0,0,0,0
00-0035192,Joey Slye,K,TEN,7,0,0,0,0,0,0,0
00-0035202,Del'Shawn Phillips,LB,LAC,7,0,0,0,0,0,0,0
00-0035208,Olamide Zaccheaus,WR,CHI,7,0,0,1,0,3,2,9
00-0035229,T.J. Hockenson,TE,MIN,7,0,0,0,0,9,6,43
00-0035236,Byron Murphy,CB,MIN,7,0,0,0,0,0,0,0
00-0035240,Jahlani Tavai,LB,NE,7,0,0,0,0,0,0,0
00-0035248,Zach Allen,DE,DEN,7,0,0,0,0,0,0,0
00-0035249,Josh Oliver,TE,MIN,7,0,0,0,0,1,1,9
00-0035250,Devin Singletary,RB,NYG,7,0,0,2,2,0,0,0
00-0035254,Anthony Nelson,LB,TB,7,0,0,0,0,0,0,0
00-0035261,Tony Pollard,RB,TEN,7,0,0,6,18,6,6,43
00-0035262,Drue Tranquill,LB,KC,7,0,0,0,0,0,0,0
00-0035269,Matt Gay,K,WAS,7,0,0,0,0,0,0,0
00-0035276,Blake Cashman,LB,MIN,7,0,0,0,0,0,0,0
00-0035277,Mike Jackson,CB,CAR,7,0,0,0,0,0,0,0
00-0035279,Charles Omenihu,DE,KC,7,0,0,0,0,0,0,0
00-0035280,Jake Bailey,P,MIA,7,0,0,0,0,0,0,0
00-0035286,Cole Holcomb,LB,PIT,7,0,0,0,0,0,0,0
00-0035289,Gardner Minshew,QB,KC,7,0,0,3,-3,0,0,0
00-0035298,Scott Miller,WR,PIT,7,0,0,0,0,1,1,9
00-0035301,Donovan Wilson,SAF,DAL,7,0,0,0,0,0,0,0
00-0035316,Kaden Elliss,LB,ATL,7,0,0,0,0,0,0,0
00-0035352,Tyrel Dodson,LB,MIA,7,0,0,0,0,0,0,0
00-0035358,Chase McLaughlin,K,TB,7,0,0,0,0,0,0,0
00-0035378,Andrew Wingard,SAF,JAX,7,0,0,0,0,0,0,0
00-0035386,T.J. Edwards,LB,CHI,7,0,0,0,0,0,0,0
00-0035402,Carl Granderson,DE,NO,7,0,0,0,0,0,0,0
00-0035406,Lil'Jordan Humphrey,WR,NYG,7,0,0,0,0,2,0,0
00-0035409,Shy Tuttle,DT,TEN,7,0,0,0,0,0,0,0
00-0035500,Greg Dortch,WR,ARI,7,0,0,0,0,2,2,5
00-0035525,Devin Bush,LB,CLE,7,0,0,0,0,0,0,0
00-0035594,Travis Homer,RB,CHI,7,0,0,0,0,0,0,0
00-0035602,Alex Bachman,WR,LV,7,0,0,0,0,0,0,0
00-0035617,Troy Reeder,LB,LA,7,0,0,0,0,0,0,0
00-0035625,Juan Thornhill,SAF,PIT,7,0,0,0,0,0,0,0
00-0035628,D'Ernest Johnson,RB,ARI,7,0,0,1,0,0,0,0
00-0035631,Drew Sample,TE,CIN,7,0,0,0,0,0,0,0
00-0035632,Amani Hooker,SAF,TEN,7,0,0,0,0,0,0,0
00-0035637,Rock Ya-Sin,CB,DET,7,0,0,0,0,0,0,0
00-0035640,DK Metcalf,WR,PIT,7,0,0,0,0,5,3,50
00-0035642,Josh Hines-Allen,DE,JAX,7,0,0,0,0,0,0,0
00-0035643,Jeffery Simmons,DT,TEN,7,0,0,0,0,0,0,0
00-0035644,Noah Fant,TE,CIN,7,0,0,0,0,4,4,44
00-0035645,Gunner Olszewski,WR,NYG,7,0,0,0,0,0,0,0
00-0035647,Montez Sweat,DE,CHI,7,0,0,0,0,0,0,0
00-0035662,Marquise Brown,WR,KC,7,0,0,0,0,4,2,14
00-0035667,Greg Gaines,DT,TB,7,0,0,0,0,0,0,0
00-0035669,Nick Scott,SAF,CAR,7,0,0,0,0,0,0,0
00-0035672,Cody Barton,LB,TEN,7,0,0,0,0,0,0,0
00-0035674,Jerry Tillery,DT,KC,7,0,0,0,0,0,0,0
00-0035676,A.J. Brown,WR,PHI,7,0,0,0,0,6,4,121
00-0035678,Dre'Mont Jones,LB,TEN,7,0,0,0,0,0,0,0
00-0035683,Dexter Lawrence,DT,NYG,7,0,0,0,0,0,0,0
00-0035685,David Montgomery,RB,DET,7,0,0,13,21,3,2,18
00-0035687,Bobby Okereke,ILB,NYG,7,0,0,0,0,0,0,0
00-0035697,Germaine Pratt,LB,IND,7,0,0,0,0,0,0,0
00-0035699,Jamel Dean,CB,TB,7,0,0,0,0,0,0,0
00-0035700,Josh Jacobs,RB,GB,7,0,0,13,55,1,1,3
00-0035705,Jalen Thompson,DB,ARI,7,0,0,0,0,0,0,0
00-0035707,Devin White,LB,LV,7,0,0,0,0,0,0,0
00-0035710,Daniel Jones,QB,IND,7,34,288,5,7,0,0,0
00-0035713,Brian Burns,LB,NYG,7,0,0,0,0,0,0,0
00-0035718,Quinnen Williams,DT,NYJ,7,0,0,0,0,0,0,0
00-0035763,Malcolm Roach,DT,DEN,7,0,0,0,0,0,0,0
00-0035821,Corliss Waitman,P,PIT,7,0,0,0,0,0,0,0
00-0035841,Benito Jones,DT,MIA,7,0,0,0,0,0,0,0
00-0035857,Chris Williams,DT,CHI,7,0,0,0,0,0,0,0
00-0035889,Tommy Townsend,P,HOU,7,0,0,0,0,0,0,0
00-0035890,Tershawn Wharton,DE,CAR,7,0,0,0,0,0,0,0
00-0035942,Christian Rozeboom,LB,CAR,7,0,0,0,0,0,0,0
00-0036040,Juwan Johnson,TE,NO,7,0,0,0,0,7,5,79
00-0036139,Rico Dowdle,RB,CAR,7,0,0,17,79,2,1,17
00-0036151,Bryce Huff,DE,SF,7,0,0,0,0,0,0,0
00-0036158,J.K. Dobbins,RB,DEN,7,0,0,14,81,1,1,-1
00-0036159,Joshua Uche,LB,PHI,7,0,0,0,0,0,0,0
00-0036176,Mason Kinsey,WR,TEN,7,0,0,0,0,0,0,0
00-0036181,Teair Tart,DT,LAC,7,0,0,0,0,0,0,0
00-0036182,Nick Westbrook-Ikhine,WR,MIA,7,0,0,0,0,4,3,16
00-0036195,Charlie Heck,OT,TB,7,0,0,0,0,0,0,0
00-0036199,Geno Stone,SAF,CIN,7,0,0,0,0,0,0,0
00-0036212,Tua Tagovailoa,QB,MIA,7,23,100,3,6,0,0,0
00-0036220,Derrick Brown,DT,CAR,7,0,0,0,0,0,0,0
00-0036221,Brandon Jones,SAF,DEN,7,0,0,0,0,0,0,0
00-0036222,Isaiah Rodgers,CB,MIN,7,0,0,0,0,0,0,0
00-0036223,Jonathan Taylor,RB,IND,7,0,0,16,94,3,3,38
00-0036224,Jonathan Greenard,LB,MIN,7,0,0,0,0,0,0,0
00-0036231,Kyle Dugger,SAF,NE,7,0,0,0,0,0,0,0
00-0036232,Harrison Bryant,TE,HOU,7,0,0,0,0,0,0,0
00-0036237,Larrell Murchison,DT,LA,7,0,0,0,0,0,0,0
00-0036244,Colby Parkinson,TE,LA,7,0,0,0,0,3,3,47
00-0036252,Michael Pittman,WR,IND,7,0,0,0,0,9,7,58
00-0036259,Jauan Jennings,WR,SF,7,0,0,0,0,7,4,31
00-0036260,Javon Kinlaw,DT,WAS,7,0,0,0,0,0,0,0
00-0036262,DaVon Hamilton,DT,JAX,7,0,0,0,0,0,0,0
00-0036264,Jordan Love,QB,GB,7,29,179,4,22,0,0,0
00-0036266,Jordan Elliott,DT,SF,7,0,0,0,0,0,0,0
00-0036274,Jeff Okudah,CB,MIN,7,0,0,0,0,0,0,0
00-0036275,D'Andre Swift,RB,CHI,7,0,0,19,124,1,1,14
00-0036282,Grant Delpit,SAF,CLE,7,0,0,0,0,0,0,0
00-0036284,Mekhi Becton,G,LAC,7,0,0,0,0,0,0,0
00-0036285,A.J. Terrell,CB,ATL,7,0,0,0,0,0,0,0
00-0036286,K'Lavon Chaisson,LB,NE,7,0,0,0,0,0,0,0
00-0036290,Cole Kmet,TE,CHI,7,0,0,0,0,1,1,16
00-0036293,Jeremy Chinn,SAF,LV,7,0,0,0,0,0,0,0
00-0036294,Logan Wilson,LB,CIN,7,0,0,0,0,0,0,0
00-0036298,Akeem Davis-Gaither,LB,ARI,7,0,0,0,0,0,0,0
00-0036300,Mykal Walker,LB,NYJ,7,0,0,0,0,0,0,0
00-0036309,Darnell Mooney,WR,ATL,7,0,0,0,0,5,3,68
00-0036313,Braden Mann,P,PHI,7,0,0,0,0,0,0,0
00-0036321,Chase Young,DE,NO,7,0,0,0,0,0,0,0
00-0036322,Justin Jefferson,WR,MIN,7,0,0,0,0,10,5,79
00-0036323,Patrick Queen,LB,PIT,7,0,0,0,0,0,0,0
00-0036329,Ashtyn Davis,SAF,MIA,7,0,0,0,0,0,0,0
00-0036331,Devin Duvernay,WR,CHI,7,0,0,0,0,0,0,0
00-0036333,Alex Highsmith,LB,PIT,7,0,0,0,0,0,0,0
00-0036335,D.J. Wonnum,LB,CAR,7,0,0,0,0,0,0,0
00-0036337,James Lynch,DT,TEN,7,0,0,0,0,0,0,0
00-0036347,Blake Brandel,OT,MIN,7,0,0,0,0,0,0,0
00-0036348,Josh Metellus,SAF,MIN,7,0,0,0,0,0,0,0
00-0036349,Kam Curl,SAF,LA,7,0,0,0,0,0,0,0
00-0036355,Justin Herbert,QB,LAC,7,55,420,6,31,0,0,0
00-0036358,CeeDee Lamb,WR,DAL,7,0,0,0,0,8,5,110
00-0036366,Neville Gallimore,DT,IND,7,0,0,0,0,0,0,0
00-0036369,John Simpson,G,NYJ,7,0,0,0,0,0,0,0
00-0036371,Leki Fotu,DT,LV,7,0,0,0,0,0,0,0
00-0036374,L'Jarius Sneed,CB,TEN,7,0,0,0,0,0,0,0
00-0036375,Amik Robertson,CB,DET,7,0,0,0,0,0,0,0
00-0036378,Michael Danna,LB,KC,7,0,0,0,0,0,0,0
00-0036388,Xavier McKinney,SAF,GB,7,0,0,0,0,0,0,0
00-0036389,Jalen Hurts,QB,PHI,7,23,326,4,-10,0,0,0
00-0036391,Lloyd Cushenberry III,C,TEN,7,0,0,0,0,0,0,0
00-0036394,Darnay Holmes,CB,LV,7,0,0,0,0,0,0,0
00-0036406,Tristan Wirfs,OT,TB,7,0,0,0,0,0,0,0
00-0036407,Jerry Jeudy,WR,CLE,7,0,0,0,0,4,2,17
00-0036409,Jordyn Brooks,LB,MIA,7,0,0,0,0,0,0,0
00-0036410,Tee Higgins,WR,CIN,7,0,0,0,0,10,6,96
00-0036411,Antoine Winfield Jr.,SAF,TB,7,0,0,0,0,0,0,0
00-0036415,Van Jefferson,WR,TEN,7,0,0,0,0,4,4,41
00-0036418,Zack Baun,LB,PHI,7,0,0,0,0,0,0,0
00-0036421,Terrell Burgess,SAF,NO,7,0,0,0,0,0,0,0
00-0036427,Tyler Johnson,WR,NYJ,7,0,0,0,0,3,3,60
00-0036428,Justin Strnad,LB,DEN,7,0,0,0,0,0,0,0
00-0036429,Charlie Woerner,TE,ATL,7,0,0,0,0,1,0,0
00-0036441,"Kenneth Murray, Jr.",LB,DAL,7,0,0,0,0,0,0,0
00-0036443,Rex Sunahara,LS,CLE,7,0,0,0,0,0,0,0
00-0036479,Kwity Paye,DE,IND,7,0,0,0,0,0,0,0
00-0036480,Dayo Odeyingbo,DE,CHI,7,0,0,0,0,0,0,0
00-0036500,Jamien Sherwood,LB,NYJ,7,0,0,0,0,0,0,0
00-0036502,Jason Pinnock,SAF,SF,7,0,0,0,0,0,0,0
00-0036504,Brandin Echols,CB,PIT,7,0,0,0,0,0,0,0
00-0036551,Aaron Banks,G,GB,7,0,0,0,0,0,0,0
00-0036554,Nico Collins,WR,HOU,7,0,0,0,0,10,4,27
00-0036555,Chuba Hubbard,RB,CAR,7,0,0,14,31,3,2,24
00-0036563,Deommodore Lenoir,CB,SF,7,0,0,0,0,0,0,0
00-0036564,Talanoa Hufanga,SAF,DEN,7,0,0,0,0,0,0,0
00-0036568,Roy Lopez,DT,DET,7,0,0,0,0,0,0,0
00-0036613,Jaylen Waddle,WR,MIA,7,0,0,0,0,4,1,15
00-0036618,Sam Cosmi,OT,WAS,7,0,0,0,0,0,0,0
00-0036620,Dee Eskridge,WR,MIA,7,0,0,0,0,2,2,45
00-0036621,Nick Bolton,LB,KC,7,0,0,0,0,0,0,0
00-0036624,Alim McNeill,DT,DET,7,0,0,0,0,0,0,0
00-0036625,Benjamin St-Juste,CB,LAC,7,0,0,0,0,0,0,0
00-0036626,Dyami Brown,WR,JAX,7,0,0,0,0,4,2,50
00-0036628,John Bates,TE,WAS,7,0,0,0,0,2,1,5
00-0036629,Camryn Bynum,SAF,IND,7,0,0,0,0,0,0,0
00-0036637,Noah Gray,TE,KC,7,0,0,0,0,1,1,28
00-0036642,Tedarrell Slaton,DT,CIN,7,0,0,0,0,0,0,0
00-0036646,Simi Fehoko,WR,ARI,7,0,0,0,0,0,0,0
00-0036648,Nick Niemann,LB,GB,7,0,0,0,0,0,0,0
00-0036653,Stone Forsythe,OT,LV,7,0,0,0,0,0,0,0
00-0036658,Isaiah McDuffie,LB,GB,7,0,0,0,0,0,0,0
00-0036672,Grant Stuard,LB,DET,7,0,0,0,0,0,0,0
00-0036683,Devon Key,SAF,DEN,7,0,0,0,0,0,0,0
00-0036695,Naquan Jones,DT,LAC,7,0,0,0,0,0,0,0
00-0036711,Charles Snowden,DE,LV,7,0,0,0,0,0,0,0
00-0036727,Adam Prentice,FB,DEN,7,0,0,0,0,1,0,0
00-0036728,Curtis Robinson,LB,SF,7,0,0,0,0,0,0,0
00-0036741,Jack Stoll,TE,NO,7,0,0,0,0,1,0,0
00-0036754,Brock Wright,TE,DET,7,0,0,0,0,3,3,23
00-0036802,Jon Rhattigan,LB,LV,7,0,0,0,0,0,0,0
00-0036813,Christian Elliss,LB,NE,7,0,0,0,0,0,0,0
00-0036816,Riley Patterson,K,MIA,7,0,0,0,0,0,0,0
00-0036833,Ryan Neuzil,G,ATL,7,0,0,0,0,0,0,0
00-0036842,Kene Nwangwu,RB,NYJ,7,0,0,0,0,0,0,0
00-0036850,Cameron Sample,DE,CIN,7,0,0,0,0,0,0,0
00-0036854,Evan McPherson,K,CIN,7,0,0,0,0,0,0,0
00-0036862,Ben Skowronek,WR,PIT,7,0,0,0,0,0,0,0
00-0036867,Chris Rumph II,LB,NO,7,0,0,0,0,0,0,0
00-0036870,Buddy Johnson,LB,IND,7,0,0,0,0,0,0,0
00-0036871,Nate Hobbs,CB,GB,7,0,0,0,0,0,0,0
00-0036874,Pat Surtain II,CB,DEN,7,0,0,0,0,0,0,0
00-0036875,Rhamondre Stevenson,RB,NE,7,0,0,18,88,2,2,0
00-0036880,Penei Sewell,OT,DET,7,0,0,0,0,0,0,0
00-0036883,Tommy Togiai,DT,HOU,7,0,0,0,0,0,0,0
00-0036884,Marco Wilson,CB,CIN,7,0,0,0,0,0,0,0
00-0036887,Luke Farrell,TE,SF,7,0,0,0,0,1,1,11
00-0036894,Pat Freiermuth,TE,PIT,7,0,0,0,0,6,5,111
00-0036896,Victor Dimukeje,LB,NYG,7,0,0,0,0,0,0,0
00-0036900,Ja'Marr Chase,WR,CIN,7,0,0,0,0,23,16,161
00-0036901,Eric Stokes,CB,LV,7,0,0,0,0,0,0,0
00-0036902,Joseph Ossai,DE,CIN,7,0,0,0,0,0,0,0
00-0036903,Bobby Brown III,DT,CAR,7,0,0,0,0,0,0,0
00-0036905,Larry Borom,G,MIA,7,0,0,0,0,0,0,0
00-0036909,Khyiris Tonga,DT,NE,7,0,0,0,0,0,0,0
00-0036912,DeVonta Smith,WR,PHI,7,0,0,0,0,11,9,183
00-0036916,Milton Williams,DT,NE,7,0,0,0,0,0,0,0
00-0036919,Kenny Gainwell,RB,PIT,7,0,0,3,14,2,2,1
00-0036922,Patrick Johnson,DE,PHI,7,0,0,0,0,0,0,0
00-0036924,Michael Carter,RB,ARI,7,0,0,7,11,2,2,25
00-0036927,Pete Werner,LB,NO,7,0,0,0,0,0,0,0
00-0036932,Micah Parsons,LB,GB,7,0,0,0,0,0,0,0
00-0036933,Zaven Collins,LB,ARI,7,0,0,0,0,0,0,0
00-0036934,Jaelan Phillips,LB,MIA,7,0,0,0,0,0,0,0
00-0036937,Paulson Adebo,CB,NYG,7,0,0,0,0,0,0,0
00-0036940,Odafe Oweh,LB,LAC,7,0,0,0,0,0,0,0
00-0036941,Andre Cisco,SAF,NYJ,7,0,0,0,0,0,0,0
00-0036942,Osa Odighizuwa,DT,DAL,7,0,0,0,0,0,0,0
00-0036944,Jaycee Horn,CB,CAR,7,0,0,0,0,0,0,0
00-0036945,Justin Fields,QB,NYJ,7,12,46,4,22,0,0,0
00-0036948,Ta'Quon Graham,DT,ATL,7,0,0,0,0,0,0,0
00-0036952,Jonathon Cooper,LB,DEN,7,0,0,0,0,0,0,0
00-0036956,Darren Hall,CB,ARI,7,0,0,0,0,0,0,0
00-0036957,Drew Dalman,C,CHI,7,0,0,0,0,0,0,0
00-0036962,Tre'von Moehrig,SAF,CAR,7,0,0,0,0,0,0,0
00-0036963,Amon-Ra St. Brown,WR,DET,7,0,0,0,0,10,6,86
00-0036964,Derrick Barnes,LB,DET,7,0,0,0,0,0,0,0
00-0036970,Kyle Pitts,TE,ATL,7,0,0,0,0,10,7,62
00-0036971,Trevor Lawrence,QB,JAX,7,48,296,2,18,0,0,0
00-0036972,Mac Jones,QB,SF,7,26,152,5,11,0,0,0
00-0036973,Travis Etienne,RB,JAX,7,0,0,8,44,3,1,11
00-0036974,Tyson Campbell,CB,CLE,7,0,0,0,0,0,0,0
00-0036986,Nahshon Wright,CB,CHI,7,0,0,0,0,0,0,0
00-0036987,Brandon Stephens,CB,NYJ,7,0,0,0,0,0,0,0
00-0036989,Malcolm Koonce,DE,LV,7,0,0,0,0,0,0,0
00-0036990,Divine Deablo,LB,ATL,7,0,0,0,0,0,0,0
00-0036993,Ifeatu Melifonwu,SAF,MIA,7,0,0,0,0,0,0,0
00-0036994,Ernest Jones,LB,SEA,7,0,0,0,0,0,0,0
00-0036995,Baron Browning,LB,ARI,7,0,0,0,0,0,0,0
00-0036996,Greg Newsome II,CB,JAX,7,0,0,0,0,0,0,0
00-0036997,Javonte Williams,RB,DAL,7,0,0,19,116,4,1,2
00-0037003,Chazz Surratt,LB,SEA,7,0,0,0,0,0,0,0
00-0037004,Hunter Long,TE,JAX,7,0,0,0,0,3,2,16
00-0037005,Tommy Tremble,TE,CAR,7,0,0,0,0,1,1,0
00-0037034,Dee Alford,CB,ATL,7,0,0,0,0,0,0,0
00-0037073,Jordan Davis,DT,PHI,7,0,0,0,0,0,0,0
00-0037074,Quay Walker,LB,GB,7,0,0,0,0,0,0,0
00-0037079,Riq Woolen,CB,SEA,7,0,0,0,0,0,0,0
00-0037082,Dominique Robinson,DE,CHI,7,0,0,0,0,0,0,0
00-0037083,Kingsley Enagbare,LB,GB,7,0,0,0,0,0,0,0
00-0037085,Tyler Badie,RB,DEN,7,0,0,0,0,2,2,19
00-0037091,Bo Melton,WR,GB,7,0,0,0,0,0,0,0
00-0037093,Dareke Young,WR,SEA,7,0,0,0,0,0,0,0
00-0037096,Elijah Hicks,SAF,CHI,7,0,0,0,0,0,0,0
00-0037129,Josh Blackwell,CB,CHI,7,0,0,0,0,0,0,0
00-0037130,Reed Blankenship,SAF,PHI,7,0,0,0,0,0,0,0
00-0037137,Josh Jobe,CB,SEA,7,0,0,0,0,0,0,0
00-0037157,Bam Knight,RB,ARI,7,0,0,14,57,4,3,7
00-0037190,Sauce Gardner,CB,NYJ,7,0,0,0,0,0,0,0
00-0037191,Trent McDuffie,CB,KC,7,0,0,0,0,0,0,0
00-0037192,George Karlaftis,DE,KC,7,0,0,0,0,0,0,0
00-0037195,Jaylen Watson,CB,KC,7,0,0,0,0,0,0,0
00-0037197,Isiah Pacheco,RB,KC,7,0,0,15,57,2,1,-3
00-0037205,Brenden Schooler,SAF,NE,7,0,0,0,0,0,0,0
00-0037207,Mike Caliendo,G,KC,7,0,0,0,0,0,0,0
00-0037224,Cameron Dicker,K,LAC,7,0,0,0,0,0,0,0
00-0037228,Jaylen Warren,RB,PIT,7,0,0,16,127,5,4,31
00-0037229,Ikem Ekwonu,OT,CAR,7,0,0,0,0,0,0,0
00-0037235,Travon Walker,DE,JAX,7,0,0,0,0,0,0,0
00-0037236,Aidan Hutchinson,DE,DET,7,0,0,0,0,0,0,0
00-0037237,Derek Stingley Jr.,CB,HOU,7,0,0,0,0,0,0,0
00-0037238,Drake London,WR,ATL,7,0,0,0,0,10,4,42
00-0037239,Chris Olave,WR,NO,7,0,0,0,0,7,5,98
00-0037240,Jameson Williams,WR,DET,7,0,0,0,0,2,0,0
00-0037242,Kaiir Elam,CB,DAL,7,0,0,0,0,0,0,0
00-0037243,Tyler Smith,OT,DAL,7,0,0,0,0,0,0,0
00-0037246,Jalen Pitre,SAF,HOU,7,0,0,0,0,0,0,0
00-0037247,George Pickens,WR,DAL,7,0,0,0,0,6,4,82
00-0037249,Nik Bonitto,LB,DEN,7,0,0,0,0,0,0,0
00-0037251,Alex Wright,DE,CLE,7,0,0,0,0,0,0,0
00-0037253,Marcus Jones,CB,NE,7,0,0,0,0,0,0,0
00-0037256,Rachaad White,RB,TB,7,0,0,10,38,6,4,6
00-0037262,Thomas Booker,DT,LV,7,0,0,0,0,0,0,0
00-0037263,Tyler Allgeier,RB,ATL,7,0,0,4,16,0,0,0
00-0037267,Jerome Ford,RB,CLE,7,0,0,1,0,2,2,10
00-0037268,Zyon McCollum,CB,TB,7,0,0,0,0,0,0,0
00-0037271,D'Marco Jackson,LB,CHI,7,0,0,0,0,0,0,0
00-0037275,DaRon Bland,CB,DAL,7,0,0,0,0,0,0,0
00-0037280,Matthew Butler,DT,MIA,7,0,0,0,0,0,0,0
00-0037284,Matt Araiza,P,KC,7,0,0,0,0,0,0,0
00-0037291,Jalen Nailor,WR,MIN,7,0,0,0,0,4,2,37
00-0037292,Andrew Ogletree,TE,IND,7,0,0,0,0,0,0,0
00-0037297,Cade Mays,C,CAR,7,0,0,0,0,0,0,0
00-0037298,Sam Roberts,DE,ATL,7,0,0,0,0,0,0,0
00-0037301,Theo Jackson,DB,MIN,7,0,0,0,0,0,0,0
00-0037302,Austin Deculus,OT,LAC,7,0,0,0,0,0,0,0
00-0037304,Connor Heyward,FB,PIT,7,0,0,0,0,1,0,0
00-0037306,John FitzPatrick,TE,GB,7,0,0,0,0,1,1,6
00-0037307,Ja'Sir Taylor,CB,LAC,7,0,0,0,0,0,0,0
00-0037310,James Houston,LB,DAL,7,0,0,0,0,0,0,0
00-0037313,Montaric Brown,CB,JAX,7,0,0,0,0,0,0,0
00-0037315,Cameron Goode,LB,MIA,7,0,0,0,0,0,0,0
00-0037321,Chase Lucas,CB,SF,7,0,0,0,0,0,0,0
00-0037323,Rodney Thomas,SAF,IND,7,0,0,0,0,0,0,0
00-0037348,Tanner Conner,TE,MIA,7,0,0,0,0,3,1,28
00-0037364,Arron Mosby,DE,GB,7,0,0,0,0,0,0,0
00-0037384,Ja'Quan McMillian,CB,DEN,7,0,0,0,0,0,0,0
00-0037457,Jake Hansen,LB,HOU,7,0,0,0,0,0,0,0
00-0037461,Tristin McCollum,DB,LV,7,0,0,0,0,0,0,0
00-0037500,Ryan Wright,P,MIN,7,0,0,0,0,0,0,0
00-0037512,Isaiah Pola-Mao,SAF,LV,7,0,0,0,0,0,0,0
00-0037525,Jordan Mason,RB,MIN,7,0,0,15,57,0,0,0
00-0037542,John Parker Romo,K,ATL,7,0,0,0,0,0,0,0
00-0037545,Rashid Shaheed,WR,NO,7,0,0,0,0,9,4,40
00-0037547,Daniel Whelan,P,GB,7,0,0,0,0,0,0,0
00-0037549,Darrell Baker Jr.,CB,TEN,7,0,0,0,0,0,0,0
00-0037561,Markquese Bell,SAF,DAL,7,0,0,0,0,0,0,0
00-0037563,Malik Davis,RB,DAL,7,0,0,0,0,0,0,0
00-0037587,Nate Landman,LB,LA,7,0,0,0,0,0,0,0
00-0037593,Tre Avery,CB,CLE,7,0,0,0,0,0,0,0
00-0037594,Julius Chestnut,RB,TEN,7,0,0,0,0,0,0,0
00-0037596,Jack Gibbens,LB,NE,7,0,0,0,0,0,0,0
00-0037602,Sam Okuayinonu,DT,SF,7,0,0,0,0,0,0,0
00-0037611,Kayvon Thibodeaux,LB,NYG,7,0,0,0,0,0,0,0
00-0037615,Nakobe Dean,LB,PHI,7,0,0,0,0,0,0,0
00-0037616,Nick Cross,SAF,IND,7,0,0,0,0,0,0,0
00-0037617,Hassan Haskins,RB,LAC,7,0,0,1,3,2,2,2
00-0037663,Jermaine Johnson II,DE,NYJ,7,0,0,0,0,0,0,0
00-0037664,Alec Pierce,WR,IND,7,0,0,0,0,10,5,98
00-0037666,Jalen Tolbert,WR,DAL,7,0,0,0,0,2,1,16
00-0037692,Brandon Aubrey,K,DAL,7,0,0,0,0,0,0,0
00-0037743,Daxton Hill,DB,CIN,7,0,0,0,0,0,0,0
00-0037744,Trey McBride,TE,ARI,7,0,0,0,0,13,10,74
00-0037746,Brian Robinson,RB,SF,7,0,0,9,36,0,0,0
00-0037752,Tycen Anderson,SAF,CIN,7,0,0,0,0,0,0,0
00-0037758,Cordale Flott,CB,NYG,7,0,0,0,0,0,0,0
00-0037799,Dondrea Tillman,LB,DEN,7,0,0,0,0,0,0,0
00-0037801,KaVontae Turpin,WR,DAL,7,0,0,0,0,1,1,17
00-0037805,Jeremy Ruckert,TE,NYJ,7,0,0,0,0,1,0,0
00-0037808,DeAngelo Malone,LB,ATL,7,0,0,0,0,0,0,0
00-0037809,Chig Okonkwo,TE,TEN,7,0,0,0,0,2,0,0
00-0037815,Cameron Thomas,DE,CLE,7,0,0,0,0,0,0,0
00-0037816,Romeo Doubs,WR,GB,7,0,0,0,0,8,6,72
00-0037819,Leo Chenal,LB,KC,7,0,0,0,0,0,0,0
00-0037821,Charles Cross,OT,SEA,7,0,0,0,0,0,0,0
00-0037832,Kalia Davis,DT,SF,7,0,0,0,0,0,0,0
00-0037839,Cobie Durant,CB,LA,7,0,0,0,0,0,0,0
00-0037840,Kyren Williams,RB,LA,7,0,0,12,54,3,2,11
00-0037841,Quentin Lake,SAF,LA,7,0,0,0,0,0,0,0
00-0037843,Daniel Hardy,DE,CHI,7,0,0,0,0,0,0,0
00-0038039,Jack Jones,CB,MIA,7,0,0,0,0,0,0,0
00-0038041,Jake Ferguson,TE,DAL,7,0,0,0,0,7,7,29
00-0038090,Skyy Moore,WR,SF,7,0,0,0,0,1,1,15
00-0038100,Percy Butler,SAF,WAS,7,0,0,0,0,0,0,0
00-0038102,Kenny Pickett,QB,LV,7,2,8,1,0,0,0,0
00-0038104,Tyquan Thornton,WR,KC,7,0,0,0,0,2,1,39
00-0038106,Eyioma Uwazurike,DT,DEN,7,0,0,0,0,0,0,0
00-0038107,Micheal Clemons,DE,NYJ,7,0,0,0,0,0,0,0
00-0038111,Kyler Gordon,CB,CHI,7,0,0,0,0,0,0,0
00-0038115,Daniel Bellinger,TE,NYG,7,0,0,0,0,4,3,88
00-0038116,Arnold Ebiketie,LB,ATL,7,0,0,0,0,0,0,0
00-0038117,Wan'Dale Robinson,WR,NYG,7,0,0,0,0,12,6,95
00-0038119,Jalyn Armour-Davis,CB,TEN,7,0,0,0,0,0,0,0
00-0038120,Breece Hall,RB,NYJ,7,0,0,11,38,3,2,14
00-0038121,Alontae Taylor,CB,NO,7,0,0,0,0,0,0,0
00-0038123,Dane Belton,SAF,NYG,7,0,0,0,0,0,0,0
00-0038125,Roger McCreary,CB,TEN,7,0,0,0,0,0,0,0
00-0038127,Logan Hall,DE,TB,7,0,0,0,0,0,0,0
00-0038129,Cade Otton,TE,TB,7,0,0,0,0,9,7,65
00-0038131,Ed Ingram,G,HOU,7,0,0,0,0,0,0,0
00-0038133,Boye Mafe,DE,SEA,7,0,0,0,0,0,0,0
00-0038134,Kenneth Walker III,RB,SEA,7,0,0,17,66,0,0,0
00-0038135,Jaquan Brisker,SAF,CHI,7,0,0,0,0,0,0,0
00-0038136,Coby Bryant,CB,SEA,7,0,0,0,0,0,0,0
00-0038152,Lucas Havrisik,K,GB,7,0,0,0,0,0,0,0
00-0038359,Xavier Smith,WR,LA,7,0,0,0,0,3,2,15
00-0038360,Alex Ward,LS,LA,7,0,0,0,0,0,0,0
00-0038381,Kyu Blu Kelly,CB,LV,7,0,0,0,0,0,0,0
00-0038386,Jalen Carter,DT,PHI,7,0,0,0,0,0,0,0
00-0038387,Colby Wooden,DE,GB,7,0,0,0,0,0,0,0
00-0038393,Dontayvion Wicks,WR,GB,7,0,0,0,0,2,1,5
00-0038398,Karl Brooks,DT,GB,7,0,0,0,0,0,0,0
00-0038399,Zaire Barnes,LB,NYG,7,0,0,0,0,0,0,0
00-0038412,Moro Ojomo,DT,PHI,7,0,0,0,0,0,0,0
00-0038414,Kendall Williamson,SAF,LAC,7,0,0,0,0,0,0,0
00-0038428,Andre Szmyt,K,CLE,7,0,0,0,0,0,0,0
00-0038440,Zavier Scott,RB,MIN,7,0,0,4,4,1,1,2
00-0038465,Malik Heath,WR,GB,7,0,0,0,0,0,0,0
00-0038488,Brady Russell,RB,SEA,7,0,0,0,0,0,0,0
00-0038493,Claudin Cherelus,LB,CAR,7,0,0,0,0,0,0,0
00-0038496,Xavier Gipson,WR,PHI,7,0,0,0,0,0,0,0
00-0038498,E.J. Jenkins,TE,PHI,7,0,0,0,0,0,0,0
00-0038519,Nikko Remigio,WR,KC,7,0,0,0,0,0,0,0
00-0038541,Tyree Wilson,DE,LV,7,0,0,0,0,0,0,0
00-0038542,Bijan Robinson,RB,ATL,7,0,0,14,40,8,6,52
00-0038543,Jaxon Smith-Njigba,WR,SEA,7,0,0,0,0,14,8,123
00-0038544,Quentin Johnston,WR,LAC,7,0,0,0,0,6,2,30
00-0038545,Mazi Smith,DT,DAL,7,0,0,0,0,0,0,0
00-0038546,Myles Murphy,DE,CIN,7,0,0,0,0,0,0,0
00-0038549,DJ Turner II,CB,CIN,7,0,0,0,0,0,0,0
00-0038551,Kendre Miller,RB,NO,7,0,0,1,7,0,0,0
00-0038552,Riley Moss,CB,DEN,7,0,0,0,0,0,0,0
00-0038553,Daiyan Henley,LB,LAC,7,0,0,0,0,0,0,0
00-0038554,Ji'Ayir Brown,SAF,SF,7,0,0,0,0,0,0,0
00-0038555,Tank Bigsby,RB,PHI,7,0,0,1,11,1,1,-1
00-0038558,Darnell Washington,TE,PIT,7,0,0,0,0,5,3,2
00-0038559,Michael Wilson,WR,ARI,7,0,0,0,0,4,3,40
00-0038560,Jordan Battle,SAF,CIN,7,0,0,0,0,0,0,0
00-0038562,Jake Moody,K,CHI,7,0,0,0,0,0,0,0
00-0038563,Tre Tucker,WR,LV,7,0,0,0,0,6,5,33
00-0038564,Cameron Latu,TE,PHI,7,0,0,0,0,0,0,0
00-0038565,Mekhi Blackmon,DB,IND,7,0,0,0,0,0,0,0
00-0038567,Chad Ryland,K,ARI,7,0,0,0,0,0,0,0
00-0038570,Ventrell Miller,LB,JAX,7,0,0,0,0,0,0,0
00-0038573,Derius Davis,WR,LAC,7,0,0,0,0,0,0,0
00-0038574,Isaiah McGuire,DE,CLE,7,0,0,0,0,0,0,0
00-0038576,Charlie Jones,WR,CIN,7,0,0,0,0,0,0,0
00-0038577,Nick Herbig,LB,PIT,7,0,0,0,0,0,0,0
00-0038580,Yasir Abdullah,LB,JAX,7,0,0,0,0,0,0,0
00-0038585,Cameron Mitchell,DB,IND,7,0,0,0,0,0,0,0
00-0038588,Jordan Howden,SAF,NO,7,0,0,0,0,0,0,0
00-0038591,Mike Morris,DE,SEA,7,0,0,0,0,0,0,0
00-0038594,Darrell Luter Jr.,CB,SF,7,0,0,0,0,0,0,0
00-0038596,Antonio Johnson,SAF,JAX,7,0,0,0,0,0,0,0
00-0038597,Chase Brown,RB,CIN,7,0,0,11,108,4,2,-8
00-0038599,Henry To'oTo'o,LB,HOU,7,0,0,0,0,0,0,0
00-0038600,Owen Pappoe,LB,ARI,7,0,0,0,0,0,0,0
00-0038605,JL Skinner,SAF,DEN,7,0,0,0,0,0,0,0
00-0038606,Parker Washington,WR,JAX,7,0,0,3,10,10,4,52
00-0038608,Kayshon Boutte,WR,NE,7,0,0,0,0,2,2,55
00-0038609,Luke Wypler,C,CLE,7,0,0,0,0,0,0,0
00-0038610,Bryce Baringer,P,NE,7,0,0,0,0,0,0,0
00-0038611,Chris Rodriguez Jr.,RB,WAS,7,0,0,3,12,0,0,0
00-0038618,Xavier Hutchinson,WR,HOU,7,0,0,0,0,4,1,13
00-0038619,Andrei Iosivas,WR,CIN,7,0,0,0,0,4,3,49
00-0038620,Erick Hallett,SAF,DET,7,0,0,0,0,0,0,0
00-0038621,DeMario Douglas,WR,NE,7,0,0,0,0,3,3,17
00-0038623,Dante Stills,DT,ARI,7,0,0,0,0,0,0,0
00-0038625,Dee Winters,LB,SF,7,0,0,0,0,0,0,0
00-0038642,D.J. Ivey,CB,CIN,7,0,0,0,0,0,0,0
00-0038653,Cory Durden,DT,NE,7,0,0,0,0,0,0,0
00-0038660,Trevor Nowaske,LB,DET,7,0,0,0,0,0,0,0
00-0038684,Ethan Bonner,CB,MIA,7,0,0,0,0,0,0,0
00-0038685,Chris Brooks,RB,GB,7,0,0,0,0,1,0,0
00-0038694,Brandon Pili,DT,SEA,7,0,0,0,0,0,0,0
00-0038710,Blake Whiteheart,TE,CLE,7,0,0,0,0,1,1,4
00-0038715,Ronnie Hickman Jr.,SAF,CLE,7,0,0,0,0,0,0,0
00-0038720,Julian Hill,TE,MIA,7,0,0,0,0,2,1,1
00-0038738,Hunter Luepke,RB,DAL,7,0,0,0,0,1,1,3
00-0038742,Tyrus Wheat,LB,DET,7,0,0,0,0,0,0,0
00-0038752,Jake Bobo,WR,SEA,7,0,0,0,0,1,1,3
00-0038765,Ty Okada,SAF,SEA,7,0,0,0,0,0,0,0
00-0038778,Jalen Redmond,DL,MIN,7,0,0,0,0,0,0,0
00-0038783,Nate Adkins,TE,DEN,7,0,0,0,0,3,2,20
00-0038788,Art Green,CB,NYG,7,0,0,0,0,0,0,0
00-0038791,Thomas Incoom,LB,CAR,7,0,0,0,0,0,0,0
00-0038795,PJ Mustipher,DT,ARI,7,0,0,0,0,0,0,0
00-0038797,Emanuel Wilson,RB,GB,7,0,0,6,17,1,1,-2
00-0038823,Kaevon Merriweather,SAF,TB,7,0,0,0,0,0,0,0
00-0038824,Ryan Miller,WR,TB,7,0,0,0,0,1,1,14
00-0038840,Brycen Tremayne,WR,CAR,7,0,0,0,0,0,0,0
00-0038841,Nick Whiteside,DB,DET,7,0,0,0,0,0,0,0
00-0038890,Shaka Heyward,LB,CIN,7,0,0,0,0,0,0,0
00-0038896,Jacob Saylors,RB,DET,7,0,0,0,0,0,0,0
00-0038905,Blake Grupe,K,NO,7,0,0,0,0,0,0,0
00-0038922,Drake Thomas,LB,SEA,7,0,0,0,0,0,0,0
00-0038936,Juice Scruggs,C,HOU,7,0,0,0,0,0,0,0
00-0038938,Jalin Hyatt,WR,NYG,7,0,0,0,0,1,0,0
00-0038951,Sean Tucker,RB,TB,7,0,0,1,4,1,1,2
00-0038966,Natrone Brooks,DB,ATL,7,0,0,0,0,0,0,0
00-0038976,Marvin Mims Jr.,WR,DEN,7,0,0,1,13,7,6,85
00-0038980,Zach Harrison,DE,ATL,7,0,0,0,0,0,0,0
00-0038982,Chamarri Conner,DB,KC,7,0,0,0,0,0,0,0
00-0038984,Kei'Trel Clark,CB,ARI,7,0,0,0,0,0,0,0
00-0038994,Jordan Addison,WR,MIN,7,0,0,0,0,12,9,128
00-0038995,Bryan Bresee,DT,NO,7,0,0,0,0,0,0,0
00-0038996,Tucker Kraft,TE,GB,7,0,0,0,0,10,5,58
00-0039000,Deonte Banks,CB,NYG,7,0,0,0,0,0,0,0
00-0039001,Tyler Steen,OT,PHI,7,0,0,0,0,0,0,0
00-0039009,Dylan Horton,DE,HOU,7,0,0,0,0,0,0,0
00-0039018,Jack Campbell,LB,DET,7,0,0,0,0,0,0,0
00-0039020,Anthony Bradford,G,SEA,7,0,0,0,0,0,0,0
00-0039021,Roschon Johnson,RB,CHI,7,0,0,1,11,0,0,0
00-0039031,Adetomiwa Adebawore,DT,IND,7,0,0,0,0,0,0,0
00-0039032,Tyjae Spears,RB,TEN,7,0,0,5,22,4,3,18
00-0039040,De'Von Achane,RB,MIA,7,0,0,13,82,5,3,16
00-0039041,Elijah Higgins,TE,ARI,7,0,0,0,0,1,1,3
00-0039048,Matthew Bergeron,OL,ATL,7,0,0,0,0,0,0,0
00-0039049,SirVocea Dennis,LB,TB,7,0,0,0,0,0,0,0
00-0039051,Josh Hayes,DB,TB,7,0,0,0,0,0,0,0
00-0039054,Marte Mapu,LB,NE,7,0,0,0,0,0,0,0
00-0039059,Ethan Evans,P,LA,7,0,0,0,0,0,0,0
00-0039065,Sam LaPorta,TE,DET,7,0,0,0,0,3,3,15
00-0039066,Michael Mayer,TE,LV,7,0,0,0,0,2,1,10
00-0039067,Rashee Rice,WR,KC,7,0,0,0,0,10,7,42
00-0039068,Yaya Diaby,LB,TB,7,0,0,0,0,0,0,0
00-0039070,Gervon Dexter Sr.,DT,CHI,7,0,0,0,0,0,0,0
00-0039071,Tyrique Stevenson,CB,CHI,7,0,0,0,0,0,0,0
00-0039074,Davis Allen,TE,LA,7,0,0,0,0,1,1,4
00-0039108,Will Anderson Jr.,DE,HOU,7,0,0,0,0,0,0,0
00-0039109,Broderick Jones,OT,PIT,7,0,0,0,0,0,0,0
00-0039110,Keeanu Benton,DT,PIT,7,0,0,0,0,0,0,0
00-0039111,Tuli Tuipulotu,LB,LAC,7,0,0,0,0,0,0,0
00-0039137,Byron Young,LB,LA,7,0,0,0,0,0,0,0
00-0039138,Kobie Turner,DE,LA,7,0,0,0,0,0,0,0
00-0039139,Jahmyr Gibbs,RB,DET,7,0,0,17,136,3,3,82
00-0039140,Kelee Ringo,CB,PHI,7,0,0,0,0,0,0,0
00-0039142,Will McDonald IV,DE,NYJ,7,0,0,0,0,0,0,0
00-0039147,Christian Gonzalez,CB,NE,7,0,0,0,0,0,0,0
00-0039148,Keion White,DE,NE,7,0,0,0,0,0,0,0
00-0039149,Quan Martin,SAF,WAS,7,0,0,0,0,0,0,0
00-0039150,Bryce Young,QB,CAR,7,25,138,2,10,0,0,0
00-0039151,Emmanuel Forbes,CB,LA,7,0,0,0,0,0,0,0
00-0039156,Julius Brents,CB,MIA,7,0,0,0,0,0,0,0
00-0039163,C.J. Stroud,QB,HOU,7,49,229,2,25,0,0,0
00-0039165,Zach Charbonnet,RB,SEA,7,0,0,12,49,2,2,6
00-0039167,Joey Porter Jr.,CB,PIT,7,0,0,0,0,0,0,0
00-0039172,Jake Bates,K,DET,7,0,0,0,0,0,0,0
00-0039178,Austin Ajiake,LB,IND,7,0,0,0,0,0,0,0
00-0039241,Beau Brade,SAF,NYG,7,0,0,0,0,0,0,0
00-0039284,Braiden McGregor,DE,NYJ,7,0,0,0,0,0,0,0
00-0039288,Jackson Sirmon,LB,NYJ,7,0,0,0,0,0,0,0
00-0039299,George Holani,RB,SEA,7,0,0,0,0,0,0,0
00-0039309,Byron Murphy II,DT,SEA,7,0,0,0,0,0,0,0
00-0039323,Ryan Rehkow,P,CIN,7,0,0,0,0,0,0,0
00-0039324,Christian Roland-Wallace,CB,KC,7,0,0,0,0,0,0,0
00-0039340,Laiatu Latu,DE,IND,7,0,0,0,0,0,0,0
00-0039342,Xavier Legette,WR,CAR,7,0,0,0,0,11,9,92
00-0039343,Kamari Lassiter,CB,HOU,7,0,0,0,0,0,0,0
00-0039345,Renardo Green,CB,SF,7,0,0,0,0,0,0,0
00-0039347,Trevin Wallace,LB,CAR,7,0,0,0,0,0,0,0
00-0039352,Marist Liufau,LB,DAL,7,0,0,0,0,0,0,0
00-0039353,Jarrian Jones,CB,JAX,7,0,0,0,0,0,0,0
00-0039355,Luke McCaffrey,WR,WAS,7,0,0,0,0,2,0,0
00-0039356,Ja'Tavion Sanders,TE,CAR,7,0,0,0,0,2,0,0
00-0039358,Mason McCormick,G,PIT,7,0,0,0,0,0,0,0
00-0039360,Malik Mustapha,SAF,SF,7,0,0,0,0,0,0,0
00-0039363,Isaac Guerendo,RB,SF,7,0,0,0,0,0,0,0
00-0039366,Tarheeb Still,CB,LAC,7,0,0,0,0,0,0,0
00-0039368,Jordan Magee,LB,WAS,7,0,0,0,0,0,0,0
00-0039369,Cam Hart,CB,LAC,7,0,0,0,0,0,0,0
00-0039370,JD Bertrand,LB,ATL,7,0,0,0,0,0,0,0
00-0039372,Jarvis Brownlee Jr.,DB,NYJ,7,0,0,0,0,0,0,0
00-0039375,Josh Newton,CB,CIN,7,0,0,0,0,0,0,0
00-0039376,Spencer Rattler,QB,NO,7,32,233,2,12,0,0,0
00-0039379,Jamari Thrash,WR,CLE,7,0,0,0,0,2,1,23
00-0039380,Chau Smith-Wade,CB,CAR,7,0,0,0,0,0,0,0
00-0039384,Tyrone Tracy Jr.,RB,NYG,7,0,0,9,46,0,0,0
00-0039387,Caelen Carson,DB,DAL,7,0,0,0,0,0,0,0
00-0039388,Jaylan Ford,LB,NO,7,0,0,0,0,0,0,0
00-0039391,Kimani Vidal,RB,LAC,7,0,0,9,20,5,4,15
00-0039394,Casey Washington,WR,ATL,7,0,0,0,0,2,1,17
00-0039395,Jamal Hill,LB,HOU,7,0,0,0,0,0,0,0
00-0039401,Khristian Boyd,DT,NO,7,0,0,0,0,0,0,0
00-0039404,Will Reichard,K,MIN,7,0,0,0,0,0,0,0
00-0039407,Dylan Laube,RB,LV,7,0,0,2,3,1,1,1
00-0039409,Cam Little,K,JAX,7,0,0,0,0,0,0,0
00-0039410,Ryan Flournoy,WR,DAL,7,0,0,0,0,0,0,0
00-0039417,Myles Harden,CB,CLE,7,0,0,0,0,0,0,0
00-0039421,Levi Drake Rodriguez,DL,MIN,7,0,0,0,0,0,0,0
00-0039423,Jonah Laulu,DT,LV,7,0,0,0,0,0,0,0
00-0039431,Jowon Briggs,DE,NYJ,7,0,0,0,0,0,0,0
00-0039435,Tatum Bethune,LB,SF,7,0,0,0,0,0,0,0
00-0039436,Jaylen Harrell,DE,TEN,7,0,0,0,0,0,0,0
00-0039445,Hogan Hatten,LS,DET,7,0,0,0,0,0,0,0
00-0039448,Loren Strickland,SAF,DET,7,0,0,0,0,0,0,0
00-0039451,Isaiah Williams,WR,NYJ,7,0,0,0,0,0,0,0
00-0039459,Theo Benedet,OL,CHI,7,0,0,0,0,0,0,0
00-0039460,Carl Jones,LB,CHI,7,0,0,0,0,0,0,0
00-0039465,Reddy Steward,DB,DAL,7,0,0,0,0,0,0,0
00-0039491,Jalen Coker,WR,CAR,7,0,0,0,0,2,0,0
00-0039521,Xavier Weaver,WR,ARI,7,0,0,0,0,0,0,0
00-0039530,Brevyn Spann-Ford,TE,DAL,7,0,0,0,0,0,0,0
00-0039589,Kameron Johnson,WR,TB,7,0,0,0,0,1,0,0
00-0039623,Mason Tipton,WR,NO,7,0,0,0,0,1,0,0
00-0039632,PJ Jules,SAF,CIN,7,0,0,0,0,0,0,0
00-0039634,Austin McNamara,P,NYJ,7,0,0,0,0,0,0,0
00-0039637,Maema Njongmeta,LB,CAR,7,0,0,0,0,0,0,0
00-0039660,Thomas Harper,SAF,DET,7,0,0,0,0,0,0,0
00-0039681,Tyler Owens,DB,WAS,7,0,0,0,0,0,0,0
00-0039686,Colson Yankoff,TE,WAS,7,0,0,0,0,0,0,0
00-0039731,JC Latham,OT,TEN,7,0,0,0,0,0,0,0
00-0039732,Bo Nix,QB,DEN,7,50,279,5,48,0,0,0
00-0039733,Ruke Orhorhoro,DT,ATL,7,0,0,0,0,0,0,0
00-0039734,Braden Fiske,DT,LA,7,0,0,0,0,0,0,0
00-0039735,Jackson Powers-Johnson,C,LV,7,0,0,0,0,0,0,0
00-0039738,Blake Corum,RB,LA,7,0,0,12,37,1,1,6
00-0039739,Roman Wilson,WR,PIT,7,0,0,0,0,2,2,17
00-0039740,Jalyx Hunt,LB,PHI,7,0,0,0,0,0,0,0
00-0039741,Payton Wilson,LB,PIT,7,0,0,0,0,0,0,0
00-0039744,Tanor Bortolini,G,IND,7,0,0,0,0,0,0,0
00-0039745,Tory Taylor,P,CHI,7,0,0,0,0,0,0,0
00-0039746,Will Shipley,RB,PHI,7,0,0,0,0,1,1,7
00-0039750,Joshua Karty,K,LA,7,0,0,0,0,0,0,0
00-0039751,Jordan Whittington,WR,LA,7,0,0,0,0,4,2,9
00-0039757,Terrell Jennings,RB,NE,7,0,0,5,18,0,0,0
00-0039772,Josh Wallace,CB,LA,7,0,0,0,0,0,0,0
00-0039774,Omar Speights,LB,LA,7,0,0,0,0,0,0,0
00-0039776,Jaylen McCollough,SAF,LA,7,0,0,0,0,0,0,0
00-0039793,AJ Barner,TE,SEA,7,0,0,1,2,3,1,7
00-0039795,Nehemiah Pritchett,CB,SEA,7,0,0,0,0,0,0,0
00-0039798,Isaiah Davis,RB,NYJ,7,0,0,2,10,4,2,22
00-0039807,Max Melton,CB,ARI,7,0,0,0,0,0,0,0
00-0039812,Ty'Ron Hopper,LB,GB,7,0,0,0,0,0,0,0
00-0039813,Evan Williams,SAF,GB,7,0,0,0,0,0,0,0
00-0039815,Tyrice Knight,LB,SEA,7,0,0,0,0,0,0,0
00-0039816,Anthony Gould,WR,IND,7,0,0,0,0,1,1,3
00-0039818,Kitan Oladapo,SAF,GB,7,0,0,0,0,0,0,0
00-0039821,Andru Phillips,DB,NYG,7,0,0,0,0,0,0,0
00-0039825,Jaden Hicks,SAF,KC,7,0,0,0,0,0,0,0
00-0039829,Darius Muasau,LB,NYG,7,0,0,0,0,0,0,0
00-0039834,Kamren Kinchens,SAF,LA,7,0,0,0,0,0,0,0
00-0039838,Calen Bullock,SAF,HOU,7,0,0,0,0,0,0,0
00-0039841,Cooper DeJean,CB,PHI,7,0,0,0,0,0,0,0
00-0039846,Tykee Smith,DB,TB,7,0,0,0,0,0,0,0
00-0039847,Theo Johnson,TE,NYG,7,0,0,0,0,7,3,66
00-0039849,Marvin Harrison Jr.,WR,ARI,7,0,0,0,0,6,2,58
00-0039850,Edgerrin Cooper,LB,GB,7,0,0,0,0,0,0,0
00-0039851,Drake Maye,QB,NE,7,23,222,8,62,0,0,0
00-0039852,Jared Verse,DE,LA,7,0,0,0,0,0,0,0
00-0039854,Darius Robinson,DL,ARI,7,0,0,0,0,0,0,0
00-0039857,Blake Fisher,OT,HOU,7,0,0,0,0,0,0,0
00-0039858,Cedric Gray,LB,TEN,7,0,0,0,0,0,0,0
00-0039859,Brandon Dorlus,DE,ATL,7,0,0,0,0,0,0,0
00-0039860,Kool-Aid McKinstry,CB,NO,7,0,0,0,0,0,0,0
00-0039861,Tyler Nubin,SAF,NYG,7,0,0,0,0,0,0,0
00-0039864,Dadrion Taylor-Demerson,SAF,ARI,7,0,0,0,0,0,0,0
00-0039867,Javon Bullard,SAF,GB,7,0,0,0,0,0,0,0
00-0039868,Troy Franklin,WR,DEN,7,0,0,0,0,10,3,19
00-0039880,Malik Washington,WR,MIA,7,0,0,0,0,8,5,30
00-0039886,T'Vondre Sweat,DT,TEN,7,0,0,0,0,0,0,0
00-0039888,Quinyon Mitchell,CB,PHI,7,0,0,0,0,0,0,0
00-0039889,Maason Smith,DT,JAX,7,0,0,0,0,0,0,0
00-0039890,Adonai Mitchell,WR,IND,7,0,0,0,0,1,1,8
00-0039893,Brian Thomas Jr.,WR,JAX,7,0,0,0,0,7,3,31
00-0039894,Xavier Worthy,WR,KC,7,0,0,1,13,4,3,35
00-0039896,Zach Frazier,C,PIT,7,0,0,0,0,0,0,0
00-0039898,Mike Sainristil,CB,WAS,7,0,0,0,0,0,0,0
00-0039902,Chris Braswell,LB,TB,7,0,0,0,0,0,0,0
00-0039906,Jer'Zhan Newton,DT,WAS,7,0,0,0,0,0,0,0
00-0039908,Kris Jenkins,DT,CIN,7,0,0,0,0,0,0,0
00-0039910,Jayden Daniels,QB,WAS,7,22,156,8,35,0,0,0
00-0039911,Chop Robinson,LB,MIA,7,0,0,0,0,0,0,0
00-0039915,Ladd McConkey,WR,LAC,7,0,0,0,0,15,9,67
00-0039917,Michael Penix Jr.,QB,ATL,7,38,241,2,6,0,0,0
00-0039918,Caleb Williams,QB,CHI,7,26,172,4,-2,0,0,0
00-0039919,Rome Odunze,WR,CHI,7,0,0,0,0,6,2,31
00-0039920,Malachi Corley,WR,CLE,7,0,0,0,0,2,2,17
00-0039924,Dallas Turner,LB,MIN,7,0,0,0,0,0,0,0
00-0039925,Amarius Mims,OT,CIN,7,0,0,0,0,0,0,0
00-0039934,Jude McAtamney,K,NYG,7,0,0,0,0,0,0,0
00-0040007,Tyler Booker,G,DAL,7,0,0,0,0,0,0,0
00-0040009,Savion Williams,WR,GB,7,0,0,0,0,0,0,0
00-0040011,Shemar James,LB,DAL,7,0,0,0,0,0,0,0
00-0040016,Warren Brinson,DT,GB,7,0,0,0,0,0,0,0
00-0040041,Nazir Stackhouse,DT,GB,7,0,0,0,0,0,0,0
00-0040045,Alijah Clark,DB,DAL,7,0,0,0,0,0,0,0
00-0040078,Brashard Smith,RB,KC,7,0,0,14,39,5,5,42
00-0040118,Cooper McDonald,LB,KC,7,0,0,0,0,0,0,0
00-0040122,Ashton Jeanty,RB,LV,7,0,0,6,21,1,1,13
00-0040123,Armand Membou,OT,NYJ,7,0,0,0,0,0,0,0
00-0040124,Tetairoa McMillan,WR,CAR,7,0,0,0,0,5,3,33
00-0040126,Colston Loveland,TE,CHI,7,0,0,0,0,4,3,24
00-0040127,Kenneth Grant,DT,MIA,7,0,0,0,0,0,0,0
00-0040128,Tyler Warren,TE,IND,7,0,0,0,0,5,4,69
00-0040129,Emeka Egbuka,WR,TB,7,0,0,0,0,12,4,58
00-0040130,Jayden Higgins,WR,HOU,7,0,0,0,0,3,0,0
00-0040131,Kyle Williams,WR,NE,7,0,0,0,0,1,0,0
00-0040133,Azareye'h Thomas,CB,NYJ,7,0,0,0,0,0,0,0
00-0040134,Pat Bryant,WR,DEN,7,0,0,0,0,4,1,6
00-0040135,Nick Martin,LB,SF,7,0,0,0,0,0,0,0
00-0040136,Princely Umanmielen,LB,CAR,7,0,0,0,0,0,0,0
00-0040138,Jaylin Noel,WR,HOU,7,0,0,0,0,7,4,77
00-0040141,Kevin Winston Jr.,SAF,TEN,7,0,0,0,0,0,0,0
00-0040143,Jacob Parrish,CB,TB,7,0,0,0,0,0,0,0
00-0040144,Jamaree Caldwell,DT,LAC,7,0,0,0,0,0,0,0
00-0040148,Xavier Watts,SAF,ATL,7,0,0,0,0,0,0,0
00-0040154,Tai Felton,WR,MIN,7,0,0,0,0,0,0,0
00-0040155,Danny Stutsman,LB,NO,7,0,0,0,0,0,0,0
00-0040157,Barrett Carter,LB,CIN,7,0,0,0,0,0,0,0
00-0040159,Lathan Ransom,SAF,CAR,7,0,0,0,0,0,0,0
00-0040160,Jack Sawyer,LB,PIT,7,0,0,0,0,0,0,0
00-0040162,Dylan Sampson,RB,CLE,7,0,0,3,8,1,1,9
00-0040164,Jaylin Lane,WR,WAS,7,0,0,0,0,6,3,60
00-0040165,Malachi Moore,SAF,NYJ,7,0,0,0,0,0,0,0
00-0040166,Quincy Riley,CB,NO,7,0,0,0,0,0,0,0
00-0040168,Que Robinson,LB,DEN,7,0,0,0,0,0,0,0
00-0040170,Elic Ayomanor,WR,TEN,7,0,0,0,0,5,2,29
00-0040171,Joshua Farmer,DT,NE,7,0,0,0,0,0,0,0
00-0040175,Jordan Phillips,DT,MIA,7,0,0,0,0,0,0,0
00-0040180,Jalen Rivers,OT,CIN,7,0,0,0,0,0,0,0
00-0040183,Elijah Roberts,DE,TB,7,0,0,0,0,0,0,0
00-0040185,Marques Sigle,SAF,SF,7,0,0,0,0,0,0,0
00-0040186,Francisco Mauigoa,LB,NYJ,7,0,0,0,0,0,0,0
00-0040187,Mitchell Evans,TE,CAR,7,0,0,0,0,3,2,24
00-0040189,Oronde Gadsden II,TE,LAC,7,0,0,0,0,9,7,164
00-0040198,Ollie Gordon II,RB,MIA,7,0,0,5,11,2,1,2
00-0040200,Andy Borregales,K,NE,7,0,0,0,0,0,0,0
00-0040202,Devin Neal,RB,NO,7,0,0,1,1,0,0,0
00-0040208,Tahj Brooks,RB,CIN,7,0,0,0,0,0,0,0
00-0040218,Jimmy Horn Jr.,WR,CAR,7,0,0,1,7,2,1,8
00-0040221,R.J. Mickens,SAF,LAC,7,0,0,0,0,0,0,0
00-0040223,Jeremy Crawshaw,P,DEN,7,0,0,0,0,0,0,0
00-0040225,Thomas Fidone II,TE,NYG,7,0,0,0,0,0,0,0
00-0040231,Carson Bruener,LB,PIT,7,0,0,0,0,0,0,0
00-0040234,Quinn Ewers,QB,MIA,7,8,53,1,0,0,0,0
00-0040236,Kyle Monangai,RB,CHI,7,0,0,13,81,3,2,13
00-0040237,Tez Johnson,WR,TB,7,0,0,0,0,9,4,58
00-0040238,LeQuint Allen Jr.,RB,JAX,7,0,0,0,0,1,1,4
00-0040242,Jacory Croskey-Merritt,RB,WAS,7,0,0,13,33,2,1,-1
00-0040245,Connor Colby,G,SF,7,0,0,0,0,1,1,-1
00-0040246,Julian Ashby,LS,NE,7,0,0,0,0,0,0,0
00-0040251,Trikweze Bridges,DB,DAL,7,0,0,0,0,0,0,0
00-0040255,Adin Huntington,DE,CLE,7,0,0,0,0,0,0,0
00-0040258,Dom Jones,CB,CLE,7,0,0,0,0,0,0,0
00-0040259,Gage Larvadain,WR,CLE,7,0,0,0,0,1,0,0
00-0040261,Easton Mascarenas-Arnold,LB,CLE,7,0,0,0,0,0,0,0
00-0040263,Donovan McMillon,SAF,CLE,7,0,0,0,0,0,0,0
00-0040279,Ryan Fitzgerald,K,CAR,7,0,0,0,0,0,0,0
00-0040289,Bam Martin-Scott,LB,CAR,7,0,0,0,0,0,0,0
00-0040329,BJ Green II,DE,JAX,7,0,0,0,0,0,0,0
00-0040347,Johnathan Edwards,DB,IND,7,0,0,0,0,0,0,0
00-0040408,Ja'Markis Weston,LB,NYJ,7,0,0,0,0,0,0,0
00-0040432,Beaux Collins,WR,NYG,7,0,0,0,0,1,0,0
00-0040460,Marlowe Wax,LB,LAC,7,0,0,0,0,0,0,0
00-0040488,Carter Runyon,TE,LV,7,0,0,0,0,1,1,3
00-0040492,Tyler Batty,LB,MIN,7,0,0,0,0,0,0,0
00-0040501,Austin Keys,LB,MIN,7,0,0,0,0,0,0,0
00-0040506,Myles Price,WR,MIN,7,0,0,0,0,0,0,0
00-0040534,Ke'Shawn Williams,WR,PIT,7,0,0,0,0,0,0,0
00-0040563,Efton Chism III,WR,NE,7,0,0,0,0,0,0,0
00-0040574,Elijah Ponder,LB,NE,7,0,0,0,0,0,0,0
00-0040578,James Pearce Jr.,DE,ATL,7,0,0,0,0,0,0,0
00-0040579,Carson Schwesinger,LB,CLE,7,0,0,0,0,0,0,0
00-0040580,Josaiah Stewart,LB,LA,7,0,0,0,0,0,0,0
00-0040581,Dont'e Thornton Jr.,WR,LV,7,0,0,0,0,3,0,0
00-0040582,Arian Smith,WR,NYJ,7,0,0,0,0,3,1,0
00-0040583,Woody Marks,RB,HOU,7,0,0,10,15,5,3,20
00-0040584,Gunnar Helm,TE,TEN,7,0,0,0,0,5,4,36
00-0040585,Ty Hamilton,DT,LA,7,0,0,0,0,0,0,0
00-0040586,Jaydon Blue,RB,DAL,7,0,0,7,29,1,1,5
00-0040590,Konata Mumpfield,WR,LA,7,0,0,0,0,1,1,5
00-0040624,Elijah Williams,DE,MIN,7,0,0,0,0,0,0,0
00-0040639,Grey Zabel,G,SEA,7,0,0,0,0,0,0,0
00-0040640,Ashton Gillotte,DE,KC,7,0,0,0,0,0,0,0
00-0040643,Jonas Sanker,SAF,NO,7,0,0,0,0,0,0,0
00-0040644,Trevor Etienne,RB,CAR,7,0,0,0,0,0,0,0
00-0040645,Cody Simon,LB,ARI,7,0,0,0,0,0,0,0
00-0040648,Tory Horton,WR,SEA,7,0,0,0,0,3,0,0
00-0040654,Kai Kroeger,P,NO,7,0,0,0,0,0,0,0
00-0040660,Mykel Williams,DE,SF,7,0,0,0,0,0,0,0
00-0040663,Harold Fannin Jr.,TE,CLE,7,0,0,0,0,5,4,36
00-0040667,Matthew Golden,WR,GB,7,0,0,0,0,4,4,37
00-0040669,Isaac TeSlaa,WR,DET,7,0,0,0,0,1,0,0
00-0040670,Nohl Williams,CB,KC,7,0,0,0,0,0,0,0
00-0040672,Tyleik Williams,DT,DET,7,0,0,0,0,0,0,0
00-0040676,Cam Ward,QB,TEN,7,34,255,0,0,0,0,0
00-0040677,Abdul Carter,LB,NYG,7,0,0,0,0,0,0,0
00-0040678,Derrick Harmon,DT,PIT,7,0,0,0,0,0,0,0
00-0040685,Mason Graham,DT,CLE,7,0,0,0,0,0,0,0
00-0040686,Josh Conerly Jr.,OT,WAS,7,0,0,0,0,0,0,0
00-0040691,Jaxson Dart,QB,NYG,7,33,283,5,11,0,0,0
00-0040694,Darius Alexander,DT,NYG,7,0,0,0,0,0,0,0
00-0040699,Will Campbell,OT,NE,7,0,0,0,0,0,0,0
00-0040704,Dillon Gabriel,QB,CLE,7,18,116,4,12,0,0,0
00-0040705,Chimere Dike,WR,TEN,7,0,0,1,-1,4,4,70
00-0040708,Jihaad Campbell,LB,PHI,7,0,0,0,0,0,0,0
00-0040715,Cam Skattebo,RB,NYG,7,0,0,16,60,6,3,34
00-0040716,Craig Woodson,SAF,NE,7,0,0,0,0,0,0,0
00-0040718,Travis Hunter,CB,JAX,7,0,0,1,0,14,8,101
00-0040719,Bhayshul Tuten,RB,JAX,7,0,0,5,22,0,0,0
00-0040720,Jahdae Barron,CB,DEN,7,0,0,0,0,0,0,0
00-0040721,Alfred Collins,DT,SF,7,0,0,0,0,0,0,0
00-0040725,Donovan Ezeiruaku,LB,DAL,7,0,0,0,0,0,0,0
00-0040727,Tre Harris,WR,LAC,7,0,0,0,0,2,2,23
00-0040729,Jack Bech,WR,LV,7,0,0,0,0,2,2,13
00-0040730,RJ Harvey,RB,DEN,7,0,0,4,0,2,1,2
00-0040731,Trey Amos,CB,WAS,7,0,0,0,0,0,0,0
00-0040733,Nick Emmanwori,SAF,SEA,7,0,0,0,0,0,0,0
00-0040734,TreVeyon Henderson,RB,NE,7,0,0,2,5,0,0,0
00-0040735,Luther Burden III,WR,CHI,7,0,0,1,-1,2,1,22
00-0040736,Mason Taylor,TE,NYJ,7,0,0,0,0,5,3,31
00-0040737,Terrance Ferguson,TE,LA,7,0,0,0,0,3,1,31
00-0040738,Demetrius Knight Jr.,LB,CIN,7,0,0,0,0,0,0,0
00-0040739,Elijah Arroyo,TE,SEA,7,0,0,0,0,5,4,42
00-0040744,Jaylahn Tuimolaou,DE,IND,7,0,0,0,0,0,0,0
00-0040746,Nic Scourton,LB,CAR,7,0,0,0,0,0,0,0
00-0040749,Andrew Mukuba,SAF,PHI,7,0,0,0,0,0,0,0
00-0040751,Will Johnson,CB,ARI,7,0,0,0,0,0,0,0
00-0040784,Quinshon Judkins,RB,CLE,7,0,0,25,84,0,0,0
,,,PIT,7,0,0,0,0,0,0,0
00-0023459,Aaron Rodgers,QB,PIT,8,36,219,0,0,0,0,0
00-0023853,Matt Prater,K,BUF,8,0,0,0,0,0,0,0
00-0025565,Nick Folk,K,NYJ,8,0,0,0,0,0,0,0
00-0026158,Joe Flacco,QB,CIN,8,34,223,2,14,0,0,0
00-0026858,Graham Gano,K,NYG,8,0,0,0,0,0,0,0
00-0027114,Thomas Morstead,P,SF,8,0,0,0,0,0,0,0
00-0027962,Cameron Jordan,LB,NO,8,0,0,0,0,0,0,0
00-0027969,Cameron Heyward,DE,PIT,8,0,0,0,0,0,0,0
00-0027973,Andy Dalton,QB,CAR,8,24,175,2,1,0,0,0
00-0028292,Nick Bellore,LB,WAS,8,0,0,0,0,0,0,0
00-0028872,Johnny Hekker,P,TEN,8,0,0,0,0,0,0,0
00-0029255,Bobby Wagner,MLB,WAS,8,0,0,0,0,0,0,0
00-0029562,Lavonte David,OLB,TB,8,0,0,0,0,0,0,0
00-0029604,Kirk Cousins,QB,ATL,8,31,173,2,2,0,0,0
00-0029606,Harrison Smith,FS,MIN,8,0,0,0,0,0,0,0
00-0029607,Demario Davis,OLB,NO,8,0,0,0,0,0,0,0
00-0029685,Greg Van Roten,G,NYG,8,0,0,0,0,0,0,0
00-0029692,Bryan Anger,P,DAL,8,0,0,0,0,0,0,0
00-0029822,Brandon McManus,K,GB,8,0,0,0,0,0,0,0
00-0029892,Kyle Juszczyk,FB,SF,8,0,0,0,0,2,1,4
00-0030035,Adam Thielen,WR,MIN,8,0,0,0,0,2,0,0
00-0030061,Zach Ertz,TE,WAS,8,0,0,0,0,6,4,16
00-0030062,Darius Slay,CB,PIT,8,0,0,0,0,0,0,0
00-0030070,John Jenkins,DT,BAL,8,0,0,0,0,0,0,0
00-0030092,Sam Martin,P,CAR,8,0,0,0,0,0,0,0
00-0030114,Jordan Poyer,FS,BUF,8,0,0,0,0,0,0,0
00-0030140,Tress Way,P,WAS,8,0,0,0,0,0,0,0
00-0030279,Keenan Allen,WR,LAC,8,0,0,0,0,5,4,44
00-0030506,Travis Kelce,TE,KC,8,0,0,0,0,8,6,99
00-0030561,Lane Johnson,OT,PHI,8,0,0,0,0,0,0,0
00-0030564,DeAndre Hopkins,WR,BAL,8,0,0,0,0,1,1,14
00-0031040,Khalil Mack,OLB,LAC,8,0,0,0,0,0,0,0
00-0031136,Chris Boswell,K,PIT,8,0,0,0,0,0,0,0
00-0031203,Cairo Santos,K,CHI,8,0,0,0,0,0,0,0
00-0031236,Brandin Cooks,WR,NO,8,0,0,0,0,4,3,22
00-0031270,Shelby Harris,DE,CLE,8,0,0,0,0,0,0,0
00-0031279,Jake Matthews,OT,ATL,8,0,0,0,0,0,0,0
00-0031357,C.J. Goodwin,CB,DAL,8,0,0,0,0,0,0,0
00-0031360,Kyle Van Noy,MLB,BAL,8,0,0,0,0,0,0,0
00-0031364,Jadeveon Clowney,DE,DAL,8,0,0,0,0,0,0,0
00-0031550,Shaq Thompson,OLB,BUF,8,0,0,0,0,0,0,0
00-0031551,Eddie Goldman,NT,WAS,8,0,0,0,0,0,0,0
00-0031557,Jordan Phillips,DT,BUF,8,0,0,0,0,0,0,0
00-0031565,Danielle Hunter,DE,HOU,8,0,0,0,0,0,0,0
00-0031583,Grady Jarrett,DT,CHI,8,0,0,0,0,0,0,0
00-0031588,Stefon Diggs,WR,NE,8,0,0,0,0,5,3,14
00-0031608,Quandre Diggs,S,TEN,8,0,0,0,0,0,0,0
00-0031622,Bobby Hart,OT,LAC,8,0,0,0,0,0,0,0
00-0031740,Neville Hewitt,LB,NYG,8,0,0,0,0,0,0,0
00-0031898,Alex Singleton,LB,DEN,8,0,0,0,0,0,0,0
00-0031957,Rakeem Nunez-Roches,DT,NYG,8,0,0,0,0,0,0,0
00-0032052,Dante Fowler Jr.,DE,DAL,8,0,0,0,0,0,0,0
00-0032065,Bradley Pinion,P,ATL,8,0,0,0,0,0,0,0
00-0032103,Denzel Perryman,MLB,LAC,8,0,0,0,0,0,0,0
00-0032104,Ameer Abdullah,RB,IND,8,0,0,2,5,1,1,3
00-0032228,Joe Cardona,LS,MIA,8,0,0,0,0,0,0,0
00-0032234,Laken Tomlinson,G,HOU,8,0,0,0,0,0,0,0
00-0032268,Marcus Mariota,QB,WAS,8,30,213,8,28,0,0,0
00-0032378,DeForest Buckner,DT,IND,8,0,0,0,0,0,0,0
00-0032385,Sterling Shepard,WR,TB,8,0,0,0,0,2,1,8
00-0032388,Deion Jones,LB,TB,8,0,0,0,0,0,0,0
00-0032391,Joe Thuney,G,CHI,8,0,0,0,0,0,0,0
00-0032392,Austin Hooper,TE,NE,8,0,0,0,0,2,2,38
00-0032415,Matthew Judon,OLB,MIA,8,0,0,0,0,0,0,0
00-0032569,Wil Lutz,K,DEN,8,0,0,0,0,0,0,0
00-0032667,Roy Robertson-Harris,DE,NYG,8,0,0,0,0,0,0,0
00-0032726,Ka'imi Fairbairn,K,HOU,8,0,0,0,0,0,0,0
00-0032762,Chris Jones,DE,KC,8,0,0,0,0,0,0,0
00-0032764,Derrick Henry,RB,BAL,8,0,0,21,71,1,0,0
00-0032775,Demarcus Robinson,WR,SF,8,0,0,0,0,3,2,5
00-0032889,A'Shawn Robinson,DT,CAR,8,0,0,0,0,0,0,0
00-0032943,Riley Dixon,P,TB,8,0,0,0,0,0,0,0
00-0032950,Carson Wentz,QB,MIN,8,27,144,0,0,0,0,0
00-0032965,Ronnie Stanley,OT,BAL,8,0,0,0,0,0,0,0
00-0033010,Sheldon Day,DT,WAS,8,0,0,0,0,0,0,0
00-0033046,Jihad Ward,LB,TEN,8,0,0,0,0,0,0,0
00-0033051,David Onyemata,DT,ATL,8,0,0,0,0,0,0,0
00-0033055,Jalen Ramsey,CB,PIT,8,0,0,0,0,0,0,0
00-0033066,Andrew Billings,DT,CHI,8,0,0,0,0,0,0,0
00-0033072,Leonard Floyd,DE,ATL,8,0,0,0,0,0,0,0
00-0033077,Dak Prescott,QB,DAL,8,31,188,6,31,0,0,0
00-0033090,Hunter Henry,TE,NE,8,0,0,0,0,1,1,7
00-0033093,Jonathan Bullard,DE,NO,8,0,0,0,0,0,0,0
00-0033109,Javon Hargrave,NT,MIN,8,0,0,0,0,0,0,0
00-0033120,Kenny Clark,NT,DAL,8,0,0,0,0,0,0,0
00-0033131,Maliek Collins,DT,CLE,8,0,0,0,0,0,0,0
00-0033132,Kevin Byard,FS,CHI,8,0,0,0,0,0,0,0
00-0033156,Joey Bosa,DE,BUF,8,0,0,0,0,0,0,0
00-0033269,Rigoberto Sanchez,P,IND,8,0,0,0,0,0,0,0
00-0033280,Christian McCaffrey,RB,SF,8,0,0,8,25,6,3,43
00-0033281,Marlon Humphrey,CB,BAL,8,0,0,0,0,0,0,0
00-0033282,Curtis Samuel,WR,BUF,8,0,0,0,0,0,0,0
00-0033288,George Kittle,TE,SF,8,0,0,0,0,5,4,43
00-0033293,Aaron Jones,RB,MIN,8,0,0,5,15,4,2,15
00-0033294,Chuck Clark,SAF,PIT,8,0,0,0,0,0,0,0
00-0033297,D.J. Jones,DT,DEN,8,0,0,0,0,0,0,0
00-0033303,Harrison Butker,K,KC,8,0,0,0,0,0,0,0
00-0033307,Kendrick Bourne,WR,SF,8,0,0,0,0,4,3,44
00-0033336,Eric Wilson,LB,MIN,8,0,0,0,0,0,0,0
00-0033357,Taysom Hill,TE,NO,8,0,0,2,6,1,1,6
00-0033393,Kenny Moore II,CB,IND,8,0,0,0,0,0,0,0
00-0033523,Jonathan Allen,DE,MIN,8,0,0,0,0,0,0,0
00-0033526,Samaje Perine,RB,CIN,8,0,0,9,94,1,1,6
00-0033548,Chidobe Awuzie,CB,BAL,8,0,0,0,0,0,0,0
00-0033551,Rasul Douglas,CB,MIA,8,0,0,0,0,0,0,0
00-0033555,Mack Hollins,WR,NE,8,0,0,0,0,7,7,89
00-0033572,Jamal Agnew,WR,ATL,8,0,0,0,0,0,0,0
00-0033579,Xavier Woods,FS,TEN,8,0,0,0,0,0,0,0
00-0033787,Jake Elliott,K,PHI,8,0,0,0,0,0,0,0
00-0033854,Dare Ogunbowale,RB,HOU,8,0,0,1,9,1,1,8
00-0033857,JuJu Smith-Schuster,WR,KC,8,0,0,0,0,2,2,29
00-0033858,Jonnu Smith,TE,PIT,8,0,0,0,0,3,2,17
00-0033860,Davon Godchaux,DT,NO,8,0,0,0,0,0,0,0
00-0033868,Myles Garrett,DE,CLE,8,0,0,0,0,0,0,0
00-0033869,Mitchell Trubisky,QB,BUF,8,4,22,0,0,0,0,0
00-0033870,Solomon Thomas,DE,DAL,8,0,0,0,0,0,0,0
00-0033873,Patrick Mahomes,QB,KC,8,34,299,4,30,0,0,0
00-0033874,Marshon Lattimore,CB,WAS,8,0,0,0,0,0,0,0
00-0033876,Derek Barnett,DE,HOU,8,0,0,0,0,0,0,0
00-0033881,Evan Engram,TE,DEN,8,0,0,0,0,4,4,36
00-0033884,Tre'Davious White,CB,BUF,8,0,0,0,0,0,0,0
00-0033885,David Njoku,TE,CLE,8,0,0,0,0,5,4,37
00-0033886,T.J. Watt,OLB,PIT,8,0,0,0,0,0,0,0
00-0033904,Dion Dawkins,OT,BUF,8,0,0,0,0,0,0,0
00-0033905,Larry Ogunjobi,DT,BUF,8,0,0,0,0,0,0,0
00-0033906,Alvin Kamara,RB,NO,8,0,0,6,21,2,2,24
00-0033923,Kareem Hunt,RB,KC,8,0,0,9,40,1,1,2
00-0033935,Trey Hendrickson,LB,CIN,8,0,0,0,0,0,0,0
00-0033941,Rayshawn Jenkins,DB,CLE,8,0,0,0,0,0,0,0
00-0033952,Grover Stewart,DT,IND,8,0,0,0,0,0,0,0
00-0033955,Jeremy McNichols,RB,WAS,8,0,0,1,4,6,5,64
00-0034051,Christian Kuntz,LS,PIT,8,0,0,0,0,0,0,0
00-0034084,Mike Badgley,K,IND,8,0,0,0,0,0,0,0
00-0034145,Chris Lammons,DB,IND,8,0,0,0,0,0,0,0
00-0034163,Jacob Martin,DE,WAS,8,0,0,0,0,0,0,0
00-0034173,Eddy Pineiro,K,SF,8,0,0,0,0,0,0,0
00-0034261,Austin Corbett,G,CAR,8,0,0,0,0,0,0,0
00-0034264,Jalyn Holmes,DT,WAS,8,0,0,0,0,0,0,0
00-0034277,DeShon Elliott,SAF,PIT,8,0,0,0,0,0,0,0
00-0034285,Zach Sieler,DE,MIA,8,0,0,0,0,0,0,0
00-0034302,Frankie Luvu,LB,WAS,8,0,0,0,0,0,0,0
00-0034333,Daron Payne,NT,WAS,8,0,0,0,0,0,0,0
00-0034348,Courtland Sutton,WR,DEN,8,0,0,0,0,6,4,67
00-0034351,Dallas Goedert,TE,PHI,8,0,0,0,0,3,3,28
00-0034355,M.J. Stewart,SAF,HOU,8,0,0,0,0,0,0,0
00-0034356,Donte Jackson,CB,LAC,8,0,0,0,0,0,0,0
00-0034357,Isaiah Oliver,FS,NYJ,8,0,0,0,0,0,0,0
00-0034361,Justin Reid,S,NO,8,0,0,0,0,0,0,0
00-0034367,Nyheim Hines,RB,LAC,8,0,0,2,-2,0,0,0
00-0034376,Taron Johnson,CB,BUF,8,0,0,0,0,0,0,0
00-0034383,Dalton Schultz,TE,HOU,8,0,0,0,0,3,2,24
00-0034391,Siran Neal,DB,SF,8,0,0,0,0,0,0,0
00-0034418,Cedrick Wilson Jr.,WR,MIA,8,0,0,0,0,1,1,2
00-0034419,Braxton Berrios,WR,HOU,8,0,0,0,0,5,5,38
00-0034431,Zaire Franklin,OLB,IND,8,0,0,0,0,0,0,0
00-0034465,Jeremy Reaves,DB,WAS,8,0,0,0,0,0,0,0
00-0034485,Jonathan Owens,SAF,CHI,8,0,0,0,0,0,0,0
00-0034521,Allen Lazard,WR,NYJ,8,0,0,0,0,2,1,5
00-0034613,Tanner Hudson,TE,CIN,8,0,0,0,0,2,1,9
00-0034639,Mike Ford,DB,ATL,8,0,0,0,0,0,0,0
00-0034673,Tremaine Edmunds,MLB,CHI,8,0,0,0,0,0,0,0
00-0034675,Jessie Bates,FS,ATL,8,0,0,0,0,0,0,0
00-0034720,Robert Spillane,LB,NE,8,0,0,0,0,0,0,0
00-0034721,Corey Bojorquez,P,CLE,8,0,0,0,0,0,0,0
00-0034753,Mark Andrews,TE,BAL,8,0,0,0,0,3,3,34
00-0034754,Oren Burks,ILB,CIN,8,0,0,0,0,0,0,0
00-0034760,Nathan Shepherd,DE,NO,8,0,0,0,0,0,0,0
00-0034773,Vita Vea,DT,TB,8,0,0,0,0,0,0,0
00-0034778,Carlton Davis III,CB,NE,8,0,0,0,0,0,0,0
00-0034779,Ronnie Harrison,LB,ATL,8,0,0,0,0,0,0,0
00-0034782,Harrison Phillips,DT,NYJ,8,0,0,0,0,0,0,0
00-0034789,Minkah Fitzpatrick,FS,MIA,8,0,0,0,0,0,0,0
00-0034791,Nick Chubb,RB,HOU,8,0,0,17,56,2,2,13
00-0034797,Jerome Baker,OLB,CLE,8,0,0,0,0,0,0,0
00-0034800,B.J. Hill,DE,CIN,8,0,0,0,0,0,0,0
00-0034805,John Franklin-Myers,DE,DEN,8,0,0,0,0,0,0,0
00-0034827,DJ Moore,WR,CHI,8,0,0,2,3,7,4,73
00-0034828,Harold Landry III,LB,NE,8,0,0,0,0,0,0,0
00-0034832,Bradley Chubb,OLB,MIA,8,0,0,0,0,0,0,0
00-0034843,Mike Hughes,CB,ATL,8,0,0,0,0,0,0,0
00-0034844,Saquon Barkley,RB,PHI,8,0,0,14,150,5,4,24
00-0034847,Mike McGlinchey,OT,DEN,8,0,0,0,0,0,0,0
00-0034854,KhaDarel Hodge,WR,ATL,8,0,0,0,0,8,3,31
00-0034855,Baker Mayfield,QB,TB,8,24,152,0,0,0,0,0
00-0034856,Denzel Ward,CB,CLE,8,0,0,0,0,0,0,0
00-0034857,Josh Allen,QB,BUF,8,19,163,3,7,0,0,0
00-0034874,Roquan Smith,ILB,BAL,8,0,0,0,0,0,0,0
00-0034941,Mitch Wishnowsky,P,BUF,8,0,0,0,0,0,0,0
00-0034959,Andrew Beck,FB,NYJ,8,0,0,0,0,1,1,9
00-0034967,Rashan Gary,LB,GB,8,0,0,0,0,0,0,0
00-0034968,Darnell Savage,SAF,WAS,8,0,0,0,0,0,0,0
00-0034975,Justice Hill,RB,BAL,8,0,0,1,2,0,0,0
00-0034981,Foster Moreau,TE,NO,8,0,0,0,0,1,0,0
00-0034987,E.J. Speed,LB,HOU,8,0,0,0,0,0,0,0
00-0034993,Marcus Epps,SAF,PHI,8,0,0,0,0,0,0,0
00-0035021,Ashton Dulin,WR,IND,8,0,0,0,0,1,1,-8
00-0035042,Jamie Gillan,P,NYG,8,0,0,0,0,0,0,0
00-0035118,Matthew Orzech,LS,GB,8,0,0,0,0,0,0,0
00-0035125,Alec Ingold,FB,MIA,8,0,0,0,0,1,1,0
00-0035133,Keisean Nixon,DB,GB,8,0,0,0,0,0,0,0
00-0035166,Azeez Al-Shaair,LB,HOU,8,0,0,0,0,0,0,0
00-0035189,Matthew Wright,K,WAS,8,0,0,0,0,0,0,0
00-0035192,Joey Slye,K,TEN,8,0,0,0,0,0,0,0
00-0035208,Olamide Zaccheaus,WR,CHI,8,0,0,0,0,7,7,33
00-0035227,P.J. Locke,DB,DEN,8,0,0,0,0,0,0,0
00-0035229,T.J. Hockenson,TE,MIN,8,0,0,0,0,3,2,26
00-0035230,Ed Oliver,DT,BUF,8,0,0,0,0,0,0,0
00-0035236,Byron Murphy,CB,MIN,8,0,0,0,0,0,0,0
00-0035240,Jahlani Tavai,LB,NE,8,0,0,0,0,0,0,0
00-0035248,Zach Allen,DE,DEN,8,0,0,0,0,0,0,0
00-0035250,Devin Singletary,RB,NYG,8,0,0,2,0,1,1,28
00-0035254,Anthony Nelson,LB,TB,8,0,0,0,0,0,0,0
00-0035255,Kendall Sheffield,DB,MIA,8,0,0,0,0,0,0,0
00-0035261,Tony Pollard,RB,TEN,8,0,0,11,44,2,1,9
00-0035262,Drue Tranquill,LB,KC,8,0,0,0,0,0,0,0
00-0035264,Jarrett Stidham,QB,DEN,8,0,0,1,-1,0,0,0
00-0035276,Blake Cashman,LB,MIN,8,0,0,0,0,0,0,0
00-0035277,Mike Jackson,CB,CAR,8,0,0,0,0,0,0,0
00-0035279,Charles Omenihu,DE,KC,8,0,0,0,0,0,0,0
00-0035280,Jake Bailey,P,MIA,8,0,0,0,0,0,0,0
00-0035286,Cole Holcomb,LB,PIT,8,0,0,0,0,0,0,0
00-0035316,Kaden Elliss,LB,ATL,8,0,0,0,0,0,0,0
00-0035352,Tyrel Dodson,LB,MIA,8,0,0,0,0,0,0,0
00-0035357,Cam Lewis,CB,BUF,8,0,0,0,0,0,0,0
00-0035358,Chase McLaughlin,K,TB,8,0,0,0,0,0,0,0
00-0035359,David Sills,WR,ATL,8,0,0,0,0,3,2,14
00-0035363,Joe Giles-Harris,LB,CIN,8,0,0,0,0,0,0,0
00-0035386,T.J. Edwards,LB,CHI,8,0,0,0,0,0,0,0
00-0035402,Carl Granderson,DE,NO,8,0,0,0,0,0,0,0
00-0035409,Shy Tuttle,DT,TEN,8,0,0,0,0,0,0,0
00-0035413,Luke Gifford,LB,SF,8,0,0,0,0,0,0,0
00-0035525,Devin Bush,LB,CLE,8,0,0,0,0,0,0,0
00-0035535,Darius Slayton,WR,NYG,8,0,0,0,0,5,2,26
00-0035537,Ty Johnson,RB,BUF,8,0,0,4,6,0,0,0
00-0035594,Travis Homer,RB,CHI,8,0,0,0,0,0,0,0
00-0035625,Juan Thornhill,SAF,PIT,8,0,0,0,0,0,0,0
00-0035632,Amani Hooker,SAF,TEN,8,0,0,0,0,0,0,0
00-0035633,Corey Ballentine,DB,DAL,8,0,0,0,0,0,0,0
00-0035640,DK Metcalf,WR,PIT,8,0,0,0,0,7,5,55
00-0035644,Noah Fant,TE,CIN,8,0,0,0,0,3,3,41
00-0035645,Gunner Olszewski,WR,NYG,8,0,0,0,0,0,0,0
00-0035647,Montez Sweat,DE,CHI,8,0,0,0,0,0,0,0
00-0035659,Terry McLaurin,WR,WAS,8,0,0,0,0,4,3,54
00-0035662,Marquise Brown,WR,KC,8,0,0,0,0,1,0,0
00-0035669,Nick Scott,SAF,CAR,8,0,0,0,0,0,0,0
00-0035672,Cody Barton,LB,TEN,8,0,0,0,0,0,0,0
00-0035674,Jerry Tillery,DT,KC,8,0,0,0,0,0,0,0
00-0035678,Dre'Mont Jones,LB,TEN,8,0,0,0,0,0,0,0
00-0035680,Quincy Williams,LB,NYJ,8,0,0,0,0,0,0,0
00-0035683,Dexter Lawrence,DT,NYG,8,0,0,0,0,0,0,0
00-0035687,Bobby Okereke,ILB,NYG,8,0,0,0,0,0,0,0
00-0035689,Dawson Knox,TE,BUF,8,0,0,0,0,1,1,15
00-0035697,Germaine Pratt,LB,IND,8,0,0,0,0,0,0,0
00-0035699,Jamel Dean,CB,TB,8,0,0,0,0,0,0,0
00-0035700,Josh Jacobs,RB,GB,8,0,0,13,33,3,3,12
00-0035710,Daniel Jones,QB,IND,8,29,272,1,3,0,0,0
00-0035713,Brian Burns,LB,NYG,8,0,0,0,0,0,0,0
00-0035718,Quinnen Williams,DT,NYJ,8,0,0,0,0,0,0,0
00-0035719,Deebo Samuel Sr.,WR,WAS,8,0,0,1,1,6,3,11
00-0035743,Brett Toth,G,PHI,8,0,0,0,0,0,0,0
00-0035763,Malcolm Roach,DT,DEN,8,0,0,0,0,0,0,0
00-0035821,Corliss Waitman,P,PIT,8,0,0,0,0,0,0,0
00-0035841,Benito Jones,DT,MIA,8,0,0,0,0,0,0,0
00-0035889,Tommy Townsend,P,HOU,8,0,0,0,0,0,0,0
00-0035890,Tershawn Wharton,DE,CAR,8,0,0,0,0,0,0,0
00-0035933,Michael Hoecht,LB,BUF,8,0,0,0,0,0,0,0
00-0035942,Christian Rozeboom,LB,CAR,8,0,0,0,0,0,0,0
00-0035993,Tyler Huntley,QB,BAL,8,22,186,8,53,0,0,0
00-0036036,Terence Steele,OT,DAL,8,0,0,0,0,0,0,0
00-0036037,Sam Franklin Jr.,SAF,BUF,8,0,0,0,0,0,0,0
00-0036040,Juwan Johnson,TE,NO,8,0,0,0,0,8,5,53
00-0036132,Ben Bredeson,G,TB,8,0,0,0,0,0,0,0
00-0036139,Rico Dowdle,RB,CAR,8,0,0,8,54,0,0,0
00-0036158,J.K. Dobbins,RB,DEN,8,0,0,15,111,2,2,10
00-0036159,Joshua Uche,LB,PHI,8,0,0,0,0,0,0,0
00-0036181,Teair Tart,DT,LAC,8,0,0,0,0,0,0,0
00-0036182,Nick Westbrook-Ikhine,WR,MIA,8,0,0,0,0,3,1,18
00-0036187,Reggie Gilliam,RB,BUF,8,0,0,0,0,0,0,0
00-0036192,A.J. Epenesa,LB,BUF,8,0,0,0,0,0,0,0
00-0036193,Anfernee Jennings,LB,NE,8,0,0,0,0,0,0,0
00-0036198,Mike Onwenu,G,NE,8,0,0,0,0,0,0,0
00-0036199,Geno Stone,SAF,CIN,8,0,0,0,0,0,0,0
00-0036212,Tua Tagovailoa,QB,MIA,8,26,205,0,0,0,0,0
00-0036220,Derrick Brown,DT,CAR,8,0,0,0,0,0,0,0
00-0036221,Brandon Jones,SAF,DEN,8,0,0,0,0,0,0,0
00-0036222,Isaiah Rodgers,CB,MIN,8,0,0,0,0,0,0,0
00-0036223,Jonathan Taylor,RB,IND,8,0,0,12,153,2,2,21
00-0036224,Jonathan Greenard,LB,MIN,8,0,0,0,0,0,0,0
00-0036232,Harrison Bryant,TE,HOU,8,0,0,0,0,1,0,0
00-0036252,Michael Pittman,WR,IND,8,0,0,0,0,9,8,95
00-0036259,Jauan Jennings,WR,SF,8,0,0,0,0,7,4,45
00-0036260,Javon Kinlaw,DT,WAS,8,0,0,0,0,0,0,0
00-0036264,Jordan Love,QB,GB,8,37,360,1,-1,0,0,0
00-0036274,Jeff Okudah,CB,MIN,8,0,0,0,0,0,0,0
00-0036275,D'Andre Swift,RB,CHI,8,0,0,11,45,2,2,26
00-0036282,Grant Delpit,SAF,CLE,8,0,0,0,0,0,0,0
00-0036285,A.J. Terrell,CB,ATL,8,0,0,0,0,0,0,0
00-0036286,K'Lavon Chaisson,LB,NE,8,0,0,0,0,0,0,0
00-0036294,Logan Wilson,LB,CIN,8,0,0,0,0,0,0,0
00-0036300,Mykal Walker,LB,NYJ,8,0,0,0,0,0,0,0
00-0036302,Jaylinn Hawkins,SAF,NE,8,0,0,0,0,0,0,0
00-0036305,Trevis Gipson,LB,SF,8,0,0,0,0,0,0,0
00-0036309,Darnell Mooney,WR,ATL,8,0,0,0,0,4,1,11
00-0036313,Braden Mann,P,PHI,8,0,0,0,0,0,0,0
00-0036321,Chase Young,DE,NO,8,0,0,0,0,0,0,0
00-0036322,Justin Jefferson,WR,MIN,8,0,0,0,0,11,7,74
00-0036323,Patrick Queen,LB,PIT,8,0,0,0,0,0,0,0
00-0036331,Devin Duvernay,WR,CHI,8,0,0,0,0,3,1,2
00-0036333,Alex Highsmith,LB,PIT,8,0,0,0,0,0,0,0
00-0036335,D.J. Wonnum,LB,CAR,8,0,0,0,0,0,0,0
00-0036337,James Lynch,DT,TEN,8,0,0,0,0,0,0,0
00-0036338,Troy Dye,LB,LAC,8,0,0,0,0,0,0,0
00-0036347,Blake Brandel,OT,MIN,8,0,0,0,0,0,0,0
00-0036348,Josh Metellus,SAF,MIN,8,0,0,0,0,0,0,0
00-0036355,Justin Herbert,QB,LAC,8,25,227,7,62,0,0,0
00-0036358,CeeDee Lamb,WR,DAL,8,0,0,1,2,10,7,74
00-0036362,Willie Gay Jr.,LB,MIA,8,0,0,0,0,0,0,0
00-0036366,Neville Gallimore,DT,IND,8,0,0,0,0,0,0,0
00-0036378,Michael Danna,LB,KC,8,0,0,0,0,0,0,0
00-0036380,Alohi Gilman,SAF,BAL,8,0,0,0,0,0,0,0
00-0036388,Xavier McKinney,SAF,GB,8,0,0,0,0,0,0,0
00-0036389,Jalen Hurts,QB,PHI,8,20,179,4,22,0,0,0
00-0036406,Tristan Wirfs,OT,TB,8,0,0,0,0,0,0,0
00-0036407,Jerry Jeudy,WR,CLE,8,0,0,0,0,2,0,0
00-0036409,Jordyn Brooks,LB,MIA,8,0,0,0,0,0,0,0
00-0036410,Tee Higgins,WR,CIN,8,0,0,0,0,2,1,44
00-0036411,Antoine Winfield Jr.,SAF,TB,8,0,0,0,0,0,0,0
00-0036415,Van Jefferson,WR,TEN,8,0,0,0,0,8,1,6
00-0036418,Zack Baun,LB,PHI,8,0,0,0,0,0,0,0
00-0036421,Terrell Burgess,SAF,NO,8,0,0,0,0,0,0,0
00-0036422,Adam Trautman,TE,DEN,8,0,0,0,0,0,0,0
00-0036427,Tyler Johnson,WR,NYJ,8,0,0,0,0,5,3,64
00-0036428,Justin Strnad,LB,DEN,8,0,0,0,0,0,0,0
00-0036431,Jordan Fuller,SAF,ATL,8,0,0,0,0,0,0,0
00-0036441,"Kenneth Murray, Jr.",LB,DAL,8,0,0,0,0,0,0,0
00-0036479,Kwity Paye,DE,IND,8,0,0,0,0,0,0,0
00-0036480,Dayo Odeyingbo,DE,CHI,8,0,0,0,0,0,0,0
00-0036500,Jamien Sherwood,LB,NYJ,8,0,0,0,0,0,0,0
00-0036501,Michael Carter II,CB,NYJ,8,0,0,0,0,0,0,0
00-0036504,Brandin Echols,CB,PIT,8,0,0,0,0,0,0,0
00-0036550,Rashod Bateman,WR,BAL,8,0,0,0,0,4,2,51
00-0036553,Carlos Basham,LB,CAR,8,0,0,0,0,0,0,0
00-0036555,Chuba Hubbard,RB,CAR,8,0,0,12,34,1,0,0
00-0036563,Deommodore Lenoir,CB,SF,8,0,0,0,0,0,0,0
00-0036564,Talanoa Hufanga,SAF,DEN,8,0,0,0,0,0,0,0
00-0036589,Nick McCloud,CB,CHI,8,0,0,0,0,0,0,0
00-0036613,Jaylen Waddle,WR,MIA,8,0,0,0,0,6,5,99
00-0036620,Dee Eskridge,WR,MIA,8,0,0,0,0,0,0,0
00-0036621,Nick Bolton,LB,KC,8,0,0,0,0,0,0,0
00-0036623,Creed Humphrey,C,KC,8,0,0,0,0,0,0,0
00-0036625,Benjamin St-Juste,CB,LAC,8,0,0,0,0,0,0,0
00-0036628,John Bates,TE,WAS,8,0,0,0,0,1,1,22
00-0036629,Camryn Bynum,SAF,IND,8,0,0,0,0,0,0,0
00-0036630,Tylan Wallace,WR,BAL,8,0,0,0,0,1,1,6
00-0036637,Noah Gray,TE,KC,8,0,0,0,0,4,2,23
00-0036642,Tedarrell Slaton,DT,CIN,8,0,0,0,0,0,0,0
00-0036643,K.J. Britt,LB,MIA,8,0,0,0,0,0,0,0
00-0036648,Nick Niemann,LB,GB,8,0,0,0,0,0,0,0
00-0036658,Isaiah McDuffie,LB,GB,8,0,0,0,0,0,0,0
00-0036677,Zayne Anderson,SAF,GB,8,0,0,0,0,0,0,0
00-0036695,Naquan Jones,DT,LAC,8,0,0,0,0,0,0,0
00-0036728,Curtis Robinson,LB,SF,8,0,0,0,0,0,0,0
00-0036741,Jack Stoll,TE,NO,8,0,0,0,0,1,0,0
00-0036755,Jaret Patterson,RB,LAC,8,0,0,11,30,0,0,0
00-0036813,Christian Elliss,LB,NE,8,0,0,0,0,0,0,0
00-0036816,Riley Patterson,K,MIA,8,0,0,0,0,0,0,0
00-0036825,Feleipe Franks,TE,ATL,8,0,0,0,0,0,0,0
00-0036833,Ryan Neuzil,G,ATL,8,0,0,0,0,0,0,0
00-0036854,Evan McPherson,K,CIN,8,0,0,0,0,0,0,0
00-0036862,Ben Skowronek,WR,PIT,8,0,0,0,0,1,1,13
00-0036867,Chris Rumph II,LB,NO,8,0,0,0,0,0,0,0
00-0036870,Buddy Johnson,LB,IND,8,0,0,0,0,0,0,0
00-0036874,Pat Surtain II,CB,DEN,8,0,0,0,0,0,0,0
00-0036875,Rhamondre Stevenson,RB,NE,8,0,0,14,34,2,1,15
00-0036883,Tommy Togiai,DT,HOU,8,0,0,0,0,0,0,0
00-0036887,Luke Farrell,TE,SF,8,0,0,0,0,0,0,0
00-0036894,Pat Freiermuth,TE,PIT,8,0,0,0,0,4,3,13
00-0036896,Victor Dimukeje,LB,NYG,8,0,0,0,0,0,0,0
00-0036900,Ja'Marr Chase,WR,CIN,8,0,0,0,0,19,12,91
00-0036902,Joseph Ossai,DE,CIN,8,0,0,0,0,0,0,0
00-0036903,Bobby Brown III,DT,CAR,8,0,0,0,0,0,0,0
00-0036905,Larry Borom,G,MIA,8,0,0,0,0,0,0,0
00-0036909,Khyiris Tonga,DT,NE,8,0,0,0,0,0,0,0
00-0036912,DeVonta Smith,WR,PHI,8,0,0,0,0,9,6,84
00-0036914,Greg Rousseau,LB,BUF,8,0,0,0,0,0,0,0
00-0036916,Milton Williams,DT,NE,8,0,0,0,0,0,0,0
00-0036919,Kenny Gainwell,RB,PIT,8,0,0,5,31,2,2,4
00-0036920,Marlon Tuipulotu,DT,KC,8,0,0,0,0,0,0,0
00-0036927,Pete Werner,LB,NO,8,0,0,0,0,0,0,0
00-0036932,Micah Parsons,LB,GB,8,0,0,0,0,0,0,0
00-0036934,Jaelan Phillips,LB,MIA,8,0,0,0,0,0,0,0
00-0036940,Odafe Oweh,LB,LAC,8,0,0,0,0,0,0,0
00-0036941,Andre Cisco,SAF,NYJ,8,0,0,0,0,0,0,0
00-0036942,Osa Odighizuwa,DT,DAL,8,0,0,0,0,0,0,0
00-0036944,Jaycee Horn,CB,CAR,8,0,0,0,0,0,0,0
00-0036945,Justin Fields,QB,NYJ,8,32,244,11,31,0,0,0
00-0036952,Jonathon Cooper,LB,DEN,8,0,0,0,0,0,0,0
00-0036961,Richie Grant,SAF,NE,8,0,0,0,0,0,0,0
00-0036962,Tre'von Moehrig,SAF,CAR,8,0,0,0,0,0,0,0
00-0036967,Joe Tryon-Shoyinka,DE,CLE,8,0,0,0,0,0,0,0
00-0036968,Brady Christensen,OT,CAR,8,0,0,0,0,0,0,0
00-0036970,Kyle Pitts,TE,ATL,8,0,0,0,0,9,9,59
00-0036972,Mac Jones,QB,SF,8,32,193,2,23,0,0,0
00-0036974,Tyson Campbell,CB,CLE,8,0,0,0,0,0,0,0
00-0036976,Spencer Brown,OT,BUF,8,0,0,0,0,0,0,0
00-0036980,Elijah Moore,WR,BUF,8,0,0,0,0,4,1,14
00-0036981,Christian Barmore,DT,NE,8,0,0,0,0,0,0,0
00-0036986,Nahshon Wright,CB,CHI,8,0,0,0,0,0,0,0
00-0036987,Brandon Stephens,CB,NYJ,8,0,0,0,0,0,0,0
00-0036992,Elijah Molden,CB,LAC,8,0,0,0,0,0,0,0
00-0036993,Ifeatu Melifonwu,SAF,MIA,8,0,0,0,0,0,0,0
00-0036997,Javonte Williams,RB,DAL,8,0,0,13,41,2,1,8
00-0037002,Landon Dickerson,G,PHI,8,0,0,0,0,0,0,0
00-0037005,Tommy Tremble,TE,CAR,8,0,0,0,0,1,1,4
00-0037013,Zach Wilson,QB,MIA,8,1,0,0,0,0,0,0
00-0037034,Dee Alford,CB,ATL,8,0,0,0,0,0,0,0
00-0037073,Jordan Davis,DT,PHI,8,0,0,0,0,0,0,0
00-0037074,Quay Walker,LB,GB,8,0,0,0,0,0,0,0
00-0037075,Devonte Wyatt,DT,GB,8,0,0,0,0,0,0,0
00-0037083,Kingsley Enagbare,LB,GB,8,0,0,0,0,0,0,0
00-0037085,Tyler Badie,RB,DEN,8,0,0,1,6,0,0,0
00-0037091,Bo Melton,WR,GB,8,0,0,0,0,0,0,0
00-0037094,Jonathan Ford,DT,CHI,8,0,0,0,0,0,0,0
00-0037096,Elijah Hicks,SAF,CHI,8,0,0,0,0,0,0,0
00-0037106,Jaylon Jones,DB,CHI,8,0,0,0,0,0,0,0
00-0037112,Jake Tonges,TE,SF,8,0,0,0,0,1,1,2
00-0037120,Tyler Goodson,RB,IND,8,0,0,2,2,0,0,0
00-0037129,Josh Blackwell,CB,CHI,8,0,0,0,0,0,0,0
00-0037130,Reed Blankenship,SAF,PHI,8,0,0,0,0,0,0,0
00-0037155,Tony Adams,SAF,NYJ,8,0,0,0,0,0,0,0
00-0037191,Trent McDuffie,CB,KC,8,0,0,0,0,0,0,0
00-0037192,George Karlaftis,DE,KC,8,0,0,0,0,0,0,0
00-0037193,Bryan Cook,SAF,KC,8,0,0,0,0,0,0,0
00-0037195,Jaylen Watson,CB,KC,8,0,0,0,0,0,0,0
00-0037197,Isiah Pacheco,RB,KC,8,0,0,12,58,0,0,0
00-0037205,Brenden Schooler,SAF,NE,8,0,0,0,0,0,0,0
00-0037207,Mike Caliendo,G,KC,8,0,0,0,0,0,0,0
00-0037208,Jack Cochrane,LB,KC,8,0,0,0,0,0,0,0
00-0037224,Cameron Dicker,K,LAC,8,0,0,0,0,0,0,0
00-0037228,Jaylen Warren,RB,PIT,8,0,0,13,62,3,2,11
00-0037237,Derek Stingley Jr.,CB,HOU,8,0,0,0,0,0,0,0
00-0037239,Chris Olave,WR,NO,8,0,0,1,-3,12,8,63
00-0037241,Trevor Penning,OT,NO,8,0,0,0,0,0,0,0
00-0037242,Kaiir Elam,CB,DAL,8,0,0,0,0,0,0,0
00-0037246,Jalen Pitre,SAF,HOU,8,0,0,0,0,0,0,0
00-0037247,George Pickens,WR,DAL,8,0,0,0,0,9,7,78
00-0037248,James Cook,RB,BUF,8,0,0,19,216,0,0,0
00-0037249,Nik Bonitto,LB,DEN,8,0,0,0,0,0,0,0
00-0037251,Alex Wright,DE,CLE,8,0,0,0,0,0,0,0
00-0037253,Marcus Jones,CB,NE,8,0,0,0,0,0,0,0
00-0037256,Rachaad White,RB,TB,8,0,0,13,35,2,2,26
00-0037258,Dameon Pierce,RB,HOU,8,0,0,0,0,0,0,0
00-0037260,DJ Davidson,DT,NYG,8,0,0,0,0,0,0,0
00-0037261,Khalil Shakir,WR,BUF,8,0,0,0,0,7,6,88
00-0037263,Tyler Allgeier,RB,ATL,8,0,0,4,4,2,2,10
00-0037267,Jerome Ford,RB,CLE,8,0,0,0,0,2,1,-1
00-0037268,Zyon McCollum,CB,TB,8,0,0,0,0,0,0,0
00-0037269,Eric Johnson,DT,IND,8,0,0,0,0,0,0,0
00-0037271,D'Marco Jackson,LB,CHI,8,0,0,0,0,0,0,0
00-0037274,Esezi Otomewo,DT,PIT,8,0,0,0,0,0,0,0
00-0037275,DaRon Bland,CB,DAL,8,0,0,0,0,0,0,0
00-0037281,Damone Clark,LB,DAL,8,0,0,0,0,0,0,0
00-0037283,John Ridgeway,DT,NO,8,0,0,0,0,0,0,0
00-0037284,Matt Araiza,P,KC,8,0,0,0,0,0,0,0
00-0037288,Christian Benford,CB,BUF,8,0,0,0,0,0,0,0
00-0037291,Jalen Nailor,WR,MIN,8,0,0,0,0,1,0,0
00-0037292,Andrew Ogletree,TE,IND,8,0,0,0,0,1,0,0
00-0037298,Sam Roberts,DE,ATL,8,0,0,0,0,0,0,0
00-0037301,Theo Jackson,DB,MIN,8,0,0,0,0,0,0,0
00-0037304,Connor Heyward,FB,PIT,8,0,0,0,0,0,0,0
00-0037306,John FitzPatrick,TE,GB,8,0,0,0,0,1,1,4
00-0037307,Ja'Sir Taylor,CB,LAC,8,0,0,0,0,0,0,0
00-0037310,James Houston,LB,DAL,8,0,0,0,0,0,0,0
00-0037315,Cameron Goode,LB,MIA,8,0,0,0,0,0,0,0
00-0037323,Rodney Thomas,SAF,IND,8,0,0,0,0,0,0,0
00-0037336,Brock Hoffman,C,DAL,8,0,0,0,0,0,0,0
00-0037348,Tanner Conner,TE,MIA,8,0,0,0,0,2,2,6
00-0037364,Arron Mosby,DE,GB,8,0,0,0,0,0,0,0
00-0037384,Ja'Quan McMillian,CB,DEN,8,0,0,0,0,0,0,0
00-0037457,Jake Hansen,LB,HOU,8,0,0,0,0,0,0,0
00-0037468,Raheem Layne,SAF,NYG,8,0,0,0,0,0,0,0
00-0037500,Ryan Wright,P,MIN,8,0,0,0,0,0,0,0
00-0037525,Jordan Mason,RB,MIN,8,0,0,4,3,1,1,3
00-0037542,John Parker Romo,K,ATL,8,0,0,0,0,0,0,0
00-0037545,Rashid Shaheed,WR,NO,8,0,0,0,0,12,9,75
00-0037547,Daniel Whelan,P,GB,8,0,0,0,0,0,0,0
00-0037549,Darrell Baker Jr.,CB,TEN,8,0,0,0,0,0,0,0
00-0037561,Markquese Bell,SAF,DAL,8,0,0,0,0,0,0,0
00-0037563,Malik Davis,RB,DAL,8,0,0,2,3,0,0,0
00-0037594,Julius Chestnut,RB,TEN,8,0,0,2,5,0,0,0
00-0037596,Jack Gibbens,LB,NE,8,0,0,0,0,0,0,0
00-0037602,Sam Okuayinonu,DT,SF,8,0,0,0,0,0,0,0
00-0037611,Kayvon Thibodeaux,LB,NYG,8,0,0,0,0,0,0,0
00-0037615,Nakobe Dean,LB,PHI,8,0,0,0,0,0,0,0
00-0037616,Nick Cross,SAF,IND,8,0,0,0,0,0,0,0
00-0037633,Jacob Hummel,LB,BAL,8,0,0,0,0,0,0,0
00-0037661,Ja'Marcus Ingram,CB,BUF,8,0,0,0,0,0,0,0
00-0037663,Jermaine Johnson II,DE,NYJ,8,0,0,0,0,0,0,0
00-0037664,Alec Pierce,WR,IND,8,0,0,0,0,5,2,69
00-0037665,Sam Williams,LB,DAL,8,0,0,0,0,0,0,0
00-0037666,Jalen Tolbert,WR,DAL,8,0,0,0,0,2,2,47
00-0037692,Brandon Aubrey,K,DAL,8,0,0,0,0,0,0,0
00-0037741,Jahan Dotson,WR,PHI,8,0,0,0,0,2,1,40
00-0037743,Daxton Hill,DB,CIN,8,0,0,0,0,0,0,0
00-0037746,Brian Robinson,RB,SF,8,0,0,0,0,0,0,0
00-0037753,Cam Taylor-Britt,CB,CIN,8,0,0,0,0,0,0,0
00-0037756,Travis Jones,DT,BAL,8,0,0,0,0,0,0,0
00-0037758,Cordale Flott,CB,NYG,8,0,0,0,0,0,0,0
00-0037799,Dondrea Tillman,LB,DEN,8,0,0,0,0,0,0,0
00-0037801,KaVontae Turpin,WR,DAL,8,0,0,0,0,5,1,-2
00-0037805,Jeremy Ruckert,TE,NYJ,8,0,0,0,0,1,1,24
00-0037808,DeAngelo Malone,LB,ATL,8,0,0,0,0,0,0,0
00-0037809,Chig Okonkwo,TE,TEN,8,0,0,0,0,5,4,53
00-0037815,Cameron Thomas,DE,CLE,8,0,0,0,0,0,0,0
00-0037816,Romeo Doubs,WR,GB,8,0,0,0,0,6,3,44
00-0037819,Leo Chenal,LB,KC,8,0,0,0,0,0,0,0
00-0037832,Kalia Davis,DT,SF,8,0,0,0,0,0,0,0
00-0037837,Calvin Austin III,WR,PIT,8,0,0,0,0,6,4,28
00-0037838,Isaiah Likely,TE,BAL,8,0,0,0,0,2,2,8
00-0037843,Daniel Hardy,DE,CHI,8,0,0,0,0,0,0,0
00-0038038,Kyle Hamilton,SAF,BAL,8,0,0,0,0,0,0,0
00-0038039,Jack Jones,CB,MIA,8,0,0,0,0,0,0,0
00-0038041,Jake Ferguson,TE,DAL,8,0,0,0,0,1,0,0
00-0038043,Joshua Williams,CB,KC,8,0,0,0,0,0,0,0
00-0038046,Charlie Kolar,TE,BAL,8,0,0,0,0,1,1,10
00-0038090,Skyy Moore,WR,SF,8,0,0,0,0,1,0,0
00-0038094,Jordan Stout,P,BAL,8,0,0,0,0,0,0,0
00-0038100,Percy Butler,SAF,WAS,8,0,0,0,0,0,0,0
00-0038101,Akayleb Evans,CB,CAR,8,0,0,0,0,0,0,0
00-0038106,Eyioma Uwazurike,DT,DEN,8,0,0,0,0,0,0,0
00-0038107,Micheal Clemons,DE,NYJ,8,0,0,0,0,0,0,0
00-0038115,Daniel Bellinger,TE,NYG,8,0,0,0,0,1,1,21
00-0038116,Arnold Ebiketie,LB,ATL,8,0,0,0,0,0,0,0
00-0038117,Wan'Dale Robinson,WR,NYG,8,0,0,0,0,4,3,48
00-0038119,Jalyn Armour-Davis,CB,TEN,8,0,0,0,0,0,0,0
00-0038120,Breece Hall,RB,NYJ,8,1,4,18,133,3,2,14
00-0038121,Alontae Taylor,CB,NO,8,0,0,0,0,0,0,0
00-0038123,Dane Belton,SAF,NYG,8,0,0,0,0,0,0,0
00-0038124,Christian Watson,WR,GB,8,0,0,0,0,4,4,85
00-0038125,Roger McCreary,CB,TEN,8,0,0,0,0,0,0,0
00-0038127,Logan Hall,DE,TB,8,0,0,0,0,0,0,0
00-0038129,Cade Otton,TE,TB,8,0,0,0,0,5,4,40
00-0038135,Jaquan Brisker,SAF,CHI,8,0,0,0,0,0,0,0
00-0038142,David Ojabo,LB,BAL,8,0,0,0,0,0,0,0
00-0038386,Jalen Carter,DT,PHI,8,0,0,0,0,0,0,0
00-0038387,Colby Wooden,DE,GB,8,0,0,0,0,0,0,0
00-0038390,Noah Sewell,LB,CHI,8,0,0,0,0,0,0,0
00-0038398,Karl Brooks,DT,GB,8,0,0,0,0,0,0,0
00-0038400,Tanner McKee,QB,PHI,8,0,0,3,-2,0,0,0
00-0038408,Carrington Valentine,DB,GB,8,0,0,0,0,0,0,0
00-0038412,Moro Ojomo,DT,PHI,8,0,0,0,0,0,0,0
00-0038414,Kendall Williamson,SAF,LAC,8,0,0,0,0,0,0,0
00-0038428,Andre Szmyt,K,CLE,8,0,0,0,0,0,0,0
00-0038440,Zavier Scott,RB,MIN,8,0,0,2,16,2,2,8
00-0038454,Keaton Mitchell,RB,BAL,8,0,0,4,43,0,0,0
00-0038465,Malik Heath,WR,GB,8,0,0,0,0,3,3,29
00-0038493,Claudin Cherelus,LB,CAR,8,0,0,0,0,0,0,0
00-0038496,Xavier Gipson,WR,PHI,8,0,0,0,0,1,1,3
00-0038519,Nikko Remigio,WR,KC,8,0,0,0,0,0,0,0
00-0038542,Bijan Robinson,RB,ATL,8,0,0,9,25,3,3,23
00-0038545,Mazi Smith,DT,DAL,8,0,0,0,0,0,0,0
00-0038546,Myles Murphy,DE,CIN,8,0,0,0,0,0,0,0
00-0038547,Luke Schoonmaker,TE,DAL,8,0,0,0,0,3,2,25
00-0038549,DJ Turner II,CB,CIN,8,0,0,0,0,0,0,0
00-0038552,Riley Moss,CB,DEN,8,0,0,0,0,0,0,0
00-0038553,Daiyan Henley,LB,LAC,8,0,0,0,0,0,0,0
00-0038554,Ji'Ayir Brown,SAF,SF,8,0,0,0,0,0,0,0
00-0038555,Tank Bigsby,RB,PHI,8,0,0,9,104,0,0,0
00-0038557,Dorian Williams,LB,BUF,8,0,0,0,0,0,0,0
00-0038560,Jordan Battle,SAF,CIN,8,0,0,0,0,0,0,0
00-0038564,Cameron Latu,TE,PHI,8,0,0,0,0,0,0,0
00-0038565,Mekhi Blackmon,DB,IND,8,0,0,0,0,0,0,0
00-0038573,Derius Davis,WR,LAC,8,0,0,0,0,0,0,0
00-0038574,Isaiah McGuire,DE,CLE,8,0,0,0,0,0,0,0
00-0038576,Charlie Jones,WR,CIN,8,0,0,0,0,0,0,0
00-0038577,Nick Herbig,LB,PIT,8,0,0,0,0,0,0,0
00-0038578,Jay Ward,SAF,MIN,8,0,0,0,0,0,0,0
00-0038585,Cameron Mitchell,DB,IND,8,0,0,0,0,0,0,0
00-0038588,Jordan Howden,SAF,NO,8,0,0,0,0,0,0,0
00-0038597,Chase Brown,RB,CIN,8,0,0,12,73,3,3,32
00-0038599,Henry To'oTo'o,LB,HOU,8,0,0,0,0,0,0,0
00-0038603,Robert Beal Jr.,DE,SF,8,0,0,0,0,0,0,0
00-0038605,JL Skinner,SAF,DEN,8,0,0,0,0,0,0,0
00-0038608,Kayshon Boutte,WR,NE,8,0,0,0,0,5,3,75
00-0038610,Bryce Baringer,P,NE,8,0,0,0,0,0,0,0
00-0038611,Chris Rodriguez Jr.,RB,WAS,8,0,0,1,2,0,0,0
00-0038618,Xavier Hutchinson,WR,HOU,8,0,0,0,0,6,5,69
00-0038619,Andrei Iosivas,WR,CIN,8,0,0,0,0,3,0,0
00-0038621,DeMario Douglas,WR,NE,8,0,0,2,3,1,1,44
00-0038625,Dee Winters,LB,SF,8,0,0,0,0,0,0,0
00-0038642,D.J. Ivey,CB,CIN,8,0,0,0,0,0,0,0
00-0038645,Spencer Anderson,G,PIT,8,0,0,0,0,1,1,4
00-0038646,Alex Austin,CB,NE,8,0,0,0,0,0,0,0
00-0038653,Cory Durden,DT,NE,8,0,0,0,0,0,0,0
00-0038684,Ethan Bonner,CB,MIA,8,0,0,0,0,0,0,0
00-0038685,Chris Brooks,RB,GB,8,0,0,0,0,0,0,0
00-0038703,Kendell Brooks,SAF,TEN,8,0,0,0,0,0,0,0
00-0038711,Mohamoud Diabate,LB,CLE,8,0,0,0,0,0,0,0
00-0038715,Ronnie Hickman Jr.,SAF,CLE,8,0,0,0,0,0,0,0
00-0038724,Ali Gaye,DE,TEN,8,0,0,0,0,0,0,0
00-0038728,Jared Wayne,WR,HOU,8,0,0,0,0,2,2,20
00-0038738,Hunter Luepke,RB,DAL,8,0,0,1,2,0,0,0
00-0038778,Jalen Redmond,DL,MIN,8,0,0,0,0,0,0,0
00-0038783,Nate Adkins,TE,DEN,8,0,0,0,0,1,0,0
00-0038791,Thomas Incoom,LB,CAR,8,0,0,0,0,0,0,0
00-0038797,Emanuel Wilson,RB,GB,8,0,0,11,61,4,3,26
00-0038807,Ivan Pace Jr.,LB,MIN,8,0,0,0,0,0,0,0
00-0038820,Christian Izien,SAF,TB,8,0,0,0,0,0,0,0
00-0038840,Brycen Tremayne,WR,CAR,8,0,0,0,0,0,0,0
00-0038905,Blake Grupe,K,NO,8,0,0,0,0,0,0,0
00-0038933,Dalton Kincaid,TE,BUF,8,0,0,0,0,3,1,23
00-0038936,Juice Scruggs,C,HOU,8,0,0,0,0,0,0,0
00-0038951,Sean Tucker,RB,TB,8,0,0,12,42,0,0,0
00-0038958,Markees Watts,LB,TB,8,0,0,0,0,0,0,0
00-0038966,Natrone Brooks,DB,ATL,8,0,0,0,0,0,0,0
00-0038976,Marvin Mims Jr.,WR,DEN,8,0,0,3,18,1,0,0
00-0038978,Byron Young,DT,PHI,8,0,0,0,0,0,0,0
00-0038982,Chamarri Conner,DB,KC,8,0,0,0,0,0,0,0
00-0038994,Jordan Addison,WR,MIN,8,0,0,0,0,4,3,26
00-0038995,Bryan Bresee,DT,NO,8,0,0,0,0,0,0,0
00-0038996,Tucker Kraft,TE,GB,8,0,0,0,0,9,7,143
00-0038997,Josh Downs,WR,IND,8,0,0,0,0,3,3,39
00-0039000,Deonte Banks,CB,NYG,8,0,0,0,0,0,0,0
00-0039002,Sydney Brown,SAF,PHI,8,0,0,0,0,0,0,0
00-0039009,Dylan Horton,DE,HOU,8,0,0,0,0,0,0,0
00-0039030,Jake Andrews,C,HOU,8,0,0,0,0,0,0,0
00-0039031,Adetomiwa Adebawore,DT,IND,8,0,0,0,0,0,0,0
00-0039032,Tyjae Spears,RB,TEN,8,0,0,9,59,3,3,23
00-0039040,De'Von Achane,RB,MIA,8,0,0,18,67,7,5,24
00-0039048,Matthew Bergeron,OL,ATL,8,0,0,0,0,0,0,0
00-0039049,SirVocea Dennis,LB,TB,8,0,0,0,0,0,0,0
00-0039051,Josh Hayes,DB,TB,8,0,0,0,0,0,0,0
00-0039054,Marte Mapu,LB,NE,8,0,0,0,0,0,0,0
00-0039064,Zay Flowers,WR,BAL,8,0,0,1,8,9,7,63
00-0039067,Rashee Rice,WR,KC,8,0,0,2,12,9,9,93
00-0039068,Yaya Diaby,LB,TB,8,0,0,0,0,0,0,0
00-0039070,Gervon Dexter Sr.,DT,CHI,8,0,0,0,0,0,0,0
00-0039108,Will Anderson Jr.,DE,HOU,8,0,0,0,0,0,0,0
00-0039110,Keeanu Benton,DT,PIT,8,0,0,0,0,0,0,0
00-0039111,Tuli Tuipulotu,LB,LAC,8,0,0,0,0,0,0,0
00-0039140,Kelee Ringo,CB,PHI,8,0,0,0,0,0,0,0
00-0039142,Will McDonald IV,DE,NYJ,8,0,0,0,0,0,0,0
00-0039144,Luke Musgrave,TE,GB,8,0,0,0,0,1,1,5
00-0039147,Christian Gonzalez,CB,NE,8,0,0,0,0,0,0,0
00-0039149,Quan Martin,SAF,WAS,8,0,0,0,0,0,0,0
00-0039163,C.J. Stroud,QB,HOU,8,39,318,7,30,0,0,0
00-0039167,Joey Porter Jr.,CB,PIT,8,0,0,0,0,0,0,0
00-0039176,Basil Okoye,DT,BAL,8,0,0,0,0,0,0,0
00-0039178,Austin Ajiake,LB,IND,8,0,0,0,0,0,0,0
00-0039207,Durell Nchami,DE,IND,8,0,0,0,0,0,0,0
00-0039232,Nate Wiggins,CB,BAL,8,0,0,0,0,0,0,0
00-0039234,T.J. Tampa,CB,BAL,8,0,0,0,0,0,0,0
00-0039284,Braiden McGregor,DE,NYJ,8,0,0,0,0,0,0,0
00-0039323,Ryan Rehkow,P,CIN,8,0,0,0,0,0,0,0
00-0039324,Christian Roland-Wallace,CB,KC,8,0,0,0,0,0,0,0
00-0039332,C.J. Ravenell,DE,TEN,8,0,0,0,0,0,0,0
00-0039340,Laiatu Latu,DE,IND,8,0,0,0,0,0,0,0
00-0039341,Tyler Guyton,OT,DAL,8,0,0,0,0,0,0,0
00-0039342,Xavier Legette,WR,CAR,8,0,0,0,0,3,2,17
00-0039343,Kamari Lassiter,CB,HOU,8,0,0,0,0,0,0,0
00-0039345,Renardo Green,CB,SF,8,0,0,0,0,0,0,0
00-0039347,Trevin Wallace,LB,CAR,8,0,0,0,0,0,0,0
00-0039352,Marist Liufau,LB,DAL,8,0,0,0,0,0,0,0
00-0039355,Luke McCaffrey,WR,WAS,8,0,0,0,0,3,3,24
00-0039356,Ja'Tavion Sanders,TE,CAR,8,0,0,0,0,3,3,19
00-0039360,Malik Mustapha,SAF,SF,8,0,0,0,0,0,0,0
00-0039366,Tarheeb Still,CB,LAC,8,0,0,0,0,0,0,0
00-0039368,Jordan Magee,LB,WAS,8,0,0,0,0,0,0,0
00-0039369,Cam Hart,CB,LAC,8,0,0,0,0,0,0,0
00-0039370,JD Bertrand,LB,ATL,8,0,0,0,0,0,0,0
00-0039371,Kris Abrams-Draine,CB,DEN,8,0,0,0,0,0,0,0
00-0039372,Jarvis Brownlee Jr.,DB,NYJ,8,0,0,0,0,0,0,0
00-0039375,Josh Newton,CB,CIN,8,0,0,0,0,0,0,0
00-0039376,Spencer Rattler,QB,NO,8,21,136,3,12,0,0,0
00-0039379,Jamari Thrash,WR,CLE,8,0,0,0,0,3,2,31
00-0039380,Chau Smith-Wade,CB,CAR,8,0,0,0,0,0,0,0
00-0039384,Tyrone Tracy Jr.,RB,NYG,8,0,0,10,39,3,2,14
00-0039391,Kimani Vidal,RB,LAC,8,0,0,23,117,2,1,10
00-0039394,Casey Washington,WR,ATL,8,0,0,0,0,1,1,25
00-0039398,Joe Milton III,QB,DAL,8,4,58,0,0,0,0,0
00-0039404,Will Reichard,K,MIN,8,0,0,0,0,0,0,0
00-0039410,Ryan Flournoy,WR,DAL,8,0,0,0,0,2,1,7
00-0039417,Myles Harden,CB,CLE,8,0,0,0,0,0,0,0
00-0039421,Levi Drake Rodriguez,DL,MIN,8,0,0,0,0,0,0,0
00-0039424,Devaughn Vele,WR,NO,8,0,0,0,0,5,1,10
00-0039435,Tatum Bethune,LB,SF,8,0,0,0,0,0,0,0
00-0039436,Jaylen Harrell,DE,TEN,8,0,0,0,0,0,0,0
00-0039451,Isaiah Williams,WR,NYJ,8,0,0,1,25,4,3,31
00-0039460,Carl Jones,LB,CHI,8,0,0,0,0,0,0,0
00-0039465,Reddy Steward,DB,DAL,8,0,0,0,0,0,0,0
00-0039489,Hayden Rucci,TE,MIA,8,0,0,0,0,0,0,0
00-0039491,Jalen Coker,WR,CAR,8,0,0,0,0,4,3,36
00-0039530,Brevyn Spann-Ford,TE,DAL,8,0,0,0,0,1,1,9
00-0039589,Kameron Johnson,WR,TB,8,0,0,0,0,0,0,0
00-0039603,British Brooks,RB,HOU,8,0,0,0,0,0,0,0
00-0039622,Isaiah Stalbird,LB,NO,8,0,0,0,0,0,0,0
00-0039623,Mason Tipton,WR,NO,8,0,0,0,0,1,0,0
00-0039632,PJ Jules,SAF,CIN,8,0,0,0,0,0,0,0
00-0039634,Austin McNamara,P,NYJ,8,0,0,0,0,0,0,0
00-0039648,David Martin-Robinson,TE,TEN,8,0,0,0,0,0,0,0
00-0039681,Tyler Owens,DB,WAS,8,0,0,0,0,0,0,0
00-0039718,Bo Richter,LB,MIN,8,0,0,0,0,0,0,0
00-0039732,Bo Nix,QB,DEN,8,29,247,1,-1,0,0,0
00-0039733,Ruke Orhorhoro,DT,ATL,8,0,0,0,0,0,0,0
00-0039736,Matt Goncalves,G,IND,8,0,0,0,0,0,0,0
00-0039739,Roman Wilson,WR,PIT,8,0,0,0,0,5,4,74
00-0039740,Jalyx Hunt,LB,PHI,8,0,0,0,0,0,0,0
00-0039741,Payton Wilson,LB,PIT,8,0,0,0,0,0,0,0
00-0039745,Tory Taylor,P,CHI,8,0,0,0,0,0,0,0
00-0039746,Will Shipley,RB,PHI,8,0,0,3,2,0,0,0
00-0039757,Terrell Jennings,RB,NE,8,0,0,2,15,0,0,0
00-0039763,Joe Andreessen,LB,BUF,8,0,0,0,0,0,0,0
00-0039789,Qwan'tez Stiggers,DB,NYJ,8,0,0,0,0,0,0,0
00-0039796,Rasheen Ali,RB,BAL,8,0,0,0,0,0,0,0
00-0039798,Isaiah Davis,RB,NYJ,8,0,0,7,65,5,5,44
00-0039809,Jonah Elliss,LB,DEN,8,0,0,0,0,0,0,0
00-0039813,Evan Williams,SAF,GB,8,0,0,0,0,0,0,0
00-0039816,Anthony Gould,WR,IND,8,0,0,0,0,0,0,0
00-0039821,Andru Phillips,DB,NYG,8,0,0,0,0,0,0,0
00-0039825,Jaden Hicks,SAF,KC,8,0,0,0,0,0,0,0
00-0039826,Jeremiah Trotter Jr.,LB,PHI,8,0,0,0,0,0,0,0
00-0039829,Darius Muasau,LB,NYG,8,0,0,0,0,0,0,0
00-0039835,Justin Eboigbe,DT,LAC,8,0,0,0,0,0,0,0
00-0039838,Calen Bullock,SAF,HOU,8,0,0,0,0,0,0,0
00-0039841,Cooper DeJean,CB,PHI,8,0,0,0,0,0,0,0
00-0039846,Tykee Smith,DB,TB,8,0,0,0,0,0,0,0
00-0039847,Theo Johnson,TE,NYG,8,0,0,0,0,4,3,20
00-0039850,Edgerrin Cooper,LB,GB,8,0,0,0,0,0,0,0
00-0039851,Drake Maye,QB,NE,8,24,282,7,50,0,0,0
00-0039858,Cedric Gray,LB,TEN,8,0,0,0,0,0,0,0
00-0039859,Brandon Dorlus,DE,ATL,8,0,0,0,0,0,0,0
00-0039860,Kool-Aid McKinstry,CB,NO,8,0,0,0,0,0,0,0
00-0039861,Tyler Nubin,SAF,NYG,8,0,0,0,0,0,0,0
00-0039867,Javon Bullard,SAF,GB,8,0,0,0,0,0,0,0
00-0039868,Troy Franklin,WR,DEN,8,0,0,0,0,8,6,89
00-0039872,Cole Bishop,SAF,BUF,8,0,0,0,0,0,0,0
00-0039874,Jaylen Wright,RB,MIA,8,0,0,9,28,1,1,0
00-0039875,Ray Davis,RB,BUF,8,0,0,9,16,1,0,0
00-0039879,Javon Solomon,LB,BUF,8,0,0,0,0,0,0,0
00-0039880,Malik Washington,WR,MIA,8,0,0,0,0,5,4,36
00-0039886,T'Vondre Sweat,DT,TEN,8,0,0,0,0,0,0,0
00-0039888,Quinyon Mitchell,CB,PHI,8,0,0,0,0,0,0,0
00-0039890,Adonai Mitchell,WR,IND,8,0,0,0,0,1,0,0
00-0039894,Xavier Worthy,WR,KC,8,0,0,0,0,7,5,53
00-0039897,Joe Alt,OT,LAC,8,0,0,0,0,0,0,0
00-0039898,Mike Sainristil,CB,WAS,8,0,0,0,0,0,0,0
00-0039899,Patrick Paul,OT,MIA,8,0,0,0,0,0,0,0
00-0039900,Marshawn Kneeland,DE,DAL,8,0,0,0,0,0,0,0
00-0039901,Keon Coleman,WR,BUF,8,0,0,0,0,4,3,30
00-0039902,Chris Braswell,LB,TB,8,0,0,0,0,0,0,0
00-0039905,Graham Barton,C,TB,8,0,0,0,0,0,0,0
00-0039906,Jer'Zhan Newton,DT,WAS,8,0,0,0,0,0,0,0
00-0039912,Ben Sinnott,TE,WAS,8,0,0,0,0,1,1,22
00-0039915,Ladd McConkey,WR,LAC,8,0,0,0,0,10,6,88
00-0039918,Caleb Williams,QB,CHI,8,38,285,3,24,0,0,0
00-0039919,Rome Odunze,WR,CHI,8,0,0,0,0,10,7,114
00-0039920,Malachi Corley,WR,CLE,8,0,0,1,31,0,0,0
00-0039924,Dallas Turner,LB,MIN,8,0,0,0,0,0,0,0
00-0040009,Savion Williams,WR,GB,8,0,0,1,1,1,1,8
00-0040010,Barryn Sorrell,DE,GB,8,0,0,0,0,0,0,0
00-0040011,Shemar James,LB,DAL,8,0,0,0,0,0,0,0
00-0040045,Alijah Clark,DB,DAL,8,0,0,0,0,0,0,0
00-0040069,Teddye Buchanan,LB,BAL,8,0,0,0,0,0,0,0
00-0040072,Jeffrey Bassa,LB,KC,8,0,0,0,0,0,0,0
00-0040074,Tyler Loop,K,BAL,8,0,0,0,0,0,0,0
00-0040078,Brashard Smith,RB,KC,8,0,0,3,8,0,0,0
00-0040100,Jay Higgins,LB,BAL,8,0,0,0,0,0,0,0
00-0040104,Keondre Jackson,SAF,BAL,8,0,0,0,0,0,0,0
00-0040118,Cooper McDonald,LB,KC,8,0,0,0,0,0,0,0
00-0040124,Tetairoa McMillan,WR,CAR,8,0,0,0,0,10,7,99
00-0040126,Colston Loveland,TE,CHI,8,0,0,0,0,5,3,38
00-0040127,Kenneth Grant,DT,MIA,8,0,0,0,0,0,0,0
00-0040128,Tyler Warren,TE,IND,8,0,0,0,0,5,4,53
00-0040129,Emeka Egbuka,WR,TB,8,0,0,0,0,9,3,35
00-0040130,Jayden Higgins,WR,HOU,8,0,0,0,0,8,4,34
00-0040133,Azareye'h Thomas,CB,NYJ,8,0,0,0,0,0,0,0
00-0040134,Pat Bryant,WR,DEN,8,0,0,0,0,4,2,40
00-0040138,Jaylin Noel,WR,HOU,8,0,0,0,0,6,5,63
00-0040140,Dylan Fairchild,G,CIN,8,0,0,0,0,0,0,0
00-0040141,Kevin Winston Jr.,SAF,TEN,8,0,0,0,0,0,0,0
00-0040143,Jacob Parrish,CB,TB,8,0,0,0,0,0,0,0
00-0040147,Jared Wilson,C,NE,8,0,0,0,0,0,0,0
00-0040148,Xavier Watts,SAF,ATL,8,0,0,0,0,0,0,0
00-0040152,Upton Stout,CB,SF,8,0,0,0,0,0,0,0
00-0040155,Danny Stutsman,LB,NO,8,0,0,0,0,0,0,0
00-0040157,Barrett Carter,LB,CIN,8,0,0,0,0,0,0,0
00-0040159,Lathan Ransom,SAF,CAR,8,0,0,0,0,0,0,0
00-0040162,Dylan Sampson,RB,CLE,8,0,0,3,0,6,5,29
00-0040164,Jaylin Lane,WR,WAS,8,0,0,0,0,2,1,0
00-0040165,Malachi Moore,SAF,NYJ,8,0,0,0,0,0,0,0
00-0040166,Quincy Riley,CB,NO,8,0,0,0,0,0,0,0
00-0040170,Elic Ayomanor,WR,TEN,8,0,0,0,0,8,4,52
00-0040171,Joshua Farmer,DT,NE,8,0,0,0,0,0,0,0
00-0040172,Jordan Watkins,WR,SF,8,0,0,0,0,2,1,7
00-0040175,Jordan Phillips,DT,MIA,8,0,0,0,0,0,0,0
00-0040182,Dante Trader Jr.,SAF,MIA,8,0,0,0,0,0,0,0
00-0040183,Elijah Roberts,DE,TB,8,0,0,0,0,0,0,0
00-0040185,Marques Sigle,SAF,SF,8,0,0,0,0,0,0,0
00-0040186,Francisco Mauigoa,LB,NYJ,8,0,0,0,0,0,0,0
00-0040188,Yahya Black,DE,PIT,8,0,0,0,0,0,0,0
00-0040189,Oronde Gadsden II,TE,LAC,8,0,0,0,0,5,5,77
00-0040192,Jordan Hancock,CB,BUF,8,0,0,0,0,0,0,0
00-0040194,Jackson Hawes,TE,BUF,8,0,0,0,0,3,2,15
00-0040198,Ollie Gordon II,RB,MIA,8,0,0,10,46,1,1,20
00-0040200,Andy Borregales,K,NE,8,0,0,0,0,0,0,0
00-0040201,Marcus Harris,CB,TEN,8,0,0,0,0,0,0,0
00-0040202,Devin Neal,RB,NO,8,0,0,0,0,3,3,11
00-0040206,Riley Leonard,QB,IND,8,2,0,1,1,0,0,0
00-0040208,Tahj Brooks,RB,CIN,8,0,0,0,0,0,0,0
00-0040218,Jimmy Horn Jr.,WR,CAR,8,0,0,2,9,1,0,0
00-0040221,R.J. Mickens,SAF,LAC,8,0,0,0,0,0,0,0
00-0040223,Jeremy Crawshaw,P,DEN,8,0,0,0,0,0,0,0
00-0040231,Carson Bruener,LB,PIT,8,0,0,0,0,0,0,0
00-0040236,Kyle Monangai,RB,CHI,8,0,0,7,24,0,0,0
00-0040237,Tez Johnson,WR,TB,8,0,0,0,0,6,5,43
00-0040242,Jacory Croskey-Merritt,RB,WAS,8,0,0,9,25,1,0,0
00-0040243,Korie Black,CB,NYG,8,0,0,0,0,0,0,0
00-0040245,Connor Colby,G,SF,8,0,0,0,0,0,0,0
00-0040251,Trikweze Bridges,DB,DAL,8,0,0,0,0,0,0,0
00-0040258,Dom Jones,CB,CLE,8,0,0,0,0,0,0,0
00-0040259,Gage Larvadain,WR,CLE,8,0,0,1,3,0,0,0
00-0040263,Donovan McMillon,SAF,CLE,8,0,0,0,0,0,0,0
00-0040277,Jahdae Walker,WR,CHI,8,0,0,0,0,0,0,0
00-0040279,Ryan Fitzgerald,K,CAR,8,0,0,0,0,0,0,0
00-0040289,Bam Martin-Scott,LB,CAR,8,0,0,0,0,0,0,0
00-0040296,Corey Thornton,CB,CAR,8,0,0,0,0,0,0,0
00-0040347,Johnathan Edwards,DB,IND,8,0,0,0,0,0,0,0
00-0040357,Trey Washington,SAF,IND,8,0,0,0,0,0,0,0
00-0040416,John Bullock,LB,TB,8,0,0,0,0,0,0,0
00-0040429,Josh Williams,RB,TB,8,0,0,4,11,0,0,0
00-0040432,Beaux Collins,WR,NYG,8,0,0,0,0,2,1,18
00-0040449,Karene Reid,LB,DEN,8,0,0,0,0,0,0,0
00-0040460,Marlowe Wax,LB,LAC,8,0,0,0,0,0,0,0
00-0040492,Tyler Batty,LB,MIN,8,0,0,0,0,0,0,0
00-0040494,Max Brosmer,QB,MIN,8,4,13,0,0,0,0,0
00-0040501,Austin Keys,LB,MIN,8,0,0,0,0,0,0,0
00-0040506,Myles Price,WR,MIN,8,0,0,0,0,0,0,0
00-0040509,Ben Yurosek,TE,MIN,8,0,0,0,0,2,1,5
00-0040534,Ke'Shawn Williams,WR,PIT,8,0,0,0,0,0,0,0
00-0040547,Nate Carter,RB,ATL,8,0,0,2,14,0,0,0
00-0040574,Elijah Ponder,LB,NE,8,0,0,0,0,0,0,0
00-0040578,James Pearce Jr.,DE,ATL,8,0,0,0,0,0,0,0
00-0040579,Carson Schwesinger,LB,CLE,8,0,0,0,0,0,0,0
00-0040582,Arian Smith,WR,NYJ,8,0,0,0,0,1,1,23
00-0040583,Woody Marks,RB,HOU,8,0,0,11,62,4,4,49
00-0040584,Gunnar Helm,TE,TEN,8,0,0,0,0,3,2,23
00-0040586,Jaydon Blue,RB,DAL,8,0,0,8,29,0,0,0
00-0040634,Jordan Turner,LB,DEN,8,0,0,0,0,0,0,0
00-0040636,Keyon Martin,CB,BAL,8,0,0,0,0,0,0,0
00-0040640,Ashton Gillotte,DE,KC,8,0,0,0,0,0,0,0
00-0040643,Jonas Sanker,SAF,NO,8,0,0,0,0,0,0,0
00-0040644,Trevor Etienne,RB,CAR,8,0,0,4,16,0,0,0
00-0040654,Kai Kroeger,P,NO,8,0,0,0,0,0,0,0
00-0040660,Mykel Williams,DE,SF,8,0,0,0,0,0,0,0
00-0040661,Donovan Jackson,G,MIN,8,0,0,0,0,0,0,0
00-0040663,Harold Fannin Jr.,TE,CLE,8,0,0,1,2,8,6,62
00-0040667,Matthew Golden,WR,GB,8,0,0,0,0,3,3,4
00-0040676,Cam Ward,QB,TEN,8,38,259,2,4,0,0,0
00-0040677,Abdul Carter,LB,NYG,8,0,0,0,0,0,0,0
00-0040678,Derrick Harmon,DT,PIT,8,0,0,0,0,0,0,0
00-0040685,Mason Graham,DT,CLE,8,0,0,0,0,0,0,0
00-0040686,Josh Conerly Jr.,OT,WAS,8,0,0,0,0,0,0,0
00-0040688,Malaki Starks,SAF,BAL,8,0,0,0,0,0,0,0
00-0040691,Jaxson Dart,QB,NYG,8,24,193,6,17,0,0,0
00-0040694,Darius Alexander,DT,NYG,8,0,0,0,0,0,0,0
00-0040704,Dillon Gabriel,QB,CLE,8,35,156,1,13,0,0,0
00-0040705,Chimere Dike,WR,TEN,8,0,0,1,1,8,7,93
00-0040708,Jihaad Campbell,LB,PHI,8,0,0,0,0,0,0,0
00-0040709,Maxwell Hairston,CB,BUF,8,0,0,0,0,0,0,0
00-0040710,Deone Walker,DT,BUF,8,0,0,0,0,0,0,0
00-0040715,Cam Skattebo,RB,NYG,8,0,0,3,12,2,1,18
00-0040716,Craig Woodson,SAF,NE,8,0,0,0,0,0,0,0
00-0040720,Jahdae Barron,CB,DEN,8,0,0,0,0,0,0,0
00-0040721,Alfred Collins,DT,SF,8,0,0,0,0,0,0,0
00-0040722,Mike Green,LB,BAL,8,0,0,0,0,0,0,0
00-0040725,Donovan Ezeiruaku,LB,DAL,8,0,0,0,0,0,0,0
00-0040727,Tre Harris,WR,LAC,8,0,0,0,0,2,2,8
00-0040730,RJ Harvey,RB,DEN,8,0,0,7,46,1,1,5
00-0040731,Trey Amos,CB,WAS,8,0,0,0,0,0,0,0
00-0040734,TreVeyon Henderson,RB,NE,8,0,0,10,75,0,0,0
00-0040735,Luther Burden III,WR,CHI,8,0,0,0,0,1,1,-1
00-0040736,Mason Taylor,TE,NYJ,8,0,0,0,0,8,5,34
00-0040738,Demetrius Knight Jr.,LB,CIN,8,0,0,0,0,0,0,0
00-0040743,Tyler Shough,QB,NO,8,30,128,3,12,0,0,0
00-0040744,Jaylahn Tuimolaou,DE,IND,8,0,0,0,0,0,0,0
00-0040746,Nic Scourton,LB,CAR,8,0,0,0,0,0,0,0
00-0040747,Benjamin Morrison,CB,TB,8,0,0,0,0,0,0,0
00-0040749,Andrew Mukuba,SAF,PHI,8,0,0,0,0,0,0,0
00-0040756,Shemar Stewart,DE,CIN,8,0,0,0,0,0,0,0
00-0040782,Isaiah Bond,WR,CLE,8,0,0,0,0,4,0,0
00-0040784,Quinshon Judkins,RB,CLE,8,0,0,9,19,3,3,-2
,,,MIN,8,0,0,0,0,0,0,0
00-0023459,Aaron Rodgers,QB,PIT,9,35,203,2,0,0,0,0
00-0023853,Matt Prater,K,BUF,9,0,0,0,0,0,0,0
00-0026158,Joe Flacco,QB,CIN,9,47,470,1,-1,0,0,0
00-0026190,Calais Campbell,DE,ARI,9,0,0,0,0,0,0,0
00-0026498,Matthew Stafford,QB,LA,9,32,281,4,-4,0,0,0
00-0026858,Graham Gano,K,NYG,9,0,0,0,0,0,0,0
00-0027114,Thomas Morstead,P,SF,9,0,0,0,0,0,0,0
00-0027857,Trent Williams,OT,SF,9,0,0,0,0,0,0,0
00-0027962,Cameron Jordan,LB,NO,9,0,0,0,0,0,0,0
00-0027969,Cameron Heyward,DE,PIT,9,0,0,0,0,0,0,0
00-0028872,Johnny Hekker,P,TEN,9,0,0,0,0,0,0,0
00-0029255,Bobby Wagner,MLB,WAS,9,0,0,0,0,0,0,0
00-0029606,Harrison Smith,FS,MIN,9,0,0,0,0,0,0,0
00-0029607,Demario Davis,OLB,NO,9,0,0,0,0,0,0,0
00-0029692,Bryan Anger,P,DAL,9,0,0,0,0,0,0,0
00-0029822,Brandon McManus,K,GB,9,0,0,0,0,0,0,0
00-0029892,Kyle Juszczyk,FB,SF,9,0,0,0,0,2,1,12
00-0030061,Zach Ertz,TE,WAS,9,0,0,0,0,4,4,46
00-0030062,Darius Slay,CB,PIT,9,0,0,0,0,0,0,0
00-0030070,John Jenkins,DT,BAL,9,0,0,0,0,0,0,0
00-0030092,Sam Martin,P,CAR,9,0,0,0,0,0,0,0
00-0030114,Jordan Poyer,FS,BUF,9,0,0,0,0,0,0,0
00-0030140,Tress Way,P,WAS,9,0,0,0,0,0,0,0
00-0030279,Keenan Allen,WR,LAC,9,0,0,0,0,5,2,41
00-0030506,Travis Kelce,TE,KC,9,0,0,0,0,5,4,66
00-0030564,DeAndre Hopkins,WR,BAL,9,0,0,0,0,1,0,0
00-0030565,Geno Smith,QB,LV,9,39,284,5,9,0,0,0
00-0030757,Mike Pennel,DT,KC,9,0,0,0,0,0,0,0
00-0031040,Khalil Mack,OLB,LAC,9,0,0,0,0,0,0,0
00-0031079,Pat O'Donnell,P,ARI,9,0,0,0,0,0,0,0
00-0031136,Chris Boswell,K,PIT,9,0,0,0,0,0,0,0
00-0031177,Brent Urban,DE,BAL,9,0,0,0,0,0,0,0
00-0031203,Cairo Santos,K,CHI,9,0,0,0,0,0,0,0
00-0031236,Brandin Cooks,WR,NO,9,0,0,0,0,3,2,16
00-0031254,Denico Autry,DT,HOU,9,0,0,0,0,0,0,0
00-0031279,Jake Matthews,OT,ATL,9,0,0,0,0,0,0,0
00-0031357,C.J. Goodwin,CB,DAL,9,0,0,0,0,0,0,0
00-0031360,Kyle Van Noy,MLB,BAL,9,0,0,0,0,0,0,0
00-0031364,Jadeveon Clowney,DE,DAL,9,0,0,0,0,0,0,0
00-0031381,Davante Adams,WR,LA,9,0,0,0,0,7,5,60
00-0031411,DeMarcus Lawrence,LB,SEA,9,0,0,0,0,0,0,0
00-0031492,Jason Myers,K,SEA,9,0,0,0,0,0,0,0
00-0031551,Eddie Goldman,NT,WAS,9,0,0,0,0,0,0,0
00-0031557,Jordan Phillips,DT,BUF,9,0,0,0,0,0,0,0
00-0031565,Danielle Hunter,DE,HOU,9,0,0,0,0,0,0,0
00-0031588,Stefon Diggs,WR,NE,9,0,0,0,0,4,3,38
00-0031608,Quandre Diggs,S,TEN,9,0,0,0,0,0,0,0
00-0031687,Raheem Mostert,RB,LV,9,0,0,0,0,1,1,14
00-0031898,Alex Singleton,LB,DEN,9,0,0,0,0,0,0,0
00-0031933,Leonard Williams,DE,SEA,9,0,0,0,0,0,0,0
00-0031935,Preston Smith,DE,WAS,9,0,0,0,0,0,0,0
00-0031957,Rakeem Nunez-Roches,DT,NYG,9,0,0,0,0,0,0,0
00-0032052,Dante Fowler Jr.,DE,DAL,9,0,0,0,0,0,0,0
00-0032065,Bradley Pinion,P,ATL,9,0,0,0,0,0,0,0
00-0032103,Denzel Perryman,MLB,LAC,9,0,0,0,0,0,0,0
00-0032104,Ameer Abdullah,RB,IND,9,0,0,1,3,1,1,2
00-0032164,Arik Armstead,DE,JAX,9,0,0,0,0,0,0,0
00-0032211,Tyler Lockett,WR,LV,9,0,0,0,0,1,0,0
00-0032378,DeForest Buckner,DT,IND,9,0,0,0,0,0,0,0
00-0032381,Taylor Decker,OT,DET,9,0,0,0,0,0,0,0
00-0032387,Jarran Reed,DT,SEA,9,0,0,0,0,0,0,0
00-0032392,Austin Hooper,TE,NE,9,0,0,0,0,1,1,20
00-0032415,Matthew Judon,OLB,MIA,9,0,0,0,0,0,0,0
00-0032424,DJ Reader,DT,DET,9,0,0,0,0,0,0,0
00-0032442,Elandon Roberts,OLB,LV,9,0,0,0,0,0,0,0
00-0032445,Ted Karras,G,CIN,9,0,0,0,0,0,0,0
00-0032464,Kalif Raymond,WR,DET,9,0,0,0,0,1,0,0
00-0032569,Wil Lutz,K,DEN,9,0,0,0,0,0,0,0
00-0032580,Jonathan Jones,DB,WAS,9,0,0,0,0,0,0,0
00-0032667,Roy Robertson-Harris,DE,NYG,9,0,0,0,0,0,0,0
00-0032726,Ka'imi Fairbairn,K,HOU,9,0,0,0,0,0,0,0
00-0032753,Luke Rhodes,LS,IND,9,0,0,0,0,0,0,0
00-0032759,Sheldon Rankins,DT,HOU,9,0,0,0,0,0,0,0
00-0032762,Chris Jones,DE,KC,9,0,0,0,0,0,0,0
00-0032764,Derrick Henry,RB,BAL,9,0,0,19,119,1,1,2
00-0032775,Demarcus Robinson,WR,SF,9,0,0,0,0,1,0,0
00-0032889,A'Shawn Robinson,DT,CAR,9,0,0,0,0,0,0,0
00-0033010,Sheldon Day,DT,WAS,9,0,0,0,0,0,0,0
00-0033046,Jihad Ward,LB,TEN,9,0,0,0,0,0,0,0
00-0033051,David Onyemata,DT,ATL,9,0,0,0,0,0,0,0
00-0033055,Jalen Ramsey,CB,PIT,9,0,0,0,0,0,0,0
00-0033063,Zach Wood,LS,NO,9,0,0,0,0,0,0,0
00-0033066,Andrew Billings,DT,CHI,9,0,0,0,0,0,0,0
00-0033073,Emmanuel Ogbah,DE,JAX,9,0,0,0,0,0,0,0
00-0033077,Dak Prescott,QB,DAL,9,39,250,4,34,0,0,0
00-0033090,Hunter Henry,TE,NE,9,0,0,0,0,6,4,51
00-0033093,Jonathan Bullard,DE,NO,9,0,0,0,0,0,0,0
00-0033106,Jared Goff,QB,DET,9,37,284,0,0,0,0,0
00-0033109,Javon Hargrave,NT,MIN,9,0,0,0,0,0,0,0
00-0033110,Tyler Higbee,TE,LA,9,0,0,0,0,4,3,13
00-0033119,Jacoby Brissett,QB,ARI,9,31,261,5,4,0,0,0
00-0033120,Kenny Clark,NT,DAL,9,0,0,0,0,0,0,0
00-0033132,Kevin Byard,FS,CHI,9,0,0,0,0,0,0,0
00-0033156,Joey Bosa,DE,BUF,9,0,0,0,0,0,0,0
00-0033217,Mo Alie-Cox,TE,IND,9,0,0,0,0,1,0,0
00-0033246,Johnny Mundt,TE,JAX,9,0,0,0,0,0,0,0
00-0033269,Rigoberto Sanchez,P,IND,9,0,0,0,0,0,0,0
00-0033280,Christian McCaffrey,RB,SF,9,0,0,28,106,6,5,67
00-0033281,Marlon Humphrey,CB,BAL,9,0,0,0,0,0,0,0
00-0033282,Curtis Samuel,WR,BUF,9,0,0,0,0,1,1,6
00-0033288,George Kittle,TE,SF,9,0,0,1,-3,4,4,32
00-0033293,Aaron Jones,RB,MIN,9,0,0,9,78,2,2,20
00-0033297,D.J. Jones,DT,DEN,9,0,0,0,0,0,0,0
00-0033303,Harrison Butker,K,KC,9,0,0,0,0,0,0,0
00-0033307,Kendrick Bourne,WR,SF,9,0,0,0,0,2,2,34
00-0033336,Eric Wilson,LB,MIN,9,0,0,0,0,0,0,0
00-0033357,Taysom Hill,TE,NO,9,1,0,4,30,0,0,0
00-0033381,Adam Butler,DT,LV,9,0,0,0,0,0,0,0
00-0033393,Kenny Moore II,CB,IND,9,0,0,0,0,0,0,0
00-0033503,Arthur Maulet,CB,DET,9,0,0,0,0,0,0,0
00-0033523,Jonathan Allen,DE,MIN,9,0,0,0,0,0,0,0
00-0033526,Samaje Perine,RB,CIN,9,0,0,1,5,0,0,0
00-0033546,Dalvin Tomlinson,DE,ARI,9,0,0,0,0,0,0,0
00-0033548,Chidobe Awuzie,CB,BAL,9,0,0,0,0,0,0,0
00-0033551,Rasul Douglas,CB,MIA,9,0,0,0,0,0,0,0
00-0033555,Mack Hollins,WR,NE,9,0,0,0,0,2,2,9
00-0033571,Matt Milano,OLB,BUF,9,0,0,0,0,0,0,0
00-0033572,Jamal Agnew,WR,ATL,9,0,0,0,0,0,0,0
00-0033595,Pat O'Connor,DE,DET,9,0,0,0,0,0,0,0
00-0033854,Dare Ogunbowale,RB,HOU,9,0,0,0,0,1,1,2
00-0033857,JuJu Smith-Schuster,WR,KC,9,0,0,0,0,1,1,2
00-0033858,Jonnu Smith,TE,PIT,9,0,0,0,0,5,3,25
00-0033860,Davon Godchaux,DT,NO,9,0,0,0,0,0,0,0
00-0033870,Solomon Thomas,DE,DAL,9,0,0,0,0,0,0,0
00-0033872,Jamal Adams,LB,LV,9,0,0,0,0,0,0,0
00-0033873,Patrick Mahomes,QB,KC,9,34,250,1,5,0,0,0
00-0033874,Marshon Lattimore,CB,WAS,9,0,0,0,0,0,0,0
00-0033876,Derek Barnett,DE,HOU,9,0,0,0,0,0,0,0
00-0033881,Evan Engram,TE,DEN,9,0,0,0,0,3,0,0
00-0033884,Tre'Davious White,CB,BUF,9,0,0,0,0,0,0,0
00-0033886,T.J. Watt,OLB,PIT,9,0,0,0,0,0,0,0
00-0033890,Budda Baker,S,ARI,9,0,0,0,0,0,0,0
00-0033905,Larry Ogunjobi,DT,BUF,9,0,0,0,0,0,0,0
00-0033906,Alvin Kamara,RB,NO,9,0,0,6,14,3,1,3
00-0033907,Dawuane Smoot,DE,JAX,9,0,0,0,0,0,0,0
00-0033914,Alex Anzalone,MLB,DET,9,0,0,0,0,0,0,0
00-0033918,Fabian Moreau,CB,MIN,9,0,0,0,0,0,0,0
00-0033923,Kareem Hunt,RB,KC,9,0,0,11,49,2,1,6
00-0033928,Jourdan Lewis,CB,JAX,9,0,0,0,0,0,0,0
00-0033952,Grover Stewart,DT,IND,9,0,0,0,0,0,0,0
00-0033955,Jeremy McNichols,RB,WAS,9,0,0,1,0,0,0,0
00-0033964,Al-Quadin Muhammad,LB,DET,9,0,0,0,0,0,0,0
00-0034084,Mike Badgley,K,IND,9,0,0,0,0,0,0,0
00-0034160,Michael Dickson,P,SEA,9,0,0,0,0,0,0,0
00-0034161,Daniel Carlson,K,LV,9,0,0,0,0,0,0,0
00-0034162,J.K. Scott,P,LAC,9,0,0,0,0,0,0,0
00-0034163,Jacob Martin,DE,WAS,9,0,0,0,0,0,0,0
00-0034173,Eddy Pineiro,K,SF,9,0,0,0,0,0,0,0
00-0034234,Poona Ford,DT,LA,9,0,0,0,0,0,0,0
00-0034278,Tremon Smith,CB,HOU,9,0,0,0,0,0,0,0
00-0034285,Zach Sieler,DE,MIA,9,0,0,0,0,0,0,0
00-0034302,Frankie Luvu,LB,WAS,9,0,0,0,0,0,0,0
00-0034333,Daron Payne,NT,WAS,9,0,0,0,0,0,0,0
00-0034346,Will Hernandez,G,ARI,9,0,0,0,0,0,0,0
00-0034348,Courtland Sutton,WR,DEN,9,0,0,0,0,6,1,30
00-0034350,Uchenna Nwosu,LB,SEA,9,0,0,0,0,0,0,0
00-0034355,M.J. Stewart,SAF,HOU,9,0,0,0,0,0,0,0
00-0034356,Donte Jackson,CB,LAC,9,0,0,0,0,0,0,0
00-0034361,Justin Reid,S,NO,9,0,0,0,0,0,0,0
00-0034365,Ian Thomas,TE,LV,9,0,0,0,0,1,1,9
00-0034381,Josh Sweat,LB,ARI,9,0,0,0,0,0,0,0
00-0034383,Dalton Schultz,TE,HOU,9,0,0,0,0,8,6,77
00-0034391,Siran Neal,DB,SF,9,0,0,0,0,0,0,0
00-0034407,Ray-Ray McCloud,WR,NYG,9,0,0,0,0,1,1,5
00-0034413,Foye Oluokun,LB,JAX,9,0,0,0,0,0,0,0
00-0034418,Cedrick Wilson Jr.,WR,MIA,9,0,0,0,0,1,1,7
00-0034419,Braxton Berrios,WR,HOU,9,0,0,0,0,0,0,0
00-0034431,Zaire Franklin,OLB,IND,9,0,0,0,0,0,0,0
00-0034437,Logan Cooke,P,JAX,9,0,0,0,0,0,0,0
00-0034465,Jeremy Reaves,DB,WAS,9,0,0,0,0,0,0,0
00-0034473,Dennis Gardeck,LB,JAX,9,0,0,0,0,0,0,0
00-0034485,Jonathan Owens,SAF,CHI,9,0,0,0,0,0,0,0
00-0034488,Tavierre Thomas,SAF,MIN,9,0,0,0,0,0,0,0
00-0034613,Tanner Hudson,TE,CIN,9,0,0,0,0,2,2,42
00-0034639,Mike Ford,DB,ATL,9,0,0,0,0,0,0,0
00-0034673,Tremaine Edmunds,MLB,CHI,9,0,0,0,0,0,0,0
00-0034675,Jessie Bates,FS,ATL,9,0,0,0,0,0,0,0
00-0034678,Alex Cappa,G,LV,9,0,0,0,0,0,0,0
00-0034720,Robert Spillane,LB,NE,9,0,0,0,0,0,0,0
00-0034752,Orlando Brown,OT,CIN,9,0,0,0,0,0,0,0
00-0034753,Mark Andrews,TE,BAL,9,0,0,2,4,3,2,22
00-0034754,Oren Burks,ILB,CIN,9,0,0,0,0,0,0,0
00-0034760,Nathan Shepherd,DE,NO,9,0,0,0,0,0,0,0
00-0034775,Christian Kirk,WR,HOU,9,0,0,0,0,8,4,26
00-0034778,Carlton Davis III,CB,NE,9,0,0,0,0,0,0,0
00-0034779,Ronnie Harrison,LB,ATL,9,0,0,0,0,0,0,0
00-0034780,Isaac Yiadom,CB,NO,9,0,0,0,0,0,0,0
00-0034789,Minkah Fitzpatrick,FS,MIA,9,0,0,0,0,0,0,0
00-0034790,Derwin James,FS,LAC,9,0,0,0,0,0,0,0
00-0034791,Nick Chubb,RB,HOU,9,0,0,11,34,0,0,0
00-0034796,Lamar Jackson,QB,BAL,9,23,204,5,14,0,0,0
00-0034798,Durham Smythe,TE,CHI,9,0,0,0,0,0,0,0
00-0034800,B.J. Hill,DE,CIN,9,0,0,0,0,0,0,0
00-0034801,Josh Woods,LB,ATL,9,0,0,0,0,0,0,0
00-0034805,John Franklin-Myers,DE,DEN,9,0,0,0,0,0,0,0
00-0034810,Sebastian Joseph-Day,DT,TEN,9,0,0,0,0,0,0,0
00-0034818,Derrick Nnadi,NT,KC,9,0,0,0,0,0,0,0
00-0034827,DJ Moore,WR,CHI,9,1,2,1,17,6,4,72
00-0034828,Harold Landry III,LB,NE,9,0,0,0,0,0,0,0
00-0034832,Bradley Chubb,OLB,MIA,9,0,0,0,0,0,0,0
00-0034843,Mike Hughes,CB,ATL,9,0,0,0,0,0,0,0
00-0034854,KhaDarel Hodge,WR,ATL,9,0,0,0,0,0,0,0
00-0034857,Josh Allen,QB,BUF,9,26,273,6,19,0,0,0
00-0034869,Sam Darnold,QB,SEA,9,24,330,0,0,0,0,0
00-0034874,Roquan Smith,ILB,BAL,9,0,0,0,0,0,0,0
00-0034941,Mitch Wishnowsky,P,BUF,9,0,0,0,0,0,0,0
00-0034960,Jakobi Meyers,WR,LV,9,0,0,0,0,6,4,23
00-0034967,Rashan Gary,LB,GB,9,0,0,0,0,0,0,0
00-0034968,Darnell Savage,SAF,WAS,9,0,0,0,0,0,0,0
00-0034973,Maxx Crosby,DE,LV,9,0,0,0,0,0,0,0
00-0034975,Justice Hill,RB,BAL,9,0,0,1,2,2,2,13
00-0034982,Dre Greenlaw,LB,DEN,9,0,0,0,0,0,0,0
00-0034999,Ty Summers,LB,DET,9,0,0,0,0,0,0,0
00-0035020,Demetrius Flannigan-Fowles,LB,NYG,9,0,0,0,0,0,0,0
00-0035021,Ashton Dulin,WR,IND,9,0,0,0,0,0,0,0
00-0035026,Kevin Givens,DT,SF,9,0,0,0,0,0,0,0
00-0035042,Jamie Gillan,P,NYG,9,0,0,0,0,0,0,0
00-0035112,Patrick Mekari,OT,JAX,9,0,0,0,0,0,0,0
00-0035133,Keisean Nixon,DB,GB,9,0,0,0,0,0,0,0
00-0035144,Mack Wilson,LB,ARI,9,0,0,0,0,0,0,0
00-0035156,Jack Fox,P,DET,9,0,0,0,0,0,0,0
00-0035166,Azeez Al-Shaair,LB,HOU,9,0,0,0,0,0,0,0
00-0035190,AJ Cole,P,LV,9,0,0,0,0,0,0,0
00-0035192,Joey Slye,K,TEN,9,0,0,0,0,0,0,0
00-0035208,Olamide Zaccheaus,WR,CHI,9,0,0,0,0,8,6,58
00-0035229,T.J. Hockenson,TE,MIN,9,0,0,0,0,3,2,11
00-0035236,Byron Murphy,CB,MIN,9,0,0,0,0,0,0,0
00-0035240,Jahlani Tavai,LB,NE,9,0,0,0,0,0,0,0
00-0035248,Zach Allen,DE,DEN,9,0,0,0,0,0,0,0
00-0035250,Devin Singletary,RB,NYG,9,0,0,8,43,2,2,8
00-0035253,C.J. Gardner-Johnson,SAF,CHI,9,0,0,0,0,0,0,0
00-0035261,Tony Pollard,RB,TEN,9,0,0,10,56,2,1,12
00-0035262,Drue Tranquill,LB,KC,9,0,0,0,0,0,0,0
00-0035269,Matt Gay,K,WAS,9,0,0,0,0,0,0,0
00-0035272,Andrew Van Ginkel,OLB,MIN,9,0,0,0,0,0,0,0
00-0035276,Blake Cashman,LB,MIN,9,0,0,0,0,0,0,0
00-0035277,Mike Jackson,CB,CAR,9,0,0,0,0,0,0,0
00-0035280,Jake Bailey,P,MIA,9,0,0,0,0,0,0,0
00-0035316,Kaden Elliss,LB,ATL,9,0,0,0,0,0,0,0
00-0035352,Tyrel Dodson,LB,MIA,9,0,0,0,0,0,0,0
00-0035357,Cam Lewis,CB,BUF,9,0,0,0,0,0,0,0
00-0035359,David Sills,WR,ATL,9,0,0,0,0,1,0,0
00-0035378,Andrew Wingard,SAF,JAX,9,0,0,0,0,0,0,0
00-0035386,T.J. Edwards,LB,CHI,9,0,0,0,0,0,0,0
00-0035402,Carl Granderson,DE,NO,9,0,0,0,0,0,0,0
00-0035413,Luke Gifford,LB,SF,9,0,0,0,0,0,0,0
00-0035500,Greg Dortch,WR,ARI,9,0,0,1,9,0,0,0
00-0035526,Elgton Jenkins,C,GB,9,0,0,0,0,0,0,0
00-0035535,Darius Slayton,WR,NYG,9,0,0,0,0,7,5,62
00-0035537,Ty Johnson,RB,BUF,9,0,0,2,8,2,2,12
00-0035594,Travis Homer,RB,CHI,9,0,0,0,0,0,0,0
00-0035602,Alex Bachman,WR,LV,9,0,0,0,0,0,0,0
00-0035632,Amani Hooker,SAF,TEN,9,0,0,0,0,0,0,0
00-0035640,DK Metcalf,WR,PIT,9,0,0,0,0,4,2,6
00-0035642,Josh Hines-Allen,DE,JAX,9,0,0,0,0,0,0,0
00-0035644,Noah Fant,TE,CIN,9,0,0,0,0,3,2,28
00-0035645,Gunner Olszewski,WR,NYG,9,0,0,0,0,1,1,24
00-0035647,Montez Sweat,DE,CHI,9,0,0,0,0,0,0,0
00-0035662,Marquise Brown,WR,KC,9,0,0,0,0,4,2,73
00-0035669,Nick Scott,SAF,CAR,9,0,0,0,0,0,0,0
00-0035672,Cody Barton,LB,TEN,9,0,0,0,0,0,0,0
00-0035678,Dre'Mont Jones,LB,TEN,9,0,0,0,0,0,0,0
00-0035683,Dexter Lawrence,DT,NYG,9,0,0,0,0,0,0,0
00-0035685,David Montgomery,RB,DET,9,0,0,11,40,4,2,10
00-0035687,Bobby Okereke,ILB,NYG,9,0,0,0,0,0,0,0
00-0035689,Dawson Knox,TE,BUF,9,0,0,0,0,1,1,30
00-0035692,Clelin Ferrell,DE,SF,9,0,0,0,0,0,0,0
00-0035697,Germaine Pratt,LB,IND,9,0,0,0,0,0,0,0
00-0035700,Josh Jacobs,RB,GB,9,0,0,17,87,5,4,13
00-0035705,Jalen Thompson,DB,ARI,9,0,0,0,0,0,0,0
00-0035707,Devin White,LB,LV,9,0,0,0,0,0,0,0
00-0035710,Daniel Jones,QB,IND,9,50,342,3,4,0,0,0
00-0035713,Brian Burns,LB,NYG,9,0,0,0,0,0,0,0
00-0035719,Deebo Samuel Sr.,WR,WAS,9,0,0,1,3,6,5,41
00-0035763,Malcolm Roach,DT,DEN,9,0,0,0,0,0,0,0
00-0035795,James Pierre,CB,PIT,9,0,0,0,0,0,0,0
00-0035821,Corliss Waitman,P,PIT,9,0,0,0,0,0,0,0
00-0035841,Benito Jones,DT,MIA,9,0,0,0,0,0,0,0
00-0035857,Chris Williams,DT,CHI,9,0,0,0,0,0,0,0
00-0035889,Tommy Townsend,P,HOU,9,0,0,0,0,0,0,0
00-0035890,Tershawn Wharton,DE,CAR,9,0,0,0,0,0,0,0
00-0035891,Cody White,WR,SEA,9,0,0,0,0,2,1,60
00-0035933,Michael Hoecht,LB,BUF,9,0,0,0,0,0,0,0
00-0035942,Christian Rozeboom,LB,CAR,9,0,0,0,0,0,0,0
00-0035944,Jonah Williams,DE,NO,9,0,0,0,0,0,0,0
00-0036040,Juwan Johnson,TE,NO,9,0,0,0,0,4,3,31
00-0036139,Rico Dowdle,RB,CAR,9,0,0,25,130,3,2,11
00-0036158,J.K. Dobbins,RB,DEN,9,0,0,15,61,1,1,-2
00-0036166,Dane Jackson,CB,BUF,9,0,0,0,0,0,0,0
00-0036176,Mason Kinsey,WR,TEN,9,0,0,0,0,0,0,0
00-0036181,Teair Tart,DT,LAC,9,0,0,0,0,0,0,0
00-0036182,Nick Westbrook-Ikhine,WR,MIA,9,0,0,0,0,4,2,22
00-0036187,Reggie Gilliam,RB,BUF,9,0,0,0,0,0,0,0
00-0036192,A.J. Epenesa,LB,BUF,9,0,0,0,0,0,0,0
00-0036193,Anfernee Jennings,LB,NE,9,0,0,0,0,0,0,0
00-0036199,Geno Stone,SAF,CIN,9,0,0,0,0,0,0,0
00-0036204,LaCale London,DE,ATL,9,0,0,0,0,0,0,0
00-0036212,Tua Tagovailoa,QB,MIA,9,40,261,1,1,0,0,0
00-0036220,Derrick Brown,DT,CAR,9,0,0,0,0,0,0,0
00-0036221,Brandon Jones,SAF,DEN,9,0,0,0,0,0,0,0
00-0036222,Isaiah Rodgers,CB,MIN,9,0,0,0,0,0,0,0
00-0036223,Jonathan Taylor,RB,IND,9,0,0,14,45,2,2,12
00-0036224,Jonathan Greenard,LB,MIN,9,0,0,0,0,0,0,0
00-0036231,Kyle Dugger,SAF,PIT,9,0,0,0,0,0,0,0
00-0036232,Harrison Bryant,TE,HOU,9,0,0,0,0,2,1,2
00-0036244,Colby Parkinson,TE,LA,9,0,0,0,0,2,2,10
00-0036252,Michael Pittman,WR,IND,9,0,0,0,0,12,9,115
00-0036256,Colton McKivitz,OT,SF,9,0,0,0,0,0,0,0
00-0036259,Jauan Jennings,WR,SF,9,0,0,0,0,5,4,41
00-0036260,Javon Kinlaw,DT,WAS,9,0,0,0,0,0,0,0
00-0036264,Jordan Love,QB,GB,9,37,273,1,1,0,0,0
00-0036266,Jordan Elliott,DT,SF,9,0,0,0,0,0,0,0
00-0036280,Malik Harrison,LB,PIT,9,0,0,0,0,0,0,0
00-0036285,A.J. Terrell,CB,ATL,9,0,0,0,0,0,0,0
00-0036286,K'Lavon Chaisson,LB,NE,9,0,0,0,0,0,0,0
00-0036290,Cole Kmet,TE,CHI,9,1,0,0,0,2,1,10
00-0036293,Jeremy Chinn,SAF,LV,9,0,0,0,0,0,0,0
00-0036298,Akeem Davis-Gaither,LB,ARI,9,0,0,0,0,0,0,0
00-0036302,Jaylinn Hawkins,SAF,NE,9,0,0,0,0,0,0,0
00-0036305,Trevis Gipson,LB,CAR,9,0,0,0,0,0,0,0
00-0036309,Darnell Mooney,WR,ATL,9,0,0,0,0,2,1,15
00-0036321,Chase Young,DE,NO,9,0,0,0,0,0,0,0
00-0036322,Justin Jefferson,WR,MIN,9,0,0,0,0,9,6,47
00-0036323,Patrick Queen,LB,PIT,9,0,0,0,0,0,0,0
00-0036331,Devin Duvernay,WR,CHI,9,0,0,0,0,0,0,0
00-0036333,Alex Highsmith,LB,PIT,9,0,0,0,0,0,0,0
00-0036335,D.J. Wonnum,LB,CAR,9,0,0,0,0,0,0,0
00-0036337,James Lynch,DT,TEN,9,0,0,0,0,0,0,0
00-0036338,Troy Dye,LB,LAC,9,0,0,0,0,0,0,0
00-0036339,Kevin Dotson,G,LA,9,0,0,0,0,0,0,0
00-0036348,Josh Metellus,SAF,MIN,9,0,0,0,0,0,0,0
00-0036349,Kam Curl,SAF,LA,9,0,0,0,0,0,0,0
00-0036355,Justin Herbert,QB,LAC,9,29,250,9,57,0,0,0
00-0036358,CeeDee Lamb,WR,DAL,9,0,0,0,0,12,7,85
00-0036360,Clyde Edwards-Helaire,RB,KC,9,0,0,2,5,0,0,0
00-0036362,Willie Gay Jr.,LB,MIA,9,0,0,0,0,0,0,0
00-0036366,Neville Gallimore,DT,IND,9,0,0,0,0,0,0,0
00-0036375,Amik Robertson,CB,DET,9,0,0,0,0,0,0,0
00-0036376,Tyler Biadasz,C,WAS,9,0,0,0,0,0,0,0
00-0036378,Michael Danna,LB,KC,9,0,0,0,0,0,0,0
00-0036380,Alohi Gilman,SAF,BAL,9,0,0,0,0,0,0,0
00-0036388,Xavier McKinney,SAF,GB,9,0,0,0,0,0,0,0
00-0036409,Jordyn Brooks,LB,MIA,9,0,0,0,0,0,0,0
00-0036410,Tee Higgins,WR,CIN,9,0,0,0,0,9,7,121
00-0036413,Darrell Taylor,DE,HOU,9,0,0,0,0,0,0,0
00-0036415,Van Jefferson,WR,TEN,9,0,0,0,0,4,1,21
00-0036421,Terrell Burgess,SAF,NO,9,0,0,0,0,0,0,0
00-0036422,Adam Trautman,TE,DEN,9,0,0,0,0,2,2,25
00-0036428,Justin Strnad,LB,DEN,9,0,0,0,0,0,0,0
00-0036441,"Kenneth Murray, Jr.",LB,DAL,9,0,0,0,0,0,0,0
00-0036479,Kwity Paye,DE,IND,9,0,0,0,0,0,0,0
00-0036480,Dayo Odeyingbo,DE,CHI,9,0,0,0,0,0,0,0
00-0036497,Tim Jones,WR,JAX,9,0,0,0,0,1,1,15
00-0036504,Brandin Echols,CB,PIT,9,0,0,0,0,0,0,0
00-0036550,Rashod Bateman,WR,BAL,9,0,0,0,0,4,2,13
00-0036554,Nico Collins,WR,HOU,9,0,0,0,0,11,7,75
00-0036555,Chuba Hubbard,RB,CAR,9,0,0,5,17,1,0,0
00-0036563,Deommodore Lenoir,CB,SF,9,0,0,0,0,0,0,0
00-0036564,Talanoa Hufanga,SAF,DEN,9,0,0,0,0,0,0,0
00-0036589,Nick McCloud,CB,CHI,9,0,0,0,0,0,0,0
00-0036613,Jaylen Waddle,WR,MIA,9,0,0,0,0,9,6,82
00-0036616,Christian Darrisaw,OT,MIN,9,0,0,0,0,0,0,0
00-0036620,Dee Eskridge,WR,MIA,9,0,0,0,0,1,0,0
00-0036621,Nick Bolton,LB,KC,9,0,0,0,0,0,0,0
00-0036624,Alim McNeill,DT,DET,9,0,0,0,0,0,0,0
00-0036625,Benjamin St-Juste,CB,LAC,9,0,0,0,0,0,0,0
00-0036626,Dyami Brown,WR,JAX,9,0,0,1,4,7,3,25
00-0036628,John Bates,TE,WAS,9,0,0,0,0,4,2,20
00-0036629,Camryn Bynum,SAF,IND,9,0,0,0,0,0,0,0
00-0036630,Tylan Wallace,WR,BAL,9,0,0,0,0,0,0,0
00-0036637,Noah Gray,TE,KC,9,0,0,0,0,1,0,0
00-0036642,Tedarrell Slaton,DT,CIN,9,0,0,0,0,0,0,0
00-0036643,K.J. Britt,LB,MIA,9,0,0,0,0,0,0,0
00-0036646,Simi Fehoko,WR,ARI,9,0,0,0,0,0,0,0
00-0036655,Cole Van Lanen,G,JAX,9,0,0,0,0,0,0,0
00-0036672,Grant Stuard,LB,DET,9,0,0,0,0,0,0,0
00-0036677,Zayne Anderson,SAF,GB,9,0,0,0,0,0,0,0
00-0036683,Devon Key,SAF,DEN,9,0,0,0,0,0,0,0
00-0036711,Charles Snowden,DE,LV,9,0,0,0,0,0,0,0
00-0036727,Adam Prentice,FB,DEN,9,0,0,1,2,0,0,0
00-0036728,Curtis Robinson,LB,SF,9,0,0,0,0,0,0,0
00-0036754,Brock Wright,TE,DET,9,0,0,0,0,1,1,11
00-0036755,Jaret Patterson,RB,LAC,9,0,0,9,44,0,0,0
00-0036802,Jon Rhattigan,LB,LV,9,0,0,0,0,0,0,0
00-0036813,Christian Elliss,LB,NE,9,0,0,0,0,0,0,0
00-0036816,Riley Patterson,K,MIA,9,0,0,0,0,0,0,0
00-0036825,Feleipe Franks,TE,ATL,9,0,0,0,0,0,0,0
00-0036841,Austin Trammell,WR,JAX,9,0,0,0,0,1,0,0
00-0036850,Cameron Sample,DE,CIN,9,0,0,0,0,0,0,0
00-0036854,Evan McPherson,K,CIN,9,0,0,0,0,0,0,0
00-0036862,Ben Skowronek,WR,PIT,9,0,0,0,0,0,0,0
00-0036867,Chris Rumph II,LB,NO,9,0,0,0,0,0,0,0
00-0036869,Dan Moore Jr.,OT,TEN,9,0,0,0,0,0,0,0
00-0036883,Tommy Togiai,DT,HOU,9,0,0,0,0,0,0,0
00-0036887,Luke Farrell,TE,SF,9,0,0,0,0,1,1,9
00-0036894,Pat Freiermuth,TE,PIT,9,0,0,0,0,4,3,27
00-0036898,Davis Mills,QB,HOU,9,30,137,2,7,0,0,0
00-0036900,Ja'Marr Chase,WR,CIN,9,0,0,0,0,8,6,111
00-0036901,Eric Stokes,CB,LV,9,0,0,0,0,0,0,0
00-0036902,Joseph Ossai,DE,CIN,9,0,0,0,0,0,0,0
00-0036905,Larry Borom,G,MIA,9,0,0,0,0,0,0,0
00-0036909,Khyiris Tonga,DT,NE,9,0,0,0,0,0,0,0
00-0036914,Greg Rousseau,LB,BUF,9,0,0,0,0,0,0,0
00-0036916,Milton Williams,DT,NE,9,0,0,0,0,0,0,0
00-0036919,Kenny Gainwell,RB,PIT,9,0,0,3,-1,5,4,35
00-0036927,Pete Werner,LB,NO,9,0,0,0,0,0,0,0
00-0036932,Micah Parsons,LB,GB,9,0,0,0,0,0,0,0
00-0036933,Zaven Collins,LB,ARI,9,0,0,0,0,0,0,0
00-0036934,Jaelan Phillips,LB,MIA,9,0,0,0,0,0,0,0
00-0036940,Odafe Oweh,LB,LAC,9,0,0,0,0,0,0,0
00-0036942,Osa Odighizuwa,DT,DAL,9,0,0,0,0,0,0,0
00-0036943,Mitchell Fraboni,LS,DEN,9,0,0,0,0,0,0,0
00-0036944,Jaycee Horn,CB,CAR,9,0,0,0,0,0,0,0
00-0036952,Jonathon Cooper,LB,DEN,9,0,0,0,0,0,0,0
00-0036959,Michael Bandy,WR,DEN,9,0,0,0,0,1,1,16
00-0036962,Tre'von Moehrig,SAF,CAR,9,0,0,0,0,0,0,0
00-0036963,Amon-Ra St. Brown,WR,DET,9,0,0,0,0,13,9,97
00-0036964,Derrick Barnes,LB,DET,9,0,0,0,0,0,0,0
00-0036970,Kyle Pitts,TE,ATL,9,0,0,0,0,7,4,38
00-0036971,Trevor Lawrence,QB,JAX,9,34,220,9,24,0,0,0
00-0036972,Mac Jones,QB,SF,9,24,235,4,4,0,0,0
00-0036973,Travis Etienne,RB,JAX,9,0,0,22,84,5,5,31
00-0036980,Elijah Moore,WR,BUF,9,0,0,0,0,1,1,28
00-0036984,Trey Sermon,RB,PIT,9,0,0,0,0,0,0,0
00-0036986,Nahshon Wright,CB,CHI,9,0,0,0,0,0,0,0
00-0036989,Malcolm Koonce,DE,LV,9,0,0,0,0,0,0,0
00-0036992,Elijah Molden,CB,LAC,9,0,0,0,0,0,0,0
00-0036993,Ifeatu Melifonwu,SAF,MIA,9,0,0,0,0,0,0,0
00-0036994,Ernest Jones,LB,SEA,9,0,0,0,0,0,0,0
00-0036995,Baron Browning,LB,ARI,9,0,0,0,0,0,0,0
00-0036996,Greg Newsome II,CB,JAX,9,0,0,0,0,0,0,0
00-0036997,Javonte Williams,RB,DAL,9,0,0,15,83,1,1,0
00-0037003,Chazz Surratt,LB,SEA,9,0,0,0,0,0,0,0
00-0037004,Hunter Long,TE,JAX,9,0,0,0,0,3,1,6
00-0037005,Tommy Tremble,TE,CAR,9,0,0,0,0,1,0,0
00-0037034,Dee Alford,CB,ATL,9,0,0,0,0,0,0,0
00-0037074,Quay Walker,LB,GB,9,0,0,0,0,0,0,0
00-0037075,Devonte Wyatt,DT,GB,9,0,0,0,0,0,0,0
00-0037076,Sean Rhyan,OT,GB,9,0,0,0,0,0,0,0
00-0037079,Riq Woolen,CB,SEA,9,0,0,0,0,0,0,0
00-0037083,Kingsley Enagbare,LB,GB,9,0,0,0,0,0,0,0
00-0037085,Tyler Badie,RB,DEN,9,0,0,0,0,3,2,6
00-0037092,Chris Paul,G,WAS,9,0,0,0,0,0,0,0
00-0037094,Jonathan Ford,DT,CHI,9,0,0,0,0,0,0,0
00-0037096,Elijah Hicks,SAF,CHI,9,0,0,0,0,0,0,0
00-0037106,Jaylon Jones,DB,CHI,9,0,0,0,0,0,0,0
00-0037120,Tyler Goodson,RB,IND,9,0,0,0,0,2,1,8
00-0037129,Josh Blackwell,CB,CHI,9,0,0,0,0,0,0,0
00-0037137,Josh Jobe,CB,SEA,9,0,0,0,0,0,0,0
00-0037157,Bam Knight,RB,ARI,9,0,0,9,27,2,2,20
00-0037191,Trent McDuffie,CB,KC,9,0,0,0,0,0,0,0
00-0037192,George Karlaftis,DE,KC,9,0,0,0,0,0,0,0
00-0037193,Bryan Cook,SAF,KC,9,0,0,0,0,0,0,0
00-0037195,Jaylen Watson,CB,KC,9,0,0,0,0,0,0,0
00-0037208,Jack Cochrane,LB,KC,9,0,0,0,0,0,0,0
00-0037224,Cameron Dicker,K,LAC,9,0,0,0,0,0,0,0
00-0037228,Jaylen Warren,RB,PIT,9,0,0,16,31,2,2,-2
00-0037229,Ikem Ekwonu,OT,CAR,9,0,0,0,0,0,0,0
00-0037235,Travon Walker,DE,JAX,9,0,0,0,0,0,0,0
00-0037236,Aidan Hutchinson,DE,DET,9,0,0,0,0,0,0,0
00-0037237,Derek Stingley Jr.,CB,HOU,9,0,0,0,0,0,0,0
00-0037238,Drake London,WR,ATL,9,0,0,0,0,14,9,118
00-0037239,Chris Olave,WR,NO,9,0,0,0,0,4,3,57
00-0037240,Jameson Williams,WR,DET,9,0,0,0,0,6,4,66
00-0037242,Kaiir Elam,CB,DAL,9,0,0,0,0,0,0,0
00-0037246,Jalen Pitre,SAF,HOU,9,0,0,0,0,0,0,0
00-0037247,George Pickens,WR,DAL,9,0,0,0,0,9,6,79
00-0037248,James Cook,RB,BUF,9,0,0,27,114,1,1,11
00-0037249,Nik Bonitto,LB,DEN,9,0,0,0,0,0,0,0
00-0037252,Greg Dulcich,TE,MIA,9,0,0,0,0,5,5,49
00-0037253,Marcus Jones,CB,NE,9,0,0,0,0,0,0,0
00-0037254,Terrel Bernard,LB,BUF,9,0,0,0,0,0,0,0
00-0037260,DJ Davidson,DT,NYG,9,0,0,0,0,0,0,0
00-0037261,Khalil Shakir,WR,BUF,9,0,0,0,0,8,7,43
00-0037262,Thomas Booker,DT,LV,9,0,0,0,0,0,0,0
00-0037263,Tyler Allgeier,RB,ATL,9,0,0,2,6,0,0,0
00-0037269,Eric Johnson,DT,IND,9,0,0,0,0,0,0,0
00-0037271,D'Marco Jackson,LB,CHI,9,0,0,0,0,0,0,0
00-0037275,DaRon Bland,CB,DAL,9,0,0,0,0,0,0,0
00-0037280,Matthew Butler,DT,MIA,9,0,0,0,0,0,0,0
00-0037284,Matt Araiza,P,KC,9,0,0,0,0,0,0,0
00-0037288,Christian Benford,CB,BUF,9,0,0,0,0,0,0,0
00-0037291,Jalen Nailor,WR,MIN,9,0,0,0,0,4,1,16
00-0037292,Andrew Ogletree,TE,IND,9,0,0,0,0,0,0,0
00-0037295,Jamaree Salyer,G,LAC,9,0,0,0,0,0,0,0
00-0037298,Sam Roberts,DE,ATL,9,0,0,0,0,0,0,0
00-0037301,Theo Jackson,DB,MIN,9,0,0,0,0,0,0,0
00-0037304,Connor Heyward,FB,PIT,9,0,0,1,4,0,0,0
00-0037310,James Houston,LB,DAL,9,0,0,0,0,0,0,0
00-0037313,Montaric Brown,CB,JAX,9,0,0,0,0,0,0,0
00-0037323,Rodney Thomas,SAF,IND,9,0,0,1,3,0,0,0
00-0037329,Brittain Brown,RB,CHI,9,0,0,5,37,1,0,0
00-0037332,D'Anthony Bell,SAF,SEA,9,0,0,0,0,0,0,0
00-0037348,Tanner Conner,TE,MIA,9,0,0,0,0,1,0,0
00-0037364,Arron Mosby,DE,GB,9,0,0,0,0,0,0,0
00-0037384,Ja'Quan McMillian,CB,DEN,9,0,0,0,0,0,0,0
00-0037457,Jake Hansen,LB,HOU,9,0,0,0,0,0,0,0
00-0037461,Tristin McCollum,DB,LV,9,0,0,0,0,0,0,0
00-0037500,Ryan Wright,P,MIN,9,0,0,0,0,0,0,0
00-0037512,Isaiah Pola-Mao,SAF,LV,9,0,0,0,0,0,0,0
00-0037525,Jordan Mason,RB,MIN,9,0,0,10,36,1,1,1
00-0037527,Segun Olubi,LB,IND,9,0,0,0,0,0,0,0
00-0037542,John Parker Romo,K,ATL,9,0,0,0,0,0,0,0
00-0037545,Rashid Shaheed,WR,NO,9,0,0,0,0,9,5,68
00-0037549,Darrell Baker Jr.,CB,TEN,9,0,0,0,0,0,0,0
00-0037561,Markquese Bell,SAF,DAL,9,0,0,0,0,0,0,0
00-0037563,Malik Davis,RB,DAL,9,0,0,1,3,0,0,0
00-0037578,Juanyeh Thomas,SAF,DAL,9,0,0,0,0,0,0,0
00-0037587,Nate Landman,LB,LA,9,0,0,0,0,0,0,0
00-0037594,Julius Chestnut,RB,TEN,9,0,0,0,0,0,0,0
00-0037596,Jack Gibbens,LB,NE,9,0,0,0,0,0,0,0
00-0037602,Sam Okuayinonu,DT,SF,9,0,0,0,0,0,0,0
00-0037611,Kayvon Thibodeaux,LB,NYG,9,0,0,0,0,0,0,0
00-0037616,Nick Cross,SAF,IND,9,0,0,0,0,0,0,0
00-0037633,Jacob Hummel,LB,BAL,9,0,0,0,0,0,0,0
00-0037654,Tucker Fisk,TE,LAC,9,0,0,0,0,1,1,12
00-0037661,Ja'Marcus Ingram,CB,BUF,9,0,0,0,0,0,0,0
00-0037664,Alec Pierce,WR,IND,9,0,0,0,0,13,6,115
00-0037665,Sam Williams,LB,DAL,9,0,0,0,0,0,0,0
00-0037692,Brandon Aubrey,K,DAL,9,0,0,0,0,0,0,0
00-0037742,Treylon Burks,WR,WAS,9,0,0,0,0,1,1,14
00-0037743,Daxton Hill,DB,CIN,9,0,0,0,0,0,0,0
00-0037744,Trey McBride,TE,ARI,9,0,0,0,0,9,5,55
00-0037746,Brian Robinson,RB,SF,9,0,0,5,53,0,0,0
00-0037752,Tycen Anderson,SAF,CIN,9,0,0,0,0,0,0,0
00-0037753,Cam Taylor-Britt,CB,CIN,9,0,0,0,0,0,0,0
00-0037756,Travis Jones,DT,BAL,9,0,0,0,0,0,0,0
00-0037799,Dondrea Tillman,LB,DEN,9,0,0,0,0,0,0,0
00-0037801,KaVontae Turpin,WR,DAL,9,0,0,1,3,3,2,10
00-0037808,DeAngelo Malone,LB,ATL,9,0,0,0,0,0,0,0
00-0037809,Chig Okonkwo,TE,TEN,9,0,0,0,0,2,2,10
00-0037812,Abraham Lucas,OT,SEA,9,0,0,0,0,0,0,0
00-0037816,Romeo Doubs,WR,GB,9,0,0,0,0,10,7,91
00-0037819,Leo Chenal,LB,KC,9,0,0,0,0,0,0,0
00-0037821,Charles Cross,OT,SEA,9,0,0,0,0,0,0,0
00-0037832,Kalia Davis,DT,SF,9,0,0,0,0,0,0,0
00-0037837,Calvin Austin III,WR,PIT,9,0,0,0,0,6,5,56
00-0037838,Isaiah Likely,TE,BAL,9,0,0,0,0,4,3,60
00-0037839,Cobie Durant,CB,LA,9,0,0,0,0,0,0,0
00-0037840,Kyren Williams,RB,LA,9,0,0,25,114,0,0,0
00-0037841,Quentin Lake,SAF,LA,9,0,0,0,0,0,0,0
00-0037843,Daniel Hardy,DE,CHI,9,0,0,0,0,0,0,0
00-0038038,Kyle Hamilton,SAF,BAL,9,0,0,0,0,0,0,0
00-0038039,Jack Jones,CB,MIA,9,0,0,0,0,0,0,0
00-0038041,Jake Ferguson,TE,DAL,9,0,0,0,0,7,5,50
00-0038046,Charlie Kolar,TE,BAL,9,0,0,0,0,2,2,23
00-0038090,Skyy Moore,WR,SF,9,0,0,0,0,1,1,21
00-0038094,Jordan Stout,P,BAL,9,0,0,0,0,0,0,0
00-0038099,Phidarian Mathis,DT,BUF,9,0,0,0,0,0,0,0
00-0038101,Akayleb Evans,CB,CAR,9,0,0,0,0,0,0,0
00-0038103,Cole Strange,G,MIA,9,0,0,0,0,0,0,0
00-0038104,Tyquan Thornton,WR,KC,9,0,0,0,0,1,0,0
00-0038106,Eyioma Uwazurike,DT,DEN,9,0,0,0,0,0,0,0
00-0038116,Arnold Ebiketie,LB,ATL,9,0,0,0,0,0,0,0
00-0038117,Wan'Dale Robinson,WR,NYG,9,0,0,0,0,11,9,46
00-0038119,Jalyn Armour-Davis,CB,TEN,9,0,0,0,0,0,0,0
00-0038121,Alontae Taylor,CB,NO,9,0,0,0,0,0,0,0
00-0038123,Dane Belton,SAF,NYG,9,0,0,0,0,0,0,0
00-0038124,Christian Watson,WR,GB,9,0,0,0,0,4,2,58
00-0038133,Boye Mafe,DE,SEA,9,0,0,0,0,0,0,0
00-0038134,Kenneth Walker III,RB,SEA,9,0,0,11,42,2,2,19
00-0038135,Jaquan Brisker,SAF,CHI,9,0,0,0,0,0,0,0
00-0038136,Coby Bryant,CB,SEA,9,0,0,0,0,0,0,0
00-0038142,David Ojabo,LB,BAL,9,0,0,0,0,0,0,0
00-0038359,Xavier Smith,WR,LA,9,0,0,0,0,3,2,12
00-0038390,Noah Sewell,LB,CHI,9,0,0,0,0,0,0,0
00-0038398,Karl Brooks,DT,GB,9,0,0,0,0,0,0,0
00-0038399,Zaire Barnes,LB,NYG,9,0,0,0,0,0,0,0
00-0038401,Jarrick Bernard-Converse,CB,NYG,9,0,0,0,0,0,0,0
00-0038407,Jaylon Jones,DB,IND,9,0,0,0,0,0,0,0
00-0038408,Carrington Valentine,DB,GB,9,0,0,0,0,0,0,0
00-0038409,Lew Nichols III,RB,PIT,9,0,0,0,0,0,0,0
00-0038416,Tyson Bagent,QB,CHI,9,1,20,0,0,0,0,0
00-0038440,Zavier Scott,RB,MIN,9,0,0,0,0,0,0,0
00-0038454,Keaton Mitchell,RB,BAL,9,0,0,4,11,1,1,7
00-0038465,Malik Heath,WR,GB,9,0,0,0,0,1,1,11
00-0038493,Claudin Cherelus,LB,CAR,9,0,0,0,0,0,0,0
00-0038519,Nikko Remigio,WR,KC,9,0,0,0,0,0,0,0
00-0038536,Chandler Zavala,G,CAR,9,0,0,0,0,0,0,0
00-0038541,Tyree Wilson,DE,LV,9,0,0,0,0,0,0,0
00-0038542,Bijan Robinson,RB,ATL,9,0,0,12,46,10,8,50
00-0038543,Jaxon Smith-Njigba,WR,SEA,9,0,0,1,11,9,8,129
00-0038544,Quentin Johnston,WR,LAC,9,0,0,0,0,6,4,53
00-0038546,Myles Murphy,DE,CIN,9,0,0,0,0,0,0,0
00-0038547,Luke Schoonmaker,TE,DAL,9,0,0,0,0,2,1,14
00-0038549,DJ Turner II,CB,CIN,9,0,0,0,0,0,0,0
00-0038552,Riley Moss,CB,DEN,9,0,0,0,0,0,0,0
00-0038553,Daiyan Henley,LB,LAC,9,0,0,0,0,0,0,0
00-0038554,Ji'Ayir Brown,SAF,SF,9,0,0,0,0,0,0,0
00-0038557,Dorian Williams,LB,BUF,9,0,0,0,0,0,0,0
00-0038558,Darnell Washington,TE,PIT,9,0,0,0,0,6,4,43
00-0038559,Michael Wilson,WR,ARI,9,0,0,0,0,4,3,61
00-0038560,Jordan Battle,SAF,CIN,9,0,0,0,0,0,0,0
00-0038563,Tre Tucker,WR,LV,9,0,0,0,0,4,3,38
00-0038565,Mekhi Blackmon,DB,IND,9,0,0,0,0,0,0,0
00-0038567,Chad Ryland,K,ARI,9,0,0,0,0,0,0,0
00-0038570,Ventrell Miller,LB,JAX,9,0,0,0,0,0,0,0
00-0038573,Derius Davis,WR,LAC,9,0,0,0,0,0,0,0
00-0038576,Charlie Jones,WR,CIN,9,0,0,0,0,0,0,0
00-0038577,Nick Herbig,LB,PIT,9,0,0,0,0,0,0,0
00-0038578,Jay Ward,SAF,MIN,9,0,0,0,0,0,0,0
00-0038580,Yasir Abdullah,LB,JAX,9,0,0,0,0,0,0,0
00-0038585,Cameron Mitchell,DB,IND,9,0,0,0,0,0,0,0
00-0038588,Jordan Howden,SAF,NO,9,0,0,0,0,0,0,0
00-0038591,Mike Morris,DE,SEA,9,0,0,0,0,0,0,0
00-0038594,Darrell Luter Jr.,CB,SF,9,0,0,0,0,0,0,0
00-0038596,Antonio Johnson,SAF,JAX,9,0,0,0,0,0,0,0
00-0038597,Chase Brown,RB,CIN,9,0,0,11,37,14,8,75
00-0038599,Henry To'oTo'o,LB,HOU,9,0,0,0,0,0,0,0
00-0038600,Owen Pappoe,LB,ARI,9,0,0,0,0,0,0,0
00-0038603,Robert Beal Jr.,DE,SF,9,0,0,0,0,0,0,0
00-0038605,JL Skinner,SAF,DEN,9,0,0,0,0,0,0,0
00-0038606,Parker Washington,WR,JAX,9,0,0,0,0,9,8,90
00-0038608,Kayshon Boutte,WR,NE,9,0,0,0,0,1,0,0
00-0038610,Bryce Baringer,P,NE,9,0,0,0,0,0,0,0
00-0038611,Chris Rodriguez Jr.,RB,WAS,9,0,0,12,65,0,0,0
00-0038613,Jerrick Reed II,SAF,SEA,9,0,0,0,0,0,0,0
00-0038614,Scott Matlock,DT,LAC,9,0,0,0,0,1,1,2
00-0038618,Xavier Hutchinson,WR,HOU,9,0,0,0,0,5,3,30
00-0038619,Andrei Iosivas,WR,CIN,9,0,0,1,4,7,5,66
00-0038621,DeMario Douglas,WR,NE,9,0,0,0,0,6,4,100
00-0038623,Dante Stills,DT,ARI,9,0,0,0,0,0,0,0
00-0038625,Dee Winters,LB,SF,9,0,0,0,0,0,0,0
00-0038642,D.J. Ivey,CB,CIN,9,0,0,0,0,0,0,0
00-0038658,Adrian Martinez,QB,SF,9,0,0,1,-1,0,0,0
00-0038679,Tyrell Shavers,WR,BUF,9,0,0,0,0,1,1,7
00-0038684,Ethan Bonner,CB,MIA,9,0,0,0,0,0,0,0
00-0038685,Chris Brooks,RB,GB,9,0,0,0,0,2,2,24
00-0038694,Brandon Pili,DT,SEA,9,0,0,0,0,0,0,0
00-0038705,Emari Demercado,RB,ARI,9,0,0,14,79,1,1,-1
00-0038735,Princeton Fant,TE,DAL,9,0,0,0,0,0,0,0
00-0038738,Hunter Luepke,RB,DAL,9,0,0,0,0,0,0,0
00-0038742,Tyrus Wheat,LB,DET,9,0,0,0,0,0,0,0
00-0038765,Ty Okada,SAF,SEA,9,0,0,0,0,0,0,0
00-0038769,Chris Stoll,LS,SEA,9,0,0,0,0,0,0,0
00-0038778,Jalen Redmond,DL,MIN,9,0,0,0,0,0,0,0
00-0038791,Thomas Incoom,LB,CAR,9,0,0,0,0,0,0,0
00-0038797,Emanuel Wilson,RB,GB,9,0,0,6,16,2,1,1
00-0038807,Ivan Pace Jr.,LB,MIN,9,0,0,0,0,0,0,0
00-0038839,Mitchell Tinsley,WR,CIN,9,0,0,0,0,2,1,27
00-0038840,Brycen Tremayne,WR,CAR,9,0,0,0,0,1,1,8
00-0038841,Nick Whiteside,DB,DET,9,0,0,0,0,0,0,0
00-0038896,Jacob Saylors,RB,DET,9,0,0,0,0,0,0,0
00-0038905,Blake Grupe,K,NO,9,0,0,0,0,0,0,0
00-0038922,Drake Thomas,LB,SEA,9,0,0,0,0,0,0,0
00-0038933,Dalton Kincaid,TE,BUF,9,0,0,0,0,6,6,101
00-0038938,Jalin Hyatt,WR,NYG,9,0,0,0,0,0,0,0
00-0038940,Tyler Lacy,DE,DET,9,0,0,0,0,0,0,0
00-0038966,Natrone Brooks,DB,ATL,9,0,0,0,0,0,0,0
00-0038981,Wanya Morris,OT,KC,9,0,0,0,0,0,0,0
00-0038982,Chamarri Conner,DB,KC,9,0,0,0,0,0,0,0
00-0038984,Kei'Trel Clark,CB,ARI,9,0,0,0,0,0,0,0
00-0038986,Nic Jones,CB,NYG,9,0,0,0,0,0,0,0
00-0038994,Jordan Addison,WR,MIN,9,0,0,1,16,4,2,48
00-0038995,Bryan Bresee,DT,NO,9,0,0,0,0,0,0,0
00-0038996,Tucker Kraft,TE,GB,9,0,0,0,0,3,2,20
00-0038997,Josh Downs,WR,IND,9,0,0,0,0,9,6,57
00-0039000,Deonte Banks,CB,NYG,9,0,0,0,0,0,0,0
00-0039007,Garrett Williams,CB,ARI,9,0,0,0,0,0,0,0
00-0039018,Jack Campbell,LB,DET,9,0,0,0,0,0,0,0
00-0039019,John Michael Schmitz,C,NYG,9,0,0,0,0,0,0,0
00-0039031,Adetomiwa Adebawore,DT,IND,9,0,0,0,0,0,0,0
00-0039032,Tyjae Spears,RB,TEN,9,0,0,7,26,3,3,36
00-0039034,Peter Skoronski,OT,TEN,9,0,0,0,0,0,0,0
00-0039040,De'Von Achane,RB,MIA,9,0,0,14,67,10,6,39
00-0039041,Elijah Higgins,TE,ARI,9,0,0,0,0,3,3,30
00-0039047,Derick Hall,LB,SEA,9,0,0,0,0,0,0,0
00-0039054,Marte Mapu,LB,NE,9,0,0,0,0,0,0,0
00-0039059,Ethan Evans,P,LA,9,0,0,0,0,0,0,0
00-0039064,Zay Flowers,WR,BAL,9,0,0,0,0,5,5,64
00-0039065,Sam LaPorta,TE,DET,9,0,0,0,0,8,6,97
00-0039066,Michael Mayer,TE,LV,9,0,0,0,0,7,3,26
00-0039067,Rashee Rice,WR,KC,9,0,0,2,6,7,4,80
00-0039070,Gervon Dexter Sr.,DT,CHI,9,0,0,0,0,0,0,0
00-0039071,Tyrique Stevenson,CB,CHI,9,0,0,0,0,0,0,0
00-0039074,Davis Allen,TE,LA,9,0,0,0,0,4,3,37
00-0039075,Puka Nacua,WR,LA,9,0,0,1,3,8,7,95
00-0039108,Will Anderson Jr.,DE,HOU,9,0,0,0,0,0,0,0
00-0039110,Keeanu Benton,DT,PIT,9,0,0,0,0,0,0,0
00-0039111,Tuli Tuipulotu,LB,LAC,9,0,0,0,0,0,0,0
00-0039137,Byron Young,LB,LA,9,0,0,0,0,0,0,0
00-0039138,Kobie Turner,DE,LA,9,0,0,0,0,0,0,0
00-0039139,Jahmyr Gibbs,RB,DET,9,0,0,9,25,3,3,3
00-0039141,Brian Branch,CB,DET,9,0,0,0,0,0,0,0
00-0039144,Luke Musgrave,TE,GB,9,0,0,0,0,3,3,34
00-0039147,Christian Gonzalez,CB,NE,9,0,0,0,0,0,0,0
00-0039149,Quan Martin,SAF,WAS,9,0,0,0,0,0,0,0
00-0039150,Bryce Young,QB,CAR,9,20,102,2,9,0,0,0
00-0039151,Emmanuel Forbes,CB,LA,9,0,0,0,0,0,0,0
00-0039163,C.J. Stroud,QB,HOU,9,10,79,2,12,0,0,0
00-0039165,Zach Charbonnet,RB,SEA,9,0,0,8,25,1,1,21
00-0039167,Joey Porter Jr.,CB,PIT,9,0,0,0,0,0,0,0
00-0039169,Devon Witherspoon,CB,SEA,9,0,0,0,0,0,0,0
00-0039172,Jake Bates,K,DET,9,0,0,0,0,0,0,0
00-0039232,Nate Wiggins,CB,BAL,9,0,0,0,0,0,0,0
00-0039234,T.J. Tampa,CB,BAL,9,0,0,0,0,0,0,0
00-0039299,George Holani,RB,SEA,9,0,0,3,9,0,0,0
00-0039305,Jack Westover,TE,NE,9,0,0,0,0,0,0,0
00-0039309,Byron Murphy II,DT,SEA,9,0,0,0,0,0,0,0
00-0039323,Ryan Rehkow,P,CIN,9,0,0,0,0,0,0,0
00-0039324,Christian Roland-Wallace,CB,KC,9,0,0,0,0,0,0,0
00-0039332,C.J. Ravenell,DE,TEN,9,0,0,0,0,0,0,0
00-0039338,Brock Bowers,TE,LV,9,0,0,1,6,13,12,127
00-0039340,Laiatu Latu,DE,IND,9,0,0,0,0,0,0,0
00-0039342,Xavier Legette,WR,CAR,9,0,0,0,0,3,1,22
00-0039343,Kamari Lassiter,CB,HOU,9,0,0,0,0,0,0,0
00-0039345,Renardo Green,CB,SF,9,0,0,0,0,0,0,0
00-0039347,Trevin Wallace,LB,CAR,9,0,0,0,0,0,0,0
00-0039352,Marist Liufau,LB,DAL,9,0,0,0,0,0,0,0
00-0039353,Jarrian Jones,CB,JAX,9,0,0,0,0,0,0,0
00-0039355,Luke McCaffrey,WR,WAS,9,0,0,0,0,0,0,0
00-0039356,Ja'Tavion Sanders,TE,CAR,9,0,0,0,0,1,1,5
00-0039357,Decamerion Richardson,CB,LV,9,0,0,0,0,0,0,0
00-0039360,Malik Mustapha,SAF,SF,9,0,0,0,0,0,0,0
00-0039363,Isaac Guerendo,RB,SF,9,0,0,0,0,0,0,0
00-0039364,Sione Vaki,RB,DET,9,0,0,0,0,0,0,0
00-0039368,Jordan Magee,LB,WAS,9,0,0,0,0,0,0,0
00-0039369,Cam Hart,CB,LAC,9,0,0,0,0,0,0,0
00-0039370,JD Bertrand,LB,ATL,9,0,0,0,0,0,0,0
00-0039371,Kris Abrams-Draine,CB,DEN,9,0,0,0,0,0,0,0
00-0039374,Tommy Eichenberg,LB,LV,9,0,0,0,0,0,0,0
00-0039375,Josh Newton,CB,CIN,9,0,0,0,0,0,0,0
00-0039380,Chau Smith-Wade,CB,CAR,9,0,0,0,0,0,0,0
00-0039384,Tyrone Tracy Jr.,RB,NYG,9,0,0,5,18,4,3,19
00-0039387,Caelen Carson,DB,DAL,9,0,0,0,0,0,0,0
00-0039391,Kimani Vidal,RB,LAC,9,0,0,12,30,1,0,0
00-0039395,Jamal Hill,LB,HOU,9,0,0,0,0,0,0,0
00-0039404,Will Reichard,K,MIN,9,0,0,0,0,0,0,0
00-0039407,Dylan Laube,RB,LV,9,0,0,0,0,0,0,0
00-0039409,Cam Little,K,JAX,9,0,0,0,0,0,0,0
00-0039410,Ryan Flournoy,WR,DAL,9,0,0,0,0,2,2,12
00-0039421,Levi Drake Rodriguez,DL,MIN,9,0,0,0,0,0,0,0
00-0039423,Jonah Laulu,DT,LV,9,0,0,0,0,0,0,0
00-0039435,Tatum Bethune,LB,SF,9,0,0,0,0,0,0,0
00-0039436,Jaylen Harrell,DE,TEN,9,0,0,0,0,0,0,0
00-0039459,Theo Benedet,OL,CHI,9,0,0,0,0,0,0,0
00-0039460,Carl Jones,LB,CHI,9,0,0,0,0,0,0,0
00-0039465,Reddy Steward,DB,DAL,9,0,0,0,0,0,0,0
00-0039483,Isaiah Johnson,CB,MIA,9,0,0,0,0,0,0,0
00-0039491,Jalen Coker,WR,CAR,9,0,0,0,0,1,1,9
00-0039530,Brevyn Spann-Ford,TE,DAL,9,0,0,0,0,0,0,0
00-0039601,Demani Richardson,SAF,CAR,9,0,0,0,0,0,0,0
00-0039603,British Brooks,RB,HOU,9,0,0,2,0,0,0,0
00-0039632,PJ Jules,SAF,CIN,9,0,0,0,0,0,0,0
00-0039637,Maema Njongmeta,LB,CAR,9,0,0,0,0,0,0,0
00-0039648,David Martin-Robinson,TE,TEN,9,0,0,0,0,0,0,0
00-0039660,Thomas Harper,SAF,DET,9,0,0,0,0,0,0,0
00-0039681,Tyler Owens,DB,WAS,9,0,0,0,0,0,0,0
00-0039692,Dell Pettus,SAF,NE,9,0,0,0,0,0,0,0
00-0039731,JC Latham,OT,TEN,9,0,0,0,0,0,0,0
00-0039732,Bo Nix,QB,DEN,9,37,173,3,36,0,0,0
00-0039733,Ruke Orhorhoro,DT,ATL,9,0,0,0,0,0,0,0
00-0039734,Braden Fiske,DT,LA,9,0,0,0,0,0,0,0
00-0039738,Blake Corum,RB,LA,9,0,0,13,58,0,0,0
00-0039739,Roman Wilson,WR,PIT,9,0,0,0,0,2,1,4
00-0039741,Payton Wilson,LB,PIT,9,0,0,0,0,0,0,0
00-0039743,Jordan Jefferson,DT,CIN,9,0,0,0,0,0,0,0
00-0039744,Tanor Bortolini,G,IND,9,0,0,0,0,0,0,0
00-0039745,Tory Taylor,P,CHI,9,0,0,0,0,0,0,0
00-0039749,Tyler Davis,DE,LA,9,0,0,0,0,0,0,0
00-0039750,Joshua Karty,K,LA,9,0,0,0,0,0,0,0
00-0039752,Cedric Johnson,DE,CIN,9,0,0,0,0,0,0,0
00-0039757,Terrell Jennings,RB,NE,9,0,0,11,35,1,1,9
00-0039763,Joe Andreessen,LB,BUF,9,0,0,0,0,0,0,0
00-0039774,Omar Speights,LB,LA,9,0,0,0,0,0,0,0
00-0039776,Jaylen McCollough,SAF,LA,9,0,0,0,0,0,0,0
00-0039793,AJ Barner,TE,SEA,9,0,0,1,1,4,3,24
00-0039795,Nehemiah Pritchett,CB,SEA,9,0,0,0,0,0,0,0
00-0039796,Rasheen Ali,RB,BAL,9,0,0,0,0,0,0,0
00-0039807,Max Melton,CB,ARI,9,0,0,0,0,0,0,0
00-0039809,Jonah Elliss,LB,DEN,9,0,0,0,0,0,0,0
00-0039812,Ty'Ron Hopper,LB,GB,9,0,0,0,0,0,0,0
00-0039813,Evan Williams,SAF,GB,9,0,0,0,0,0,0,0
00-0039815,Tyrice Knight,LB,SEA,9,0,0,0,0,0,0,0
00-0039821,Andru Phillips,DB,NYG,9,0,0,0,0,0,0,0
00-0039825,Jaden Hicks,SAF,KC,9,0,0,0,0,0,0,0
00-0039829,Darius Muasau,LB,NYG,9,0,0,0,0,0,0,0
00-0039834,Kamren Kinchens,SAF,LA,9,0,0,0,0,0,0,0
00-0039835,Justin Eboigbe,DT,LAC,9,0,0,0,0,0,0,0
00-0039838,Calen Bullock,SAF,HOU,9,0,0,0,0,0,0,0
00-0039840,Austin Booker,DE,CHI,9,0,0,0,0,0,0,0
00-0039847,Theo Johnson,TE,NYG,9,0,0,0,0,6,3,27
00-0039849,Marvin Harrison Jr.,WR,ARI,9,0,0,0,0,10,7,96
00-0039850,Edgerrin Cooper,LB,GB,9,0,0,0,0,0,0,0
00-0039851,Drake Maye,QB,NE,9,29,259,8,20,0,0,0
00-0039852,Jared Verse,DE,LA,9,0,0,0,0,0,0,0
00-0039854,Darius Robinson,DL,ARI,9,0,0,0,0,0,0,0
00-0039858,Cedric Gray,LB,TEN,9,0,0,0,0,0,0,0
00-0039859,Brandon Dorlus,DE,ATL,9,0,0,0,0,0,0,0
00-0039860,Kool-Aid McKinstry,CB,NO,9,0,0,0,0,0,0,0
00-0039861,Tyler Nubin,SAF,NYG,9,0,0,0,0,0,0,0
00-0039864,Dadrion Taylor-Demerson,SAF,ARI,9,0,0,0,0,0,0,0
00-0039867,Javon Bullard,SAF,GB,9,0,0,0,0,0,0,0
00-0039868,Troy Franklin,WR,DEN,9,0,0,2,-4,10,4,27
00-0039872,Cole Bishop,SAF,BUF,9,0,0,0,0,0,0,0
00-0039875,Ray Davis,RB,BUF,9,0,0,0,0,0,0,0
00-0039879,Javon Solomon,LB,BUF,9,0,0,0,0,0,0,0
00-0039880,Malik Washington,WR,MIA,9,0,0,3,13,3,3,48
00-0039884,Tahj Washington,WR,MIA,9,0,0,0,0,2,1,11
00-0039886,T'Vondre Sweat,DT,TEN,9,0,0,0,0,0,0,0
00-0039889,Maason Smith,DT,JAX,9,0,0,0,0,0,0,0
00-0039890,Adonai Mitchell,WR,IND,9,0,0,0,0,1,1,7
00-0039893,Brian Thomas Jr.,WR,JAX,9,0,0,0,0,5,3,55
00-0039894,Xavier Worthy,WR,KC,9,0,0,1,7,7,3,23
00-0039898,Mike Sainristil,CB,WAS,9,0,0,0,0,0,0,0
00-0039900,Marshawn Kneeland,DE,DAL,9,0,0,0,0,0,0,0
00-0039901,Keon Coleman,WR,BUF,9,0,0,0,0,2,2,17
00-0039903,Terrion Arnold,CB,DET,9,0,0,0,0,0,0,0
00-0039908,Kris Jenkins,DT,CIN,9,0,0,0,0,0,0,0
00-0039910,Jayden Daniels,QB,WAS,9,22,153,10,51,0,0,0
00-0039911,Chop Robinson,LB,MIA,9,0,0,0,0,0,0,0
00-0039915,Ladd McConkey,WR,LAC,9,0,0,0,0,6,4,56
00-0039917,Michael Penix Jr.,QB,ATL,9,37,221,2,19,0,0,0
00-0039918,Caleb Williams,QB,CHI,9,34,280,5,53,2,2,22
00-0039919,Rome Odunze,WR,CHI,9,0,0,0,0,3,0,0
00-0039923,J.J. McCarthy,QB,MIN,9,25,143,9,12,0,0,0
00-0039924,Dallas Turner,LB,MIN,9,0,0,0,0,0,0,0
00-0040007,Tyler Booker,G,DAL,9,0,0,0,0,0,0,0
00-0040009,Savion Williams,WR,GB,9,0,0,1,0,2,2,12
00-0040011,Shemar James,LB,DAL,9,0,0,0,0,0,0,0
00-0040019,Jay Toia,DT,DAL,9,0,0,0,0,0,0,0
00-0040041,Nazir Stackhouse,DT,GB,9,0,0,0,0,0,0,0
00-0040044,Zion Childress,DB,DAL,9,0,0,0,0,0,0,0
00-0040061,Connor O'Toole,LB,SEA,9,0,0,0,0,0,0,0
00-0040069,Teddye Buchanan,LB,BAL,9,0,0,0,0,0,0,0
00-0040072,Jeffrey Bassa,LB,KC,9,0,0,0,0,0,0,0
00-0040074,Tyler Loop,K,BAL,9,0,0,0,0,0,0,0
00-0040075,LaJohntay Wester,WR,BAL,9,0,0,0,0,0,0,0
00-0040078,Brashard Smith,RB,KC,9,0,0,3,7,1,0,0
00-0040089,Kevin Knowles,DB,KC,9,0,0,0,0,0,0,0
00-0040104,Keondre Jackson,SAF,BAL,9,0,0,0,0,0,0,0
00-0040122,Ashton Jeanty,RB,LV,9,0,0,13,42,5,5,47
00-0040124,Tetairoa McMillan,WR,CAR,9,0,0,0,0,6,4,46
00-0040125,Kelvin Banks Jr.,OT,NO,9,0,0,0,0,0,0,0
00-0040126,Colston Loveland,TE,CHI,9,0,0,0,0,7,6,118
00-0040127,Kenneth Grant,DT,MIA,9,0,0,0,0,0,0,0
00-0040128,Tyler Warren,TE,IND,9,0,0,0,0,7,5,26
00-0040130,Jayden Higgins,WR,HOU,9,0,0,0,0,1,1,4
00-0040131,Kyle Williams,WR,NE,9,0,0,0,0,1,0,0
00-0040134,Pat Bryant,WR,DEN,9,0,0,0,0,3,2,20
00-0040137,Jordan Burch,LB,ARI,9,0,0,0,0,0,0,0
00-0040138,Jaylin Noel,WR,HOU,9,0,0,1,-3,0,0,0
00-0040141,Kevin Winston Jr.,SAF,TEN,9,0,0,0,0,0,0,0
00-0040142,Kaleb Johnson,RB,PIT,9,0,0,1,4,1,1,9
00-0040144,Jamaree Caldwell,DT,LAC,9,0,0,0,0,0,0,0
00-0040148,Xavier Watts,SAF,ATL,9,0,0,0,0,0,0,0
00-0040149,Jaylin Smith,CB,HOU,9,0,0,0,0,0,0,0
00-0040152,Upton Stout,CB,SF,9,0,0,0,0,0,0,0
00-0040154,Tai Felton,WR,MIN,9,0,0,0,0,0,0,0
00-0040155,Danny Stutsman,LB,NO,9,0,0,0,0,0,0,0
00-0040157,Barrett Carter,LB,CIN,9,0,0,0,0,0,0,0
00-0040159,Lathan Ransom,SAF,CAR,9,0,0,0,0,0,0,0
00-0040160,Jack Sawyer,LB,PIT,9,0,0,0,0,0,0,0
00-0040164,Jaylin Lane,WR,WAS,9,0,0,0,0,5,3,29
00-0040166,Quincy Riley,CB,NO,9,0,0,0,0,0,0,0
00-0040168,Que Robinson,LB,DEN,9,0,0,0,0,0,0,0
00-0040170,Elic Ayomanor,WR,TEN,9,0,0,0,0,6,3,46
00-0040171,Joshua Farmer,DT,NE,9,0,0,0,0,0,0,0
00-0040172,Jordan Watkins,WR,SF,9,0,0,0,0,1,1,19
00-0040175,Jordan Phillips,DT,MIA,9,0,0,0,0,0,0,0
00-0040181,Marcus Mbow,G,NYG,9,0,0,0,0,0,0,0
00-0040182,Dante Trader Jr.,SAF,MIA,9,0,0,0,0,0,0,0
00-0040184,KeAndre Lambert-Smith,WR,LAC,9,0,0,0,0,1,0,0
00-0040189,Oronde Gadsden II,TE,LAC,9,0,0,0,0,5,5,68
00-0040192,Jordan Hancock,CB,BUF,9,0,0,0,0,0,0,0
00-0040194,Jackson Hawes,TE,BUF,9,0,0,0,0,2,1,18
00-0040195,Denzel Burke,CB,ARI,9,0,0,0,0,0,0,0
00-0040198,Ollie Gordon II,RB,MIA,9,0,0,2,6,1,1,3
00-0040200,Andy Borregales,K,NE,9,0,0,0,0,0,0,0
00-0040201,Marcus Harris,CB,TEN,9,0,0,0,0,0,0,0
00-0040202,Devin Neal,RB,NO,9,0,0,3,11,1,1,1
00-0040208,Tahj Brooks,RB,CIN,9,0,0,1,1,0,0,0
00-0040218,Jimmy Horn Jr.,WR,CAR,9,0,0,1,7,2,1,1
00-0040221,R.J. Mickens,SAF,LAC,9,0,0,0,0,0,0,0
00-0040223,Jeremy Crawshaw,P,DEN,9,0,0,0,0,0,0,0
00-0040228,Cody Lindenberg,LB,LV,9,0,0,0,0,0,0,0
00-0040236,Kyle Monangai,RB,CHI,9,0,0,26,176,5,3,22
00-0040238,LeQuint Allen Jr.,RB,JAX,9,0,0,1,10,1,1,1
00-0040242,Jacory Croskey-Merritt,RB,WAS,9,0,0,12,38,1,1,3
00-0040243,Korie Black,CB,NYG,9,0,0,0,0,0,0,0
00-0040246,Julian Ashby,LS,NE,9,0,0,0,0,0,0,0
00-0040251,Trikweze Bridges,DB,DAL,9,0,0,0,0,0,0,0
00-0040277,Jahdae Walker,WR,CHI,9,0,0,0,0,0,0,0
00-0040279,Ryan Fitzgerald,K,CAR,9,0,0,0,0,0,0,0
00-0040326,Branson Combs,LB,JAX,9,0,0,0,0,0,0,0
00-0040342,Danny Striggow,DE,JAX,9,0,0,0,0,0,0,0
00-0040471,Nikko Reed,DB,LAC,9,0,0,0,0,0,0,0
00-0040489,Greedy Vance,CB,LV,9,0,0,0,0,0,0,0
00-0040492,Tyler Batty,LB,MIN,9,0,0,0,0,0,0,0
00-0040496,Chaz Chambliss,LB,MIN,9,0,0,0,0,0,0,0
00-0040503,Dorian Mausi,LB,TEN,9,0,0,0,0,0,0,0
00-0040506,Myles Price,WR,MIN,9,0,0,0,0,0,0,0
00-0040509,Ben Yurosek,TE,MIN,9,0,0,0,0,0,0,0
00-0040534,Ke'Shawn Williams,WR,PIT,9,0,0,0,0,0,0,0
00-0040563,Efton Chism III,WR,NE,9,0,0,0,0,0,0,0
00-0040574,Elijah Ponder,LB,NE,9,0,0,0,0,0,0,0
00-0040577,Jalon Walker,LB,ATL,9,0,0,0,0,0,0,0
00-0040578,James Pearce Jr.,DE,ATL,9,0,0,0,0,0,0,0
00-0040580,Josaiah Stewart,LB,LA,9,0,0,0,0,0,0,0
00-0040583,Woody Marks,RB,HOU,9,0,0,10,27,3,0,0
00-0040584,Gunnar Helm,TE,TEN,9,0,0,0,0,1,1,15
00-0040640,Ashton Gillotte,DE,KC,9,0,0,0,0,0,0,0
00-0040641,Darien Porter,CB,LV,9,0,0,0,0,0,0,0
00-0040643,Jonas Sanker,SAF,NO,9,0,0,0,0,0,0,0
00-0040644,Trevor Etienne,RB,CAR,9,0,0,0,0,0,0,0
00-0040645,Cody Simon,LB,ARI,9,0,0,0,0,0,0,0
00-0040648,Tory Horton,WR,SEA,9,0,0,0,0,4,4,48
00-0040649,Robbie Ouzts,RB,SEA,9,0,0,0,0,0,0,0
00-0040654,Kai Kroeger,P,NO,9,0,0,0,0,0,0,0
00-0040660,Mykel Williams,DE,SF,9,0,0,0,0,0,0,0
00-0040661,Donovan Jackson,G,MIN,9,0,0,0,0,0,0,0
00-0040667,Matthew Golden,WR,GB,9,0,0,0,0,3,2,9
00-0040670,Nohl Williams,CB,KC,9,0,0,0,0,0,0,0
00-0040672,Tyleik Williams,DT,DET,9,0,0,0,0,0,0,0
00-0040676,Cam Ward,QB,TEN,9,21,145,2,6,0,0,0
00-0040677,Abdul Carter,LB,NYG,9,0,0,0,0,0,0,0
00-0040678,Derrick Harmon,DT,PIT,9,0,0,0,0,0,0,0
00-0040688,Malaki Starks,SAF,BAL,9,0,0,0,0,0,0,0
00-0040691,Jaxson Dart,QB,NYG,9,33,191,8,56,0,0,0
00-0040694,Darius Alexander,DT,NYG,9,0,0,0,0,0,0,0
00-0040699,Will Campbell,OT,NE,9,0,0,0,0,0,0,0
00-0040705,Chimere Dike,WR,TEN,9,0,0,0,0,3,1,5
00-0040706,Walter Nolen,DT,ARI,9,0,0,0,0,0,0,0
00-0040709,Maxwell Hairston,CB,BUF,9,0,0,0,0,0,0,0
00-0040710,Deone Walker,DT,BUF,9,0,0,0,0,0,0,0
00-0040716,Craig Woodson,SAF,NE,9,0,0,0,0,0,0,0
00-0040719,Bhayshul Tuten,RB,JAX,9,0,0,9,29,1,1,-3
00-0040720,Jahdae Barron,CB,DEN,9,0,0,0,0,0,0,0
00-0040722,Mike Green,LB,BAL,9,0,0,0,0,0,0,0
00-0040723,Jack Kiser,LB,JAX,9,0,0,0,0,0,0,0
00-0040725,Donovan Ezeiruaku,LB,DAL,9,0,0,0,0,0,0,0
00-0040727,Tre Harris,WR,LAC,9,0,0,0,0,2,2,18
00-0040728,Tate Ratledge,G,DET,9,0,0,0,0,0,0,0
00-0040729,Jack Bech,WR,LV,9,0,0,0,0,0,0,0
00-0040730,RJ Harvey,RB,DEN,9,0,0,2,5,5,5,51
00-0040731,Trey Amos,CB,WAS,9,0,0,0,0,0,0,0
00-0040733,Nick Emmanwori,SAF,SEA,9,0,0,0,0,0,0,0
00-0040734,TreVeyon Henderson,RB,NE,9,0,0,14,55,6,4,32
00-0040737,Terrance Ferguson,TE,LA,9,0,0,0,0,3,2,54
00-0040738,Demetrius Knight Jr.,LB,CIN,9,0,0,0,0,0,0,0
00-0040739,Elijah Arroyo,TE,SEA,9,0,0,0,0,2,2,29
00-0040743,Tyler Shough,QB,NO,9,24,176,1,2,0,0,0
00-0040744,Jaylahn Tuimolaou,DE,IND,9,0,0,0,0,0,0,0
00-0040745,Aireontae Ersery,OT,HOU,9,0,0,0,0,0,0,0
00-0040746,Nic Scourton,LB,CAR,9,0,0,0,0,0,0,0
00-0040751,Will Johnson,CB,ARI,9,0,0,0,0,0,0,0
00-0040756,Shemar Stewart,DE,CIN,9,0,0,0,0,0,0,0
,,,MIA,9,0,0,0,0,0,0,0
00-0023459,Aaron Rodgers,QB,PIT,10,31,161,0,0,0,0,0
00-0023853,Matt Prater,K,BUF,10,0,0,0,0,0,0,0
00-0024243,Marcedes Lewis,TE,DEN,10,0,0,0,0,0,0,0
00-0025565,Nick Folk,K,NYJ,10,0,0,0,0,0,0,0
00-0026190,Calais Campbell,DE,ARI,10,0,0,0,0,0,0,0
00-0026498,Matthew Stafford,QB,LA,10,36,280,3,-3,0,0,0
00-0027114,Thomas Morstead,P,SF,10,0,0,0,0,0,0,0
00-0027940,Von Miller,OLB,WAS,10,0,0,0,0,0,0,0
00-0027962,Cameron Jordan,LB,NO,10,0,0,0,0,0,0,0
00-0027969,Cameron Heyward,DE,PIT,10,0,0,0,0,0,0,0
00-0028292,Nick Bellore,LB,WAS,10,0,0,0,0,0,0,0
00-0029255,Bobby Wagner,MLB,WAS,10,0,0,0,0,0,0,0
00-0029263,Russell Wilson,QB,NYG,10,7,45,2,12,0,0,0
00-0029562,Lavonte David,OLB,TB,10,0,0,0,0,0,0,0
00-0029606,Harrison Smith,FS,MIN,10,0,0,0,0,0,0,0
00-0029607,Demario Davis,OLB,NO,10,0,0,0,0,0,0,0
00-0029822,Brandon McManus,K,GB,10,0,0,0,0,0,0,0
00-0029892,Kyle Juszczyk,FB,SF,10,0,0,0,0,2,2,8
00-0030035,Adam Thielen,WR,MIN,10,0,0,0,0,3,2,16
00-0030061,Zach Ertz,TE,WAS,10,0,0,0,0,5,4,54
00-0030062,Darius Slay,CB,PIT,10,0,0,0,0,0,0,0
00-0030070,John Jenkins,DT,BAL,10,0,0,0,0,0,0,0
00-0030092,Sam Martin,P,CAR,10,0,0,0,0,0,0,0
00-0030114,Jordan Poyer,FS,BUF,10,0,0,0,0,0,0,0
00-0030140,Tress Way,P,WAS,10,0,0,0,0,0,0,0
00-0030279,Keenan Allen,WR,LAC,10,0,0,0,0,5,2,19
00-0030561,Lane Johnson,OT,PHI,10,0,0,0,0,0,0,0
00-0030564,DeAndre Hopkins,WR,BAL,10,0,0,0,0,4,2,16
00-0030565,Geno Smith,QB,LV,10,26,143,3,7,0,0,0
00-0031040,Khalil Mack,OLB,LAC,10,0,0,0,0,0,0,0
00-0031054,DaQuan Jones,DT,BUF,10,0,0,0,0,0,0,0
00-0031079,Pat O'Donnell,P,ARI,10,0,0,0,0,0,0,0
00-0031136,Chris Boswell,K,PIT,10,0,0,0,0,0,0,0
00-0031203,Cairo Santos,K,CHI,10,0,0,0,0,0,0,0
00-0031254,Denico Autry,DT,HOU,10,0,0,0,0,0,0,0
00-0031270,Shelby Harris,DE,CLE,10,0,0,0,0,0,0,0
00-0031330,Morgan Moses,OT,NE,10,0,0,0,0,0,0,0
00-0031360,Kyle Van Noy,MLB,BAL,10,0,0,0,0,0,0,0
00-0031381,Davante Adams,WR,LA,10,0,0,0,0,8,6,77
00-0031411,DeMarcus Lawrence,LB,SEA,10,0,0,0,0,0,0,0
00-0031492,Jason Myers,K,SEA,10,0,0,0,0,0,0,0
00-0031551,Eddie Goldman,NT,WAS,10,0,0,0,0,0,0,0
00-0031557,Jordan Phillips,DT,BUF,10,0,0,0,0,0,0,0
00-0031565,Danielle Hunter,DE,HOU,10,0,0,0,0,0,0,0
00-0031583,Grady Jarrett,DT,CHI,10,0,0,0,0,0,0,0
00-0031588,Stefon Diggs,WR,NE,10,0,0,0,0,8,5,46
00-0031687,Raheem Mostert,RB,LV,10,0,0,1,4,1,1,11
00-0031898,Alex Singleton,LB,DEN,10,0,0,0,0,0,0,0
00-0031933,Leonard Williams,DE,SEA,10,0,0,0,0,0,0,0
00-0031935,Preston Smith,DE,WAS,10,0,0,0,0,0,0,0
00-0031957,Rakeem Nunez-Roches,DT,NYG,10,0,0,0,0,0,0,0
00-0032065,Bradley Pinion,P,ATL,10,0,0,0,0,0,0,0
00-0032071,Trent Brown,OT,HOU,10,0,0,0,0,0,0,0
00-0032103,Denzel Perryman,MLB,LAC,10,0,0,0,0,0,0,0
00-0032104,Ameer Abdullah,RB,IND,10,0,0,0,0,1,1,8
00-0032146,Bud Dupree,OLB,LAC,10,0,0,0,0,0,0,0
00-0032164,Arik Armstead,DE,JAX,10,0,0,0,0,0,0,0
00-0032203,Andrus Peat,G,PIT,10,0,0,0,0,0,0,0
00-0032211,Tyler Lockett,WR,LV,10,0,0,0,0,6,5,44
00-0032265,Mario Edwards,DE,HOU,10,0,0,0,0,0,0,0
00-0032268,Marcus Mariota,QB,WAS,10,22,213,5,22,0,0,0
00-0032385,Sterling Shepard,WR,TB,10,0,0,1,11,4,3,20
00-0032388,Deion Jones,LB,TB,10,0,0,0,0,0,0,0
00-0032392,Austin Hooper,TE,NE,10,0,0,0,0,1,0,0
00-0032398,Chris Moore,WR,WAS,10,0,0,0,0,0,0,0
00-0032415,Matthew Judon,OLB,MIA,10,0,0,0,0,0,0,0
00-0032424,DJ Reader,DT,DET,10,0,0,0,0,0,0,0
00-0032442,Elandon Roberts,OLB,LV,10,0,0,0,0,0,0,0
00-0032464,Kalif Raymond,WR,DET,10,0,0,1,10,4,4,49
00-0032569,Wil Lutz,K,DEN,10,0,0,0,0,0,0,0
00-0032580,Jonathan Jones,DB,WAS,10,0,0,0,0,0,0,0
00-0032667,Roy Robertson-Harris,DE,NYG,10,0,0,0,0,0,0,0
00-0032688,Robbie Chosen,WR,WAS,10,0,0,0,0,4,1,17
00-0032759,Sheldon Rankins,DT,HOU,10,0,0,0,0,0,0,0
00-0032764,Derrick Henry,RB,BAL,10,0,0,20,75,3,3,9
00-0032775,Demarcus Robinson,WR,SF,10,0,0,0,0,4,3,34
00-0032889,A'Shawn Robinson,DT,CAR,10,0,0,0,0,0,0,0
00-0032918,C.J. Ham,FB,MIN,10,0,0,0,0,0,0,0
00-0032933,Antonio Hamilton,CB,WAS,10,0,0,0,0,0,0,0
00-0032943,Riley Dixon,P,TB,10,0,0,0,0,0,0,0
00-0032951,Laquon Treadwell,WR,IND,10,0,0,0,0,0,0,0
00-0033010,Sheldon Day,DT,WAS,10,0,0,0,0,0,0,0
00-0033051,David Onyemata,DT,ATL,10,0,0,0,0,0,0,0
00-0033055,Jalen Ramsey,CB,PIT,10,0,0,0,0,0,0,0
00-0033057,Jack Conklin,OT,CLE,10,0,0,0,0,0,0,0
00-0033066,Andrew Billings,DT,CHI,10,0,0,0,0,0,0,0
00-0033090,Hunter Henry,TE,NE,10,0,0,0,0,4,1,9
00-0033093,Jonathan Bullard,DE,NO,10,0,0,0,0,0,0,0
00-0033106,Jared Goff,QB,DET,10,33,320,0,0,0,0,0
00-0033109,Javon Hargrave,NT,MIN,10,0,0,0,0,0,0,0
00-0033110,Tyler Higbee,TE,LA,10,0,0,0,0,3,3,33
00-0033119,Jacoby Brissett,QB,ARI,10,44,258,4,31,0,0,0
00-0033131,Maliek Collins,DT,CLE,10,0,0,0,0,0,0,0
00-0033132,Kevin Byard,FS,CHI,10,0,0,0,0,0,0,0
00-0033156,Joey Bosa,DE,BUF,10,0,0,0,0,0,0,0
00-0033217,Mo Alie-Cox,TE,IND,10,0,0,0,0,1,0,0
00-0033246,Johnny Mundt,TE,JAX,10,0,0,0,0,2,1,21
00-0033260,Thomas Hennessy,LS,NYJ,10,0,0,0,0,0,0,0
00-0033269,Rigoberto Sanchez,P,IND,10,0,0,0,0,0,0,0
00-0033280,Christian McCaffrey,RB,SF,10,0,0,12,30,10,8,66
00-0033281,Marlon Humphrey,CB,BAL,10,0,0,0,0,0,0,0
00-0033282,Curtis Samuel,WR,BUF,10,0,0,0,0,1,1,21
00-0033288,George Kittle,TE,SF,10,0,0,0,0,9,9,84
00-0033293,Aaron Jones,RB,MIN,10,0,0,9,47,6,3,22
00-0033297,D.J. Jones,DT,DEN,10,0,0,0,0,0,0,0
00-0033307,Kendrick Bourne,WR,SF,10,0,0,0,0,1,1,19
00-0033336,Eric Wilson,LB,MIN,10,0,0,0,0,0,0,0
00-0033357,Taysom Hill,TE,NO,10,1,0,7,20,1,0,0
00-0033376,Patrick Ricard,RB,BAL,10,0,0,1,3,0,0,0
00-0033381,Adam Butler,DT,LV,10,0,0,0,0,0,0,0
00-0033393,Kenny Moore II,CB,IND,10,0,0,0,0,0,0,0
00-0033503,Arthur Maulet,CB,DET,10,0,0,0,0,0,0,0
00-0033523,Jonathan Allen,DE,MIN,10,0,0,0,0,0,0,0
00-0033546,Dalvin Tomlinson,DE,ARI,10,0,0,0,0,0,0,0
00-0033548,Chidobe Awuzie,CB,BAL,10,0,0,0,0,0,0,0
00-0033555,Mack Hollins,WR,NE,10,0,0,0,0,10,6,106
00-0033571,Matt Milano,OLB,BUF,10,0,0,0,0,0,0,0
00-0033572,Jamal Agnew,WR,ATL,10,0,0,0,0,0,0,0
00-0033676,Elijah Wilkinson,OT,ATL,10,0,0,0,0,0,0,0
00-0033697,Michael Davis,CB,NO,10,0,0,0,0,0,0,0
00-0033702,Younghoe Koo,K,NYG,10,0,0,0,0,0,0,0
00-0033787,Jake Elliott,K,PHI,10,0,0,0,0,0,0,0
00-0033858,Jonnu Smith,TE,PIT,10,0,0,0,0,2,1,4
00-0033860,Davon Godchaux,DT,NO,10,0,0,0,0,0,0,0
00-0033862,Zane Gonzalez,K,ATL,10,0,0,0,0,0,0,0
00-0033868,Myles Garrett,DE,CLE,10,0,0,0,0,0,0,0
00-0033869,Mitchell Trubisky,QB,BUF,10,0,0,1,4,0,0,0
00-0033872,Jamal Adams,LB,LV,10,0,0,0,0,0,0,0
00-0033876,Derek Barnett,DE,HOU,10,0,0,0,0,0,0,0
00-0033878,Adoree' Jackson,CB,PHI,10,0,0,0,0,0,0,0
00-0033881,Evan Engram,TE,DEN,10,0,0,0,0,5,2,12
00-0033884,Tre'Davious White,CB,BUF,10,0,0,0,0,0,0,0
00-0033885,David Njoku,TE,CLE,10,0,0,0,0,2,2,21
00-0033886,T.J. Watt,OLB,PIT,10,0,0,0,0,0,0,0
00-0033889,Cam Robinson,OT,CLE,10,0,0,0,0,0,0,0
00-0033890,Budda Baker,S,ARI,10,0,0,0,0,0,0,0
00-0033891,Zay Jones,WR,ARI,10,0,0,0,0,1,0,0
00-0033905,Larry Ogunjobi,DT,BUF,10,0,0,0,0,0,0,0
00-0033906,Alvin Kamara,RB,NO,10,0,0,22,83,3,3,32
00-0033908,Cooper Kupp,WR,SEA,10,0,0,0,0,2,2,74
00-0033914,Alex Anzalone,MLB,DET,10,0,0,0,0,0,0,0
00-0033918,Fabian Moreau,CB,MIN,10,0,0,0,0,0,0,0
00-0033941,Rayshawn Jenkins,DB,CLE,10,0,0,0,0,0,0,0
00-0033952,Grover Stewart,DT,IND,10,0,0,0,0,0,0,0
00-0033955,Jeremy McNichols,RB,WAS,10,0,0,5,25,1,1,4
00-0034073,Ross Dwelley,TE,DET,10,0,0,0,0,1,0,0
00-0034084,Mike Badgley,K,IND,10,0,0,0,0,0,0,0
00-0034112,Austin Schlottmann,C,NYG,10,0,0,0,0,0,0,0
00-0034158,Brian O'Neill,OT,MIN,10,0,0,0,0,0,0,0
00-0034161,Daniel Carlson,K,LV,10,0,0,0,0,0,0,0
00-0034162,J.K. Scott,P,LAC,10,0,0,0,0,0,0,0
00-0034163,Jacob Martin,DE,WAS,10,0,0,0,0,0,0,0
00-0034173,Eddy Pineiro,K,SF,10,0,0,0,0,0,0,0
00-0034203,Darious Williams,CB,LA,10,0,0,0,0,0,0,0
00-0034234,Poona Ford,DT,LA,10,0,0,0,0,0,0,0
00-0034248,Elijah Campbell,DB,MIA,10,0,0,0,0,0,0,0
00-0034270,Tyler Conklin,TE,LAC,10,0,0,0,0,1,1,12
00-0034278,Tremon Smith,CB,HOU,10,0,0,0,0,0,0,0
00-0034281,Bradley Bozeman,C,LAC,10,0,0,0,0,0,0,0
00-0034285,Zach Sieler,DE,MIA,10,0,0,0,0,0,0,0
00-0034302,Frankie Luvu,LB,WAS,10,0,0,0,0,0,0,0
00-0034333,Daron Payne,NT,WAS,10,0,0,0,0,0,0,0
00-0034348,Courtland Sutton,WR,DEN,10,0,0,0,0,4,3,24
00-0034350,Uchenna Nwosu,LB,SEA,10,0,0,0,0,0,0,0
00-0034351,Dallas Goedert,TE,PHI,10,0,0,0,0,6,4,43
00-0034356,Donte Jackson,CB,LAC,10,0,0,0,0,0,0,0
00-0034357,Isaiah Oliver,FS,NYJ,10,0,0,0,0,0,0,0
00-0034361,Justin Reid,S,NO,10,0,0,0,0,0,0,0
00-0034371,Da'Shawn Hand,DE,LAC,10,0,0,0,0,0,0,0
00-0034377,Avonte Maddox,FS,DET,10,0,0,0,0,0,0,0
00-0034381,Josh Sweat,LB,ARI,10,0,0,0,0,0,0,0
00-0034383,Dalton Schultz,TE,HOU,10,0,0,0,0,11,7,53
00-0034391,Siran Neal,DB,SF,10,0,0,0,0,0,0,0
00-0034397,Tim Settle,DT,HOU,10,0,0,0,0,0,0,0
00-0034399,Wyatt Teller,G,CLE,10,0,0,0,0,0,0,0
00-0034407,Ray-Ray McCloud,WR,NYG,10,0,0,0,0,0,0,0
00-0034413,Foye Oluokun,LB,JAX,10,0,0,0,0,0,0,0
00-0034419,Braxton Berrios,WR,HOU,10,0,0,0,0,0,0,0
00-0034429,Jordan Mailata,OT,PHI,10,0,0,0,0,0,0,0
00-0034431,Zaire Franklin,OLB,IND,10,0,0,0,0,0,0,0
00-0034437,Logan Cooke,P,JAX,10,0,0,0,0,0,0,0
00-0034465,Jeremy Reaves,DB,WAS,10,0,0,0,0,0,0,0
00-0034473,Dennis Gardeck,LB,JAX,10,0,0,0,0,0,0,0
00-0034485,Jonathan Owens,SAF,CHI,10,0,0,0,0,0,0,0
00-0034488,Tavierre Thomas,SAF,MIN,10,0,0,0,0,0,0,0
00-0034577,Kyle Allen,QB,DET,10,2,0,1,-1,0,0,0
00-0034639,Mike Ford,DB,ATL,10,0,0,0,0,0,0,0
00-0034673,Tremaine Edmunds,MLB,CHI,10,0,0,0,0,0,0,0
00-0034675,Jessie Bates,FS,ATL,10,0,0,0,0,0,0,0
00-0034720,Robert Spillane,LB,NE,10,0,0,0,0,0,0,0
00-0034721,Corey Bojorquez,P,CLE,10,0,0,0,0,0,0,0
00-0034753,Mark Andrews,TE,BAL,10,0,0,0,0,5,3,14
00-0034760,Nathan Shepherd,DE,NO,10,0,0,0,0,0,0,0
00-0034773,Vita Vea,DT,TB,10,0,0,0,0,0,0,0
00-0034775,Christian Kirk,WR,HOU,10,0,0,0,0,3,1,3
00-0034778,Carlton Davis III,CB,NE,10,0,0,0,0,0,0,0
00-0034779,Ronnie Harrison,LB,ATL,10,0,0,0,0,0,0,0
00-0034780,Isaac Yiadom,CB,NO,10,0,0,0,0,0,0,0
00-0034782,Harrison Phillips,DT,NYJ,10,0,0,0,0,0,0,0
00-0034789,Minkah Fitzpatrick,FS,MIA,10,0,0,0,0,0,0,0
00-0034790,Derwin James,FS,LAC,10,0,0,0,0,0,0,0
00-0034791,Nick Chubb,RB,HOU,10,0,0,5,47,1,1,5
00-0034796,Lamar Jackson,QB,BAL,10,29,176,9,36,0,0,0
00-0034797,Jerome Baker,OLB,CLE,10,0,0,0,0,0,0,0
00-0034801,Josh Woods,LB,ATL,10,0,0,0,0,0,0,0
00-0034805,John Franklin-Myers,DE,DEN,10,0,0,0,0,0,0,0
00-0034827,DJ Moore,WR,CHI,10,0,0,0,0,4,0,0
00-0034828,Harold Landry III,LB,NE,10,0,0,0,0,0,0,0
00-0034832,Bradley Chubb,OLB,MIA,10,0,0,0,0,0,0,0
00-0034836,Braden Smith,OT,IND,10,0,0,0,0,0,0,0
00-0034842,Taven Bryan,DT,BAL,10,0,0,0,0,0,0,0
00-0034844,Saquon Barkley,RB,PHI,10,0,0,22,60,3,3,41
00-0034847,Mike McGlinchey,OT,DEN,10,0,0,0,0,0,0,0
00-0034854,KhaDarel Hodge,WR,ATL,10,0,0,0,0,0,0,0
00-0034855,Baker Mayfield,QB,TB,10,43,273,0,0,0,0,0
00-0034856,Denzel Ward,CB,CLE,10,0,0,0,0,0,0,0
00-0034857,Josh Allen,QB,BUF,10,40,306,4,31,0,0,0
00-0034860,Dante Pettis,WR,NO,10,0,0,0,0,0,0,0
00-0034869,Sam Darnold,QB,SEA,10,12,178,3,-2,0,0,0
00-0034874,Roquan Smith,ILB,BAL,10,0,0,0,0,0,0,0
00-0034941,Mitch Wishnowsky,P,BUF,10,0,0,0,0,0,0,0
00-0034959,Andrew Beck,FB,NYJ,10,0,0,0,0,0,0,0
00-0034960,Jakobi Meyers,WR,JAX,10,0,0,0,0,3,3,41
00-0034967,Rashan Gary,LB,GB,10,0,0,0,0,0,0,0
00-0034968,Darnell Savage,SAF,WAS,10,0,0,0,0,0,0,0
00-0034973,Maxx Crosby,DE,LV,10,0,0,0,0,0,0,0
00-0034975,Justice Hill,RB,BAL,10,0,0,1,1,2,1,12
00-0034981,Foster Moreau,TE,NO,10,0,0,0,0,3,2,16
00-0034982,Dre Greenlaw,LB,DEN,10,0,0,0,0,0,0,0
00-0034987,E.J. Speed,LB,HOU,10,0,0,0,0,0,0,0
00-0035000,Quinton Bell,LB,MIA,10,0,0,0,0,0,0,0
00-0035020,Demetrius Flannigan-Fowles,LB,NYG,10,0,0,0,0,0,0,0
00-0035021,Ashton Dulin,WR,IND,10,0,0,1,22,0,0,0
00-0035026,Kevin Givens,DT,SF,10,0,0,0,0,0,0,0
00-0035042,Jamie Gillan,P,NYG,10,0,0,0,0,0,0,0
00-0035125,Alec Ingold,FB,MIA,10,0,0,1,6,0,0,0
00-0035133,Keisean Nixon,DB,GB,10,0,0,0,0,0,0,0
00-0035166,Azeez Al-Shaair,LB,HOU,10,0,0,0,0,0,0,0
00-0035189,Matthew Wright,K,HOU,10,0,0,0,0,0,0,0
00-0035190,AJ Cole,P,LV,10,0,0,0,0,0,0,0
00-0035202,Del'Shawn Phillips,LB,LAC,10,0,0,0,0,0,0,0
00-0035208,Olamide Zaccheaus,WR,CHI,10,0,0,0,0,4,1,5
00-0035229,T.J. Hockenson,TE,MIN,10,0,0,0,0,2,2,8
00-0035236,Byron Murphy,CB,MIN,10,0,0,0,0,0,0,0
00-0035240,Jahlani Tavai,LB,NE,10,0,0,0,0,0,0,0
00-0035244,Lonnie Johnson,SAF,LV,10,0,0,0,0,0,0,0
00-0035248,Zach Allen,DE,DEN,10,0,0,0,0,0,0,0
00-0035250,Devin Singletary,RB,NYG,10,0,0,8,20,3,3,53
00-0035253,C.J. Gardner-Johnson,SAF,CHI,10,0,0,0,0,0,0,0
00-0035254,Anthony Nelson,LB,TB,10,0,0,0,0,0,0,0
00-0035258,Hjalte Froholdt,G,ARI,10,0,0,0,0,0,0,0
00-0035269,Matt Gay,K,WAS,10,0,0,0,0,0,0,0
00-0035272,Andrew Van Ginkel,OLB,MIN,10,0,0,0,0,0,0,0
00-0035276,Blake Cashman,LB,MIN,10,0,0,0,0,0,0,0
00-0035277,Mike Jackson,CB,CAR,10,0,0,0,0,0,0,0
00-0035280,Jake Bailey,P,MIA,10,0,0,0,0,0,0,0
00-0035291,Trayveon Williams,RB,LAC,10,0,0,0,0,0,0,0
00-0035316,Kaden Elliss,LB,ATL,10,0,0,0,0,0,0,0
00-0035352,Tyrel Dodson,LB,MIA,10,0,0,0,0,0,0,0
00-0035357,Cam Lewis,CB,BUF,10,0,0,0,0,0,0,0
00-0035358,Chase McLaughlin,K,TB,10,0,0,0,0,0,0,0
00-0035359,David Sills,WR,ATL,10,0,0,0,0,1,0,0
00-0035378,Andrew Wingard,SAF,JAX,10,0,0,0,0,0,0,0
00-0035402,Carl Granderson,DE,NO,10,0,0,0,0,0,0,0
00-0035413,Luke Gifford,LB,SF,10,0,0,0,0,0,0,0
00-0035500,Greg Dortch,WR,ARI,10,0,0,2,2,0,0,0
00-0035525,Devin Bush,LB,CLE,10,0,0,0,0,0,0,0
00-0035535,Darius Slayton,WR,NYG,10,0,0,0,0,4,4,89
00-0035537,Ty Johnson,RB,BUF,10,0,0,1,2,2,2,24
00-0035602,Alex Bachman,WR,LV,10,0,0,0,0,0,0,0
00-0035625,Juan Thornhill,SAF,PIT,10,0,0,0,0,0,0,0
00-0035628,D'Ernest Johnson,RB,NE,10,0,0,1,1,0,0,0
00-0035629,Jonah Williams,OT,ARI,10,0,0,0,0,0,0,0
00-0035637,Rock Ya-Sin,CB,DET,10,0,0,0,0,0,0,0
00-0035640,DK Metcalf,WR,PIT,10,0,0,0,0,7,3,35
00-0035642,Josh Hines-Allen,DE,JAX,10,0,0,0,0,0,0,0
00-0035645,Gunner Olszewski,WR,NYG,10,0,0,0,0,2,0,0
00-0035647,Montez Sweat,DE,CHI,10,0,0,0,0,0,0,0
00-0035656,Khalen Saunders,DT,JAX,10,0,0,0,0,0,0,0
00-0035667,Greg Gaines,DT,TB,10,0,0,0,0,0,0,0
00-0035669,Nick Scott,SAF,CAR,10,0,0,0,0,0,0,0
00-0035676,A.J. Brown,WR,PHI,10,0,0,0,0,3,2,13
00-0035678,Dre'Mont Jones,LB,BAL,10,0,0,0,0,0,0,0
00-0035680,Quincy Williams,LB,NYJ,10,0,0,0,0,0,0,0
00-0035683,Dexter Lawrence,DT,NYG,10,0,0,0,0,0,0,0
00-0035685,David Montgomery,RB,DET,10,0,0,15,71,1,1,0
00-0035687,Bobby Okereke,ILB,NYG,10,0,0,0,0,0,0,0
00-0035689,Dawson Knox,TE,BUF,10,0,0,0,0,4,3,37
00-0035692,Clelin Ferrell,DE,SF,10,0,0,0,0,0,0,0
00-0035697,Germaine Pratt,LB,IND,10,0,0,0,0,0,0,0
00-0035698,Chuma Edoga,OT,JAX,10,0,0,0,0,0,0,0
00-0035699,Jamel Dean,CB,TB,10,0,0,0,0,0,0,0
00-0035700,Josh Jacobs,RB,GB,10,0,0,21,74,6,5,33
00-0035704,Drew Lock,QB,SEA,10,0,0,4,-4,0,0,0
00-0035705,Jalen Thompson,DB,ARI,10,0,0,0,0,0,0,0
00-0035707,Devin White,LB,LV,10,0,0,0,0,0,0,0
00-0035710,Daniel Jones,QB,IND,10,26,255,7,53,0,0,0
00-0035713,Brian Burns,LB,NYG,10,0,0,0,0,0,0,0
00-0035719,Deebo Samuel Sr.,WR,WAS,10,0,0,0,0,5,4,29
00-0035743,Brett Toth,G,PHI,10,0,0,0,0,0,0,0
00-0035757,Jacob Bobenmoyer,LS,LV,10,0,0,0,0,0,0,0
00-0035763,Malcolm Roach,DT,DEN,10,0,0,0,0,0,0,0
00-0035795,James Pierre,CB,PIT,10,0,0,0,0,0,0,0
00-0035821,Corliss Waitman,P,PIT,10,0,0,0,0,0,0,0
00-0035841,Benito Jones,DT,MIA,10,0,0,0,0,0,0,0
00-0035857,Chris Williams,DT,CHI,10,0,0,0,0,0,0,0
00-0035889,Tommy Townsend,P,HOU,10,0,0,0,0,0,0,0
00-0035890,Tershawn Wharton,DE,CAR,10,0,0,0,0,0,0,0
00-0035891,Cody White,WR,SEA,10,0,0,0,0,0,0,0
00-0035942,Christian Rozeboom,LB,CAR,10,0,0,0,0,0,0,0
00-0035944,Jonah Williams,DE,NO,10,0,0,0,0,0,0,0
00-0036037,Sam Franklin Jr.,SAF,BUF,10,0,0,0,0,0,0,0
00-0036040,Juwan Johnson,TE,NO,10,0,0,0,0,4,4,92
00-0036087,Myles Bryant,CB,HOU,10,0,0,0,0,0,0,0
00-0036139,Rico Dowdle,RB,CAR,10,0,0,18,53,3,3,10
00-0036151,Bryce Huff,DE,SF,10,0,0,0,0,0,0,0
00-0036157,Kristian Welch,LB,GB,10,0,0,0,0,0,0,0
00-0036158,J.K. Dobbins,RB,DEN,10,0,0,18,77,1,1,7
00-0036159,Joshua Uche,LB,PHI,10,0,0,0,0,0,0,0
00-0036181,Teair Tart,DT,LAC,10,0,0,0,0,0,0,0
00-0036182,Nick Westbrook-Ikhine,WR,MIA,10,0,0,0,0,1,1,7
00-0036193,Anfernee Jennings,LB,NE,10,0,0,0,0,0,0,0
00-0036212,Tua Tagovailoa,QB,MIA,10,21,173,2,-1,0,0,0
00-0036220,Derrick Brown,DT,CAR,10,0,0,0,0,0,0,0
00-0036221,Brandon Jones,SAF,DEN,10,0,0,0,0,0,0,0
00-0036222,Isaiah Rodgers,CB,MIN,10,0,0,0,0,0,0,0
00-0036223,Jonathan Taylor,RB,IND,10,0,0,32,244,3,3,42
00-0036224,Jonathan Greenard,LB,MIN,10,0,0,0,0,0,0,0
00-0036231,Kyle Dugger,SAF,PIT,10,0,0,0,0,0,0,0
00-0036237,Larrell Murchison,DT,LA,10,0,0,0,0,0,0,0
00-0036244,Colby Parkinson,TE,LA,10,0,0,0,0,5,4,41
00-0036246,Jon Runyan,G,NYG,10,0,0,0,0,0,0,0
00-0036252,Michael Pittman,WR,IND,10,0,0,0,0,2,2,19
00-0036259,Jauan Jennings,WR,SF,10,0,0,0,0,9,6,71
00-0036260,Javon Kinlaw,DT,WAS,10,0,0,0,0,0,0,0
00-0036262,DaVon Hamilton,DT,JAX,10,0,0,0,0,0,0,0
00-0036264,Jordan Love,QB,GB,10,36,176,5,28,0,0,0
00-0036266,Jordan Elliott,DT,SF,10,0,0,0,0,0,0,0
00-0036275,D'Andre Swift,RB,CHI,10,0,0,13,80,8,5,18
00-0036280,Malik Harrison,LB,PIT,10,0,0,0,0,0,0,0
00-0036282,Grant Delpit,SAF,CLE,10,0,0,0,0,0,0,0
00-0036284,Mekhi Becton,G,LAC,10,0,0,0,0,0,0,0
00-0036285,A.J. Terrell,CB,ATL,10,0,0,0,0,0,0,0
00-0036286,K'Lavon Chaisson,LB,NE,10,0,0,0,0,0,0,0
00-0036287,Noah Igbinoghene,CB,WAS,10,0,0,0,0,0,0,0
00-0036290,Cole Kmet,TE,CHI,10,0,0,0,0,2,1,5
00-0036293,Jeremy Chinn,SAF,LV,10,0,0,0,0,0,0,0
00-0036298,Akeem Davis-Gaither,LB,ARI,10,0,0,0,0,0,0,0
00-0036302,Jaylinn Hawkins,SAF,NE,10,0,0,0,0,0,0,0
00-0036305,Trevis Gipson,LB,CAR,10,0,0,0,0,0,0,0
00-0036309,Darnell Mooney,WR,ATL,10,0,0,0,0,8,1,17
00-0036313,Braden Mann,P,PHI,10,0,0,0,0,0,0,0
00-0036321,Chase Young,DE,NO,10,0,0,0,0,0,0,0
00-0036322,Justin Jefferson,WR,MIN,10,0,0,0,0,12,4,37
00-0036323,Patrick Queen,LB,PIT,10,0,0,0,0,0,0,0
00-0036331,Devin Duvernay,WR,CHI,10,0,0,0,0,0,0,0
00-0036333,Alex Highsmith,LB,PIT,10,0,0,0,0,0,0,0
00-0036335,D.J. Wonnum,LB,CAR,10,0,0,0,0,0,0,0
00-0036347,Blake Brandel,OT,MIN,10,0,0,0,0,0,0,0
00-0036348,Josh Metellus,SAF,MIN,10,0,0,0,0,0,0,0
00-0036349,Kam Curl,SAF,LA,10,0,0,0,0,0,0,0
00-0036355,Justin Herbert,QB,LAC,10,33,220,5,19,0,0,0
00-0036359,Damon Arnette,CB,HOU,10,0,0,0,0,0,0,0
00-0036362,Willie Gay Jr.,LB,MIA,10,0,0,0,0,0,0,0
00-0036366,Neville Gallimore,DT,IND,10,0,0,0,0,0,0,0
00-0036375,Amik Robertson,CB,DET,10,0,0,0,0,0,0,0
00-0036380,Alohi Gilman,SAF,BAL,10,0,0,0,0,0,0,0
00-0036388,Xavier McKinney,SAF,GB,10,0,0,0,0,0,0,0
00-0036389,Jalen Hurts,QB,PHI,10,26,183,5,27,0,0,0
00-0036394,Darnay Holmes,CB,LV,10,0,0,0,0,0,0,0
00-0036407,Jerry Jeudy,WR,CLE,10,0,0,0,0,12,6,78
00-0036409,Jordyn Brooks,LB,MIA,10,0,0,0,0,0,0,0
00-0036411,Antoine Winfield Jr.,SAF,TB,10,0,0,0,0,0,0,0
00-0036417,Damien Lewis,G,CAR,10,0,0,0,0,0,0,0
00-0036418,Zack Baun,LB,PHI,10,0,0,0,0,0,0,0
00-0036421,Terrell Burgess,SAF,NO,10,0,0,0,0,0,0,0
00-0036422,Adam Trautman,TE,DEN,10,0,0,0,0,1,1,2
00-0036427,Tyler Johnson,WR,NYJ,10,0,0,0,0,1,0,0
00-0036428,Justin Strnad,LB,DEN,10,0,0,0,0,0,0,0
00-0036429,Charlie Woerner,TE,ATL,10,0,0,0,0,1,1,14
00-0036479,Kwity Paye,DE,IND,10,0,0,0,0,0,0,0
00-0036497,Tim Jones,WR,JAX,10,0,0,0,0,0,0,0
00-0036500,Jamien Sherwood,LB,NYJ,10,0,0,0,0,0,0,0
00-0036502,Jason Pinnock,SAF,SF,10,0,0,0,0,0,0,0
00-0036504,Brandin Echols,CB,PIT,10,0,0,0,0,0,0,0
00-0036550,Rashod Bateman,WR,BAL,10,0,0,0,0,2,1,10
00-0036551,Aaron Banks,G,GB,10,0,0,0,0,0,0,0
00-0036554,Nico Collins,WR,HOU,10,0,0,0,0,15,7,136
00-0036555,Chuba Hubbard,RB,CAR,10,0,0,3,14,1,1,1
00-0036561,Keith Taylor,CB,ATL,10,0,0,0,0,0,0,0
00-0036563,Deommodore Lenoir,CB,SF,10,0,0,0,0,0,0,0
00-0036564,Talanoa Hufanga,SAF,DEN,10,0,0,0,0,0,0,0
00-0036568,Roy Lopez,DT,DET,10,0,0,0,0,0,0,0
00-0036613,Jaylen Waddle,WR,MIA,10,0,0,0,0,7,5,84
00-0036616,Christian Darrisaw,OT,MIN,10,0,0,0,0,0,0,0
00-0036619,Dillon Radunz,OT,NO,10,0,0,0,0,0,0,0
00-0036622,Josh Myers,C,NYJ,10,0,0,0,0,0,0,0
00-0036624,Alim McNeill,DT,DET,10,0,0,0,0,0,0,0
00-0036625,Benjamin St-Juste,CB,LAC,10,0,0,0,0,0,0,0
00-0036626,Dyami Brown,WR,JAX,10,0,0,0,0,1,0,0
00-0036628,John Bates,TE,WAS,10,0,0,0,0,2,1,6
00-0036629,Camryn Bynum,SAF,IND,10,0,0,0,0,0,0,0
00-0036630,Tylan Wallace,WR,BAL,10,0,0,0,0,0,0,0
00-0036646,Simi Fehoko,WR,ARI,10,0,0,0,0,0,0,0
00-0036655,Cole Van Lanen,G,JAX,10,0,0,0,0,0,0,0
00-0036658,Isaiah McDuffie,LB,GB,10,0,0,0,0,0,0,0
00-0036672,Grant Stuard,LB,DET,10,0,0,0,0,0,0,0
00-0036677,Zayne Anderson,SAF,GB,10,0,0,0,0,0,0,0
00-0036683,Devon Key,SAF,DEN,10,0,0,0,0,0,0,0
00-0036711,Charles Snowden,DE,LV,10,0,0,0,0,0,0,0
00-0036727,Adam Prentice,FB,DEN,10,0,0,0,0,1,1,13
00-0036728,Curtis Robinson,LB,SF,10,0,0,0,0,0,0,0
00-0036754,Brock Wright,TE,DET,10,0,0,0,0,1,0,0
00-0036755,Jaret Patterson,RB,LAC,10,0,0,1,1,0,0,0
00-0036816,Riley Patterson,K,MIA,10,0,0,0,0,0,0,0
00-0036825,Feleipe Franks,TE,ATL,10,0,0,0,0,0,0,0
00-0036841,Austin Trammell,WR,JAX,10,0,0,0,0,3,2,33
00-0036842,Kene Nwangwu,RB,NYJ,10,0,0,0,0,0,0,0
00-0036862,Ben Skowronek,WR,PIT,10,0,0,0,0,0,0,0
00-0036867,Chris Rumph II,LB,NO,10,0,0,0,0,0,0,0
00-0036876,Kylen Granson,TE,PHI,10,0,0,0,0,0,0,0
00-0036881,Jay Tufele,DT,NYJ,10,0,0,0,0,0,0,0
00-0036883,Tommy Togiai,DT,HOU,10,0,0,0,0,0,0,0
00-0036887,Luke Farrell,TE,SF,10,0,0,0,0,2,2,15
00-0036894,Pat Freiermuth,TE,PIT,10,0,0,0,0,3,3,33
00-0036898,Davis Mills,QB,HOU,10,45,292,3,20,0,0,0
00-0036901,Eric Stokes,CB,LV,10,0,0,0,0,0,0,0
00-0036912,DeVonta Smith,WR,PHI,10,0,0,0,0,7,4,69
00-0036914,Greg Rousseau,LB,BUF,10,0,0,0,0,0,0,0
00-0036916,Milton Williams,DT,NE,10,0,0,0,0,0,0,0
00-0036919,Kenny Gainwell,RB,PIT,10,0,0,0,0,3,2,4
00-0036922,Patrick Johnson,DE,PHI,10,0,0,0,0,0,0,0
00-0036924,Michael Carter,RB,ARI,10,0,0,3,4,0,0,0
00-0036927,Pete Werner,LB,NO,10,0,0,0,0,0,0,0
00-0036932,Micah Parsons,LB,GB,10,0,0,0,0,0,0,0
00-0036933,Zaven Collins,LB,ARI,10,0,0,0,0,0,0,0
00-0036934,Jaelan Phillips,LB,PHI,10,0,0,0,0,0,0,0
00-0036940,Odafe Oweh,LB,LAC,10,0,0,0,0,0,0,0
00-0036944,Jaycee Horn,CB,CAR,10,0,0,0,0,0,0,0
00-0036945,Justin Fields,QB,NYJ,10,11,54,7,28,0,0,0
00-0036952,Jonathon Cooper,LB,DEN,10,0,0,0,0,0,0,0
00-0036956,Darren Hall,CB,ARI,10,0,0,0,0,0,0,0
00-0036959,Michael Bandy,WR,DEN,10,0,0,0,0,0,0,0
00-0036962,Tre'von Moehrig,SAF,CAR,10,0,0,0,0,0,0,0
00-0036963,Amon-Ra St. Brown,WR,DET,10,0,0,0,0,8,5,58
00-0036964,Derrick Barnes,LB,DET,10,0,0,0,0,0,0,0
00-0036967,Joe Tryon-Shoyinka,DE,CHI,10,0,0,0,0,0,0,0
00-0036970,Kyle Pitts,TE,ATL,10,0,0,0,0,5,2,38
00-0036971,Trevor Lawrence,QB,JAX,10,23,158,5,35,0,0,0
00-0036972,Mac Jones,QB,SF,10,39,319,1,3,0,0,0
00-0036973,Travis Etienne,RB,JAX,10,0,0,16,58,4,2,19
00-0036974,Tyson Campbell,CB,CLE,10,0,0,0,0,0,0,0
00-0036975,Walker Little,OT,JAX,10,0,0,0,0,0,0,0
00-0036976,Spencer Brown,OT,BUF,10,0,0,0,0,0,0,0
00-0036980,Elijah Moore,WR,BUF,10,0,0,1,-1,2,2,9
00-0036981,Christian Barmore,DT,NE,10,0,0,0,0,0,0,0
00-0036984,Trey Sermon,RB,PIT,10,0,0,0,0,0,0,0
00-0036986,Nahshon Wright,CB,CHI,10,0,0,0,0,0,0,0
00-0036987,Brandon Stephens,CB,NYJ,10,0,0,0,0,0,0,0
00-0036992,Elijah Molden,CB,LAC,10,0,0,0,0,0,0,0
00-0036993,Ifeatu Melifonwu,SAF,MIA,10,0,0,0,0,0,0,0
00-0036995,Baron Browning,LB,ARI,10,0,0,0,0,0,0,0
00-0036996,Greg Newsome II,CB,JAX,10,0,0,0,0,0,0,0
00-0036998,Jevon Holland,SAF,NYG,10,0,0,0,0,0,0,0
00-0037003,Chazz Surratt,LB,SEA,10,0,0,0,0,0,0,0
00-0037034,Dee Alford,CB,ATL,10,0,0,0,0,0,0,0
00-0037073,Jordan Davis,DT,PHI,10,0,0,0,0,0,0,0
00-0037074,Quay Walker,LB,GB,10,0,0,0,0,0,0,0
00-0037075,Devonte Wyatt,DT,GB,10,0,0,0,0,0,0,0
00-0037079,Riq Woolen,CB,SEA,10,0,0,0,0,0,0,0
00-0037083,Kingsley Enagbare,LB,GB,10,0,0,0,0,0,0,0
00-0037085,Tyler Badie,RB,DEN,10,0,0,0,0,1,0,0
00-0037086,Grant Calcaterra,TE,PHI,10,0,0,0,0,1,0,0
00-0037091,Bo Melton,WR,GB,10,0,0,0,0,5,2,28
00-0037094,Jonathan Ford,DT,CHI,10,0,0,0,0,0,0,0
00-0037096,Elijah Hicks,SAF,CHI,10,0,0,0,0,0,0,0
00-0037120,Tyler Goodson,RB,IND,10,0,0,1,4,0,0,0
00-0037130,Reed Blankenship,SAF,PHI,10,0,0,0,0,0,0,0
00-0037155,Tony Adams,SAF,NYJ,10,0,0,0,0,0,0,0
00-0037157,Bam Knight,RB,ARI,10,0,0,10,28,4,1,5
00-0037190,Sauce Gardner,CB,IND,10,0,0,0,0,0,0,0
00-0037205,Brenden Schooler,SAF,NE,10,0,0,0,0,0,0,0
00-0037224,Cameron Dicker,K,LAC,10,0,0,0,0,0,0,0
00-0037228,Jaylen Warren,RB,PIT,10,0,0,14,70,2,2,21
00-0037235,Travon Walker,DE,JAX,10,0,0,0,0,0,0,0
00-0037236,Aidan Hutchinson,DE,DET,10,0,0,0,0,0,0,0
00-0037237,Derek Stingley Jr.,CB,HOU,10,0,0,0,0,0,0,0
00-0037238,Drake London,WR,ATL,10,0,0,0,0,8,6,104
00-0037239,Chris Olave,WR,NO,10,0,0,0,0,8,5,104
00-0037240,Jameson Williams,WR,DET,10,0,0,0,0,7,6,119
00-0037244,Devin Lloyd,LB,JAX,10,0,0,0,0,0,0,0
00-0037248,James Cook,RB,BUF,10,0,0,13,53,5,5,24
00-0037249,Nik Bonitto,LB,DEN,10,0,0,0,0,0,0,0
00-0037251,Alex Wright,DE,CLE,10,0,0,0,0,0,0,0
00-0037252,Greg Dulcich,TE,MIA,10,0,0,0,0,4,1,22
00-0037253,Marcus Jones,CB,NE,10,0,0,0,0,0,0,0
00-0037254,Terrel Bernard,LB,BUF,10,0,0,0,0,0,0,0
00-0037256,Rachaad White,RB,TB,10,0,0,10,38,5,5,16
00-0037258,Dameon Pierce,RB,HOU,10,0,0,0,0,0,0,0
00-0037261,Khalil Shakir,WR,BUF,10,0,0,0,0,9,7,58
00-0037262,Thomas Booker,DT,LV,10,0,0,0,0,0,0,0
00-0037263,Tyler Allgeier,RB,ATL,10,0,0,11,57,0,0,0
00-0037267,Jerome Ford,RB,CLE,10,0,0,1,1,1,0,0
00-0037268,Zyon McCollum,CB,TB,10,0,0,0,0,0,0,0
00-0037278,Luke Wattenberg,C,DEN,10,0,0,0,0,0,0,0
00-0037291,Jalen Nailor,WR,MIN,10,0,0,0,0,6,5,124
00-0037292,Andrew Ogletree,TE,IND,10,0,0,0,0,0,0,0
00-0037298,Sam Roberts,DE,ATL,10,0,0,0,0,0,0,0
00-0037302,Austin Deculus,OT,LAC,10,0,0,0,0,0,0,0
00-0037304,Connor Heyward,FB,PIT,10,0,0,0,0,0,0,0
00-0037307,Ja'Sir Taylor,CB,NYJ,10,0,0,0,0,0,0,0
00-0037313,Montaric Brown,CB,JAX,10,0,0,0,0,0,0,0
00-0037318,Baylon Spector,LB,BUF,10,0,0,0,0,0,0,0
00-0037340,Zaire Mitchell-Paden,TE,NO,10,0,0,0,0,1,1,14
00-0037384,Ja'Quan McMillian,CB,DEN,10,0,0,0,0,0,0,0
00-0037457,Jake Hansen,LB,HOU,10,0,0,0,0,0,0,0
00-0037461,Tristin McCollum,DB,LV,10,0,0,0,0,0,0,0
00-0037475,Stone Smartt,TE,NYJ,10,0,0,0,0,0,0,0
00-0037500,Ryan Wright,P,MIN,10,0,0,0,0,0,0,0
00-0037512,Isaiah Pola-Mao,SAF,LV,10,0,0,0,0,0,0,0
00-0037525,Jordan Mason,RB,MIN,10,0,0,4,25,1,1,6
00-0037527,Segun Olubi,LB,IND,10,0,0,0,0,0,0,0
00-0037545,Rashid Shaheed,WR,SEA,10,0,0,2,20,1,1,3
00-0037547,Daniel Whelan,P,GB,10,0,0,0,0,0,0,0
00-0037587,Nate Landman,LB,LA,10,0,0,0,0,0,0,0
00-0037596,Jack Gibbens,LB,NE,10,0,0,0,0,0,0,0
00-0037602,Sam Okuayinonu,DT,SF,10,0,0,0,0,0,0,0
00-0037611,Kayvon Thibodeaux,LB,NYG,10,0,0,0,0,0,0,0
00-0037614,John Metchie III,WR,NYJ,10,0,0,1,-7,1,1,3
00-0037615,Nakobe Dean,LB,PHI,10,0,0,0,0,0,0,0
00-0037616,Nick Cross,SAF,IND,10,0,0,0,0,0,0,0
00-0037633,Jacob Hummel,LB,BAL,10,0,0,0,0,0,0,0
00-0037654,Tucker Fisk,TE,LAC,10,0,0,0,0,1,1,7
00-0037661,Ja'Marcus Ingram,CB,BUF,10,0,0,0,0,0,0,0
00-0037663,Jermaine Johnson II,DE,NYJ,10,0,0,0,0,0,0,0
00-0037664,Alec Pierce,WR,IND,10,0,0,0,0,7,4,84
00-0037740,Garrett Wilson,WR,NYJ,10,0,0,0,0,3,0,0
00-0037741,Jahan Dotson,WR,PHI,10,0,0,0,0,1,0,0
00-0037742,Treylon Burks,WR,WAS,10,0,0,0,0,3,3,58
00-0037744,Trey McBride,TE,ARI,10,0,0,0,0,13,9,127
00-0037746,Brian Robinson,RB,SF,10,0,0,8,41,1,1,4
00-0037756,Travis Jones,DT,BAL,10,0,0,0,0,0,0,0
00-0037757,Bernhard Raimann,OT,IND,10,0,0,0,0,0,0,0
00-0037758,Cordale Flott,CB,NYG,10,0,0,0,0,0,0,0
00-0037799,Dondrea Tillman,LB,DEN,10,0,0,0,0,0,0,0
00-0037805,Jeremy Ruckert,TE,NYJ,10,0,0,0,0,1,1,0
00-0037812,Abraham Lucas,OT,SEA,10,0,0,0,0,0,0,0
00-0037814,Luke Fortner,C,NO,10,0,0,0,0,0,0,0
00-0037815,Cameron Thomas,DE,CLE,10,0,0,0,0,0,0,0
00-0037816,Romeo Doubs,WR,GB,10,0,0,0,0,4,1,5
00-0037818,Zion Johnson,G,LAC,10,0,0,0,0,0,0,0
00-0037829,Spencer Burford,G,SF,10,0,0,0,0,0,0,0
00-0037832,Kalia Davis,DT,SF,10,0,0,0,0,0,0,0
00-0037837,Calvin Austin III,WR,PIT,10,0,0,0,0,7,2,14
00-0037838,Isaiah Likely,TE,BAL,10,0,0,0,0,4,2,17
00-0037839,Cobie Durant,CB,LA,10,0,0,0,0,0,0,0
00-0037840,Kyren Williams,RB,LA,10,0,0,14,73,3,2,11
00-0037841,Quentin Lake,SAF,LA,10,0,0,0,0,0,0,0
00-0038038,Kyle Hamilton,SAF,BAL,10,0,0,0,0,0,0,0
00-0038039,Jack Jones,CB,MIA,10,0,0,0,0,0,0,0
00-0038046,Charlie Kolar,TE,BAL,10,0,0,0,0,2,1,23
00-0038090,Skyy Moore,WR,SF,10,0,0,0,0,1,1,18
00-0038094,Jordan Stout,P,BAL,10,0,0,0,0,0,0,0
00-0038100,Percy Butler,SAF,WAS,10,0,0,0,0,0,0,0
00-0038102,Kenny Pickett,QB,LV,10,1,0,0,0,0,0,0
00-0038106,Eyioma Uwazurike,DT,DEN,10,0,0,0,0,0,0,0
00-0038115,Daniel Bellinger,TE,NYG,10,0,0,0,0,2,1,8
00-0038116,Arnold Ebiketie,LB,ATL,10,0,0,0,0,0,0,0
00-0038117,Wan'Dale Robinson,WR,NYG,10,0,0,0,0,11,6,62
00-0038120,Breece Hall,RB,NYJ,10,0,0,21,83,1,1,42
00-0038121,Alontae Taylor,CB,NO,10,0,0,0,0,0,0,0
00-0038123,Dane Belton,SAF,NYG,10,0,0,0,0,0,0,0
00-0038124,Christian Watson,WR,GB,10,0,0,0,0,4,2,45
00-0038127,Logan Hall,DE,TB,10,0,0,0,0,0,0,0
00-0038129,Cade Otton,TE,TB,10,0,0,0,0,12,9,82
00-0038133,Boye Mafe,DE,SEA,10,0,0,0,0,0,0,0
00-0038134,Kenneth Walker III,RB,SEA,10,0,0,14,67,1,1,3
00-0038135,Jaquan Brisker,SAF,CHI,10,0,0,0,0,0,0,0
00-0038136,Coby Bryant,CB,SEA,10,0,0,0,0,0,0,0
00-0038142,David Ojabo,LB,BAL,10,0,0,0,0,0,0,0
00-0038359,Xavier Smith,WR,LA,10,0,0,0,0,1,1,14
00-0038381,Kyu Blu Kelly,CB,LV,10,0,0,0,0,0,0,0
00-0038383,Andrew Vorhees,G,BAL,10,0,0,0,0,0,0,0
00-0038386,Jalen Carter,DT,PHI,10,0,0,0,0,0,0,0
00-0038387,Colby Wooden,DE,GB,10,0,0,0,0,0,0,0
00-0038390,Noah Sewell,LB,CHI,10,0,0,0,0,0,0,0
00-0038393,Dontayvion Wicks,WR,GB,10,0,0,0,0,8,4,38
00-0038398,Karl Brooks,DT,GB,10,0,0,0,0,0,0,0
00-0038399,Zaire Barnes,LB,NYG,10,0,0,0,0,0,0,0
00-0038401,Jarrick Bernard-Converse,CB,NYG,10,0,0,0,0,0,0,0
00-0038407,Jaylon Jones,DB,IND,10,0,0,0,0,0,0,0
00-0038408,Carrington Valentine,DB,GB,10,0,0,0,0,0,0,0
00-0038412,Moro Ojomo,DT,PHI,10,0,0,0,0,0,0,0
00-0038414,Kendall Williamson,SAF,LAC,10,0,0,0,0,0,0,0
00-0038428,Andre Szmyt,K,CLE,10,0,0,0,0,0,0,0
00-0038454,Keaton Mitchell,RB,BAL,10,0,0,4,31,0,0,0
00-0038488,Brady Russell,RB,SEA,10,0,0,0,0,0,0,0
00-0038493,Claudin Cherelus,LB,CAR,10,0,0,0,0,0,0,0
00-0038496,Xavier Gipson,WR,PHI,10,0,0,0,0,0,0,0
00-0038504,Trenton Simpson,LB,BAL,10,0,0,0,0,0,0,0
00-0038541,Tyree Wilson,DE,LV,10,0,0,0,0,0,0,0
00-0038542,Bijan Robinson,RB,ATL,10,0,0,17,84,2,2,4
00-0038543,Jaxon Smith-Njigba,WR,SEA,10,0,0,0,0,6,5,93
00-0038544,Quentin Johnston,WR,LAC,10,0,0,0,0,10,5,42
00-0038552,Riley Moss,CB,DEN,10,0,0,0,0,0,0,0
00-0038553,Daiyan Henley,LB,LAC,10,0,0,0,0,0,0,0
00-0038554,Ji'Ayir Brown,SAF,SF,10,0,0,0,0,0,0,0
00-0038555,Tank Bigsby,RB,PHI,10,0,0,3,7,0,0,0
00-0038557,Dorian Williams,LB,BUF,10,0,0,0,0,0,0,0
00-0038558,Darnell Washington,TE,PIT,10,0,0,0,0,1,1,15
00-0038559,Michael Wilson,WR,ARI,10,0,0,0,0,7,4,34
00-0038563,Tre Tucker,WR,LV,10,0,0,1,7,3,2,28
00-0038565,Mekhi Blackmon,DB,IND,10,0,0,0,0,0,0,0
00-0038567,Chad Ryland,K,ARI,10,0,0,0,0,0,0,0
00-0038570,Ventrell Miller,LB,JAX,10,0,0,0,0,0,0,0
00-0038573,Derius Davis,WR,LAC,10,0,0,0,0,1,1,3
00-0038574,Isaiah McGuire,DE,CLE,10,0,0,0,0,0,0,0
00-0038577,Nick Herbig,LB,PIT,10,0,0,0,0,0,0,0
00-0038578,Jay Ward,SAF,MIN,10,0,0,0,0,0,0,0
00-0038580,Yasir Abdullah,LB,JAX,10,0,0,0,0,0,0,0
00-0038591,Mike Morris,DE,SEA,10,0,0,0,0,0,0,0
00-0038593,Olu Oluwatimi,C,SEA,10,0,0,0,0,0,0,0
00-0038596,Antonio Johnson,SAF,JAX,10,0,0,0,0,0,0,0
00-0038599,Henry To'oTo'o,LB,HOU,10,0,0,0,0,0,0,0
00-0038603,Robert Beal Jr.,DE,SF,10,0,0,0,0,0,0,0
00-0038605,JL Skinner,SAF,DEN,10,0,0,0,0,0,0,0
00-0038606,Parker Washington,WR,JAX,10,0,0,2,-4,7,3,33
00-0038610,Bryce Baringer,P,NE,10,0,0,0,0,0,0,0
00-0038611,Chris Rodriguez Jr.,RB,WAS,10,0,0,6,16,0,0,0
00-0038615,Jarrett Patterson,C,HOU,10,0,0,0,0,0,0,0
00-0038621,DeMario Douglas,WR,NE,10,0,0,1,0,2,2,34
00-0038623,Dante Stills,DT,ARI,10,0,0,0,0,0,0,0
00-0038625,Dee Winters,LB,SF,10,0,0,0,0,0,0,0
00-0038628,DeMarcco Hellams,SAF,ATL,10,0,0,0,0,0,0,0
00-0038645,Spencer Anderson,G,PIT,10,0,0,0,0,0,0,0
00-0038653,Cory Durden,DT,NE,10,0,0,0,0,0,0,0
00-0038660,Trevor Nowaske,LB,DET,10,0,0,0,0,0,0,0
00-0038679,Tyrell Shavers,WR,BUF,10,0,0,0,0,1,1,24
00-0038684,Ethan Bonner,CB,MIA,10,0,0,0,0,0,0,0
00-0038685,Chris Brooks,RB,GB,10,0,0,0,0,0,0,0
00-0038705,Emari Demercado,RB,ARI,10,0,0,4,64,4,3,40
00-0038710,Blake Whiteheart,TE,CLE,10,0,0,0,0,0,0,0
00-0038711,Mohamoud Diabate,LB,CLE,10,0,0,0,0,0,0,0
00-0038715,Ronnie Hickman Jr.,SAF,CLE,10,0,0,0,0,0,0,0
00-0038742,Tyrus Wheat,LB,DET,10,0,0,0,0,0,0,0
00-0038764,Patrick O'Connell,LB,SEA,10,0,0,0,0,0,0,0
00-0038765,Ty Okada,SAF,SEA,10,0,0,0,0,0,0,0
00-0038778,Jalen Redmond,DL,MIN,10,0,0,0,0,0,0,0
00-0038791,Thomas Incoom,LB,CAR,10,0,0,0,0,0,0,0
00-0038795,PJ Mustipher,DT,ARI,10,0,0,0,0,0,0,0
00-0038797,Emanuel Wilson,RB,GB,10,0,0,1,2,1,1,2
00-0038807,Ivan Pace Jr.,LB,MIN,10,0,0,0,0,0,0,0
00-0038820,Christian Izien,SAF,TB,10,0,0,0,0,0,0,0
00-0038823,Kaevon Merriweather,SAF,TB,10,0,0,0,0,0,0,0
00-0038824,Ryan Miller,WR,TB,10,0,0,0,0,0,0,0
00-0038905,Blake Grupe,K,NO,10,0,0,0,0,0,0,0
00-0038922,Drake Thomas,LB,SEA,10,0,0,0,0,0,0,0
00-0038932,Darnell Wright,OT,CHI,10,0,0,0,0,0,0,0
00-0038933,Dalton Kincaid,TE,BUF,10,0,0,0,0,3,2,37
00-0038934,Anton Harrison,OT,JAX,10,0,0,0,0,0,0,0
00-0038940,Tyler Lacy,DE,DET,10,0,0,0,0,0,0,0
00-0038951,Sean Tucker,RB,TB,10,0,0,9,53,2,1,-2
00-0038966,Natrone Brooks,DB,ATL,10,0,0,0,0,0,0,0
00-0038978,Byron Young,DT,PHI,10,0,0,0,0,0,0,0
00-0038979,Cedric Tillman,WR,CLE,10,0,0,0,0,4,2,11
00-0038980,Zach Harrison,DE,ATL,10,0,0,0,0,0,0,0
00-0038984,Kei'Trel Clark,CB,ARI,10,0,0,0,0,0,0,0
00-0038994,Jordan Addison,WR,MIN,10,0,0,0,0,11,3,35
00-0038995,Bryan Bresee,DT,NO,10,0,0,0,0,0,0,0
00-0038997,Josh Downs,WR,IND,10,0,0,0,0,2,1,3
00-0039000,Deonte Banks,CB,NYG,10,0,0,0,0,0,0,0
00-0039007,Garrett Williams,CB,ARI,10,0,0,0,0,0,0,0
00-0039009,Dylan Horton,DE,HOU,10,0,0,0,0,0,0,0
00-0039013,Nolan Smith,LB,PHI,10,0,0,0,0,0,0,0
00-0039018,Jack Campbell,LB,DET,10,0,0,0,0,0,0,0
00-0039031,Adetomiwa Adebawore,DT,IND,10,0,0,0,0,0,0,0
00-0039040,De'Von Achane,RB,MIA,10,0,0,22,174,6,6,51
00-0039041,Elijah Higgins,TE,ARI,10,0,0,0,0,3,2,19
00-0039047,Derick Hall,LB,SEA,10,0,0,0,0,0,0,0
00-0039049,SirVocea Dennis,LB,TB,10,0,0,0,0,0,0,0
00-0039050,Payne Durham,TE,TB,10,0,0,0,0,1,0,0
00-0039051,Josh Hayes,DB,TB,10,0,0,0,0,0,0,0
00-0039054,Marte Mapu,LB,NE,10,0,0,0,0,0,0,0
00-0039059,Ethan Evans,P,LA,10,0,0,0,0,0,0,0
00-0039064,Zay Flowers,WR,BAL,10,0,0,1,6,6,4,75
00-0039065,Sam LaPorta,TE,DET,10,0,0,0,0,5,5,53
00-0039066,Michael Mayer,TE,LV,10,0,0,0,0,4,3,22
00-0039068,Yaya Diaby,LB,TB,10,0,0,0,0,0,0,0
00-0039070,Gervon Dexter Sr.,DT,CHI,10,0,0,0,0,0,0,0
00-0039071,Tyrique Stevenson,CB,CHI,10,0,0,0,0,0,0,0
00-0039074,Davis Allen,TE,LA,10,0,0,0,0,2,2,8
00-0039075,Puka Nacua,WR,LA,10,0,0,0,0,6,5,64
00-0039108,Will Anderson Jr.,DE,HOU,10,0,0,0,0,0,0,0
00-0039110,Keeanu Benton,DT,PIT,10,0,0,0,0,0,0,0
00-0039111,Tuli Tuipulotu,LB,LAC,10,0,0,0,0,0,0,0
00-0039137,Byron Young,LB,LA,10,0,0,0,0,0,0,0
00-0039138,Kobie Turner,DE,LA,10,0,0,0,0,0,0,0
00-0039139,Jahmyr Gibbs,RB,DET,10,0,0,15,142,4,3,30
00-0039140,Kelee Ringo,CB,PHI,10,0,0,0,0,0,0,0
00-0039141,Brian Branch,CB,DET,10,0,0,0,0,0,0,0
00-0039142,Will McDonald IV,DE,NYJ,10,0,0,0,0,0,0,0
00-0039144,Luke Musgrave,TE,GB,10,0,0,0,0,3,3,23
00-0039145,Joe Tippmann,C,NYJ,10,0,0,0,0,0,0,0
00-0039147,Christian Gonzalez,CB,NE,10,0,0,0,0,0,0,0
00-0039148,Keion White,DE,SF,10,0,0,0,0,0,0,0
00-0039149,Quan Martin,SAF,WAS,10,0,0,0,0,0,0,0
00-0039150,Bryce Young,QB,CAR,10,25,124,2,6,0,0,0
00-0039151,Emmanuel Forbes,CB,LA,10,0,0,0,0,0,0,0
00-0039156,Julius Brents,CB,MIA,10,0,0,0,0,0,0,0
00-0039165,Zach Charbonnet,RB,SEA,10,0,0,14,83,0,0,0
00-0039167,Joey Porter Jr.,CB,PIT,10,0,0,0,0,0,0,0
00-0039169,Devon Witherspoon,CB,SEA,10,0,0,0,0,0,0,0
00-0039172,Jake Bates,K,DET,10,0,0,0,0,0,0,0
00-0039176,Basil Okoye,DT,BAL,10,0,0,0,0,0,0,0
00-0039232,Nate Wiggins,CB,BAL,10,0,0,0,0,0,0,0
00-0039284,Braiden McGregor,DE,NYJ,10,0,0,0,0,0,0,0
00-0039299,George Holani,RB,SEA,10,0,0,7,31,0,0,0
00-0039305,Jack Westover,TE,NE,10,0,0,0,0,1,0,0
00-0039338,Brock Bowers,TE,LV,10,0,0,1,-4,3,1,31
00-0039340,Laiatu Latu,DE,IND,10,0,0,0,0,0,0,0
00-0039342,Xavier Legette,WR,CAR,10,0,0,0,0,1,0,0
00-0039343,Kamari Lassiter,CB,HOU,10,0,0,0,0,0,0,0
00-0039345,Renardo Green,CB,SF,10,0,0,0,0,0,0,0
00-0039347,Trevin Wallace,LB,CAR,10,0,0,0,0,0,0,0
00-0039353,Jarrian Jones,CB,JAX,10,0,0,0,0,0,0,0
00-0039356,Ja'Tavion Sanders,TE,CAR,10,0,0,0,0,5,5,32
00-0039357,Decamerion Richardson,CB,LV,10,0,0,0,0,0,0,0
00-0039360,Malik Mustapha,SAF,SF,10,0,0,0,0,0,0,0
00-0039364,Sione Vaki,RB,DET,10,0,0,1,4,0,0,0
00-0039368,Jordan Magee,LB,WAS,10,0,0,0,0,0,0,0
00-0039369,Cam Hart,CB,LAC,10,0,0,0,0,0,0,0
00-0039370,JD Bertrand,LB,ATL,10,0,0,0,0,0,0,0
00-0039372,Jarvis Brownlee Jr.,DB,NYJ,10,0,0,0,0,0,0,0
00-0039374,Tommy Eichenberg,LB,LV,10,0,0,0,0,0,0,0
00-0039379,Jamari Thrash,WR,CLE,10,0,0,0,0,1,0,0
00-0039380,Chau Smith-Wade,CB,CAR,10,0,0,0,0,0,0,0
00-0039384,Tyrone Tracy Jr.,RB,NYG,10,0,0,14,71,2,1,0
00-0039388,Jaylan Ford,LB,NO,10,0,0,0,0,0,0,0
00-0039391,Kimani Vidal,RB,LAC,10,0,0,25,95,1,1,13
00-0039404,Will Reichard,K,MIN,10,0,0,0,0,0,0,0
00-0039407,Dylan Laube,RB,LV,10,0,0,0,0,0,0,0
00-0039409,Cam Little,K,JAX,10,0,0,0,0,0,0,0
00-0039417,Myles Harden,CB,CLE,10,0,0,0,0,0,0,0
00-0039421,Levi Drake Rodriguez,DL,MIN,10,0,0,0,0,0,0,0
00-0039423,Jonah Laulu,DT,LV,10,0,0,0,0,0,0,0
00-0039424,Devaughn Vele,WR,NO,10,0,0,0,0,3,1,15
00-0039431,Jowon Briggs,DE,NYJ,10,0,0,0,0,0,0,0
00-0039435,Tatum Bethune,LB,SF,10,0,0,0,0,0,0,0
00-0039451,Isaiah Williams,WR,NYJ,10,0,0,0,0,1,1,4
00-0039480,Jordan Colbert,SAF,MIA,10,0,0,0,0,0,0,0
00-0039491,Jalen Coker,WR,CAR,10,0,0,0,0,4,3,21
00-0039498,Harrison Mevis,K,LA,10,0,0,0,0,0,0,0
00-0039513,Chris Edmonds,SAF,CLE,10,0,0,0,0,0,0,0
00-0039577,Kedon Slovis,QB,ARI,10,1,0,0,0,0,0,0
00-0039589,Kameron Johnson,WR,TB,10,0,0,1,11,1,0,0
00-0039620,Rico Payton,CB,NYG,10,0,0,0,0,0,0,0
00-0039622,Isaiah Stalbird,LB,NO,10,0,0,0,0,0,0,0
00-0039634,Austin McNamara,P,NYJ,10,0,0,0,0,0,0,0
00-0039637,Maema Njongmeta,LB,CAR,10,0,0,0,0,0,0,0
00-0039660,Thomas Harper,SAF,DET,10,0,0,0,0,0,0,0
00-0039681,Tyler Owens,DB,WAS,10,0,0,0,0,0,0,0
00-0039692,Dell Pettus,SAF,NE,10,0,0,0,0,0,0,0
00-0039714,Dwight McGlothern,CB,MIN,10,0,0,0,0,0,0,0
00-0039732,Bo Nix,QB,DEN,10,28,150,5,-2,0,0,0
00-0039734,Braden Fiske,DT,LA,10,0,0,0,0,0,0,0
00-0039738,Blake Corum,RB,LA,10,0,0,13,56,0,0,0
00-0039739,Roman Wilson,WR,PIT,10,0,0,0,0,3,2,35
00-0039740,Jalyx Hunt,LB,PHI,10,0,0,0,0,0,0,0
00-0039741,Payton Wilson,LB,PIT,10,0,0,0,0,0,0,0
00-0039744,Tanor Bortolini,G,IND,10,0,0,0,0,0,0,0
00-0039745,Tory Taylor,P,CHI,10,0,0,0,0,0,0,0
00-0039746,Will Shipley,RB,PHI,10,0,0,4,17,2,2,17
00-0039749,Tyler Davis,DE,LA,10,0,0,0,0,0,0,0
00-0039757,Terrell Jennings,RB,NE,10,0,0,4,5,0,0,0
00-0039770,Charles Woods,CB,NE,10,0,0,0,0,0,0,0
00-0039772,Josh Wallace,CB,LA,10,0,0,0,0,0,0,0
00-0039774,Omar Speights,LB,LA,10,0,0,0,0,0,0,0
00-0039776,Jaylen McCollough,SAF,LA,10,0,0,0,0,0,0,0
00-0039793,AJ Barner,TE,SEA,10,0,0,2,3,0,0,0
00-0039795,Nehemiah Pritchett,CB,SEA,10,0,0,0,0,0,0,0
00-0039798,Isaiah Davis,RB,NYJ,10,0,0,3,10,1,1,1
00-0039812,Ty'Ron Hopper,LB,GB,10,0,0,0,0,0,0,0
00-0039813,Evan Williams,SAF,GB,10,0,0,0,0,0,0,0
00-0039815,Tyrice Knight,LB,SEA,10,0,0,0,0,0,0,0
00-0039821,Andru Phillips,DB,NYG,10,0,0,0,0,0,0,0
00-0039826,Jeremiah Trotter Jr.,LB,PHI,10,0,0,0,0,0,0,0
00-0039834,Kamren Kinchens,SAF,LA,10,0,0,0,0,0,0,0
00-0039835,Justin Eboigbe,DT,LAC,10,0,0,0,0,0,0,0
00-0039838,Calen Bullock,SAF,HOU,10,0,0,0,0,0,0,0
00-0039840,Austin Booker,DE,CHI,10,0,0,0,0,0,0,0
00-0039841,Cooper DeJean,CB,PHI,10,0,0,0,0,0,0,0
00-0039846,Tykee Smith,DB,TB,10,0,0,0,0,0,0,0
00-0039847,Theo Johnson,TE,NYG,10,0,0,0,0,8,7,75
00-0039849,Marvin Harrison Jr.,WR,ARI,10,0,0,0,0,12,3,33
00-0039850,Edgerrin Cooper,LB,GB,10,0,0,0,0,0,0,0
00-0039851,Drake Maye,QB,NE,10,31,270,7,13,0,0,0
00-0039852,Jared Verse,DE,LA,10,0,0,0,0,0,0,0
00-0039854,Darius Robinson,DL,ARI,10,0,0,0,0,0,0,0
00-0039857,Blake Fisher,OT,HOU,10,0,0,0,0,0,0,0
00-0039859,Brandon Dorlus,DE,ATL,10,0,0,0,0,0,0,0
00-0039860,Kool-Aid McKinstry,CB,NO,10,0,0,0,0,0,0,0
00-0039861,Tyler Nubin,SAF,NYG,10,0,0,0,0,0,0,0
00-0039864,Dadrion Taylor-Demerson,SAF,ARI,10,0,0,0,0,0,0,0
00-0039867,Javon Bullard,SAF,GB,10,0,0,0,0,0,0,0
00-0039868,Troy Franklin,WR,DEN,10,0,0,0,0,9,5,40
00-0039871,Troy Fautanu,OT,PIT,10,0,0,0,0,0,0,0
00-0039872,Cole Bishop,SAF,BUF,10,0,0,0,0,0,0,0
00-0039874,Jaylen Wright,RB,MIA,10,0,0,5,17,0,0,0
00-0039875,Ray Davis,RB,BUF,10,0,0,2,-2,2,1,0
00-0039879,Javon Solomon,LB,BUF,10,0,0,0,0,0,0,0
00-0039880,Malik Washington,WR,MIA,10,0,0,1,4,3,2,9
00-0039888,Quinyon Mitchell,CB,PHI,10,0,0,0,0,0,0,0
00-0039889,Maason Smith,DT,JAX,10,0,0,0,0,0,0,0
00-0039898,Mike Sainristil,CB,WAS,10,0,0,0,0,0,0,0
00-0039901,Keon Coleman,WR,BUF,10,0,0,0,0,8,3,46
00-0039902,Chris Braswell,LB,TB,10,0,0,0,0,0,0,0
00-0039903,Terrion Arnold,CB,DET,10,0,0,0,0,0,0,0
00-0039906,Jer'Zhan Newton,DT,WAS,10,0,0,0,0,0,0,0
00-0039912,Ben Sinnott,TE,WAS,10,0,0,0,0,1,1,4
00-0039915,Ladd McConkey,WR,LAC,10,0,0,0,0,6,4,107
00-0039917,Michael Penix Jr.,QB,ATL,10,28,177,1,-1,0,0,0
00-0039918,Caleb Williams,QB,CHI,10,36,220,8,63,0,0,0
00-0039919,Rome Odunze,WR,CHI,10,0,0,0,0,10,6,86
00-0039920,Malachi Corley,WR,CLE,10,0,0,2,32,1,0,0
00-0039923,J.J. McCarthy,QB,MIN,10,42,248,5,48,0,0,0
00-0039924,Dallas Turner,LB,MIN,10,0,0,0,0,0,0,0
00-0040009,Savion Williams,WR,GB,10,0,0,0,0,2,2,2
00-0040010,Barryn Sorrell,DE,GB,10,0,0,0,0,0,0,0
00-0040013,Smael Mondon Jr.,LB,PHI,10,0,0,0,0,0,0,0
00-0040058,Nick Kallerup,TE,SEA,10,0,0,0,0,1,0,0
00-0040061,Connor O'Toole,LB,SEA,10,0,0,0,0,0,0,0
00-0040069,Teddye Buchanan,LB,BAL,10,0,0,0,0,0,0,0
00-0040074,Tyler Loop,K,BAL,10,0,0,0,0,0,0,0
00-0040075,LaJohntay Wester,WR,BAL,10,0,0,0,0,0,0,0
00-0040100,Jay Higgins,LB,BAL,10,0,0,0,0,0,0,0
00-0040104,Keondre Jackson,SAF,BAL,10,0,0,0,0,0,0,0
00-0040122,Ashton Jeanty,RB,LV,10,0,0,19,60,5,3,3
00-0040124,Tetairoa McMillan,WR,CAR,10,0,0,0,0,8,5,60
00-0040126,Colston Loveland,TE,CHI,10,0,0,0,0,4,4,55
00-0040127,Kenneth Grant,DT,MIA,10,0,0,0,0,0,0,0
00-0040128,Tyler Warren,TE,IND,10,0,0,0,0,10,8,99
00-0040129,Emeka Egbuka,WR,TB,10,0,0,0,0,13,6,115
00-0040130,Jayden Higgins,WR,HOU,10,0,0,0,0,7,5,42
00-0040131,Kyle Williams,WR,NE,10,0,0,0,0,2,1,72
00-0040133,Azareye'h Thomas,CB,NYJ,10,0,0,0,0,0,0,0
00-0040134,Pat Bryant,WR,DEN,10,0,0,0,0,2,1,43
00-0040136,Princely Umanmielen,LB,CAR,10,0,0,0,0,0,0,0
00-0040137,Jordan Burch,LB,ARI,10,0,0,0,0,0,0,0
00-0040138,Jaylin Noel,WR,HOU,10,0,0,0,0,4,4,35
00-0040142,Kaleb Johnson,RB,PIT,10,0,0,2,3,0,0,0
00-0040144,Jamaree Caldwell,DT,LAC,10,0,0,0,0,0,0,0
00-0040147,Jared Wilson,C,NE,10,0,0,0,0,0,0,0
00-0040148,Xavier Watts,SAF,ATL,10,0,0,0,0,0,0,0
00-0040152,Upton Stout,CB,SF,10,0,0,0,0,0,0,0
00-0040155,Danny Stutsman,LB,NO,10,0,0,0,0,0,0,0
00-0040156,Billy Bowman Jr.,CB,ATL,10,0,0,0,0,0,0,0
00-0040159,Lathan Ransom,SAF,CAR,10,0,0,0,0,0,0,0
00-0040160,Jack Sawyer,LB,PIT,10,0,0,0,0,0,0,0
00-0040162,Dylan Sampson,RB,CLE,10,0,0,2,-4,1,1,3
00-0040164,Jaylin Lane,WR,WAS,10,0,0,0,0,1,1,41
00-0040165,Malachi Moore,SAF,NYJ,10,0,0,0,0,0,0,0
00-0040166,Quincy Riley,CB,NO,10,0,0,0,0,0,0,0
00-0040169,Tonka Hemingway,DT,LV,10,0,0,0,0,0,0,0
00-0040171,Joshua Farmer,DT,NE,10,0,0,0,0,0,0,0
00-0040175,Jordan Phillips,DT,MIA,10,0,0,0,0,0,0,0
00-0040178,Jason Marshall Jr.,CB,MIA,10,0,0,0,0,0,0,0
00-0040182,Dante Trader Jr.,SAF,MIA,10,0,0,0,0,0,0,0
00-0040183,Elijah Roberts,DE,TB,10,0,0,0,0,0,0,0
00-0040187,Mitchell Evans,TE,CAR,10,0,0,0,0,1,0,0
00-0040188,Yahya Black,DE,PIT,10,0,0,0,0,0,0,0
00-0040189,Oronde Gadsden II,TE,LAC,10,0,0,0,0,6,3,13
00-0040194,Jackson Hawes,TE,BUF,10,0,0,0,0,2,1,26
00-0040195,Denzel Burke,CB,ARI,10,0,0,0,0,0,0,0
00-0040198,Ollie Gordon II,RB,MIA,10,0,0,1,-3,0,0,0
00-0040200,Andy Borregales,K,NE,10,0,0,0,0,0,0,0
00-0040202,Devin Neal,RB,NO,10,0,0,4,22,3,3,9
00-0040213,Rayuan Lane III,SAF,JAX,10,0,0,0,0,0,0,0
00-0040214,Kobe King,LB,NYJ,10,0,0,0,0,0,0,0
00-0040221,R.J. Mickens,SAF,LAC,10,0,0,0,0,0,0,0
00-0040223,Jeremy Crawshaw,P,DEN,10,0,0,0,0,0,0,0
00-0040228,Cody Lindenberg,LB,LV,10,0,0,0,0,0,0,0
00-0040230,Kitan Crawford,SAF,ARI,10,0,0,0,0,0,0,0
00-0040231,Carson Bruener,LB,PIT,10,0,0,0,0,0,0,0
00-0040236,Kyle Monangai,RB,CHI,10,0,0,7,28,1,0,0
00-0040237,Tez Johnson,WR,TB,10,0,0,0,0,5,4,42
00-0040238,LeQuint Allen Jr.,RB,JAX,10,0,0,0,0,1,1,6
00-0040241,Dominic Lovett,WR,DET,10,0,0,0,0,0,0,0
00-0040242,Jacory Croskey-Merritt,RB,WAS,10,0,0,11,30,0,0,0
00-0040243,Korie Black,CB,NYG,10,0,0,0,0,0,0,0
00-0040248,Zeek Biggers,DT,MIA,10,0,0,0,0,0,0,0
00-0040255,Adin Huntington,DE,CLE,10,0,0,0,0,0,0,0
00-0040259,Gage Larvadain,WR,CLE,10,0,0,0,0,0,0,0
00-0040261,Easton Mascarenas-Arnold,LB,CLE,10,0,0,0,0,0,0,0
00-0040263,Donovan McMillon,SAF,CLE,10,0,0,0,0,0,0,0
00-0040279,Ryan Fitzgerald,K,CAR,10,0,0,0,0,0,0,0
00-0040289,Bam Martin-Scott,LB,CAR,10,0,0,0,0,0,0,0
00-0040296,Corey Thornton,CB,CAR,10,0,0,0,0,0,0,0
00-0040318,Ale Kaho,LB,WAS,10,0,0,0,0,0,0,0
00-0040342,Danny Striggow,DE,JAX,10,0,0,0,0,0,0,0
00-0040384,Elijah Simmons,DL,TB,10,0,0,0,0,0,0,0
00-0040396,Dean Clark,SAF,NYJ,10,0,0,0,0,0,0,0
00-0040408,Ja'Markis Weston,LB,NYJ,10,0,0,0,0,0,0,0
00-0040460,Marlowe Wax,LB,LAC,10,0,0,0,0,0,0,0
00-0040471,Nikko Reed,DB,LAC,10,0,0,0,0,0,0,0
00-0040492,Tyler Batty,LB,MIN,10,0,0,0,0,0,0,0
00-0040506,Myles Price,WR,MIN,10,0,0,0,0,0,0,0
00-0040509,Ben Yurosek,TE,MIN,10,0,0,0,0,0,0,0
00-0040534,Ke'Shawn Williams,WR,PIT,10,0,0,0,0,0,0,0
00-0040563,Efton Chism III,WR,NE,10,0,0,0,0,0,0,0
00-0040574,Elijah Ponder,LB,NE,10,0,0,0,0,0,0,0
00-0040577,Jalon Walker,LB,ATL,10,0,0,0,0,0,0,0
00-0040578,James Pearce Jr.,DE,ATL,10,0,0,0,0,0,0,0
00-0040579,Carson Schwesinger,LB,CLE,10,0,0,0,0,0,0,0
00-0040580,Josaiah Stewart,LB,LA,10,0,0,0,0,0,0,0
00-0040581,Dont'e Thornton Jr.,WR,LV,10,0,0,0,0,2,1,4
00-0040582,Arian Smith,WR,NYJ,10,0,0,1,13,0,0,0
00-0040583,Woody Marks,RB,HOU,10,0,0,14,63,3,2,18
00-0040590,Konata Mumpfield,WR,LA,10,0,0,0,0,2,0,0
00-0040613,Shaun Dolac,LB,LA,10,0,0,0,0,0,0,0
00-0040624,Elijah Williams,DE,MIN,10,0,0,0,0,0,0,0
00-0040636,Keyon Martin,CB,BAL,10,0,0,0,0,0,0,0
00-0040641,Darien Porter,CB,LV,10,0,0,0,0,0,0,0
00-0040643,Jonas Sanker,SAF,NO,10,0,0,0,0,0,0,0
00-0040644,Trevor Etienne,RB,CAR,10,0,0,0,0,0,0,0
00-0040645,Cody Simon,LB,ARI,10,0,0,0,0,0,0,0
00-0040649,Robbie Ouzts,RB,SEA,10,0,0,0,0,0,0,0
00-0040654,Kai Kroeger,P,NO,10,0,0,0,0,0,0,0
00-0040661,Donovan Jackson,G,MIN,10,0,0,0,0,0,0,0
00-0040663,Harold Fannin Jr.,TE,CLE,10,0,0,0,0,7,4,44
00-0040669,Isaac TeSlaa,WR,DET,10,0,0,0,0,1,1,11
00-0040678,Derrick Harmon,DT,PIT,10,0,0,0,0,0,0,0
00-0040685,Mason Graham,DT,CLE,10,0,0,0,0,0,0,0
00-0040686,Josh Conerly Jr.,OT,WAS,10,0,0,0,0,0,0,0
00-0040688,Malaki Starks,SAF,BAL,10,0,0,0,0,0,0,0
00-0040691,Jaxson Dart,QB,NYG,10,29,242,6,66,0,0,0
00-0040694,Darius Alexander,DT,NYG,10,0,0,0,0,0,0,0
00-0040704,Dillon Gabriel,QB,CLE,10,32,167,5,54,0,0,0
00-0040706,Walter Nolen,DT,ARI,10,0,0,0,0,0,0,0
00-0040708,Jihaad Campbell,LB,PHI,10,0,0,0,0,0,0,0
00-0040709,Maxwell Hairston,CB,BUF,10,0,0,0,0,0,0,0
00-0040710,Deone Walker,DT,BUF,10,0,0,0,0,0,0,0
00-0040711,CJ West,DT,SF,10,0,0,0,0,0,0,0
00-0040716,Craig Woodson,SAF,NE,10,0,0,0,0,0,0,0
00-0040719,Bhayshul Tuten,RB,JAX,10,0,0,4,5,2,1,5
00-0040720,Jahdae Barron,CB,DEN,10,0,0,0,0,0,0,0
00-0040722,Mike Green,LB,BAL,10,0,0,0,0,0,0,0
00-0040727,Tre Harris,WR,LAC,10,0,0,0,0,2,2,4
00-0040729,Jack Bech,WR,LV,10,0,0,0,0,1,0,0
00-0040730,RJ Harvey,RB,DEN,10,0,0,4,9,3,2,9
00-0040731,Trey Amos,CB,WAS,10,0,0,0,0,0,0,0
00-0040733,Nick Emmanwori,SAF,SEA,10,0,0,0,0,0,0,0
00-0040734,TreVeyon Henderson,RB,NE,10,0,0,14,147,1,1,3
00-0040735,Luther Burden III,WR,CHI,10,0,0,0,0,3,3,51
00-0040736,Mason Taylor,TE,NYJ,10,0,0,0,0,2,1,4
00-0040737,Terrance Ferguson,TE,LA,10,0,0,0,0,4,1,32
00-0040739,Elijah Arroyo,TE,SEA,10,0,0,0,0,1,1,5
00-0040743,Tyler Shough,QB,NO,10,27,282,4,-3,0,0,0
00-0040744,Jaylahn Tuimolaou,DE,IND,10,0,0,0,0,0,0,0
00-0040746,Nic Scourton,LB,CAR,10,0,0,0,0,0,0,0
00-0040747,Benjamin Morrison,CB,TB,10,0,0,0,0,0,0,0
00-0040749,Andrew Mukuba,SAF,PHI,10,0,0,0,0,0,0,0
00-0040784,Quinshon Judkins,RB,CLE,10,0,0,22,75,3,2,10
,,,LV,10,0,0,0,0,0,0,0
00-0023459,Aaron Rodgers,QB,PIT,11,15,116,1,8,0,0,0
00-0023853,Matt Prater,K,BUF,11,0,0,0,0,0,0,0
00-0025565,Nick Folk,K,NYJ,11,0,0,0,0,0,0,0
00-0026158,Joe Flacco,QB,CIN,11,40,199,1,-1,0,0,0
00-0026190,Calais Campbell,DE,ARI,11,0,0,0,0,0,0,0
00-0026498,Matthew Stafford,QB,LA,11,28,130,0,0,0,0,0
00-0027114,Thomas Morstead,P,SF,11,0,0,0,0,0,0,0
00-0027224,Jon Weeks,LS,SF,11,0,0,0,0,0,0,0
00-0027940,Von Miller,OLB,WAS,11,0,0,0,0,0,0,0
00-0027969,Cameron Heyward,DE,PIT,11,0,0,0,0,0,0,0
00-0028872,Johnny Hekker,P,TEN,11,0,0,0,0,0,0,0
00-0029255,Bobby Wagner,MLB,WAS,11,0,0,0,0,0,0,0
00-0029316,Kelvin Beachum,OT,ARI,11,0,0,0,0,0,0,0
00-0029562,Lavonte David,OLB,TB,11,0,0,0,0,0,0,0
00-0029592,Kevin Zeitler,G,TEN,11,0,0,0,0,0,0,0
00-0029604,Kirk Cousins,QB,ATL,11,14,48,1,2,0,0,0
00-0029606,Harrison Smith,FS,MIN,11,0,0,0,0,0,0,0
00-0029692,Bryan Anger,P,DAL,11,0,0,0,0,0,0,0
00-0029892,Kyle Juszczyk,FB,SF,11,0,0,0,0,2,2,26
00-0030035,Adam Thielen,WR,MIN,11,0,0,0,0,2,1,6
00-0030061,Zach Ertz,TE,WAS,11,0,0,0,0,8,4,42
00-0030070,John Jenkins,DT,BAL,11,0,0,0,0,0,0,0
00-0030092,Sam Martin,P,CAR,11,0,0,0,0,0,0,0
00-0030114,Jordan Poyer,FS,BUF,11,0,0,0,0,0,0,0
00-0030140,Tress Way,P,WAS,11,0,0,0,0,0,0,0
00-0030279,Keenan Allen,WR,LAC,11,0,0,0,0,6,4,53
00-0030506,Travis Kelce,TE,KC,11,0,0,0,0,13,9,91
00-0030561,Lane Johnson,OT,PHI,11,0,0,0,0,0,0,0
00-0030564,DeAndre Hopkins,WR,BAL,11,0,0,0,0,4,1,11
00-0030565,Geno Smith,QB,LV,11,42,238,4,14,0,0,0
00-0031040,Khalil Mack,OLB,LAC,11,0,0,0,0,0,0,0
00-0031054,DaQuan Jones,DT,BUF,11,0,0,0,0,0,0,0
00-0031079,Pat O'Donnell,P,ARI,11,0,0,0,0,0,0,0
00-0031136,Chris Boswell,K,PIT,11,0,0,0,0,0,0,0
00-0031177,Brent Urban,DE,BAL,11,0,0,0,0,0,0,0
00-0031203,Cairo Santos,K,CHI,11,0,0,0,0,0,0,0
00-0031237,Teddy Bridgewater,QB,TB,11,0,0,1,-1,0,0,0
00-0031254,Denico Autry,DT,HOU,11,0,0,0,0,0,0,0
00-0031270,Shelby Harris,DE,CLE,11,0,0,0,0,0,0,0
00-0031357,C.J. Goodwin,CB,DAL,11,0,0,0,0,0,0,0
00-0031360,Kyle Van Noy,MLB,BAL,11,0,0,0,0,0,0,0
00-0031364,Jadeveon Clowney,DE,DAL,11,0,0,0,0,0,0,0
00-0031381,Davante Adams,WR,LA,11,0,0,0,0,8,1,1
00-0031411,DeMarcus Lawrence,LB,SEA,11,0,0,0,0,0,0,0
00-0031492,Jason Myers,K,SEA,11,0,0,0,0,0,0,0
00-0031503,Jameis Winston,QB,NYG,11,29,201,3,10,0,0,0
00-0031551,Eddie Goldman,NT,WAS,11,0,0,0,0,0,0,0
00-0031557,Jordan Phillips,DT,BUF,11,0,0,0,0,0,0,0
00-0031565,Danielle Hunter,DE,HOU,11,0,0,0,0,0,0,0
00-0031583,Grady Jarrett,DT,CHI,11,0,0,0,0,0,0,0
00-0031588,Stefon Diggs,WR,NE,11,0,0,0,0,11,9,105
00-0031687,Raheem Mostert,RB,LV,11,0,0,2,6,2,2,7
00-0031933,Leonard Williams,DE,SEA,11,0,0,0,0,0,0,0
00-0031935,Preston Smith,DE,WAS,11,0,0,0,0,0,0,0
00-0032065,Bradley Pinion,P,ATL,11,0,0,0,0,0,0,0
00-0032071,Trent Brown,OT,HOU,11,0,0,0,0,0,0,0
00-0032103,Denzel Perryman,MLB,LAC,11,0,0,0,0,0,0,0
00-0032146,Bud Dupree,OLB,LAC,11,0,0,0,0,0,0,0
00-0032164,Arik Armstead,DE,JAX,11,0,0,0,0,0,0,0
00-0032211,Tyler Lockett,WR,LV,11,0,0,0,0,3,3,33
00-0032242,Rob Havenstein,OT,LA,11,0,0,0,0,0,0,0
00-0032265,Mario Edwards,DE,HOU,11,0,0,0,0,0,0,0
00-0032268,Marcus Mariota,QB,WAS,11,30,213,4,49,0,0,0
00-0032385,Sterling Shepard,WR,TB,11,0,0,1,7,5,4,54
00-0032388,Deion Jones,LB,TB,11,0,0,0,0,0,0,0
00-0032395,Graham Glasgow,C,DET,11,0,0,0,0,0,0,0
00-0032398,Chris Moore,WR,WAS,11,0,0,0,0,5,2,28
00-0032415,Matthew Judon,OLB,MIA,11,0,0,0,0,0,0,0
00-0032424,DJ Reader,DT,DET,11,0,0,0,0,0,0,0
00-0032442,Elandon Roberts,OLB,LV,11,0,0,0,0,0,0,0
00-0032464,Kalif Raymond,WR,DET,11,0,0,0,0,0,0,0
00-0032569,Wil Lutz,K,DEN,11,0,0,0,0,0,0,0
00-0032580,Jonathan Jones,DB,WAS,11,0,0,0,0,0,0,0
00-0032667,Roy Robertson-Harris,DE,NYG,11,0,0,0,0,0,0,0
00-0032688,Robbie Chosen,WR,WAS,11,0,0,0,0,1,0,0
00-0032759,Sheldon Rankins,DT,HOU,11,0,0,0,0,0,0,0
00-0032762,Chris Jones,DE,KC,11,0,0,0,0,0,0,0
00-0032764,Derrick Henry,RB,BAL,11,0,0,18,103,2,2,19
00-0032775,Demarcus Robinson,WR,SF,11,0,0,0,0,2,1,13
00-0032803,Jalen Mills,CB,HOU,11,0,0,0,0,0,0,0
00-0032889,A'Shawn Robinson,DT,CAR,11,0,0,0,0,0,0,0
00-0032918,C.J. Ham,FB,MIN,11,0,0,0,0,0,0,0
00-0032943,Riley Dixon,P,TB,11,0,0,0,0,0,0,0
00-0033046,Jihad Ward,LB,TEN,11,0,0,0,0,0,0,0
00-0033051,David Onyemata,DT,ATL,11,0,0,0,0,0,0,0
00-0033055,Jalen Ramsey,CB,PIT,11,0,0,0,0,0,0,0
00-0033066,Andrew Billings,DT,CHI,11,0,0,0,0,0,0,0
00-0033077,Dak Prescott,QB,DAL,11,33,268,4,-4,0,0,0
00-0033090,Hunter Henry,TE,NE,11,0,0,0,0,6,4,45
00-0033106,Jared Goff,QB,DET,11,37,255,1,-1,0,0,0
00-0033109,Javon Hargrave,NT,MIN,11,0,0,0,0,0,0,0
00-0033110,Tyler Higbee,TE,LA,11,0,0,0,0,2,1,23
00-0033119,Jacoby Brissett,QB,ARI,11,57,452,2,-2,0,0,0
00-0033120,Kenny Clark,NT,DAL,11,0,0,0,0,0,0,0
00-0033131,Maliek Collins,DT,CLE,11,0,0,0,0,0,0,0
00-0033132,Kevin Byard,FS,CHI,11,0,0,0,0,0,0,0
00-0033156,Joey Bosa,DE,BUF,11,0,0,0,0,0,0,0
00-0033246,Johnny Mundt,TE,JAX,11,0,0,0,0,3,2,25
00-0033280,Christian McCaffrey,RB,SF,11,0,0,13,81,6,5,40
00-0033282,Curtis Samuel,WR,BUF,11,0,0,0,0,3,2,19
00-0033288,George Kittle,TE,SF,11,0,0,0,0,6,6,67
00-0033290,Jermaine Eluemunor,G,NYG,11,0,0,0,0,0,0,0
00-0033293,Aaron Jones,RB,MIN,11,0,0,16,70,6,3,11
00-0033294,Chuck Clark,SAF,PIT,11,0,0,0,0,0,0,0
00-0033297,D.J. Jones,DT,DEN,11,0,0,0,0,0,0,0
00-0033303,Harrison Butker,K,KC,11,0,0,0,0,0,0,0
00-0033336,Eric Wilson,LB,MIN,11,0,0,0,0,0,0,0
00-0033375,Tim Patrick,WR,JAX,11,0,0,0,0,4,3,20
00-0033376,Patrick Ricard,RB,BAL,11,0,0,0,0,0,0,0
00-0033381,Adam Butler,DT,LV,11,0,0,0,0,0,0,0
00-0033439,Pharaoh Brown,TE,ARI,11,0,0,0,0,0,0,0
00-0033503,Arthur Maulet,CB,DET,11,0,0,0,0,0,0,0
00-0033523,Jonathan Allen,DE,MIN,11,0,0,0,0,0,0,0
00-0033546,Dalvin Tomlinson,DE,ARI,11,0,0,0,0,0,0,0
00-0033548,Chidobe Awuzie,CB,BAL,11,0,0,0,0,0,0,0
00-0033555,Mack Hollins,WR,NE,11,0,0,0,0,5,4,64
00-0033571,Matt Milano,OLB,BUF,11,0,0,0,0,0,0,0
00-0033572,Jamal Agnew,WR,ATL,11,0,0,0,0,0,0,0
00-0033676,Elijah Wilkinson,OT,ATL,11,0,0,0,0,0,0,0
00-0033702,Younghoe Koo,K,NYG,11,0,0,0,0,0,0,0
00-0033757,Robert Tonyan,TE,KC,11,0,0,0,0,1,1,1
00-0033787,Jake Elliott,K,PHI,11,0,0,0,0,0,0,0
00-0033854,Dare Ogunbowale,RB,HOU,11,0,0,0,0,1,1,9
00-0033857,JuJu Smith-Schuster,WR,KC,11,0,0,0,0,0,0,0
00-0033858,Jonnu Smith,TE,PIT,11,0,0,0,0,2,0,0
00-0033862,Zane Gonzalez,K,ATL,11,0,0,0,0,0,0,0
00-0033868,Myles Garrett,DE,CLE,11,0,0,0,0,0,0,0
00-0033872,Jamal Adams,LB,LV,11,0,0,0,0,0,0,0
00-0033873,Patrick Mahomes,QB,KC,11,45,276,1,3,0,0,0
00-0033876,Derek Barnett,DE,HOU,11,0,0,0,0,0,0,0
00-0033877,Malik Hooker,FS,DAL,11,0,0,0,0,0,0,0
00-0033878,Adoree' Jackson,CB,PHI,11,0,0,0,0,0,0,0
00-0033881,Evan Engram,TE,DEN,11,0,0,0,0,5,4,33
00-0033883,Jabrill Peppers,FS,PIT,11,0,0,0,0,0,0,0
00-0033884,Tre'Davious White,CB,BUF,11,0,0,0,0,0,0,0
00-0033885,David Njoku,TE,CLE,11,0,0,0,0,2,1,7
00-0033886,T.J. Watt,OLB,PIT,11,0,0,0,0,0,0,0
00-0033889,Cam Robinson,OT,CLE,11,0,0,0,0,0,0,0
00-0033890,Budda Baker,S,ARI,11,0,0,0,0,0,0,0
00-0033901,Ethan Pocic,C,CLE,11,0,0,0,0,0,0,0
00-0033904,Dion Dawkins,OT,BUF,11,0,0,0,0,0,0,0
00-0033905,Larry Ogunjobi,DT,BUF,11,0,0,0,0,0,0,0
00-0033908,Cooper Kupp,WR,SEA,11,0,0,0,0,7,3,23
00-0033914,Alex Anzalone,MLB,DET,11,0,0,0,0,0,0,0
00-0033918,Fabian Moreau,CB,MIN,11,0,0,0,0,0,0,0
00-0033923,Kareem Hunt,RB,KC,11,0,0,13,59,2,1,3
00-0033941,Rayshawn Jenkins,DB,CLE,11,0,0,0,0,0,0,0
00-0033955,Jeremy McNichols,RB,WAS,11,0,0,4,13,2,2,16
00-0033964,Al-Quadin Muhammad,LB,DET,11,0,0,0,0,0,0,0
00-0034067,Scott Daly,LS,CHI,11,0,0,0,0,0,0,0
00-0034112,Austin Schlottmann,C,NYG,11,0,0,0,0,0,0,0
00-0034160,Michael Dickson,P,SEA,11,0,0,0,0,0,0,0
00-0034161,Daniel Carlson,K,LV,11,0,0,0,0,0,0,0
00-0034162,J.K. Scott,P,LAC,11,0,0,0,0,0,0,0
00-0034163,Jacob Martin,DE,WAS,11,0,0,0,0,0,0,0
00-0034173,Eddy Pineiro,K,SF,11,0,0,0,0,0,0,0
00-0034203,Darious Williams,CB,LA,11,0,0,0,0,0,0,0
00-0034234,Poona Ford,DT,LA,11,0,0,0,0,0,0,0
00-0034264,Jalyn Holmes,DT,WAS,11,0,0,0,0,0,0,0
00-0034278,Tremon Smith,CB,HOU,11,0,0,0,0,0,0,0
00-0034285,Zach Sieler,DE,MIA,11,0,0,0,0,0,0,0
00-0034302,Frankie Luvu,LB,WAS,11,0,0,0,0,0,0,0
00-0034320,Kentavius Street,DE,ATL,11,0,0,0,0,0,0,0
00-0034348,Courtland Sutton,WR,DEN,11,0,0,0,0,8,4,59
00-0034350,Uchenna Nwosu,LB,SEA,11,0,0,0,0,0,0,0
00-0034351,Dallas Goedert,TE,PHI,11,0,0,0,0,5,2,24
00-0034356,Donte Jackson,CB,LAC,11,0,0,0,0,0,0,0
00-0034357,Isaiah Oliver,FS,NYJ,11,0,0,0,0,0,0,0
00-0034365,Ian Thomas,TE,LV,11,0,0,0,0,1,1,20
00-0034371,Da'Shawn Hand,DE,LAC,11,0,0,0,0,0,0,0
00-0034376,Taron Johnson,CB,BUF,11,0,0,0,0,0,0,0
00-0034381,Josh Sweat,LB,ARI,11,0,0,0,0,0,0,0
00-0034383,Dalton Schultz,TE,HOU,11,0,0,0,0,9,6,51
00-0034391,Siran Neal,DB,SF,11,0,0,0,0,0,0,0
00-0034397,Tim Settle,DT,HOU,11,0,0,0,0,0,0,0
00-0034399,Wyatt Teller,G,CLE,11,0,0,0,0,0,0,0
00-0034413,Foye Oluokun,LB,JAX,11,0,0,0,0,0,0,0
00-0034429,Jordan Mailata,OT,PHI,11,0,0,0,0,0,0,0
00-0034465,Jeremy Reaves,DB,WAS,11,0,0,0,0,0,0,0
00-0034473,Dennis Gardeck,LB,JAX,11,0,0,0,0,0,0,0
00-0034485,Jonathan Owens,SAF,CHI,11,0,0,0,0,0,0,0
00-0034488,Tavierre Thomas,SAF,MIN,11,0,0,0,0,0,0,0
00-0034613,Tanner Hudson,TE,CIN,11,0,0,0,0,3,3,22
00-0034673,Tremaine Edmunds,MLB,CHI,11,0,0,0,0,0,0,0
00-0034675,Jessie Bates,FS,ATL,11,0,0,0,0,0,0,0
00-0034681,Chase Edmonds,RB,WAS,11,0,0,0,0,0,0,0
00-0034720,Robert Spillane,LB,NE,11,0,0,0,0,0,0,0
00-0034721,Corey Bojorquez,P,CLE,11,0,0,0,0,0,0,0
00-0034753,Mark Andrews,TE,BAL,11,0,0,1,35,5,3,32
00-0034754,Oren Burks,ILB,CIN,11,0,0,0,0,0,0,0
00-0034771,Mason Rudolph,QB,PIT,11,16,127,1,-1,0,0,0
00-0034775,Christian Kirk,WR,HOU,11,0,0,0,0,4,1,6
00-0034778,Carlton Davis III,CB,NE,11,0,0,0,0,0,0,0
00-0034779,Ronnie Harrison,LB,ATL,11,0,0,0,0,0,0,0
00-0034782,Harrison Phillips,DT,NYJ,11,0,0,0,0,0,0,0
00-0034789,Minkah Fitzpatrick,FS,MIA,11,0,0,0,0,0,0,0
00-0034790,Derwin James,FS,LAC,11,0,0,0,0,0,0,0
00-0034791,Nick Chubb,RB,HOU,11,0,0,3,17,2,0,0
00-0034796,Lamar Jackson,QB,BAL,11,25,193,4,10,0,0,0
00-0034797,Jerome Baker,OLB,CLE,11,0,0,0,0,0,0,0
00-0034798,Durham Smythe,TE,CHI,11,0,0,0,0,3,1,8
00-0034800,B.J. Hill,DE,CIN,11,0,0,0,0,0,0,0
00-0034805,John Franklin-Myers,DE,DEN,11,0,0,0,0,0,0,0
00-0034810,Sebastian Joseph-Day,DT,TEN,11,0,0,0,0,0,0,0
00-0034818,Derrick Nnadi,NT,KC,11,0,0,0,0,0,0,0
00-0034825,Arden Key,DE,TEN,11,0,0,0,0,0,0,0
00-0034827,DJ Moore,WR,CHI,11,0,0,1,3,3,1,18
00-0034828,Harold Landry III,LB,NE,11,0,0,0,0,0,0,0
00-0034832,Bradley Chubb,OLB,MIA,11,0,0,0,0,0,0,0
00-0034837,Calvin Ridley,WR,TEN,11,0,0,0,0,1,1,13
00-0034844,Saquon Barkley,RB,PHI,11,0,0,26,83,2,1,7
00-0034847,Mike McGlinchey,OT,DEN,11,0,0,0,0,0,0,0
00-0034854,KhaDarel Hodge,WR,ATL,11,0,0,0,0,1,0,0
00-0034855,Baker Mayfield,QB,TB,11,28,173,5,39,0,0,0
00-0034856,Denzel Ward,CB,CLE,11,0,0,0,0,0,0,0
00-0034857,Josh Allen,QB,BUF,11,30,317,6,40,0,0,0
00-0034869,Sam Darnold,QB,SEA,11,44,279,2,11,0,0,0
00-0034874,Roquan Smith,ILB,BAL,11,0,0,0,0,0,0,0
00-0034941,Mitch Wishnowsky,P,BUF,11,0,0,0,0,0,0,0
00-0034951,Fred Johnson,OT,PHI,11,0,0,0,0,0,0,0
00-0034960,Jakobi Meyers,WR,JAX,11,0,0,0,0,6,5,64
00-0034967,Rashan Gary,LB,GB,11,0,0,0,0,0,0,0
00-0034968,Darnell Savage,SAF,WAS,11,0,0,0,0,0,0,0
00-0034973,Maxx Crosby,DE,LV,11,0,0,0,0,0,0,0
00-0034982,Dre Greenlaw,LB,DEN,11,0,0,0,0,0,0,0
00-0034987,E.J. Speed,LB,HOU,11,0,0,0,0,0,0,0
00-0035020,Demetrius Flannigan-Fowles,LB,NYG,11,0,0,0,0,0,0,0
00-0035042,Jamie Gillan,P,NYG,11,0,0,0,0,0,0,0
00-0035118,Matthew Orzech,LS,GB,11,0,0,0,0,0,0,0
00-0035133,Keisean Nixon,DB,GB,11,0,0,0,0,0,0,0
00-0035140,Mecole Hardman,WR,BUF,11,0,0,0,0,1,0,0
00-0035156,Jack Fox,P,DET,11,0,0,0,0,0,0,0
00-0035157,Darius Harris,LB,NE,11,0,0,0,0,0,0,0
00-0035166,Azeez Al-Shaair,LB,HOU,11,0,0,0,0,0,0,0
00-0035189,Matthew Wright,K,HOU,11,0,0,0,0,0,0,0
00-0035190,AJ Cole,P,LV,11,0,0,0,0,0,0,0
00-0035192,Joey Slye,K,TEN,11,0,0,0,0,0,0,0
00-0035202,Del'Shawn Phillips,LB,LAC,11,0,0,0,0,0,0,0
00-0035229,T.J. Hockenson,TE,MIN,11,0,0,0,0,6,3,39
00-0035234,Tytus Howard,OT,HOU,11,0,0,0,0,0,0,0
00-0035236,Byron Murphy,CB,MIN,11,0,0,0,0,0,0,0
00-0035237,Jawaan Taylor,OT,KC,11,0,0,0,0,0,0,0
00-0035240,Jahlani Tavai,LB,NE,11,0,0,0,0,0,0,0
00-0035244,Lonnie Johnson,SAF,LV,11,0,0,0,0,0,0,0
00-0035248,Zach Allen,DE,DEN,11,0,0,0,0,0,0,0
00-0035249,Josh Oliver,TE,MIN,11,0,0,0,0,1,1,-3
00-0035250,Devin Singletary,RB,NYG,11,0,0,16,44,1,1,3
00-0035253,C.J. Gardner-Johnson,SAF,CHI,11,0,0,0,0,0,0,0
00-0035254,Anthony Nelson,LB,TB,11,0,0,0,0,0,0,0
00-0035261,Tony Pollard,RB,TEN,11,0,0,10,22,3,3,4
00-0035262,Drue Tranquill,LB,KC,11,0,0,0,0,0,0,0
00-0035269,Matt Gay,K,WAS,11,0,0,0,0,0,0,0
00-0035272,Andrew Van Ginkel,OLB,MIN,11,0,0,0,0,0,0,0
00-0035276,Blake Cashman,LB,MIN,11,0,0,0,0,0,0,0
00-0035277,Mike Jackson,CB,CAR,11,0,0,0,0,0,0,0
00-0035279,Charles Omenihu,DE,KC,11,0,0,0,0,0,0,0
00-0035280,Jake Bailey,P,MIA,11,0,0,0,0,0,0,0
00-0035291,Trayveon Williams,RB,LAC,11,0,0,3,-1,1,1,0
00-0035301,Donovan Wilson,SAF,DAL,11,0,0,0,0,0,0,0
00-0035316,Kaden Elliss,LB,ATL,11,0,0,0,0,0,0,0
00-0035352,Tyrel Dodson,LB,MIA,11,0,0,0,0,0,0,0
00-0035357,Cam Lewis,CB,BUF,11,0,0,0,0,0,0,0
00-0035358,Chase McLaughlin,K,TB,11,0,0,0,0,0,0,0
00-0035359,David Sills,WR,ATL,11,0,0,0,0,2,1,11
00-0035363,Joe Giles-Harris,LB,CIN,11,0,0,0,0,0,0,0
00-0035378,Andrew Wingard,SAF,JAX,11,0,0,0,0,0,0,0
00-0035413,Luke Gifford,LB,SF,11,0,0,0,0,0,0,0
00-0035500,Greg Dortch,WR,ARI,11,0,0,0,0,6,6,66
00-0035525,Devin Bush,LB,CLE,11,0,0,0,0,0,0,0
00-0035537,Ty Johnson,RB,BUF,11,0,0,1,9,2,2,61
00-0035594,Travis Homer,RB,CHI,11,0,0,1,-2,0,0,0
00-0035617,Troy Reeder,LB,LA,11,0,0,0,0,0,0,0
00-0035628,D'Ernest Johnson,RB,NE,11,0,0,3,6,0,0,0
00-0035630,Chris Lindstrom,G,ATL,11,0,0,0,0,0,0,0
00-0035632,Amani Hooker,SAF,TEN,11,0,0,0,0,0,0,0
00-0035637,Rock Ya-Sin,CB,DET,11,0,0,0,0,0,0,0
00-0035640,DK Metcalf,WR,PIT,11,0,0,0,0,8,5,49
00-0035642,Josh Hines-Allen,DE,JAX,11,0,0,0,0,0,0,0
00-0035643,Jeffery Simmons,DT,TEN,11,0,0,0,0,0,0,0
00-0035644,Noah Fant,TE,CIN,11,0,0,0,0,6,5,36
00-0035645,Gunner Olszewski,WR,NYG,11,0,0,0,0,0,0,0
00-0035647,Montez Sweat,DE,CHI,11,0,0,0,0,0,0,0
00-0035662,Marquise Brown,WR,KC,11,0,0,0,0,4,4,40
00-0035667,Greg Gaines,DT,TB,11,0,0,0,0,0,0,0
00-0035669,Nick Scott,SAF,CAR,11,0,0,0,0,0,0,0
00-0035672,Cody Barton,LB,TEN,11,0,0,0,0,0,0,0
00-0035676,A.J. Brown,WR,PHI,11,0,0,0,0,11,7,49
00-0035678,Dre'Mont Jones,LB,BAL,11,0,0,0,0,0,0,0
00-0035680,Quincy Williams,LB,NYJ,11,0,0,0,0,0,0,0
00-0035683,Dexter Lawrence,DT,NYG,11,0,0,0,0,0,0,0
00-0035685,David Montgomery,RB,DET,11,0,0,6,27,1,1,10
00-0035687,Bobby Okereke,ILB,NYG,11,0,0,0,0,0,0,0
00-0035689,Dawson Knox,TE,BUF,11,0,0,0,0,3,1,23
00-0035700,Josh Jacobs,RB,GB,11,0,0,7,40,1,0,0
00-0035705,Jalen Thompson,DB,ARI,11,0,0,0,0,0,0,0
00-0035707,Devin White,LB,LV,11,0,0,0,0,0,0,0
00-0035713,Brian Burns,LB,NYG,11,0,0,0,0,0,0,0
00-0035718,Quinnen Williams,DT,DAL,11,0,0,0,0,0,0,0
00-0035719,Deebo Samuel Sr.,WR,WAS,11,0,0,1,3,8,7,74
00-0035757,Jacob Bobenmoyer,LS,LV,11,0,0,0,0,0,0,0
00-0035763,Malcolm Roach,DT,DEN,11,0,0,0,0,0,0,0
00-0035795,James Pierre,CB,PIT,11,0,0,0,0,0,0,0
00-0035821,Corliss Waitman,P,PIT,11,0,0,0,0,0,0,0
00-0035841,Benito Jones,DT,MIA,11,0,0,0,0,0,0,0
00-0035876,Andre Baccellia,WR,ARI,11,0,0,0,0,1,1,5
00-0035889,Tommy Townsend,P,HOU,11,0,0,0,0,0,0,0
00-0035890,Tershawn Wharton,DE,CAR,11,0,0,0,0,0,0,0
00-0035891,Cody White,WR,SEA,11,0,0,0,0,0,0,0
00-0035895,Joe Bachie,LB,TEN,11,0,0,0,0,0,0,0
00-0035942,Christian Rozeboom,LB,CAR,11,0,0,0,0,0,0,0
00-0036037,Sam Franklin Jr.,SAF,BUF,11,0,0,0,0,0,0,0
00-0036087,Myles Bryant,CB,HOU,11,0,0,0,0,0,0,0
00-0036139,Rico Dowdle,RB,CAR,11,0,0,19,45,7,5,55
00-0036151,Bryce Huff,DE,SF,11,0,0,0,0,0,0,0
00-0036165,Isaiah Hodgins,WR,NYG,11,0,0,0,0,6,5,57
00-0036176,Mason Kinsey,WR,TEN,11,0,0,0,0,3,1,14
00-0036181,Teair Tart,DT,LAC,11,0,0,0,0,0,0,0
00-0036187,Reggie Gilliam,RB,BUF,11,0,0,0,0,0,0,0
00-0036192,A.J. Epenesa,LB,BUF,11,0,0,0,0,0,0,0
00-0036193,Anfernee Jennings,LB,NE,11,0,0,0,0,0,0,0
00-0036196,Gabe Davis,WR,BUF,11,0,0,0,0,4,3,40
00-0036199,Geno Stone,SAF,CIN,11,0,0,0,0,0,0,0
00-0036204,LaCale London,DE,ATL,11,0,0,0,0,0,0,0
00-0036212,Tua Tagovailoa,QB,MIA,11,20,171,0,0,0,0,0
00-0036221,Brandon Jones,SAF,DEN,11,0,0,0,0,0,0,0
00-0036222,Isaiah Rodgers,CB,MIN,11,0,0,0,0,0,0,0
00-0036231,Kyle Dugger,SAF,PIT,11,0,0,0,0,0,0,0
00-0036237,Larrell Murchison,DT,LA,11,0,0,0,0,0,0,0
00-0036244,Colby Parkinson,TE,LA,11,0,0,0,0,2,2,14
00-0036246,Jon Runyan,G,NYG,11,0,0,0,0,0,0,0
00-0036259,Jauan Jennings,WR,SF,11,0,0,0,0,6,4,54
00-0036260,Javon Kinlaw,DT,WAS,11,0,0,0,0,0,0,0
00-0036262,DaVon Hamilton,DT,JAX,11,0,0,0,0,0,0,0
00-0036264,Jordan Love,QB,GB,11,24,174,2,7,0,0,0
00-0036266,Jordan Elliott,DT,SF,11,0,0,0,0,0,0,0
00-0036275,D'Andre Swift,RB,CHI,11,0,0,21,90,1,0,0
00-0036280,Malik Harrison,LB,PIT,11,0,0,0,0,0,0,0
00-0036282,Grant Delpit,SAF,CLE,11,0,0,0,0,0,0,0
00-0036285,A.J. Terrell,CB,ATL,11,0,0,0,0,0,0,0
00-0036286,K'Lavon Chaisson,LB,NE,11,0,0,0,0,0,0,0
00-0036287,Noah Igbinoghene,CB,WAS,11,0,0,0,0,0,0,0
00-0036290,Cole Kmet,TE,CHI,11,0,0,0,0,5,5,45
00-0036293,Jeremy Chinn,SAF,LV,11,0,0,0,0,0,0,0
00-0036294,Logan Wilson,LB,DAL,11,0,0,0,0,0,0,0
00-0036298,Akeem Davis-Gaither,LB,ARI,11,0,0,0,0,0,0,0
00-0036300,Mykal Walker,LB,NYJ,11,0,0,0,0,0,0,0
00-0036302,Jaylinn Hawkins,SAF,NE,11,0,0,0,0,0,0,0
00-0036305,Trevis Gipson,LB,CAR,11,0,0,0,0,0,0,0
00-0036306,Daniel Thomas,SAF,DET,11,0,0,0,0,0,0,0
00-0036309,Darnell Mooney,WR,ATL,11,0,0,0,0,7,3,34
00-0036313,Braden Mann,P,PHI,11,0,0,0,0,0,0,0
00-0036322,Justin Jefferson,WR,MIN,11,0,0,0,0,9,5,61
00-0036323,Patrick Queen,LB,PIT,11,0,0,0,0,0,0,0
00-0036329,Ashtyn Davis,SAF,MIA,11,0,0,0,0,0,0,0
00-0036331,Devin Duvernay,WR,CHI,11,0,0,0,0,0,0,0
00-0036332,Josiah Deguara,TE,ARI,11,0,0,0,0,0,0,0
00-0036335,D.J. Wonnum,LB,CAR,11,0,0,0,0,0,0,0
00-0036337,James Lynch,DT,TEN,11,0,0,0,0,0,0,0
00-0036338,Troy Dye,LB,LAC,11,0,0,0,0,0,0,0
00-0036341,Khalid Kareem,LB,ATL,11,0,0,0,0,0,0,0
00-0036348,Josh Metellus,SAF,MIN,11,0,0,0,0,0,0,0
00-0036349,Kam Curl,SAF,LA,11,0,0,0,0,0,0,0
00-0036355,Justin Herbert,QB,LAC,11,18,81,3,21,0,0,0
00-0036358,CeeDee Lamb,WR,DAL,11,0,0,0,0,7,5,66
00-0036375,Amik Robertson,CB,DET,11,0,0,0,0,0,0,0
00-0036378,Michael Danna,LB,KC,11,0,0,0,0,0,0,0
00-0036380,Alohi Gilman,SAF,BAL,11,0,0,0,0,0,0,0
00-0036386,Andrew Thomas,OT,NYG,11,0,0,0,0,0,0,0
00-0036388,Xavier McKinney,SAF,GB,11,0,0,0,0,0,0,0
00-0036389,Jalen Hurts,QB,PHI,11,28,135,10,31,0,0,0
00-0036391,Lloyd Cushenberry III,C,TEN,11,0,0,0,0,0,0,0
00-0036394,Darnay Holmes,CB,LV,11,0,0,0,0,0,0,0
00-0036407,Jerry Jeudy,WR,CLE,11,0,0,0,0,7,3,21
00-0036409,Jordyn Brooks,LB,MIA,11,0,0,0,0,0,0,0
00-0036410,Tee Higgins,WR,CIN,11,0,0,0,0,8,3,63
00-0036411,Antoine Winfield Jr.,SAF,TB,11,0,0,0,0,0,0,0
00-0036415,Van Jefferson,WR,TEN,11,0,0,0,0,7,3,22
00-0036416,Kristian Fulton,CB,KC,11,0,0,0,0,0,0,0
00-0036418,Zack Baun,LB,PHI,11,0,0,0,0,0,0,0
00-0036422,Adam Trautman,TE,DEN,11,0,0,0,0,1,1,8
00-0036428,Justin Strnad,LB,DEN,11,0,0,0,0,0,0,0
00-0036441,"Kenneth Murray, Jr.",LB,DAL,11,0,0,0,0,0,0,0
00-0036443,Rex Sunahara,LS,CLE,11,0,0,0,0,0,0,0
00-0036500,Jamien Sherwood,LB,NYJ,11,0,0,0,0,0,0,0
00-0036502,Jason Pinnock,SAF,SF,11,0,0,0,0,0,0,0
00-0036504,Brandin Echols,CB,PIT,11,0,0,0,0,0,0,0
00-0036554,Nico Collins,WR,HOU,11,0,0,0,0,10,9,92
00-0036555,Chuba Hubbard,RB,CAR,11,0,0,4,21,3,1,7
00-0036563,Deommodore Lenoir,CB,SF,11,0,0,0,0,0,0,0
00-0036564,Talanoa Hufanga,SAF,DEN,11,0,0,0,0,0,0,0
00-0036567,Elijah Mitchell,RB,KC,11,0,0,0,0,1,0,0
00-0036568,Roy Lopez,DT,DET,11,0,0,0,0,0,0,0
00-0036589,Nick McCloud,CB,CHI,11,0,0,0,0,0,0,0
00-0036590,Quintin Morris,TE,JAX,11,0,0,0,0,3,1,11
00-0036613,Jaylen Waddle,WR,MIA,11,0,0,0,0,7,3,52
00-0036614,Jamin Davis,LB,LV,11,0,0,0,0,0,0,0
00-0036616,Christian Darrisaw,OT,MIN,11,0,0,0,0,0,0,0
00-0036621,Nick Bolton,LB,KC,11,0,0,0,0,0,0,0
00-0036624,Alim McNeill,DT,DET,11,0,0,0,0,0,0,0
00-0036625,Benjamin St-Juste,CB,LAC,11,0,0,0,0,0,0,0
00-0036626,Dyami Brown,WR,JAX,11,0,0,0,0,1,0,0
00-0036630,Tylan Wallace,WR,BAL,11,0,0,0,0,1,0,0
00-0036637,Noah Gray,TE,KC,11,0,0,0,0,3,2,9
00-0036642,Tedarrell Slaton,DT,CIN,11,0,0,0,0,0,0,0
00-0036643,K.J. Britt,LB,MIA,11,0,0,0,0,0,0,0
00-0036653,Stone Forsythe,OT,LV,11,0,0,0,0,0,0,0
00-0036658,Isaiah McDuffie,LB,GB,11,0,0,0,0,0,0,0
00-0036661,Israel Mukuamu,CB,CAR,11,0,0,0,0,0,0,0
00-0036672,Grant Stuard,LB,DET,11,0,0,1,0,0,0,0
00-0036677,Zayne Anderson,SAF,GB,11,0,0,0,0,0,0,0
00-0036683,Devon Key,SAF,DEN,11,0,0,0,0,0,0,0
00-0036711,Charles Snowden,DE,LV,11,0,0,0,0,0,0,0
00-0036716,Amen Ogbongbemiga,LB,CHI,11,0,0,0,0,0,0,0
00-0036727,Adam Prentice,FB,DEN,11,0,0,0,0,2,1,14
00-0036728,Curtis Robinson,LB,SF,11,0,0,0,0,0,0,0
00-0036754,Brock Wright,TE,DET,11,0,0,0,0,7,2,8
00-0036816,Riley Patterson,K,MIA,11,0,0,0,0,0,0,0
00-0036825,Feleipe Franks,TE,ATL,11,0,0,0,0,0,0,0
00-0036833,Ryan Neuzil,G,ATL,11,0,0,0,0,0,0,0
00-0036841,Austin Trammell,WR,JAX,11,0,0,0,0,1,1,13
00-0036842,Kene Nwangwu,RB,NYJ,11,0,0,0,0,0,0,0
00-0036844,Garret Wallow,LB,DEN,11,0,0,0,0,0,0,0
00-0036850,Cameron Sample,DE,CIN,11,0,0,0,0,0,0,0
00-0036854,Evan McPherson,K,CIN,11,0,0,0,0,0,0,0
00-0036862,Ben Skowronek,WR,PIT,11,0,0,0,0,0,0,0
00-0036876,Kylen Granson,TE,PHI,11,0,0,0,0,2,1,4
00-0036881,Jay Tufele,DT,NYJ,11,0,0,0,0,0,0,0
00-0036883,Tommy Togiai,DT,HOU,11,0,0,0,0,0,0,0
00-0036887,Luke Farrell,TE,SF,11,0,0,0,0,0,0,0
00-0036894,Pat Freiermuth,TE,PIT,11,0,0,0,0,1,1,19
00-0036898,Davis Mills,QB,HOU,11,41,274,2,14,0,0,0
00-0036900,Ja'Marr Chase,WR,CIN,11,0,0,0,0,10,3,30
00-0036901,Eric Stokes,CB,LV,11,0,0,0,0,0,0,0
00-0036902,Joseph Ossai,DE,CIN,11,0,0,0,0,0,0,0
00-0036903,Bobby Brown III,DT,CAR,11,0,0,0,0,0,0,0
00-0036909,Khyiris Tonga,DT,NE,11,0,0,0,0,0,0,0
00-0036912,DeVonta Smith,WR,PHI,11,0,0,0,0,5,1,8
00-0036914,Greg Rousseau,LB,BUF,11,0,0,0,0,0,0,0
00-0036919,Kenny Gainwell,RB,PIT,11,0,0,9,24,8,7,81
00-0036924,Michael Carter,RB,ARI,11,0,0,2,6,7,5,22
00-0036932,Micah Parsons,LB,GB,11,0,0,0,0,0,0,0
00-0036933,Zaven Collins,LB,ARI,11,0,0,0,0,0,0,0
00-0036934,Jaelan Phillips,LB,PHI,11,0,0,0,0,0,0,0
00-0036940,Odafe Oweh,LB,LAC,11,0,0,0,0,0,0,0
00-0036942,Osa Odighizuwa,DT,DAL,11,0,0,0,0,0,0,0
00-0036943,Mitchell Fraboni,LS,DEN,11,0,0,0,0,0,0,0
00-0036944,Jaycee Horn,CB,CAR,11,0,0,0,0,0,0,0
00-0036945,Justin Fields,QB,NYJ,11,26,116,11,67,1,0,0
00-0036952,Jonathon Cooper,LB,DEN,11,0,0,0,0,0,0,0
00-0036962,Tre'von Moehrig,SAF,CAR,11,0,0,0,0,0,0,0
00-0036963,Amon-Ra St. Brown,WR,DET,11,0,0,0,0,12,2,42
00-0036964,Derrick Barnes,LB,DET,11,0,0,0,0,0,0,0
00-0036970,Kyle Pitts,TE,ATL,11,0,0,0,0,3,2,14
00-0036971,Trevor Lawrence,QB,JAX,11,22,153,5,9,0,0,0
00-0036972,Mac Jones,QB,SF,11,0,0,3,-3,0,0,0
00-0036973,Travis Etienne,RB,JAX,11,0,0,19,73,2,0,0
00-0036974,Tyson Campbell,CB,CLE,11,0,0,0,0,0,0,0
00-0036981,Christian Barmore,DT,NE,11,0,0,0,0,0,0,0
00-0036986,Nahshon Wright,CB,CHI,11,0,0,0,0,0,0,0
00-0036987,Brandon Stephens,CB,NYJ,11,0,0,0,0,0,0,0
00-0036988,Josh Palmer,WR,BUF,11,0,0,0,0,5,2,17
00-0036992,Elijah Molden,CB,LAC,11,0,0,0,0,0,0,0
00-0036993,Ifeatu Melifonwu,SAF,MIA,11,0,0,0,0,0,0,0
00-0036994,Ernest Jones,LB,SEA,11,0,0,0,0,0,0,0
00-0036996,Greg Newsome II,CB,JAX,11,0,0,0,0,0,0,0
00-0036997,Javonte Williams,RB,DAL,11,0,0,22,93,1,1,0
00-0036998,Jevon Holland,SAF,NYG,11,0,0,0,0,0,0,0
00-0037003,Chazz Surratt,LB,SEA,11,0,0,0,0,0,0,0
00-0037005,Tommy Tremble,TE,CAR,11,0,0,0,0,2,1,54
00-0037012,Trey Lance,QB,LAC,11,8,37,3,1,0,0,0
00-0037073,Jordan Davis,DT,PHI,11,0,0,0,0,0,0,0
00-0037074,Quay Walker,LB,GB,11,0,0,0,0,0,0,0
00-0037075,Devonte Wyatt,DT,GB,11,0,0,0,0,0,0,0
00-0037076,Sean Rhyan,OT,GB,11,0,0,0,0,0,0,0
00-0037079,Riq Woolen,CB,SEA,11,0,0,0,0,0,0,0
00-0037082,Dominique Robinson,DE,CHI,11,0,0,0,0,0,0,0
00-0037083,Kingsley Enagbare,LB,GB,11,0,0,0,0,0,0,0
00-0037085,Tyler Badie,RB,DEN,11,0,0,0,0,1,1,0
00-0037091,Bo Melton,WR,GB,11,0,0,1,17,0,0,0
00-0037096,Elijah Hicks,SAF,CHI,11,0,0,0,0,0,0,0
00-0037112,Jake Tonges,TE,SF,11,0,0,0,0,0,0,0
00-0037129,Josh Blackwell,CB,CHI,11,0,0,0,0,0,0,0
00-0037130,Reed Blankenship,SAF,PHI,11,0,0,0,0,0,0,0
00-0037137,Josh Jobe,CB,SEA,11,0,0,0,0,0,0,0
00-0037155,Tony Adams,SAF,NYJ,11,0,0,0,0,0,0,0
00-0037157,Bam Knight,RB,ARI,11,0,0,5,24,4,4,21
00-0037191,Trent McDuffie,CB,KC,11,0,0,0,0,0,0,0
00-0037192,George Karlaftis,DE,KC,11,0,0,0,0,0,0,0
00-0037193,Bryan Cook,SAF,KC,11,0,0,0,0,0,0,0
00-0037195,Jaylen Watson,CB,KC,11,0,0,0,0,0,0,0
00-0037196,Rasheed Walker,OT,GB,11,0,0,0,0,0,0,0
00-0037203,LaBryan Ray,DT,CAR,11,0,0,0,0,0,0,0
00-0037205,Brenden Schooler,SAF,NE,11,0,0,0,0,0,0,0
00-0037208,Jack Cochrane,LB,KC,11,0,0,0,0,0,0,0
00-0037224,Cameron Dicker,K,LAC,11,0,0,0,0,0,0,0
00-0037228,Jaylen Warren,RB,PIT,11,0,0,10,62,2,2,5
00-0037235,Travon Walker,DE,JAX,11,0,0,0,0,0,0,0
00-0037236,Aidan Hutchinson,DE,DET,11,0,0,0,0,0,0,0
00-0037237,Derek Stingley Jr.,CB,HOU,11,0,0,0,0,0,0,0
00-0037238,Drake London,WR,ATL,11,0,0,0,0,9,7,119
00-0037240,Jameson Williams,WR,DET,11,0,0,1,9,7,4,88
00-0037241,Trevor Penning,OT,LAC,11,0,0,0,0,0,0,0
00-0037243,Tyler Smith,OT,DAL,11,0,0,0,0,0,0,0
00-0037244,Devin Lloyd,LB,JAX,11,0,0,0,0,0,0,0
00-0037247,George Pickens,WR,DAL,11,0,0,0,0,11,9,144
00-0037248,James Cook,RB,BUF,11,0,0,16,48,3,3,66
00-0037249,Nik Bonitto,LB,DEN,11,0,0,0,0,0,0,0
00-0037252,Greg Dulcich,TE,MIA,11,0,0,0,0,4,2,18
00-0037253,Marcus Jones,CB,NE,11,0,0,0,0,0,0,0
00-0037254,Terrel Bernard,LB,BUF,11,0,0,0,0,0,0,0
00-0037256,Rachaad White,RB,TB,11,0,0,10,51,3,2,11
00-0037261,Khalil Shakir,WR,BUF,11,0,0,0,0,3,1,-3
00-0037262,Thomas Booker,DT,LV,11,0,0,0,0,0,0,0
00-0037263,Tyler Allgeier,RB,ATL,11,0,0,3,10,2,2,6
00-0037267,Jerome Ford,RB,CLE,11,0,0,1,2,0,0,0
00-0037268,Zyon McCollum,CB,TB,11,0,0,0,0,0,0,0
00-0037271,D'Marco Jackson,LB,CHI,11,0,0,0,0,0,0,0
00-0037274,Esezi Otomewo,DT,PIT,11,0,0,0,0,0,0,0
00-0037275,DaRon Bland,CB,DAL,11,0,0,0,0,0,0,0
00-0037284,Matt Araiza,P,KC,11,0,0,0,0,0,0,0
00-0037288,Christian Benford,CB,BUF,11,0,0,0,0,0,0,0
00-0037291,Jalen Nailor,WR,MIN,11,0,0,0,0,1,1,16
00-0037301,Theo Jackson,DB,MIN,11,0,0,0,0,0,0,0
00-0037304,Connor Heyward,FB,PIT,11,0,0,2,3,0,0,0
00-0037306,John FitzPatrick,TE,GB,11,0,0,0,0,1,1,5
00-0037310,James Houston,LB,DAL,11,0,0,0,0,0,0,0
00-0037313,Montaric Brown,CB,JAX,11,0,0,0,0,0,0,0
00-0037315,Cameron Goode,LB,MIA,11,0,0,0,0,0,0,0
00-0037321,Chase Lucas,CB,SF,11,0,0,0,0,0,0,0
00-0037364,Arron Mosby,DE,GB,11,0,0,0,0,0,0,0
00-0037384,Ja'Quan McMillian,CB,DEN,11,0,0,0,0,0,0,0
00-0037412,Cal Adomitis,LS,PHI,11,0,0,0,0,0,0,0
00-0037428,Alec Anderson,OT,BUF,11,0,0,0,0,0,0,0
00-0037447,Tomon Fox,LB,NYG,11,0,0,0,0,0,0,0
00-0037500,Ryan Wright,P,MIN,11,0,0,0,0,0,0,0
00-0037512,Isaiah Pola-Mao,SAF,LV,11,0,0,0,0,0,0,0
00-0037525,Jordan Mason,RB,MIN,11,0,0,6,45,0,0,0
00-0037545,Rashid Shaheed,WR,SEA,11,0,0,1,2,5,2,27
00-0037547,Daniel Whelan,P,GB,11,0,0,0,0,0,0,0
00-0037549,Darrell Baker Jr.,CB,TEN,11,0,0,0,0,0,0,0
00-0037561,Markquese Bell,SAF,DAL,11,0,0,0,0,0,0,0
00-0037563,Malik Davis,RB,DAL,11,0,0,4,20,0,0,0
00-0037587,Nate Landman,LB,LA,11,0,0,0,0,0,0,0
00-0037594,Julius Chestnut,RB,TEN,11,0,0,0,0,0,0,0
00-0037596,Jack Gibbens,LB,NE,11,0,0,0,0,0,0,0
00-0037602,Sam Okuayinonu,DT,SF,11,0,0,0,0,0,0,0
00-0037614,John Metchie III,WR,NYJ,11,0,0,0,0,3,3,45
00-0037615,Nakobe Dean,LB,PHI,11,0,0,0,0,0,0,0
00-0037633,Jacob Hummel,LB,BAL,11,0,0,0,0,0,0,0
00-0037663,Jermaine Johnson II,DE,NYJ,11,0,0,0,0,0,0,0
00-0037665,Sam Williams,LB,DAL,11,0,0,0,0,0,0,0
00-0037666,Jalen Tolbert,WR,DAL,11,0,0,0,0,1,0,0
00-0037692,Brandon Aubrey,K,DAL,11,0,0,0,0,0,0,0
00-0037741,Jahan Dotson,WR,PHI,11,0,0,0,0,2,2,43
00-0037743,Daxton Hill,DB,CIN,11,0,0,0,0,0,0,0
00-0037744,Trey McBride,TE,ARI,11,0,0,0,0,11,10,115
00-0037746,Brian Robinson,RB,SF,11,0,0,8,24,1,0,0
00-0037752,Tycen Anderson,SAF,CIN,11,0,0,0,0,0,0,0
00-0037753,Cam Taylor-Britt,CB,CIN,11,0,0,0,0,0,0,0
00-0037756,Travis Jones,DT,BAL,11,0,0,0,0,0,0,0
00-0037758,Cordale Flott,CB,NYG,11,0,0,0,0,0,0,0
00-0037799,Dondrea Tillman,LB,DEN,11,0,0,0,0,0,0,0
00-0037801,KaVontae Turpin,WR,DAL,11,0,0,0,0,2,1,0
00-0037805,Jeremy Ruckert,TE,NYJ,11,0,0,0,0,5,4,23
00-0037809,Chig Okonkwo,TE,TEN,11,0,0,0,0,3,3,56
00-0037812,Abraham Lucas,OT,SEA,11,0,0,0,0,0,0,0
00-0037815,Cameron Thomas,DE,CLE,11,0,0,0,0,0,0,0
00-0037816,Romeo Doubs,WR,GB,11,0,0,0,0,8,4,53
00-0037819,Leo Chenal,LB,KC,11,0,0,0,0,0,0,0
00-0037830,Samuel Womack,CB,TEN,11,0,0,0,0,0,0,0
00-0037832,Kalia Davis,DT,SF,11,0,0,0,0,0,0,0
00-0037834,Brock Purdy,QB,SF,11,26,200,1,-7,0,0,0
00-0037837,Calvin Austin III,WR,PIT,11,0,0,0,0,1,1,5
00-0037838,Isaiah Likely,TE,BAL,11,0,0,0,0,3,2,15
00-0037839,Cobie Durant,CB,LA,11,0,0,0,0,0,0,0
00-0037840,Kyren Williams,RB,LA,11,0,0,12,91,2,1,5
00-0037841,Quentin Lake,SAF,LA,11,0,0,0,0,0,0,0
00-0037842,Derion Kendrick,CB,SEA,11,0,0,0,0,0,0,0
00-0037843,Daniel Hardy,DE,CHI,11,0,0,0,0,0,0,0
00-0038038,Kyle Hamilton,SAF,BAL,11,0,0,0,0,0,0,0
00-0038039,Jack Jones,CB,MIA,11,0,0,0,0,0,0,0
00-0038041,Jake Ferguson,TE,DAL,11,0,0,0,0,5,4,16
00-0038046,Charlie Kolar,TE,BAL,11,0,0,0,0,1,0,0
00-0038090,Skyy Moore,WR,SF,11,0,0,0,0,0,0,0
00-0038094,Jordan Stout,P,BAL,11,0,0,0,0,0,0,0
00-0038100,Percy Butler,SAF,WAS,11,0,0,0,0,0,0,0
00-0038104,Tyquan Thornton,WR,KC,11,0,0,0,0,2,1,61
00-0038106,Eyioma Uwazurike,DT,DEN,11,0,0,0,0,0,0,0
00-0038107,Micheal Clemons,DE,NYJ,11,0,0,0,0,0,0,0
00-0038115,Daniel Bellinger,TE,NYG,11,0,0,0,0,1,0,0
00-0038116,Arnold Ebiketie,LB,ATL,11,0,0,0,0,0,0,0
00-0038117,Wan'Dale Robinson,WR,NYG,11,0,0,0,0,9,4,36
00-0038119,Jalyn Armour-Davis,CB,TEN,11,0,0,0,0,0,0,0
00-0038120,Breece Hall,RB,NYJ,11,0,0,14,58,2,2,6
00-0038123,Dane Belton,SAF,NYG,11,0,0,0,0,0,0,0
00-0038124,Christian Watson,WR,GB,11,0,0,0,0,5,4,46
00-0038127,Logan Hall,DE,TB,11,0,0,0,0,0,0,0
00-0038128,Malik Willis,QB,GB,11,2,6,1,16,0,0,0
00-0038129,Cade Otton,TE,TB,11,0,0,0,0,5,2,28
00-0038133,Boye Mafe,DE,SEA,11,0,0,0,0,0,0,0
00-0038134,Kenneth Walker III,RB,SEA,11,0,0,16,67,3,3,44
00-0038135,Jaquan Brisker,SAF,CHI,11,0,0,0,0,0,0,0
00-0038136,Coby Bryant,CB,SEA,11,0,0,0,0,0,0,0
00-0038142,David Ojabo,LB,BAL,11,0,0,0,0,0,0,0
00-0038152,Lucas Havrisik,K,GB,11,0,0,0,0,0,0,0
00-0038359,Xavier Smith,WR,LA,11,0,0,0,0,2,1,8
00-0038381,Kyu Blu Kelly,CB,LV,11,0,0,0,0,0,0,0
00-0038386,Jalen Carter,DT,PHI,11,0,0,0,0,0,0,0
00-0038387,Colby Wooden,DE,GB,11,0,0,0,0,0,0,0
00-0038390,Noah Sewell,LB,CHI,11,0,0,0,0,0,0,0
00-0038393,Dontayvion Wicks,WR,GB,11,0,0,0,0,2,1,9
00-0038398,Karl Brooks,DT,GB,11,0,0,0,0,0,0,0
00-0038399,Zaire Barnes,LB,NYG,11,0,0,0,0,0,0,0
00-0038408,Carrington Valentine,DB,GB,11,0,0,0,0,0,0,0
00-0038412,Moro Ojomo,DT,PHI,11,0,0,0,0,0,0,0
00-0038414,Kendall Williamson,SAF,LAC,11,0,0,0,0,0,0,0
00-0038428,Andre Szmyt,K,CLE,11,0,0,0,0,0,0,0
00-0038454,Keaton Mitchell,RB,BAL,11,0,0,6,31,3,2,23
00-0038458,Owen Wright,RB,TB,11,0,0,0,0,0,0,0
00-0038488,Brady Russell,RB,SEA,11,0,0,0,0,0,0,0
00-0038493,Claudin Cherelus,LB,CAR,11,0,0,0,0,0,0,0
00-0038496,Xavier Gipson,WR,PHI,11,0,0,0,0,0,0,0
00-0038504,Trenton Simpson,LB,BAL,11,0,0,0,0,0,0,0
00-0038514,Truman Jones,DE,TEN,11,0,0,0,0,0,0,0
00-0038519,Nikko Remigio,WR,KC,11,0,0,0,0,0,0,0
00-0038536,Chandler Zavala,G,CAR,11,0,0,0,0,0,0,0
00-0038540,Paris Johnson Jr.,OT,ARI,11,0,0,0,0,0,0,0
00-0038541,Tyree Wilson,DE,LV,11,0,0,0,0,0,0,0
00-0038542,Bijan Robinson,RB,ATL,11,0,0,23,104,5,4,39
00-0038543,Jaxon Smith-Njigba,WR,SEA,11,0,0,1,11,12,9,105
00-0038544,Quentin Johnston,WR,LAC,11,0,0,0,0,3,0,0
00-0038546,Myles Murphy,DE,CIN,11,0,0,0,0,0,0,0
00-0038549,DJ Turner II,CB,CIN,11,0,0,0,0,0,0,0
00-0038552,Riley Moss,CB,DEN,11,0,0,0,0,0,0,0
00-0038553,Daiyan Henley,LB,LAC,11,0,0,0,0,0,0,0
00-0038554,Ji'Ayir Brown,SAF,SF,11,0,0,0,0,0,0,0
00-0038555,Tank Bigsby,RB,PHI,11,0,0,4,34,0,0,0
00-0038556,DeMarvion Overshown,LB,DAL,11,0,0,0,0,0,0,0
00-0038557,Dorian Williams,LB,BUF,11,0,0,0,0,0,0,0
00-0038558,Darnell Washington,TE,PIT,11,0,0,0,0,5,4,67
00-0038559,Michael Wilson,WR,ARI,11,0,0,0,0,18,15,185
00-0038560,Jordan Battle,SAF,CIN,11,0,0,0,0,0,0,0
00-0038563,Tre Tucker,WR,LV,11,0,0,0,0,8,4,47
00-0038564,Cameron Latu,TE,PHI,11,0,0,0,0,0,0,0
00-0038567,Chad Ryland,K,ARI,11,0,0,0,0,0,0,0
00-0038573,Derius Davis,WR,LAC,11,0,0,0,0,1,0,0
00-0038574,Isaiah McGuire,DE,CLE,11,0,0,0,0,0,0,0
00-0038576,Charlie Jones,WR,CIN,11,0,0,0,0,0,0,0
00-0038577,Nick Herbig,LB,PIT,11,0,0,0,0,0,0,0
00-0038578,Jay Ward,SAF,MIN,11,0,0,0,0,0,0,0
00-0038580,Yasir Abdullah,LB,JAX,11,0,0,0,0,0,0,0
00-0038589,Josh Whyle,TE,GB,11,0,0,0,0,1,1,2
00-0038591,Mike Morris,DE,SEA,11,0,0,0,0,0,0,0
00-0038594,Darrell Luter Jr.,CB,SF,11,0,0,0,0,0,0,0
00-0038596,Antonio Johnson,SAF,JAX,11,0,0,0,0,0,0,0
00-0038597,Chase Brown,RB,CIN,11,0,0,18,99,8,6,28
00-0038599,Henry To'oTo'o,LB,HOU,11,0,0,0,0,0,0,0
00-0038605,JL Skinner,SAF,DEN,11,0,0,0,0,0,0,0
00-0038606,Parker Washington,WR,JAX,11,0,0,0,0,2,2,20
00-0038610,Bryce Baringer,P,NE,11,0,0,0,0,0,0,0
00-0038611,Chris Rodriguez Jr.,RB,WAS,11,0,0,15,79,1,1,6
00-0038616,Christian Braswell,CB,JAX,11,0,0,0,0,0,0,0
00-0038618,Xavier Hutchinson,WR,HOU,11,0,0,0,0,5,3,42
00-0038619,Andrei Iosivas,WR,CIN,11,0,0,0,0,4,3,20
00-0038621,DeMario Douglas,WR,NE,11,0,0,1,-5,3,3,36
00-0038623,Dante Stills,DT,ARI,11,0,0,0,0,0,0,0
00-0038625,Dee Winters,LB,SF,11,0,0,0,0,0,0,0
00-0038628,DeMarcco Hellams,SAF,ATL,11,0,0,0,0,0,0,0
00-0038653,Cory Durden,DT,NE,11,0,0,0,0,0,0,0
00-0038660,Trevor Nowaske,LB,DET,11,0,0,0,0,0,0,0
00-0038679,Tyrell Shavers,WR,BUF,11,0,0,0,0,5,4,90
00-0038684,Ethan Bonner,CB,MIA,11,0,0,0,0,0,0,0
00-0038685,Chris Brooks,RB,GB,11,0,0,1,8,0,0,0
00-0038694,Brandon Pili,DT,SEA,11,0,0,0,0,0,0,0
00-0038703,Kendell Brooks,SAF,TEN,11,0,0,0,0,0,0,0
00-0038705,Emari Demercado,RB,ARI,11,0,0,5,8,3,2,12
00-0038715,Ronnie Hickman Jr.,SAF,CLE,11,0,0,0,0,0,0,0
00-0038720,Julian Hill,TE,MIA,11,0,0,0,0,1,1,14
00-0038731,TJ Bass,OT,DAL,11,0,0,0,0,0,0,0
00-0038738,Hunter Luepke,RB,DAL,11,0,0,1,5,3,3,36
00-0038765,Ty Okada,SAF,SEA,11,0,0,0,0,0,0,0
00-0038778,Jalen Redmond,DL,MIN,11,0,0,0,0,0,0,0
00-0038791,Thomas Incoom,LB,CAR,11,0,0,0,0,0,0,0
00-0038794,Jaleel McLaughlin,RB,DEN,11,0,0,6,19,1,1,-5
00-0038795,PJ Mustipher,DT,ARI,11,0,0,0,0,0,0,0
00-0038796,Alex Palczewski,OT,DEN,11,0,0,0,0,0,0,0
00-0038797,Emanuel Wilson,RB,GB,11,0,0,11,40,1,1,9
00-0038807,Ivan Pace Jr.,LB,MIN,11,0,0,0,0,0,0,0
00-0038820,Christian Izien,SAF,TB,11,0,0,0,0,0,0,0
00-0038824,Ryan Miller,WR,TB,11,0,0,0,0,0,0,0
00-0038840,Brycen Tremayne,WR,CAR,11,0,0,0,0,2,2,17
00-0038877,D'Shawn Jamison,DB,PIT,11,0,0,0,0,0,0,0
00-0038896,Jacob Saylors,RB,DET,11,0,0,0,0,0,0,0
00-0038922,Drake Thomas,LB,SEA,11,0,0,0,0,0,0,0
00-0038932,Darnell Wright,OT,CHI,11,0,0,0,0,0,0,0
00-0038938,Jalin Hyatt,WR,NYG,11,0,0,0,0,4,2,18
00-0038940,Tyler Lacy,DE,DET,11,0,0,0,0,0,0,0
00-0038951,Sean Tucker,RB,TB,11,0,0,19,106,2,2,34
00-0038966,Natrone Brooks,DB,ATL,11,0,0,0,0,0,0,0
00-0038976,Marvin Mims Jr.,WR,DEN,11,0,0,1,2,0,0,0
00-0038979,Cedric Tillman,WR,CLE,11,0,0,0,0,4,3,52
00-0038982,Chamarri Conner,DB,KC,11,0,0,0,0,0,0,0
00-0038984,Kei'Trel Clark,CB,ARI,11,0,0,0,0,0,0,0
00-0038986,Nic Jones,CB,NYG,11,0,0,0,0,0,0,0
00-0038994,Jordan Addison,WR,MIN,11,0,0,0,0,7,2,20
00-0039000,Deonte Banks,CB,NYG,11,0,0,0,0,0,0,0
00-0039001,Tyler Steen,OT,PHI,11,0,0,0,0,0,0,0
00-0039002,Sydney Brown,SAF,PHI,11,0,0,0,0,0,0,0
00-0039007,Garrett Williams,CB,ARI,11,0,0,0,0,0,0,0
00-0039009,Dylan Horton,DE,HOU,11,0,0,0,0,0,0,0
00-0039013,Nolan Smith,LB,PHI,11,0,0,0,0,0,0,0
00-0039018,Jack Campbell,LB,DET,11,0,0,0,0,0,0,0
00-0039020,Anthony Bradford,G,SEA,11,0,0,0,0,0,0,0
00-0039021,Roschon Johnson,RB,CHI,11,0,0,0,0,0,0,0
00-0039032,Tyjae Spears,RB,TEN,11,0,0,4,3,5,5,31
00-0039040,De'Von Achane,RB,MIA,11,0,0,21,120,5,5,45
00-0039041,Elijah Higgins,TE,ARI,11,0,0,0,0,3,2,11
00-0039047,Derick Hall,LB,SEA,11,0,0,0,0,0,0,0
00-0039049,SirVocea Dennis,LB,TB,11,0,0,0,0,0,0,0
00-0039051,Josh Hayes,DB,TB,11,0,0,0,0,0,0,0
00-0039054,Marte Mapu,LB,NE,11,0,0,0,0,0,0,0
00-0039059,Ethan Evans,P,LA,11,0,0,0,0,0,0,0
00-0039064,Zay Flowers,WR,BAL,11,0,0,1,5,5,3,78
00-0039066,Michael Mayer,TE,LV,11,0,0,0,0,4,3,13
00-0039067,Rashee Rice,WR,KC,11,0,0,0,0,9,6,38
00-0039068,Yaya Diaby,LB,TB,11,0,0,0,0,0,0,0
00-0039071,Tyrique Stevenson,CB,CHI,11,0,0,0,0,0,0,0
00-0039075,Puka Nacua,WR,LA,11,0,0,2,18,8,7,75
00-0039076,Nick Hampton,LB,LA,11,0,0,0,0,0,0,0
00-0039108,Will Anderson Jr.,DE,HOU,11,0,0,0,0,0,0,0
00-0039110,Keeanu Benton,DT,PIT,11,0,0,0,0,0,0,0
00-0039111,Tuli Tuipulotu,LB,LAC,11,0,0,0,0,0,0,0
00-0039137,Byron Young,LB,LA,11,0,0,0,0,0,0,0
00-0039138,Kobie Turner,DE,LA,11,0,0,0,0,0,0,0
00-0039139,Jahmyr Gibbs,RB,DET,11,0,0,12,39,8,5,107
00-0039140,Kelee Ringo,CB,PHI,11,0,0,0,0,0,0,0
00-0039141,Brian Branch,CB,DET,11,0,0,0,0,0,0,0
00-0039142,Will McDonald IV,DE,NYJ,11,0,0,0,0,0,0,0
00-0039144,Luke Musgrave,TE,GB,11,0,0,0,0,2,1,-1
00-0039145,Joe Tippmann,C,NYJ,11,0,0,0,0,0,0,0
00-0039147,Christian Gonzalez,CB,NE,11,0,0,0,0,0,0,0
00-0039148,Keion White,DE,SF,11,0,0,0,0,0,0,0
00-0039149,Quan Martin,SAF,WAS,11,0,0,0,0,0,0,0
00-0039150,Bryce Young,QB,CAR,11,45,448,1,-1,0,0,0
00-0039151,Emmanuel Forbes,CB,LA,11,0,0,0,0,0,0,0
00-0039156,Julius Brents,CB,MIA,11,0,0,0,0,0,0,0
00-0039165,Zach Charbonnet,RB,SEA,11,0,0,11,37,2,2,10
00-0039167,Joey Porter Jr.,CB,PIT,11,0,0,0,0,0,0,0
00-0039169,Devon Witherspoon,CB,SEA,11,0,0,0,0,0,0,0
00-0039172,Jake Bates,K,DET,11,0,0,0,0,0,0,0
00-0039176,Basil Okoye,DT,BAL,11,0,0,0,0,0,0,0
00-0039232,Nate Wiggins,CB,BAL,11,0,0,0,0,0,0,0
00-0039234,T.J. Tampa,CB,BAL,11,0,0,0,0,0,0,0
00-0039266,Kendall Milton,RB,CIN,11,0,0,2,2,0,0,0
00-0039299,George Holani,RB,SEA,11,0,0,2,6,0,0,0
00-0039305,Jack Westover,TE,NE,11,0,0,0,0,0,0,0
00-0039309,Byron Murphy II,DT,SEA,11,0,0,0,0,0,0,0
00-0039323,Ryan Rehkow,P,CIN,11,0,0,0,0,0,0,0
00-0039324,Christian Roland-Wallace,CB,KC,11,0,0,0,0,0,0,0
00-0039338,Brock Bowers,TE,LV,11,0,0,0,0,12,7,72
00-0039342,Xavier Legette,WR,CAR,11,0,0,0,0,8,4,83
00-0039343,Kamari Lassiter,CB,HOU,11,0,0,0,0,0,0,0
00-0039345,Renardo Green,CB,SF,11,0,0,0,0,0,0,0
00-0039349,DJ Glaze,OT,LV,11,0,0,0,0,0,0,0
00-0039352,Marist Liufau,LB,DAL,11,0,0,0,0,0,0,0
00-0039353,Jarrian Jones,CB,JAX,11,0,0,0,0,0,0,0
00-0039354,McKinnley Jackson,DT,CIN,11,0,0,0,0,0,0,0
00-0039356,Ja'Tavion Sanders,TE,CAR,11,0,0,0,0,4,4,22
00-0039357,Decamerion Richardson,CB,LV,11,0,0,0,0,0,0,0
00-0039360,Malik Mustapha,SAF,SF,11,0,0,0,0,0,0,0
00-0039366,Tarheeb Still,CB,LAC,11,0,0,0,0,0,0,0
00-0039368,Jordan Magee,LB,WAS,11,0,0,0,0,0,0,0
00-0039369,Cam Hart,CB,LAC,11,0,0,0,0,0,0,0
00-0039370,JD Bertrand,LB,ATL,11,0,0,0,0,0,0,0
00-0039371,Kris Abrams-Draine,CB,DEN,11,0,0,0,0,0,0,0
00-0039372,Jarvis Brownlee Jr.,DB,NYJ,11,0,0,0,0,0,0,0
00-0039374,Tommy Eichenberg,LB,LV,11,0,0,0,0,0,0,0
00-0039375,Josh Newton,CB,CIN,11,0,0,0,0,0,0,0
00-0039380,Chau Smith-Wade,CB,CAR,11,0,0,0,0,0,0,0
00-0039384,Tyrone Tracy Jr.,RB,NYG,11,0,0,19,88,4,4,51
00-0039387,Caelen Carson,DB,DAL,11,0,0,0,0,0,0,0
00-0039391,Kimani Vidal,RB,LAC,11,0,0,5,13,2,2,-1
00-0039404,Will Reichard,K,MIN,11,0,0,0,0,0,0,0
00-0039407,Dylan Laube,RB,LV,11,0,0,0,0,0,0,0
00-0039409,Cam Little,K,JAX,11,0,0,0,0,0,0,0
00-0039410,Ryan Flournoy,WR,DAL,11,0,0,0,0,1,1,2
00-0039417,Myles Harden,CB,CLE,11,0,0,0,0,0,0,0
00-0039421,Levi Drake Rodriguez,DL,MIN,11,0,0,0,0,0,0,0
00-0039423,Jonah Laulu,DT,LV,11,0,0,0,0,0,0,0
00-0039431,Jowon Briggs,DE,NYJ,11,0,0,0,0,0,0,0
00-0039435,Tatum Bethune,LB,SF,11,0,0,0,0,0,0,0
00-0039436,Jaylen Harrell,DE,TEN,11,0,0,0,0,0,0,0
00-0039451,Isaiah Williams,WR,NYJ,11,1,0,1,4,4,1,2
00-0039459,Theo Benedet,OL,CHI,11,0,0,0,0,0,0,0
00-0039465,Reddy Steward,DB,DAL,11,0,0,0,0,0,0,0
00-0039491,Jalen Coker,WR,CAR,11,0,0,0,0,4,4,52
00-0039498,Harrison Mevis,K,LA,11,0,0,0,0,0,0,0
00-0039513,Chris Edmonds,SAF,CLE,11,0,0,0,0,0,0,0
00-0039521,Xavier Weaver,WR,ARI,11,0,0,0,0,3,2,15
00-0039530,Brevyn Spann-Ford,TE,DAL,11,0,0,0,0,1,1,4
00-0039568,Frank Crum,OT,DEN,11,0,0,0,0,0,0,0
00-0039589,Kameron Johnson,WR,TB,11,0,0,0,0,0,0,0
00-0039632,PJ Jules,SAF,CIN,11,0,0,0,0,0,0,0
00-0039634,Austin McNamara,P,NYJ,11,0,0,0,0,0,0,0
00-0039637,Maema Njongmeta,LB,CAR,11,0,0,0,0,0,0,0
00-0039648,David Martin-Robinson,TE,TEN,11,0,0,0,0,0,0,0
00-0039660,Thomas Harper,SAF,DET,11,0,0,0,0,0,0,0
00-0039686,Colson Yankoff,TE,WAS,11,0,0,0,0,1,1,4
00-0039692,Dell Pettus,SAF,NE,11,0,0,0,0,0,0,0
00-0039718,Bo Richter,LB,MIN,11,0,0,0,0,0,0,0
00-0039731,JC Latham,OT,TEN,11,0,0,0,0,0,0,0
00-0039732,Bo Nix,QB,DEN,11,37,295,3,8,1,0,0
00-0039733,Ruke Orhorhoro,DT,ATL,11,0,0,0,0,0,0,0
00-0039734,Braden Fiske,DT,LA,11,0,0,0,0,0,0,0
00-0039738,Blake Corum,RB,LA,11,0,0,8,10,2,1,-5
00-0039739,Roman Wilson,WR,PIT,11,0,0,0,0,2,1,17
00-0039740,Jalyx Hunt,LB,PHI,11,0,0,0,0,0,0,0
00-0039741,Payton Wilson,LB,PIT,11,0,0,0,0,0,0,0
00-0039745,Tory Taylor,P,CHI,11,0,0,0,0,0,0,0
00-0039749,Tyler Davis,DE,LA,11,0,0,0,0,0,0,0
00-0039751,Jordan Whittington,WR,LA,11,0,0,0,0,1,1,9
00-0039752,Cedric Johnson,DE,CIN,11,0,0,0,0,0,0,0
00-0039763,Joe Andreessen,LB,BUF,11,0,0,0,0,0,0,0
00-0039764,Elijah Chatman,DT,NYG,11,0,0,0,0,0,0,0
00-0039770,Charles Woods,CB,NE,11,0,0,0,0,0,0,0
00-0039772,Josh Wallace,CB,LA,11,0,0,0,0,0,0,0
00-0039774,Omar Speights,LB,LA,11,0,0,0,0,0,0,0
00-0039776,Jaylen McCollough,SAF,LA,11,0,0,0,0,0,0,0
00-0039789,Qwan'tez Stiggers,DB,NYJ,11,0,0,0,0,0,0,0
00-0039793,AJ Barner,TE,SEA,11,0,0,2,1,11,10,70
00-0039796,Rasheen Ali,RB,BAL,11,0,0,0,0,1,1,15
00-0039798,Isaiah Davis,RB,NYJ,11,0,0,2,11,1,0,0
00-0039807,Max Melton,CB,ARI,11,0,0,0,0,0,0,0
00-0039808,Isaiah Adams,G,ARI,11,0,0,0,0,0,0,0
00-0039812,Ty'Ron Hopper,LB,GB,11,0,0,0,0,0,0,0
00-0039813,Evan Williams,SAF,GB,11,0,0,0,0,0,0,0
00-0039815,Tyrice Knight,LB,SEA,11,0,0,0,0,0,0,0
00-0039821,Andru Phillips,DB,NYG,11,0,0,0,0,0,0,0
00-0039825,Jaden Hicks,SAF,KC,11,0,0,0,0,0,0,0
00-0039826,Jeremiah Trotter Jr.,LB,PHI,11,0,0,0,0,0,0,0
00-0039834,Kamren Kinchens,SAF,LA,11,0,0,0,0,0,0,0
00-0039835,Justin Eboigbe,DT,LAC,11,0,0,0,0,0,0,0
00-0039838,Calen Bullock,SAF,HOU,11,0,0,0,0,0,0,0
00-0039840,Austin Booker,DE,CHI,11,0,0,0,0,0,0,0
00-0039841,Cooper DeJean,CB,PHI,11,0,0,0,0,0,0,0
00-0039844,Kingsley Suamataia,OT,KC,11,0,0,0,0,0,0,0
00-0039846,Tykee Smith,DB,TB,11,0,0,0,0,0,0,0
00-0039847,Theo Johnson,TE,NYG,11,0,0,0,0,4,3,36
00-0039850,Edgerrin Cooper,LB,GB,11,0,0,0,0,0,0,0
00-0039851,Drake Maye,QB,NE,11,34,281,4,2,0,0,0
00-0039852,Jared Verse,DE,LA,11,0,0,0,0,0,0,0
00-0039854,Darius Robinson,DL,ARI,11,0,0,0,0,0,0,0
00-0039858,Cedric Gray,LB,TEN,11,0,0,0,0,0,0,0
00-0039859,Brandon Dorlus,DE,ATL,11,0,0,0,0,0,0,0
00-0039867,Javon Bullard,SAF,GB,11,0,0,0,0,0,0,0
00-0039868,Troy Franklin,WR,DEN,11,0,0,0,0,8,4,84
00-0039872,Cole Bishop,SAF,BUF,11,0,0,0,0,0,0,0
00-0039874,Jaylen Wright,RB,MIA,11,0,0,1,4,0,0,0
00-0039875,Ray Davis,RB,BUF,11,0,0,0,0,0,0,0
00-0039879,Javon Solomon,LB,BUF,11,0,0,0,0,0,0,0
00-0039880,Malik Washington,WR,MIA,11,0,0,0,0,3,3,42
00-0039886,T'Vondre Sweat,DT,TEN,11,0,0,0,0,0,0,0
00-0039888,Quinyon Mitchell,CB,PHI,11,0,0,0,0,0,0,0
00-0039889,Maason Smith,DT,JAX,11,0,0,0,0,0,0,0
00-0039890,Adonai Mitchell,WR,NYJ,11,0,0,0,0,6,1,10
00-0039894,Xavier Worthy,WR,KC,11,0,0,0,0,5,3,25
00-0039895,Mike Hall Jr.,DT,CLE,11,0,0,0,0,0,0,0
00-0039898,Mike Sainristil,CB,WAS,11,0,0,0,0,0,0,0
00-0039902,Chris Braswell,LB,TB,11,0,0,0,0,0,0,0
00-0039905,Graham Barton,C,TB,11,0,0,0,0,0,0,0
00-0039906,Jer'Zhan Newton,DT,WAS,11,0,0,0,0,0,0,0
00-0039908,Kris Jenkins,DT,CIN,11,0,0,0,0,0,0,0
00-0039911,Chop Robinson,LB,MIA,11,0,0,0,0,0,0,0
00-0039913,Brandon Coleman,G,WAS,11,0,0,0,0,0,0,0
00-0039915,Ladd McConkey,WR,LAC,11,0,0,0,0,4,3,13
00-0039916,Ricky Pearsall,WR,SF,11,0,0,0,0,2,1,0
00-0039917,Michael Penix Jr.,QB,ATL,11,16,175,1,9,0,0,0
00-0039918,Caleb Williams,QB,CHI,11,32,193,4,26,0,0,0
00-0039919,Rome Odunze,WR,CHI,11,0,0,0,0,6,2,41
00-0039920,Malachi Corley,WR,CLE,11,0,0,0,0,2,2,9
00-0039923,J.J. McCarthy,QB,MIN,11,32,150,0,0,0,0,0
00-0039924,Dallas Turner,LB,MIN,11,0,0,0,0,0,0,0
00-0040007,Tyler Booker,G,DAL,11,0,0,0,0,0,0,0
00-0040008,Shavon Revel Jr.,CB,DAL,11,0,0,0,0,0,0,0
00-0040009,Savion Williams,WR,GB,11,0,0,0,0,1,1,33
00-0040010,Barryn Sorrell,DE,GB,11,0,0,0,0,0,0,0
00-0040011,Shemar James,LB,DAL,11,0,0,0,0,0,0,0
00-0040013,Smael Mondon Jr.,LB,PHI,11,0,0,0,0,0,0,0
00-0040016,Warren Brinson,DT,GB,11,0,0,0,0,0,0,0
00-0040020,Micah Robinson,CB,TEN,11,0,0,0,0,0,0,0
00-0040024,Darius Cooper,WR,PHI,11,0,0,0,0,0,0,0
00-0040039,Amar Johnson,RB,LAC,11,0,0,2,8,1,0,0
00-0040045,Alijah Clark,DB,DAL,11,0,0,0,0,0,0,0
00-0040058,Nick Kallerup,TE,SEA,11,0,0,0,0,0,0,0
00-0040069,Teddye Buchanan,LB,BAL,11,0,0,0,0,0,0,0
00-0040074,Tyler Loop,K,BAL,11,0,0,0,0,0,0,0
00-0040075,LaJohntay Wester,WR,BAL,11,0,0,0,0,0,0,0
00-0040078,Brashard Smith,RB,KC,11,0,0,0,0,3,2,8
00-0040089,Kevin Knowles,DB,KC,11,0,0,0,0,0,0,0
00-0040104,Keondre Jackson,SAF,BAL,11,0,0,0,0,0,0,0
00-0040108,Chandler Martin,LB,BAL,11,0,0,0,0,0,0,0
00-0040116,Josh Simmons,OT,KC,11,0,0,0,0,0,0,0
00-0040122,Ashton Jeanty,RB,LV,11,0,0,6,7,8,6,27
00-0040124,Tetairoa McMillan,WR,CAR,11,0,0,0,0,12,8,130
00-0040126,Colston Loveland,TE,CHI,11,0,0,0,0,4,3,40
00-0040127,Kenneth Grant,DT,MIA,11,0,0,0,0,0,0,0
00-0040129,Emeka Egbuka,WR,TB,11,0,0,0,0,9,5,40
00-0040130,Jayden Higgins,WR,HOU,11,0,0,0,0,7,4,55
00-0040131,Kyle Williams,WR,NE,11,0,0,0,0,3,0,0
00-0040134,Pat Bryant,WR,DEN,11,0,0,0,0,6,5,82
00-0040135,Nick Martin,LB,SF,11,0,0,0,0,0,0,0
00-0040136,Princely Umanmielen,LB,CAR,11,0,0,0,0,0,0,0
00-0040138,Jaylin Noel,WR,HOU,11,0,0,0,0,1,1,12
00-0040140,Dylan Fairchild,G,CIN,11,0,0,0,0,0,0,0
00-0040141,Kevin Winston Jr.,SAF,TEN,11,0,0,0,0,0,0,0
00-0040142,Kaleb Johnson,RB,PIT,11,0,0,5,15,0,0,0
00-0040143,Jacob Parrish,CB,TB,11,0,0,0,0,0,0,0
00-0040144,Jamaree Caldwell,DT,LAC,11,0,0,0,0,0,0,0
00-0040148,Xavier Watts,SAF,ATL,11,0,0,0,0,0,0,0
00-0040152,Upton Stout,CB,SF,11,0,0,0,0,0,0,0
00-0040154,Tai Felton,WR,MIN,11,0,0,0,0,0,0,0
00-0040156,Billy Bowman Jr.,CB,ATL,11,0,0,0,0,0,0,0
00-0040157,Barrett Carter,LB,CIN,11,0,0,0,0,0,0,0
00-0040160,Jack Sawyer,LB,PIT,11,0,0,0,0,0,0,0
00-0040162,Dylan Sampson,RB,CLE,11,0,0,1,19,1,0,0
00-0040164,Jaylin Lane,WR,WAS,11,0,0,0,0,1,1,13
00-0040165,Malachi Moore,SAF,NYJ,11,0,0,0,0,0,0,0
00-0040168,Que Robinson,LB,DEN,11,0,0,0,0,0,0,0
00-0040169,Tonka Hemingway,DT,LV,11,0,0,0,0,0,0,0
00-0040170,Elic Ayomanor,WR,TEN,11,0,0,0,0,6,2,11
00-0040173,Tyrion Ingram-Dawkins,DT,MIN,11,0,0,0,0,0,0,0
00-0040175,Jordan Phillips,DT,MIA,11,0,0,0,0,0,0,0
00-0040178,Jason Marshall Jr.,CB,MIA,11,0,0,0,0,0,0,0
00-0040185,Marques Sigle,SAF,SF,11,0,0,0,0,0,0,0
00-0040186,Francisco Mauigoa,LB,NYJ,11,0,0,0,0,0,0,0
00-0040187,Mitchell Evans,TE,CAR,11,0,0,0,0,2,2,28
00-0040188,Yahya Black,DE,PIT,11,0,0,0,0,0,0,0
00-0040189,Oronde Gadsden II,TE,LAC,11,0,0,0,0,5,2,41
00-0040195,Denzel Burke,CB,ARI,11,0,0,0,0,0,0,0
00-0040196,Tyler Baron,DE,NYJ,11,0,0,0,0,0,0,0
00-0040198,Ollie Gordon II,RB,MIA,11,0,0,9,45,0,0,0
00-0040200,Andy Borregales,K,NE,11,0,0,0,0,0,0,0
00-0040201,Marcus Harris,CB,TEN,11,0,0,0,0,0,0,0
00-0040208,Tahj Brooks,RB,CIN,11,0,0,1,5,0,0,0
00-0040214,Kobe King,LB,NYJ,11,0,0,0,0,0,0,0
00-0040216,Kain Medrano,LB,WAS,11,0,0,0,0,0,0,0
00-0040221,R.J. Mickens,SAF,LAC,11,0,0,0,0,0,0,0
00-0040223,Jeremy Crawshaw,P,DEN,11,0,0,0,0,0,0,0
00-0040230,Kitan Crawford,SAF,ARI,11,0,0,0,0,0,0,0
00-0040236,Kyle Monangai,RB,CHI,11,0,0,12,23,1,1,14
00-0040237,Tez Johnson,WR,TB,11,0,0,3,0,3,1,6
00-0040238,LeQuint Allen Jr.,RB,JAX,11,0,0,8,36,0,0,0
00-0040242,Jacory Croskey-Merritt,RB,WAS,11,0,0,9,28,1,1,5
00-0040243,Korie Black,CB,NYG,11,0,0,0,0,0,0,0
00-0040248,Zeek Biggers,DT,MIA,11,0,0,0,0,0,0,0
00-0040255,Adin Huntington,DE,CLE,11,0,0,0,0,0,0,0
00-0040259,Gage Larvadain,WR,CLE,11,0,0,0,0,1,0,0
00-0040263,Donovan McMillon,SAF,CLE,11,0,0,0,0,0,0,0
00-0040279,Ryan Fitzgerald,K,CAR,11,0,0,0,0,0,0,0
00-0040289,Bam Martin-Scott,LB,CAR,11,0,0,0,0,0,0,0
00-0040296,Corey Thornton,CB,CAR,11,0,0,0,0,0,0,0
00-0040317,Jacoby Jones,WR,WAS,11,0,0,0,0,1,1,25
00-0040326,Branson Combs,LB,JAX,11,0,0,0,0,0,0,0
00-0040329,BJ Green II,DE,JAX,11,0,0,0,0,0,0,0
00-0040342,Danny Striggow,DE,JAX,11,0,0,0,0,0,0,0
00-0040363,Keleki Latu,TE,BUF,11,0,0,0,0,1,1,4
00-0040371,Eric Gregory,DT,NE,11,0,0,0,0,0,0,0
00-0040396,Dean Clark,SAF,NYJ,11,0,0,0,0,0,0,0
00-0040416,John Bullock,LB,TB,11,0,0,0,0,0,0,0
00-0040431,Dalen Cambre,WR,NYG,11,0,0,0,0,0,0,0
00-0040460,Marlowe Wax,LB,LAC,11,0,0,0,0,0,0,0
00-0040471,Nikko Reed,DB,LAC,11,0,0,0,0,0,0,0
00-0040488,Carter Runyon,TE,LV,11,0,0,0,0,0,0,0
00-0040506,Myles Price,WR,MIN,11,0,0,0,0,0,0,0
00-0040534,Ke'Shawn Williams,WR,PIT,11,0,0,0,0,0,0,0
00-0040546,Cobee Bryant,CB,ATL,11,0,0,0,0,0,0,0
00-0040563,Efton Chism III,WR,NE,11,0,0,0,0,0,0,0
00-0040574,Elijah Ponder,LB,NE,11,0,0,0,0,0,0,0
00-0040577,Jalon Walker,LB,ATL,11,0,0,0,0,0,0,0
00-0040578,James Pearce Jr.,DE,ATL,11,0,0,0,0,0,0,0
00-0040579,Carson Schwesinger,LB,CLE,11,0,0,0,0,0,0,0
00-0040580,Josaiah Stewart,LB,LA,11,0,0,0,0,0,0,0
00-0040583,Woody Marks,RB,HOU,11,0,0,18,44,1,1,7
00-0040584,Gunnar Helm,TE,TEN,11,0,0,0,0,5,4,29
00-0040625,Nick Jackson,LB,TB,11,0,0,0,0,0,0,0
00-0040634,Jordan Turner,LB,DEN,11,0,0,0,0,0,0,0
00-0040636,Keyon Martin,CB,BAL,11,0,0,0,0,0,0,0
00-0040640,Ashton Gillotte,DE,KC,11,0,0,0,0,0,0,0
00-0040641,Darien Porter,CB,LV,11,0,0,0,0,0,0,0
00-0040644,Trevor Etienne,RB,CAR,11,0,0,1,2,0,0,0
00-0040645,Cody Simon,LB,ARI,11,0,0,0,0,0,0,0
00-0040661,Donovan Jackson,G,MIN,11,0,0,0,0,0,0,0
00-0040663,Harold Fannin Jr.,TE,CLE,11,0,0,0,0,5,2,26
00-0040667,Matthew Golden,WR,GB,11,0,0,0,0,3,1,24
00-0040668,Shedeur Sanders,QB,CLE,11,16,47,3,16,0,0,0
00-0040669,Isaac TeSlaa,WR,DET,11,0,0,0,0,1,0,0
00-0040670,Nohl Williams,CB,KC,11,0,0,0,0,0,0,0
00-0040672,Tyleik Williams,DT,DET,11,0,0,0,0,0,0,0
00-0040676,Cam Ward,QB,TEN,11,37,194,3,33,0,0,0
00-0040677,Abdul Carter,LB,NYG,11,0,0,0,0,0,0,0
00-0040678,Derrick Harmon,DT,PIT,11,0,0,0,0,0,0,0
00-0040685,Mason Graham,DT,CLE,11,0,0,0,0,0,0,0
00-0040688,Malaki Starks,SAF,BAL,11,0,0,0,0,0,0,0
00-0040694,Darius Alexander,DT,NYG,11,0,0,0,0,0,0,0
00-0040699,Will Campbell,OT,NE,11,0,0,0,0,0,0,0
00-0040704,Dillon Gabriel,QB,CLE,11,10,68,2,2,0,0,0
00-0040705,Chimere Dike,WR,TEN,11,0,0,0,0,3,2,14
00-0040706,Walter Nolen,DT,ARI,11,0,0,0,0,0,0,0
00-0040708,Jihaad Campbell,LB,PHI,11,0,0,0,0,0,0,0
00-0040710,Deone Walker,DT,BUF,11,0,0,0,0,0,0,0
00-0040711,CJ West,DT,SF,11,0,0,0,0,0,0,0
00-0040716,Craig Woodson,SAF,NE,11,0,0,0,0,0,0,0
00-0040719,Bhayshul Tuten,RB,JAX,11,0,0,15,74,0,0,0
00-0040720,Jahdae Barron,CB,DEN,11,0,0,0,0,0,0,0
00-0040722,Mike Green,LB,BAL,11,0,0,0,0,0,0,0
00-0040724,T.J. Sanders,DT,BUF,11,0,0,0,0,0,0,0
00-0040725,Donovan Ezeiruaku,LB,DAL,11,0,0,0,0,0,0,0
00-0040727,Tre Harris,WR,LAC,11,0,0,0,0,1,1,12
00-0040729,Jack Bech,WR,LV,11,0,0,0,0,1,1,19
00-0040730,RJ Harvey,RB,DEN,11,1,0,11,30,3,3,20
00-0040733,Nick Emmanwori,SAF,SEA,11,0,0,0,0,0,0,0
00-0040734,TreVeyon Henderson,RB,NE,11,0,0,19,62,5,5,31
00-0040735,Luther Burden III,WR,CHI,11,0,0,0,0,5,3,27
00-0040736,Mason Taylor,TE,NYJ,11,0,0,0,0,4,4,30
00-0040738,Demetrius Knight Jr.,LB,CIN,11,0,0,0,0,0,0,0
00-0040739,Elijah Arroyo,TE,SEA,11,0,0,0,0,2,0,0
00-0040746,Nic Scourton,LB,CAR,11,0,0,0,0,0,0,0
00-0040747,Benjamin Morrison,CB,TB,11,0,0,0,0,0,0,0
00-0040749,Andrew Mukuba,SAF,PHI,11,0,0,0,0,0,0,0
00-0040782,Isaiah Bond,WR,CLE,11,0,0,1,8,1,0,0
00-0040784,Quinshon Judkins,RB,CLE,11,0,0,17,59,2,0,0
,,,NYJ,11,0,0,0,0,0,0,0
00-0023853,Matt Prater,K,BUF,12,0,0,0,0,0,0,0
00-0025565,Nick Folk,K,NYJ,12,0,0,0,0,0,0,0
00-0026158,Joe Flacco,QB,CIN,12,37,183,1,3,0,0,0
00-0026190,Calais Campbell,DE,ARI,12,0,0,0,0,0,0,0
00-0026498,Matthew Stafford,QB,LA,12,35,273,0,0,0,0,0
00-0027114,Thomas Morstead,P,SF,12,0,0,0,0,0,0,0
00-0027962,Cameron Jordan,LB,NO,12,0,0,0,0,0,0,0
00-0027969,Cameron Heyward,DE,PIT,12,0,0,0,0,0,0,0
00-0028118,Tyrod Taylor,QB,NYJ,12,28,222,5,19,0,0,0
00-0028872,Johnny Hekker,P,TEN,12,0,0,0,0,0,0,0
00-0029316,Kelvin Beachum,OT,ARI,12,0,0,0,0,0,0,0
00-0029562,Lavonte David,OLB,TB,12,0,0,0,0,0,0,0
00-0029604,Kirk Cousins,QB,ATL,12,23,199,2,5,0,0,0
00-0029606,Harrison Smith,FS,MIN,12,0,0,0,0,0,0,0
00-0029607,Demario Davis,OLB,NO,12,0,0,0,0,0,0,0
00-0029692,Bryan Anger,P,DAL,12,0,0,0,0,0,0,0
00-0029822,Brandon McManus,K,GB,12,0,0,0,0,0,0,0
00-0029892,Kyle Juszczyk,FB,SF,12,0,0,0,0,0,0,0
00-0030035,Adam Thielen,WR,MIN,12,0,0,0,0,1,0,0
00-0030062,Darius Slay,CB,PIT,12,0,0,0,0,0,0,0
00-0030070,John Jenkins,DT,BAL,12,0,0,0,0,0,0,0
00-0030092,Sam Martin,P,CAR,12,0,0,0,0,0,0,0
00-0030114,Jordan Poyer,FS,BUF,12,0,0,0,0,0,0,0
00-0030506,Travis Kelce,TE,KC,12,0,0,1,1,6,4,43
00-0030564,DeAndre Hopkins,WR,BAL,12,0,0,0,0,3,2,13
00-0030565,Geno Smith,QB,LV,12,44,285,3,8,0,0,0
00-0030757,Mike Pennel,DT,KC,12,0,0,0,0,0,0,0
00-0031054,DaQuan Jones,DT,BUF,12,0,0,0,0,0,0,0
00-0031136,Chris Boswell,K,PIT,12,0,0,0,0,0,0,0
00-0031203,Cairo Santos,K,CHI,12,0,0,0,0,0,0,0
00-0031237,Teddy Bridgewater,QB,TB,12,15,62,1,6,0,0,0
00-0031270,Shelby Harris,DE,CLE,12,0,0,0,0,0,0,0
00-0031357,C.J. Goodwin,CB,DAL,12,0,0,0,0,0,0,0
00-0031360,Kyle Van Noy,MLB,BAL,12,0,0,0,0,0,0,0
00-0031364,Jadeveon Clowney,DE,DAL,12,0,0,0,0,0,0,0
00-0031381,Davante Adams,WR,LA,12,0,0,0,0,8,5,62
00-0031411,DeMarcus Lawrence,LB,SEA,12,0,0,0,0,0,0,0
00-0031492,Jason Myers,K,SEA,12,0,0,0,0,0,0,0
00-0031503,Jameis Winston,QB,NYG,12,36,366,4,13,1,1,33
00-0031550,Shaq Thompson,OLB,BUF,12,0,0,0,0,0,0,0
00-0031565,Danielle Hunter,DE,HOU,12,0,0,0,0,0,0,0
00-0031583,Grady Jarrett,DT,CHI,12,0,0,0,0,0,0,0
00-0031588,Stefon Diggs,WR,NE,12,0,0,0,0,3,2,20
00-0031687,Raheem Mostert,RB,LV,12,0,0,1,2,3,3,18
00-0031933,Leonard Williams,DE,SEA,12,0,0,0,0,0,0,0
00-0031957,Rakeem Nunez-Roches,DT,NYG,12,0,0,0,0,0,0,0
00-0032052,Dante Fowler Jr.,DE,DAL,12,0,0,0,0,0,0,0
00-0032065,Bradley Pinion,P,ATL,12,0,0,0,0,0,0,0
00-0032071,Trent Brown,OT,HOU,12,0,0,0,0,0,0,0
00-0032104,Ameer Abdullah,RB,IND,12,0,0,0,0,1,0,0
00-0032164,Arik Armstead,DE,JAX,12,0,0,0,0,0,0,0
00-0032211,Tyler Lockett,WR,LV,12,0,0,0,0,5,4,62
00-0032265,Mario Edwards,DE,HOU,12,0,0,0,0,0,0,0
00-0032381,Taylor Decker,OT,DET,12,0,0,0,0,0,0,0
00-0032385,Sterling Shepard,WR,TB,12,0,0,0,0,5,3,12
00-0032392,Austin Hooper,TE,NE,12,0,0,0,0,4,3,39
00-0032395,Graham Glasgow,C,DET,12,0,0,0,0,0,0,0
00-0032424,DJ Reader,DT,DET,12,0,0,0,0,0,0,0
00-0032442,Elandon Roberts,OLB,LV,12,0,0,0,0,0,0,0
00-0032464,Kalif Raymond,WR,DET,12,0,0,0,0,2,2,37
00-0032726,Ka'imi Fairbairn,K,HOU,12,0,0,0,0,0,0,0
00-0032759,Sheldon Rankins,DT,HOU,12,0,0,0,0,0,0,0
00-0032762,Chris Jones,DE,KC,12,0,0,0,0,0,0,0
00-0032763,Austin Johnson,NT,JAX,12,0,0,0,0,0,0,0
00-0032764,Derrick Henry,RB,BAL,12,0,0,21,64,2,2,24
00-0032775,Demarcus Robinson,WR,SF,12,0,0,0,0,1,1,8
00-0032889,A'Shawn Robinson,DT,CAR,12,0,0,0,0,0,0,0
00-0032943,Riley Dixon,P,TB,12,0,0,0,0,0,0,0
00-0032951,Laquon Treadwell,WR,IND,12,0,0,0,0,0,0,0
00-0033046,Jihad Ward,LB,TEN,12,0,0,0,0,0,0,0
00-0033051,David Onyemata,DT,ATL,12,0,0,0,0,0,0,0
00-0033055,Jalen Ramsey,CB,PIT,12,0,0,0,0,0,0,0
00-0033057,Jack Conklin,OT,CLE,12,0,0,0,0,0,0,0
00-0033072,Leonard Floyd,DE,ATL,12,0,0,0,0,0,0,0
00-0033073,Emmanuel Ogbah,DE,JAX,12,0,0,0,0,0,0,0
00-0033077,Dak Prescott,QB,DAL,12,36,354,5,9,0,0,0
00-0033090,Hunter Henry,TE,NE,12,0,0,0,0,10,7,115
00-0033093,Jonathan Bullard,DE,NO,12,0,0,0,0,0,0,0
00-0033106,Jared Goff,QB,DET,12,42,279,0,0,0,0,0
00-0033109,Javon Hargrave,NT,MIN,12,0,0,0,0,0,0,0
00-0033119,Jacoby Brissett,QB,ARI,12,49,317,3,20,0,0,0
00-0033120,Kenny Clark,NT,DAL,12,0,0,0,0,0,0,0
00-0033131,Maliek Collins,DT,CLE,12,0,0,0,0,0,0,0
00-0033132,Kevin Byard,FS,CHI,12,0,0,0,0,0,0,0
00-0033156,Joey Bosa,DE,BUF,12,0,0,0,0,0,0,0
00-0033217,Mo Alie-Cox,TE,IND,12,0,0,0,0,1,1,9
00-0033246,Johnny Mundt,TE,JAX,12,0,0,0,0,2,1,12
00-0033269,Rigoberto Sanchez,P,IND,12,0,0,0,0,0,0,0
00-0033280,Christian McCaffrey,RB,SF,12,0,0,24,89,7,7,53
00-0033281,Marlon Humphrey,CB,BAL,12,0,0,0,0,0,0,0
00-0033288,George Kittle,TE,SF,12,0,0,0,0,10,6,78
00-0033290,Jermaine Eluemunor,G,NYG,12,0,0,0,0,0,0,0
00-0033293,Aaron Jones,RB,MIN,12,0,0,9,41,4,3,16
00-0033303,Harrison Butker,K,KC,12,0,0,0,0,0,0,0
00-0033336,Eric Wilson,LB,MIN,12,0,0,0,0,0,0,0
00-0033357,Taysom Hill,TE,NO,12,2,0,10,17,0,0,0
00-0033375,Tim Patrick,WR,JAX,12,0,0,0,0,4,0,0
00-0033381,Adam Butler,DT,LV,12,0,0,0,0,0,0,0
00-0033393,Kenny Moore II,CB,IND,12,0,0,0,0,0,0,0
00-0033400,Matt Haack,P,ARI,12,0,0,0,0,0,0,0
00-0033439,Pharaoh Brown,TE,ARI,12,0,0,0,0,0,0,0
00-0033523,Jonathan Allen,DE,MIN,12,0,0,0,0,0,0,0
00-0033546,Dalvin Tomlinson,DE,ARI,12,0,0,0,0,0,0,0
00-0033548,Chidobe Awuzie,CB,BAL,12,0,0,0,0,0,0,0
00-0033555,Mack Hollins,WR,NE,12,0,0,0,0,6,2,30
00-0033571,Matt Milano,OLB,BUF,12,0,0,0,0,0,0,0
00-0033572,Jamal Agnew,WR,ATL,12,0,0,0,0,0,0,0
00-0033676,Elijah Wilkinson,OT,ATL,12,0,0,0,0,0,0,0
00-0033697,Michael Davis,CB,NO,12,0,0,0,0,0,0,0
00-0033702,Younghoe Koo,K,NYG,12,0,0,0,0,0,0,0
00-0033787,Jake Elliott,K,PHI,12,0,0,0,0,0,0,0
00-0033854,Dare Ogunbowale,RB,HOU,12,0,0,0,0,0,0,0
00-0033857,JuJu Smith-Schuster,WR,KC,12,0,0,0,0,2,1,8
00-0033858,Jonnu Smith,TE,PIT,12,0,0,2,7,3,3,21
00-0033860,Davon Godchaux,DT,NO,12,0,0,0,0,0,0,0
00-0033862,Zane Gonzalez,K,ATL,12,0,0,0,0,0,0,0
00-0033868,Myles Garrett,DE,CLE,12,0,0,0,0,0,0,0
00-0033870,Solomon Thomas,DE,DAL,12,0,0,0,0,0,0,0
00-0033872,Jamal Adams,LB,LV,12,0,0,0,0,0,0,0
00-0033873,Patrick Mahomes,QB,KC,12,46,352,4,30,0,0,0
00-0033876,Derek Barnett,DE,HOU,12,0,0,0,0,0,0,0
00-0033877,Malik Hooker,FS,DAL,12,0,0,0,0,0,0,0
00-0033878,Adoree' Jackson,CB,PHI,12,0,0,0,0,0,0,0
00-0033884,Tre'Davious White,CB,BUF,12,0,0,0,0,0,0,0
00-0033886,T.J. Watt,OLB,PIT,12,0,0,0,0,0,0,0
00-0033889,Cam Robinson,OT,CLE,12,0,0,0,0,0,0,0
00-0033890,Budda Baker,S,ARI,12,0,0,0,0,0,0,0
00-0033904,Dion Dawkins,OT,BUF,12,0,0,0,0,0,0,0
00-0033905,Larry Ogunjobi,DT,BUF,12,0,0,0,0,0,0,0
00-0033906,Alvin Kamara,RB,NO,12,0,0,3,11,2,2,4
00-0033907,Dawuane Smoot,DE,JAX,12,0,0,0,0,0,0,0
00-0033908,Cooper Kupp,WR,SEA,12,0,0,0,0,4,2,24
00-0033914,Alex Anzalone,MLB,DET,12,0,0,0,0,0,0,0
00-0033918,Fabian Moreau,CB,MIN,12,0,0,0,0,0,0,0
00-0033921,Chris Godwin Jr.,WR,TB,12,0,0,0,0,4,2,9
00-0033923,Kareem Hunt,RB,KC,12,0,0,30,104,3,3,26
00-0033941,Rayshawn Jenkins,DB,CLE,12,0,0,0,0,0,0,0
00-0033945,Samson Ebukam,DE,IND,12,0,0,0,0,0,0,0
00-0033952,Grover Stewart,DT,IND,12,0,0,0,0,0,0,0
00-0033964,Al-Quadin Muhammad,LB,DET,12,0,0,0,0,0,0,0
00-0034073,Ross Dwelley,TE,DET,12,0,0,0,0,0,0,0
00-0034084,Mike Badgley,K,IND,12,0,0,0,0,0,0,0
00-0034114,Coleman Shelton,C,LA,12,0,0,0,0,0,0,0
00-0034145,Chris Lammons,DB,IND,12,0,0,0,0,0,0,0
00-0034160,Michael Dickson,P,SEA,12,0,0,0,0,0,0,0
00-0034161,Daniel Carlson,K,LV,12,0,0,0,0,0,0,0
00-0034198,Trent Sieg,LS,DAL,12,0,0,0,0,0,0,0
00-0034203,Darious Williams,CB,LA,12,0,0,0,0,0,0,0
00-0034234,Poona Ford,DT,LA,12,0,0,0,0,0,0,0
00-0034278,Tremon Smith,CB,HOU,12,0,0,0,0,0,0,0
00-0034320,Kentavius Street,DE,ATL,12,0,0,0,0,0,0,0
00-0034350,Uchenna Nwosu,LB,SEA,12,0,0,0,0,0,0,0
00-0034351,Dallas Goedert,TE,PHI,12,0,0,0,0,2,2,20
00-0034357,Isaiah Oliver,FS,NYJ,12,0,0,0,0,0,0,0
00-0034359,Tyquan Lewis,DE,IND,12,0,0,0,0,0,0,0
00-0034361,Justin Reid,S,NO,12,0,0,0,0,0,0,0
00-0034365,Ian Thomas,TE,LV,12,0,0,0,0,4,4,36
00-0034376,Taron Johnson,CB,BUF,12,0,0,0,0,0,0,0
00-0034381,Josh Sweat,LB,ARI,12,0,0,0,0,0,0,0
00-0034383,Dalton Schultz,TE,HOU,12,0,0,0,0,4,1,8
00-0034384,D.J. Reed,CB,DET,12,0,0,0,0,0,0,0
00-0034391,Siran Neal,DB,SF,12,0,0,0,0,0,0,0
00-0034397,Tim Settle,DT,HOU,12,0,0,0,0,0,0,0
00-0034413,Foye Oluokun,LB,JAX,12,0,0,0,0,0,0,0
00-0034431,Zaire Franklin,OLB,IND,12,0,0,0,0,0,0,0
00-0034437,Logan Cooke,P,JAX,12,0,0,0,0,0,0,0
00-0034446,Jalen Davis,CB,CIN,12,0,0,0,0,0,0,0
00-0034473,Dennis Gardeck,LB,JAX,12,0,0,0,0,0,0,0
00-0034485,Jonathan Owens,SAF,CHI,12,0,0,0,0,0,0,0
00-0034488,Tavierre Thomas,SAF,MIN,12,0,0,0,0,0,0,0
00-0034521,Allen Lazard,WR,NYJ,12,0,0,0,0,3,1,9
00-0034573,Charvarius Ward,CB,IND,12,0,0,0,0,0,0,0
00-0034613,Tanner Hudson,TE,CIN,12,0,0,0,0,1,1,9
00-0034639,Mike Ford,DB,ATL,12,0,0,0,0,0,0,0
00-0034657,Matt Dickerson,DE,JAX,12,0,0,0,0,0,0,0
00-0034675,Jessie Bates,FS,ATL,12,0,0,0,0,0,0,0
00-0034720,Robert Spillane,LB,NE,12,0,0,0,0,0,0,0
00-0034721,Corey Bojorquez,P,CLE,12,0,0,0,0,0,0,0
00-0034753,Mark Andrews,TE,BAL,12,0,0,2,2,3,1,9
00-0034754,Oren Burks,ILB,CIN,12,0,0,0,0,0,0,0
00-0034760,Nathan Shepherd,DE,NO,12,0,0,0,0,0,0,0
00-0034771,Mason Rudolph,QB,PIT,12,31,171,3,7,0,0,0
00-0034775,Christian Kirk,WR,HOU,12,0,0,0,0,6,5,54
00-0034778,Carlton Davis III,CB,NE,12,0,0,0,0,0,0,0
00-0034779,Ronnie Harrison,LB,ATL,12,0,0,0,0,0,0,0
00-0034780,Isaac Yiadom,CB,NO,12,0,0,0,0,0,0,0
00-0034782,Harrison Phillips,DT,NYJ,12,0,0,0,0,0,0,0
00-0034791,Nick Chubb,RB,HOU,12,0,0,6,16,1,1,-1
00-0034796,Lamar Jackson,QB,BAL,12,23,153,7,11,0,0,0
00-0034797,Jerome Baker,OLB,CLE,12,0,0,0,0,0,0,0
00-0034798,Durham Smythe,TE,CHI,12,0,0,0,0,1,1,4
00-0034800,B.J. Hill,DE,CIN,12,0,0,0,0,0,0,0
00-0034810,Sebastian Joseph-Day,DT,TEN,12,0,0,0,0,0,0,0
00-0034818,Derrick Nnadi,NT,KC,12,0,0,0,0,0,0,0
00-0034825,Arden Key,DE,TEN,12,0,0,0,0,0,0,0
00-0034827,DJ Moore,WR,CHI,12,0,0,0,0,7,5,64
00-0034828,Harold Landry III,LB,NE,12,0,0,0,0,0,0,0
00-0034829,Mike Gesicki,TE,CIN,12,0,0,0,0,6,4,35
00-0034836,Braden Smith,OT,IND,12,0,0,0,0,0,0,0
00-0034842,Taven Bryan,DT,BAL,12,0,0,0,0,0,0,0
00-0034843,Mike Hughes,CB,ATL,12,0,0,0,0,0,0,0
00-0034844,Saquon Barkley,RB,PHI,12,0,0,10,22,8,7,52
00-0034855,Baker Mayfield,QB,TB,12,19,41,4,19,0,0,0
00-0034856,Denzel Ward,CB,CLE,12,0,0,0,0,0,0,0
00-0034857,Josh Allen,QB,BUF,12,34,253,5,20,0,0,0
00-0034860,Dante Pettis,WR,NO,12,0,0,0,0,1,1,14
00-0034869,Sam Darnold,QB,SEA,12,26,244,1,-1,0,0,0
00-0034874,Roquan Smith,ILB,BAL,12,0,0,0,0,0,0,0
00-0034941,Mitch Wishnowsky,P,BUF,12,0,0,0,0,0,0,0
00-0034951,Fred Johnson,OT,PHI,12,0,0,0,0,0,0,0
00-0034959,Andrew Beck,FB,NYJ,12,0,0,0,0,1,1,10
00-0034960,Jakobi Meyers,WR,JAX,12,0,0,0,0,6,4,50
00-0034966,D'Angelo Ross,CB,CLE,12,0,0,0,0,0,0,0
00-0034967,Rashan Gary,LB,GB,12,0,0,0,0,0,0,0
00-0034973,Maxx Crosby,DE,LV,12,0,0,0,0,0,0,0
00-0034975,Justice Hill,RB,BAL,12,0,0,0,0,0,0,0
00-0034981,Foster Moreau,TE,NO,12,0,0,0,0,1,0,0
00-0034987,E.J. Speed,LB,HOU,12,0,0,0,0,0,0,0
00-0034994,Olisaemeka Udoh,OT,TEN,12,0,0,0,0,0,0,0
00-0035020,Demetrius Flannigan-Fowles,LB,NYG,12,0,0,0,0,0,0,0
00-0035021,Ashton Dulin,WR,IND,12,0,0,0,0,1,1,48
00-0035042,Jamie Gillan,P,NYG,12,0,0,0,0,0,0,0
00-0035100,Jake Browning,QB,CIN,12,1,14,0,0,0,0,0
00-0035133,Keisean Nixon,DB,GB,12,0,0,0,0,0,0,0
00-0035156,Jack Fox,P,DET,12,0,0,0,0,0,0,0
00-0035166,Azeez Al-Shaair,LB,HOU,12,0,0,0,0,0,0,0
00-0035190,AJ Cole,P,LV,12,0,0,0,0,0,0,0
00-0035192,Joey Slye,K,TEN,12,0,0,0,0,0,0,0
00-0035208,Olamide Zaccheaus,WR,CHI,12,0,0,0,0,1,1,6
00-0035229,T.J. Hockenson,TE,MIN,12,0,0,1,0,4,4,19
00-0035236,Byron Murphy,CB,MIN,12,0,0,0,0,0,0,0
00-0035237,Jawaan Taylor,OT,KC,12,0,0,0,0,0,0,0
00-0035244,Lonnie Johnson,SAF,LV,12,0,0,0,0,0,0,0
00-0035249,Josh Oliver,TE,MIN,12,0,0,0,0,1,1,4
00-0035250,Devin Singletary,RB,NYG,12,0,0,14,47,0,0,0
00-0035253,C.J. Gardner-Johnson,SAF,CHI,12,0,0,0,0,0,0,0
00-0035254,Anthony Nelson,LB,TB,12,0,0,0,0,0,0,0
00-0035261,Tony Pollard,RB,TEN,12,0,0,11,20,5,4,21
00-0035262,Drue Tranquill,LB,KC,12,0,0,0,0,0,0,0
00-0035269,Matt Gay,K,SF,12,0,0,0,0,0,0,0
00-0035270,Amani Oruwariye,CB,BAL,12,0,0,0,0,0,0,0
00-0035272,Andrew Van Ginkel,OLB,MIN,12,0,0,0,0,0,0,0
00-0035276,Blake Cashman,LB,MIN,12,0,0,0,0,0,0,0
00-0035277,Mike Jackson,CB,CAR,12,0,0,0,0,0,0,0
00-0035286,Cole Holcomb,LB,PIT,12,0,0,0,0,0,0,0
00-0035301,Donovan Wilson,SAF,DAL,12,0,0,0,0,0,0,0
00-0035316,Kaden Elliss,LB,ATL,12,0,0,0,0,0,0,0
00-0035357,Cam Lewis,CB,BUF,12,0,0,0,0,0,0,0
00-0035358,Chase McLaughlin,K,TB,12,0,0,0,0,0,0,0
00-0035359,David Sills,WR,ATL,12,0,0,0,0,3,2,16
00-0035363,Joe Giles-Harris,LB,CIN,12,0,0,0,0,0,0,0
00-0035378,Andrew Wingard,SAF,JAX,12,0,0,0,0,0,0,0
00-0035402,Carl Granderson,DE,NO,12,0,0,0,0,0,0,0
00-0035500,Greg Dortch,WR,ARI,12,0,0,2,-5,9,6,53
00-0035525,Devin Bush,LB,CLE,12,0,0,0,0,0,0,0
00-0035535,Darius Slayton,WR,NYG,12,0,0,0,0,2,1,23
00-0035537,Ty Johnson,RB,BUF,12,0,0,2,7,3,3,45
00-0035602,Alex Bachman,WR,LV,12,0,0,0,0,0,0,0
00-0035617,Troy Reeder,LB,LA,12,0,0,0,0,0,0,0
00-0035631,Drew Sample,TE,CIN,12,0,0,0,0,1,1,0
00-0035632,Amani Hooker,SAF,TEN,12,0,0,0,0,0,0,0
00-0035637,Rock Ya-Sin,CB,DET,12,0,0,0,0,0,0,0
00-0035640,DK Metcalf,WR,PIT,12,0,0,2,12,8,5,22
00-0035642,Josh Hines-Allen,DE,JAX,12,0,0,0,0,0,0,0
00-0035643,Jeffery Simmons,DT,TEN,12,0,0,0,0,0,0,0
00-0035644,Noah Fant,TE,CIN,12,0,0,0,0,1,1,9
00-0035645,Gunner Olszewski,WR,NYG,12,1,33,0,0,0,0,0
00-0035647,Montez Sweat,DE,CHI,12,0,0,0,0,0,0,0
00-0035662,Marquise Brown,WR,KC,12,0,0,0,0,1,1,10
00-0035667,Greg Gaines,DT,TB,12,0,0,0,0,0,0,0
00-0035669,Nick Scott,SAF,CAR,12,0,0,0,0,0,0,0
00-0035672,Cody Barton,LB,TEN,12,0,0,0,0,0,0,0
00-0035676,A.J. Brown,WR,PHI,12,0,0,0,0,10,8,110
00-0035678,Dre'Mont Jones,LB,BAL,12,0,0,0,0,0,0,0
00-0035680,Quincy Williams,LB,NYJ,12,0,0,0,0,0,0,0
00-0035683,Dexter Lawrence,DT,NYG,12,0,0,0,0,0,0,0
00-0035685,David Montgomery,RB,DET,12,0,0,5,18,3,3,19
00-0035687,Bobby Okereke,ILB,NYG,12,0,0,0,0,0,0,0
00-0035689,Dawson Knox,TE,BUF,12,0,0,0,0,4,3,17
00-0035692,Clelin Ferrell,DE,SF,12,0,0,0,0,0,0,0
00-0035697,Germaine Pratt,LB,IND,12,0,0,0,0,0,0,0
00-0035705,Jalen Thompson,DB,ARI,12,0,0,0,0,0,0,0
00-0035707,Devin White,LB,LV,12,0,0,0,0,0,0,0
00-0035710,Daniel Jones,QB,IND,12,31,181,3,16,0,0,0
00-0035713,Brian Burns,LB,NYG,12,0,0,0,0,0,0,0
00-0035718,Quinnen Williams,DT,DAL,12,0,0,0,0,0,0,0
00-0035757,Jacob Bobenmoyer,LS,LV,12,0,0,0,0,0,0,0
00-0035795,James Pierre,CB,PIT,12,0,0,0,0,0,0,0
00-0035821,Corliss Waitman,P,PIT,12,0,0,0,0,0,0,0
00-0035889,Tommy Townsend,P,HOU,12,0,0,0,0,0,0,0
00-0035890,Tershawn Wharton,DE,CAR,12,0,0,0,0,0,0,0
00-0035891,Cody White,WR,SEA,12,0,0,0,0,0,0,0
00-0035895,Joe Bachie,LB,TEN,12,0,0,0,0,0,0,0
00-0035944,Jonah Williams,DE,NO,12,0,0,0,0,0,0,0
00-0035961,Krys Barnes,LB,CAR,12,0,0,0,0,0,0,0
00-0036037,Sam Franklin Jr.,SAF,BUF,12,0,0,0,0,0,0,0
00-0036040,Juwan Johnson,TE,NO,12,0,0,0,0,7,6,46
00-0036087,Myles Bryant,CB,HOU,12,0,0,0,0,0,0,0
00-0036133,James Proche,WR,TEN,12,0,0,0,0,3,3,42
00-0036139,Rico Dowdle,RB,CAR,12,0,0,6,38,4,4,36
00-0036151,Bryce Huff,DE,SF,12,0,0,0,0,0,0,0
00-0036159,Joshua Uche,LB,PHI,12,0,0,0,0,0,0,0
00-0036165,Isaiah Hodgins,WR,NYG,12,0,0,0,0,6,2,42
00-0036176,Mason Kinsey,WR,TEN,12,0,0,0,0,0,0,0
00-0036187,Reggie Gilliam,RB,BUF,12,0,0,0,0,1,1,2
00-0036192,A.J. Epenesa,LB,BUF,12,0,0,0,0,0,0,0
00-0036193,Anfernee Jennings,LB,NE,12,0,0,0,0,0,0,0
00-0036196,Gabe Davis,WR,BUF,12,0,0,0,0,2,1,22
00-0036199,Geno Stone,SAF,CIN,12,0,0,0,0,0,0,0
00-0036204,LaCale London,DE,ATL,12,0,0,0,0,0,0,0
00-0036220,Derrick Brown,DT,CAR,12,0,0,0,0,0,0,0
00-0036222,Isaiah Rodgers,CB,MIN,12,0,0,0,0,0,0,0
00-0036223,Jonathan Taylor,RB,IND,12,0,0,16,58,3,2,8
00-0036231,Kyle Dugger,SAF,PIT,12,0,0,0,0,0,0,0
00-0036244,Colby Parkinson,TE,LA,12,0,0,0,0,4,4,41
00-0036252,Michael Pittman,WR,IND,12,0,0,0,0,8,5,27
00-0036256,Colton McKivitz,OT,SF,12,0,0,0,0,0,0,0
00-0036259,Jauan Jennings,WR,SF,12,0,0,0,0,7,5,41
00-0036262,DaVon Hamilton,DT,JAX,12,0,0,0,0,0,0,0
00-0036264,Jordan Love,QB,GB,12,21,139,3,15,0,0,0
00-0036266,Jordan Elliott,DT,SF,12,0,0,0,0,0,0,0
00-0036275,D'Andre Swift,RB,CHI,12,0,0,8,15,1,1,14
00-0036280,Malik Harrison,LB,PIT,12,0,0,0,0,0,0,0
00-0036282,Grant Delpit,SAF,CLE,12,0,0,0,0,0,0,0
00-0036285,A.J. Terrell,CB,ATL,12,0,0,0,0,0,0,0
00-0036286,K'Lavon Chaisson,LB,NE,12,0,0,0,0,0,0,0
00-0036290,Cole Kmet,TE,CHI,12,0,0,0,0,1,1,3
00-0036293,Jeremy Chinn,SAF,LV,12,0,0,0,0,0,0,0
00-0036294,Logan Wilson,LB,DAL,12,0,0,0,0,0,0,0
00-0036298,Akeem Davis-Gaither,LB,ARI,12,0,0,0,0,0,0,0
00-0036300,Mykal Walker,LB,NYJ,12,0,0,0,0,0,0,0
00-0036302,Jaylinn Hawkins,SAF,NE,12,0,0,0,0,0,0,0
00-0036305,Trevis Gipson,LB,CAR,12,0,0,0,0,0,0,0
00-0036307,Kindle Vildor,CB,TB,12,0,0,0,0,0,0,0
00-0036309,Darnell Mooney,WR,ATL,12,0,0,0,0,3,3,74
00-0036313,Braden Mann,P,PHI,12,0,0,0,0,0,0,0
00-0036321,Chase Young,DE,NO,12,0,0,0,0,0,0,0
00-0036322,Justin Jefferson,WR,MIN,12,0,0,0,0,6,4,48
00-0036323,Patrick Queen,LB,PIT,12,0,0,0,0,0,0,0
00-0036331,Devin Duvernay,WR,CHI,12,0,0,0,0,0,0,0
00-0036332,Josiah Deguara,TE,ARI,12,0,0,0,0,1,1,6
00-0036335,D.J. Wonnum,LB,CAR,12,0,0,0,0,0,0,0
00-0036348,Josh Metellus,SAF,MIN,12,0,0,0,0,0,0,0
00-0036349,Kam Curl,SAF,LA,12,0,0,0,0,0,0,0
00-0036358,CeeDee Lamb,WR,DAL,12,0,0,0,0,11,4,75
00-0036360,Clyde Edwards-Helaire,RB,KC,12,0,0,5,8,2,2,9
00-0036366,Neville Gallimore,DT,IND,12,0,0,0,0,0,0,0
00-0036369,John Simpson,G,NYJ,12,0,0,0,0,0,0,0
00-0036375,Amik Robertson,CB,DET,12,0,0,0,0,0,0,0
00-0036380,Alohi Gilman,SAF,BAL,12,0,0,0,0,0,0,0
00-0036386,Andrew Thomas,OT,NYG,12,0,0,0,0,0,0,0
00-0036388,Xavier McKinney,SAF,GB,12,0,0,0,0,0,0,0
00-0036389,Jalen Hurts,QB,PHI,12,39,289,7,33,0,0,0
00-0036394,Darnay Holmes,CB,LV,12,0,0,0,0,0,0,0
00-0036407,Jerry Jeudy,WR,CLE,12,0,0,0,0,3,1,39
00-0036408,Cesar Ruiz,C,NO,12,0,0,0,0,0,0,0
00-0036410,Tee Higgins,WR,CIN,12,0,0,0,0,6,5,31
00-0036411,Antoine Winfield Jr.,SAF,TB,12,0,0,0,0,0,0,0
00-0036415,Van Jefferson,WR,TEN,12,0,0,0,0,1,1,11
00-0036416,Kristian Fulton,CB,KC,12,0,0,0,0,0,0,0
00-0036418,Zack Baun,LB,PHI,12,0,0,0,0,0,0,0
00-0036421,Terrell Burgess,SAF,NO,12,0,0,0,0,0,0,0
00-0036429,Charlie Woerner,TE,ATL,12,0,0,0,0,3,3,24
00-0036441,"Kenneth Murray, Jr.",LB,DAL,12,0,0,0,0,0,0,0
00-0036479,Kwity Paye,DE,IND,12,0,0,0,0,0,0,0
00-0036500,Jamien Sherwood,LB,NYJ,12,0,0,0,0,0,0,0
00-0036501,Michael Carter II,CB,PHI,12,0,0,0,0,0,0,0
00-0036502,Jason Pinnock,SAF,SF,12,0,0,0,0,0,0,0
00-0036504,Brandin Echols,CB,PIT,12,0,0,0,0,0,0,0
00-0036554,Nico Collins,WR,HOU,12,0,0,0,0,3,3,55
00-0036555,Chuba Hubbard,RB,CAR,12,0,0,3,16,4,4,27
00-0036563,Deommodore Lenoir,CB,SF,12,0,0,0,0,0,0,0
00-0036568,Roy Lopez,DT,DET,12,0,0,0,0,0,0,0
00-0036569,Gary Brightwell,RB,CIN,12,0,0,0,0,0,0,0
00-0036589,Nick McCloud,CB,CHI,12,0,0,0,0,0,0,0
00-0036590,Quintin Morris,TE,JAX,12,0,0,0,0,0,0,0
00-0036616,Christian Darrisaw,OT,MIN,12,0,0,0,0,0,0,0
00-0036621,Nick Bolton,LB,KC,12,0,0,0,0,0,0,0
00-0036624,Alim McNeill,DT,DET,12,0,0,0,0,0,0,0
00-0036629,Camryn Bynum,SAF,IND,12,0,0,0,0,0,0,0
00-0036630,Tylan Wallace,WR,BAL,12,0,0,0,0,1,0,0
00-0036637,Noah Gray,TE,KC,12,0,0,0,0,4,3,25
00-0036642,Tedarrell Slaton,DT,CIN,12,0,0,0,0,0,0,0
00-0036649,Quinton Bohanna,DT,SEA,12,0,0,0,0,0,0,0
00-0036653,Stone Forsythe,OT,LV,12,0,0,0,0,0,0,0
00-0036658,Isaiah McDuffie,LB,GB,12,0,0,0,0,0,0,0
00-0036660,Trey Smith,G,KC,12,0,0,0,0,0,0,0
00-0036672,Grant Stuard,LB,DET,12,0,0,0,0,0,0,0
00-0036677,Zayne Anderson,SAF,GB,12,0,0,0,0,0,0,0
00-0036711,Charles Snowden,DE,LV,12,0,0,0,0,0,0,0
00-0036716,Amen Ogbongbemiga,LB,CHI,12,0,0,0,0,0,0,0
00-0036728,Curtis Robinson,LB,SF,12,0,0,0,0,0,0,0
00-0036741,Jack Stoll,TE,NO,12,0,0,0,0,1,1,7
00-0036754,Brock Wright,TE,DET,12,0,0,0,0,4,3,29
00-0036802,Jon Rhattigan,LB,LV,12,0,0,0,0,0,0,0
00-0036813,Christian Elliss,LB,NE,12,0,0,0,0,0,0,0
00-0036825,Feleipe Franks,TE,ATL,12,0,0,1,2,0,0,0
00-0036841,Austin Trammell,WR,JAX,12,0,0,0,0,1,0,0
00-0036842,Kene Nwangwu,RB,NYJ,12,0,0,0,0,0,0,0
00-0036854,Evan McPherson,K,CIN,12,0,0,0,0,0,0,0
00-0036862,Ben Skowronek,WR,PIT,12,0,0,0,0,1,1,21
00-0036867,Chris Rumph II,LB,NO,12,0,0,0,0,0,0,0
00-0036870,Buddy Johnson,LB,IND,12,0,0,0,0,0,0,0
00-0036875,Rhamondre Stevenson,RB,NE,12,0,0,6,5,2,1,5
00-0036881,Jay Tufele,DT,NYJ,12,0,0,0,0,0,0,0
00-0036883,Tommy Togiai,DT,HOU,12,0,0,0,0,0,0,0
00-0036887,Luke Farrell,TE,SF,12,0,0,0,0,1,1,3
00-0036894,Pat Freiermuth,TE,PIT,12,0,0,0,0,3,3,19
00-0036898,Davis Mills,QB,HOU,12,30,153,2,4,0,0,0
00-0036901,Eric Stokes,CB,LV,12,0,0,0,0,0,0,0
00-0036902,Joseph Ossai,DE,CIN,12,0,0,0,0,0,0,0
00-0036903,Bobby Brown III,DT,CAR,12,0,0,0,0,0,0,0
00-0036909,Khyiris Tonga,DT,NE,12,0,0,0,0,0,0,0
00-0036912,DeVonta Smith,WR,PHI,12,0,0,0,0,11,6,89
00-0036914,Greg Rousseau,LB,BUF,12,0,0,0,0,0,0,0
00-0036919,Kenny Gainwell,RB,PIT,12,0,0,10,92,6,6,30
00-0036924,Michael Carter,RB,ARI,12,0,0,5,28,3,3,30
00-0036927,Pete Werner,LB,NO,12,0,0,0,0,0,0,0
00-0036932,Micah Parsons,LB,GB,12,0,0,0,0,0,0,0
00-0036933,Zaven Collins,LB,ARI,12,0,0,0,0,0,0,0
00-0036934,Jaelan Phillips,LB,PHI,12,0,0,0,0,0,0,0
00-0036942,Osa Odighizuwa,DT,DAL,12,0,0,0,0,0,0,0
00-0036944,Jaycee Horn,CB,CAR,12,0,0,0,0,0,0,0
00-0036962,Tre'von Moehrig,SAF,CAR,12,0,0,0,0,0,0,0
00-0036963,Amon-Ra St. Brown,WR,DET,12,0,0,0,0,13,9,149
00-0036964,Derrick Barnes,LB,DET,12,0,0,0,0,0,0,0
00-0036967,Joe Tryon-Shoyinka,DE,CHI,12,0,0,0,0,0,0,0
00-0036970,Kyle Pitts,TE,ATL,12,0,0,0,0,5,2,25
00-0036971,Trevor Lawrence,QB,JAX,12,30,256,5,29,0,0,0
00-0036973,Travis Etienne,RB,JAX,12,0,0,15,86,4,3,30
00-0036974,Tyson Campbell,CB,CLE,12,0,0,0,0,0,0,0
00-0036980,Elijah Moore,WR,BUF,12,0,0,0,0,3,1,-3
00-0036981,Christian Barmore,DT,NE,12,0,0,0,0,0,0,0
00-0036982,Chauncey Golston,DE,NYG,12,0,0,0,0,0,0,0
00-0036985,Robert Hainsey,OT,JAX,12,0,0,0,0,0,0,0
00-0036986,Nahshon Wright,CB,CHI,12,0,0,0,0,0,0,0
00-0036987,Brandon Stephens,CB,NYJ,12,0,0,0,0,0,0,0
00-0036988,Josh Palmer,WR,BUF,12,0,0,0,0,4,2,21
00-0036989,Malcolm Koonce,DE,LV,12,0,0,0,0,0,0,0
00-0036990,Divine Deablo,LB,ATL,12,0,0,0,0,0,0,0
00-0036996,Greg Newsome II,CB,JAX,12,0,0,0,0,0,0,0
00-0036997,Javonte Williams,RB,DAL,12,0,0,20,87,3,2,14
00-0036998,Jevon Holland,SAF,NYG,12,0,0,0,0,0,0,0
00-0037031,Nikola Kalinic,TE,CHI,12,0,0,0,0,0,0,0
00-0037034,Dee Alford,CB,ATL,12,0,0,0,0,0,0,0
00-0037073,Jordan Davis,DT,PHI,12,0,0,0,0,0,0,0
00-0037075,Devonte Wyatt,DT,GB,12,0,0,0,0,0,0,0
00-0037079,Riq Woolen,CB,SEA,12,0,0,0,0,0,0,0
00-0037082,Dominique Robinson,DE,CHI,12,0,0,0,0,0,0,0
00-0037083,Kingsley Enagbare,LB,GB,12,0,0,0,0,0,0,0
00-0037086,Grant Calcaterra,TE,PHI,12,0,0,0,0,1,1,8
00-0037096,Elijah Hicks,SAF,CHI,12,0,0,0,0,0,0,0
00-0037106,Jaylon Jones,DB,CHI,12,0,0,0,0,0,0,0
00-0037120,Tyler Goodson,RB,IND,12,0,0,0,0,0,0,0
00-0037129,Josh Blackwell,CB,CHI,12,0,0,0,0,0,0,0
00-0037130,Reed Blankenship,SAF,PHI,12,0,0,0,0,0,0,0
00-0037137,Josh Jobe,CB,SEA,12,0,0,0,0,0,0,0
00-0037155,Tony Adams,SAF,NYJ,12,0,0,0,0,0,0,0
00-0037157,Bam Knight,RB,ARI,12,0,0,10,12,5,4,20
00-0037190,Sauce Gardner,CB,IND,12,0,0,0,0,0,0,0
00-0037191,Trent McDuffie,CB,KC,12,0,0,0,0,0,0,0
00-0037192,George Karlaftis,DE,KC,12,0,0,0,0,0,0,0
00-0037193,Bryan Cook,SAF,KC,12,0,0,0,0,0,0,0
00-0037195,Jaylen Watson,CB,KC,12,0,0,0,0,0,0,0
00-0037203,LaBryan Ray,DT,CAR,12,0,0,0,0,0,0,0
00-0037208,Jack Cochrane,LB,KC,12,0,0,0,0,0,0,0
00-0037228,Jaylen Warren,RB,PIT,12,0,0,18,68,0,0,0
00-0037229,Ikem Ekwonu,OT,CAR,12,0,0,0,0,0,0,0
00-0037236,Aidan Hutchinson,DE,DET,12,0,0,0,0,0,0,0
00-0037239,Chris Olave,WR,NO,12,0,0,0,0,13,9,70
00-0037240,Jameson Williams,WR,DET,12,0,0,0,0,3,0,0
00-0037244,Devin Lloyd,LB,JAX,12,0,0,0,0,0,0,0
00-0037247,George Pickens,WR,DAL,12,0,0,0,0,9,9,146
00-0037248,James Cook,RB,BUF,12,0,0,17,116,3,3,13
00-0037253,Marcus Jones,CB,NE,12,0,0,0,0,0,0,0
00-0037254,Terrel Bernard,LB,BUF,12,0,0,0,0,0,0,0
00-0037255,Dylan Parham,G,LV,12,0,0,0,0,0,0,0
00-0037256,Rachaad White,RB,TB,12,0,0,7,38,1,1,4
00-0037260,DJ Davidson,DT,NYG,12,0,0,0,0,0,0,0
00-0037261,Khalil Shakir,WR,BUF,12,0,0,0,0,10,8,110
00-0037262,Thomas Booker,DT,LV,12,0,0,0,0,0,0,0
00-0037263,Tyler Allgeier,RB,ATL,12,0,0,12,44,1,1,5
00-0037267,Jerome Ford,RB,CLE,12,0,0,1,-3,0,0,0
00-0037268,Zyon McCollum,CB,TB,12,0,0,0,0,0,0,0
00-0037271,D'Marco Jackson,LB,CHI,12,0,0,0,0,0,0,0
00-0037275,DaRon Bland,CB,DAL,12,0,0,0,0,0,0,0
00-0037277,Teagan Quitoriano,TE,ATL,12,0,0,0,0,0,0,0
00-0037284,Matt Araiza,P,KC,12,0,0,0,0,0,0,0
00-0037288,Christian Benford,CB,BUF,12,0,0,0,0,0,0,0
00-0037289,Malcolm Rodriguez,LB,DET,12,0,0,0,0,0,0,0
00-0037291,Jalen Nailor,WR,MIN,12,0,0,0,0,1,0,0
00-0037292,Andrew Ogletree,TE,IND,12,0,0,0,0,2,2,8
00-0037301,Theo Jackson,DB,MIN,12,0,0,0,0,0,0,0
00-0037304,Connor Heyward,FB,PIT,12,0,0,1,0,0,0,0
00-0037306,John FitzPatrick,TE,GB,12,0,0,0,0,1,1,11
00-0037310,James Houston,LB,DAL,12,0,0,0,0,0,0,0
00-0037313,Montaric Brown,CB,JAX,12,0,0,0,0,0,0,0
00-0037323,Rodney Thomas,SAF,IND,12,0,0,0,0,0,0,0
00-0037332,D'Anthony Bell,SAF,SEA,12,0,0,0,0,0,0,0
00-0037413,Ben Brown,C,NE,12,0,0,0,0,0,0,0
00-0037457,Jake Hansen,LB,HOU,12,0,0,0,0,0,0,0
00-0037493,Mike Brown,SAF,TEN,12,0,0,0,0,0,0,0
00-0037500,Ryan Wright,P,MIN,12,0,0,0,0,0,0,0
00-0037512,Isaiah Pola-Mao,SAF,LV,12,0,0,0,0,0,0,0
00-0037525,Jordan Mason,RB,MIN,12,0,0,8,42,0,0,0
00-0037526,Marcelino McCrary-Ball,LB,NYJ,12,0,0,0,0,0,0,0
00-0037545,Rashid Shaheed,WR,SEA,12,0,0,1,5,2,0,0
00-0037547,Daniel Whelan,P,GB,12,0,0,0,0,0,0,0
00-0037549,Darrell Baker Jr.,CB,TEN,12,0,0,0,0,0,0,0
00-0037561,Markquese Bell,SAF,DAL,12,0,0,0,0,0,0,0
00-0037563,Malik Davis,RB,DAL,12,0,0,3,24,0,0,0
00-0037587,Nate Landman,LB,LA,12,0,0,0,0,0,0,0
00-0037594,Julius Chestnut,RB,TEN,12,0,0,2,3,0,0,0
00-0037596,Jack Gibbens,LB,NE,12,0,0,0,0,0,0,0
00-0037602,Sam Okuayinonu,DT,SF,12,0,0,0,0,0,0,0
00-0037614,John Metchie III,WR,NYJ,12,0,0,0,0,7,6,65
00-0037615,Nakobe Dean,LB,PHI,12,0,0,0,0,0,0,0
00-0037616,Nick Cross,SAF,IND,12,0,0,0,0,0,0,0
00-0037633,Jacob Hummel,LB,BAL,12,0,0,0,0,0,0,0
00-0037663,Jermaine Johnson II,DE,NYJ,12,0,0,0,0,0,0,0
00-0037664,Alec Pierce,WR,IND,12,0,0,0,0,2,1,26
00-0037665,Sam Williams,LB,DAL,12,0,0,0,0,0,0,0
00-0037692,Brandon Aubrey,K,DAL,12,0,0,0,0,0,0,0
00-0037711,Jeremiah Pharms Jr.,DT,NE,12,0,0,0,0,0,0,0
00-0037741,Jahan Dotson,WR,PHI,12,0,0,0,0,1,0,0
00-0037743,Daxton Hill,DB,CIN,12,0,0,0,0,0,0,0
00-0037744,Trey McBride,TE,ARI,12,0,0,0,0,10,9,79
00-0037746,Brian Robinson,RB,SF,12,0,0,7,40,2,1,4
00-0037752,Tycen Anderson,SAF,CIN,12,0,0,0,0,0,0,0
00-0037756,Travis Jones,DT,BAL,12,0,0,0,0,0,0,0
00-0037758,Cordale Flott,CB,NYG,12,0,0,0,0,0,0,0
00-0037801,KaVontae Turpin,WR,DAL,12,0,0,2,4,2,1,48
00-0037809,Chig Okonkwo,TE,TEN,12,0,0,0,0,4,3,40
00-0037812,Abraham Lucas,OT,SEA,12,0,0,0,0,0,0,0
00-0037815,Cameron Thomas,DE,CLE,12,0,0,0,0,0,0,0
00-0037816,Romeo Doubs,WR,GB,12,0,0,0,0,3,2,23
00-0037819,Leo Chenal,LB,KC,12,0,0,0,0,0,0,0
00-0037821,Charles Cross,OT,SEA,12,0,0,0,0,0,0,0
00-0037825,Tyler Linderbaum,C,BAL,12,0,0,0,0,0,0,0
00-0037830,Samuel Womack,CB,TEN,12,0,0,0,0,0,0,0
00-0037832,Kalia Davis,DT,SF,12,0,0,0,0,0,0,0
00-0037834,Brock Purdy,QB,SF,12,32,193,6,16,0,0,0
00-0037835,Luke Goedeke,OT,TB,12,0,0,0,0,0,0,0
00-0037837,Calvin Austin III,WR,PIT,12,0,0,0,0,5,4,36
00-0037838,Isaiah Likely,TE,BAL,12,0,0,0,0,3,1,10
00-0037839,Cobie Durant,CB,LA,12,0,0,0,0,0,0,0
00-0037840,Kyren Williams,RB,LA,12,0,0,12,46,1,1,2
00-0037843,Daniel Hardy,DE,CHI,12,0,0,0,0,0,0,0
00-0038038,Kyle Hamilton,SAF,BAL,12,0,0,0,0,0,0,0
00-0038041,Jake Ferguson,TE,DAL,12,0,0,1,1,6,5,60
00-0038046,Charlie Kolar,TE,BAL,12,0,0,0,0,0,0,0
00-0038090,Skyy Moore,WR,SF,12,0,0,0,0,0,0,0
00-0038094,Jordan Stout,P,BAL,12,0,0,0,0,0,0,0
00-0038104,Tyquan Thornton,WR,KC,12,0,0,0,0,1,0,0
00-0038107,Micheal Clemons,DE,NYJ,12,0,0,0,0,0,0,0
00-0038112,Cam Jurgens,C,PHI,12,0,0,0,0,0,0,0
00-0038115,Daniel Bellinger,TE,NYG,12,0,0,0,0,2,0,0
00-0038116,Arnold Ebiketie,LB,ATL,12,0,0,0,0,0,0,0
00-0038117,Wan'Dale Robinson,WR,NYG,12,0,0,1,0,14,9,156
00-0038118,Daniel Faalele,G,BAL,12,0,0,0,0,0,0,0
00-0038119,Jalyn Armour-Davis,CB,TEN,12,0,0,0,0,0,0,0
00-0038120,Breece Hall,RB,NYJ,12,0,0,16,44,4,4,75
00-0038121,Alontae Taylor,CB,NO,12,0,0,0,0,0,0,0
00-0038123,Dane Belton,SAF,NYG,12,0,0,0,0,0,0,0
00-0038124,Christian Watson,WR,GB,12,0,0,0,0,7,5,49
00-0038127,Logan Hall,DE,TB,12,0,0,0,0,0,0,0
00-0038128,Malik Willis,QB,GB,12,1,7,2,3,0,0,0
00-0038129,Cade Otton,TE,TB,12,0,0,0,0,7,4,21
00-0038133,Boye Mafe,DE,SEA,12,0,0,0,0,0,0,0
00-0038134,Kenneth Walker III,RB,SEA,12,0,0,11,71,4,3,30
00-0038135,Jaquan Brisker,SAF,CHI,12,0,0,0,0,0,0,0
00-0038136,Coby Bryant,CB,SEA,12,0,0,0,0,0,0,0
00-0038142,David Ojabo,LB,BAL,12,0,0,0,0,0,0,0
00-0038381,Kyu Blu Kelly,CB,LV,12,0,0,0,0,0,0,0
00-0038386,Jalen Carter,DT,PHI,12,0,0,0,0,0,0,0
00-0038387,Colby Wooden,DE,GB,12,0,0,0,0,0,0,0
00-0038393,Dontayvion Wicks,WR,GB,12,0,0,0,0,4,2,32
00-0038396,Eric Gray,RB,NYG,12,0,0,0,0,0,0,0
00-0038399,Zaire Barnes,LB,NYG,12,0,0,0,0,0,0,0
00-0038407,Jaylon Jones,DB,IND,12,0,0,0,0,0,0,0
00-0038412,Moro Ojomo,DT,PHI,12,0,0,0,0,0,0,0
00-0038428,Andre Szmyt,K,CLE,12,0,0,0,0,0,0,0
00-0038454,Keaton Mitchell,RB,BAL,12,0,0,2,10,1,1,9
00-0038458,Owen Wright,RB,TB,12,0,0,3,6,0,0,0
00-0038488,Brady Russell,RB,SEA,12,0,0,0,0,0,0,0
00-0038493,Claudin Cherelus,LB,CAR,12,0,0,0,0,0,0,0
00-0038496,Xavier Gipson,WR,PHI,12,0,0,0,0,1,1,3
00-0038504,Trenton Simpson,LB,BAL,12,0,0,0,0,0,0,0
00-0038519,Nikko Remigio,WR,KC,12,0,0,0,0,0,0,0
00-0038540,Paris Johnson Jr.,OT,ARI,12,0,0,0,0,0,0,0
00-0038541,Tyree Wilson,DE,LV,12,0,0,0,0,0,0,0
00-0038542,Bijan Robinson,RB,ATL,12,0,0,14,70,2,2,37
00-0038543,Jaxon Smith-Njigba,WR,SEA,12,0,0,1,4,10,8,167
00-0038546,Myles Murphy,DE,CIN,12,0,0,0,0,0,0,0
00-0038547,Luke Schoonmaker,TE,DAL,12,0,0,0,0,1,0,0
00-0038549,DJ Turner II,CB,CIN,12,0,0,0,0,0,0,0
00-0038554,Ji'Ayir Brown,SAF,SF,12,0,0,0,0,0,0,0
00-0038555,Tank Bigsby,RB,PHI,12,0,0,1,8,0,0,0
00-0038556,DeMarvion Overshown,LB,DAL,12,0,0,0,0,0,0,0
00-0038557,Dorian Williams,LB,BUF,12,0,0,0,0,0,0,0
00-0038558,Darnell Washington,TE,PIT,12,0,0,0,0,2,2,22
00-0038559,Michael Wilson,WR,ARI,12,0,0,0,0,15,10,118
00-0038560,Jordan Battle,SAF,CIN,12,0,0,0,0,0,0,0
00-0038563,Tre Tucker,WR,LV,12,0,0,0,0,10,3,28
00-0038564,Cameron Latu,TE,PHI,12,0,0,0,0,0,0,0
00-0038565,Mekhi Blackmon,DB,IND,12,0,0,0,0,0,0,0
00-0038567,Chad Ryland,K,ARI,12,0,0,0,0,0,0,0
00-0038570,Ventrell Miller,LB,JAX,12,0,0,0,0,0,0,0
00-0038574,Isaiah McGuire,DE,CLE,12,0,0,0,0,0,0,0
00-0038576,Charlie Jones,WR,CIN,12,0,0,0,0,1,0,0
00-0038577,Nick Herbig,LB,PIT,12,0,0,0,0,0,0,0
00-0038588,Jordan Howden,SAF,NO,12,0,0,0,0,0,0,0
00-0038589,Josh Whyle,TE,GB,12,0,0,0,0,1,1,1
00-0038591,Mike Morris,DE,SEA,12,0,0,0,0,0,0,0
00-0038596,Antonio Johnson,SAF,JAX,12,0,0,0,0,0,0,0
00-0038597,Chase Brown,RB,CIN,12,0,0,19,107,4,2,23
00-0038599,Henry To'oTo'o,LB,HOU,12,0,0,0,0,0,0,0
00-0038606,Parker Washington,WR,JAX,12,0,0,0,0,7,5,71
00-0038608,Kayshon Boutte,WR,NE,12,0,0,0,0,2,2,15
00-0038610,Bryce Baringer,P,NE,12,0,0,0,0,0,0,0
00-0038616,Christian Braswell,CB,JAX,12,0,0,0,0,0,0,0
00-0038618,Xavier Hutchinson,WR,HOU,12,0,0,1,9,0,0,0
00-0038619,Andrei Iosivas,WR,CIN,12,0,0,1,5,7,4,61
00-0038621,DeMario Douglas,WR,NE,12,0,0,1,14,1,1,37
00-0038623,Dante Stills,DT,ARI,12,0,0,0,0,0,0,0
00-0038625,Dee Winters,LB,SF,12,0,0,0,0,0,0,0
00-0038628,DeMarcco Hellams,SAF,ATL,12,0,0,0,0,0,0,0
00-0038642,D.J. Ivey,CB,CIN,12,0,0,0,0,0,0,0
00-0038646,Alex Austin,CB,NE,12,0,0,0,0,0,0,0
00-0038653,Cory Durden,DT,NE,12,0,0,0,0,0,0,0
00-0038660,Trevor Nowaske,LB,DET,12,0,0,0,0,0,0,0
00-0038685,Chris Brooks,RB,GB,12,0,0,8,21,1,1,5
00-0038694,Brandon Pili,DT,SEA,12,0,0,0,0,0,0,0
00-0038711,Mohamoud Diabate,LB,CLE,12,0,0,0,0,0,0,0
00-0038715,Ronnie Hickman Jr.,SAF,CLE,12,0,0,0,0,0,0,0
00-0038738,Hunter Luepke,RB,DAL,12,0,0,0,0,1,1,7
00-0038742,Tyrus Wheat,LB,DET,12,0,0,0,0,0,0,0
00-0038752,Jake Bobo,WR,SEA,12,0,0,0,0,0,0,0
00-0038764,Patrick O'Connell,LB,SEA,12,0,0,0,0,0,0,0
00-0038765,Ty Okada,SAF,SEA,12,0,0,0,0,0,0,0
00-0038778,Jalen Redmond,DL,MIN,12,0,0,0,0,0,0,0
00-0038791,Thomas Incoom,LB,CAR,12,0,0,0,0,0,0,0
00-0038795,PJ Mustipher,DT,ARI,12,0,0,0,0,0,0,0
00-0038797,Emanuel Wilson,RB,GB,12,0,0,28,107,2,2,18
00-0038807,Ivan Pace Jr.,LB,MIN,12,0,0,0,0,0,0,0
00-0038839,Mitchell Tinsley,WR,CIN,12,0,0,0,0,6,2,29
00-0038840,Brycen Tremayne,WR,CAR,12,0,0,0,0,0,0,0
00-0038896,Jacob Saylors,RB,DET,12,0,0,0,0,0,0,0
00-0038905,Blake Grupe,K,NO,12,0,0,0,0,0,0,0
00-0038922,Drake Thomas,LB,SEA,12,0,0,0,0,0,0,0
00-0038932,Darnell Wright,OT,CHI,12,0,0,0,0,0,0,0
00-0038935,Brenton Strange,TE,JAX,12,0,0,0,0,5,5,93
00-0038940,Tyler Lacy,DE,DET,12,0,0,0,0,0,0,0
00-0038951,Sean Tucker,RB,TB,12,0,0,12,42,2,1,4
00-0038953,Dylan Drummond,WR,ATL,12,0,0,0,0,3,3,18
00-0038979,Cedric Tillman,WR,CLE,12,0,0,0,0,3,1,5
00-0038982,Chamarri Conner,DB,KC,12,0,0,0,0,0,0,0
00-0038984,Kei'Trel Clark,CB,ARI,12,0,0,0,0,0,0,0
00-0038986,Nic Jones,CB,NYG,12,0,0,0,0,0,0,0
00-0038994,Jordan Addison,WR,MIN,12,0,0,0,0,1,0,0
00-0038995,Bryan Bresee,DT,NO,12,0,0,0,0,0,0,0
00-0038997,Josh Downs,WR,IND,12,0,0,0,0,6,2,10
00-0039001,Tyler Steen,OT,PHI,12,0,0,0,0,0,0,0
00-0039002,Sydney Brown,SAF,PHI,12,0,0,0,0,0,0,0
00-0039007,Garrett Williams,CB,ARI,12,0,0,0,0,0,0,0
00-0039009,Dylan Horton,DE,HOU,12,0,0,0,0,0,0,0
00-0039013,Nolan Smith,LB,PHI,12,0,0,0,0,0,0,0
00-0039018,Jack Campbell,LB,DET,12,0,0,0,0,0,0,0
00-0039030,Jake Andrews,C,HOU,12,0,0,0,0,0,0,0
00-0039031,Adetomiwa Adebawore,DT,IND,12,0,0,0,0,0,0,0
00-0039032,Tyjae Spears,RB,TEN,12,0,0,3,4,5,4,21
00-0039034,Peter Skoronski,OT,TEN,12,0,0,0,0,0,0,0
00-0039041,Elijah Higgins,TE,ARI,12,0,0,0,0,0,0,0
00-0039047,Derick Hall,LB,SEA,12,0,0,0,0,0,0,0
00-0039049,SirVocea Dennis,LB,TB,12,0,0,0,0,0,0,0
00-0039051,Josh Hayes,DB,TB,12,0,0,0,0,0,0,0
00-0039054,Marte Mapu,LB,NE,12,0,0,0,0,0,0,0
00-0039059,Ethan Evans,P,LA,12,0,0,0,0,0,0,0
00-0039064,Zay Flowers,WR,BAL,12,0,0,2,11,6,5,58
00-0039066,Michael Mayer,TE,LV,12,0,0,0,0,1,1,14
00-0039067,Rashee Rice,WR,KC,12,0,0,0,0,12,8,141
00-0039068,Yaya Diaby,LB,TB,12,0,0,0,0,0,0,0
00-0039070,Gervon Dexter Sr.,DT,CHI,12,0,0,0,0,0,0,0
00-0039071,Tyrique Stevenson,CB,CHI,12,0,0,0,0,0,0,0
00-0039074,Davis Allen,TE,LA,12,0,0,0,0,4,3,29
00-0039075,Puka Nacua,WR,LA,12,0,0,0,0,11,7,97
00-0039076,Nick Hampton,LB,LA,12,0,0,0,0,0,0,0
00-0039108,Will Anderson Jr.,DE,HOU,12,0,0,0,0,0,0,0
00-0039110,Keeanu Benton,DT,PIT,12,0,0,0,0,0,0,0
00-0039137,Byron Young,LB,LA,12,0,0,0,0,0,0,0
00-0039138,Kobie Turner,DE,LA,12,0,0,0,0,0,0,0
00-0039139,Jahmyr Gibbs,RB,DET,12,0,0,15,219,12,11,45
00-0039140,Kelee Ringo,CB,PHI,12,0,0,0,0,0,0,0
00-0039141,Brian Branch,CB,DET,12,0,0,0,0,0,0,0
00-0039144,Luke Musgrave,TE,GB,12,0,0,0,0,2,1,7
00-0039145,Joe Tippmann,C,NYJ,12,0,0,0,0,0,0,0
00-0039147,Christian Gonzalez,CB,NE,12,0,0,0,0,0,0,0
00-0039148,Keion White,DE,SF,12,0,0,0,0,0,0,0
00-0039150,Bryce Young,QB,CAR,12,29,169,4,15,0,0,0
00-0039151,Emmanuel Forbes,CB,LA,12,0,0,0,0,0,0,0
00-0039155,BJ Ojulari,LB,ARI,12,0,0,0,0,0,0,0
00-0039165,Zach Charbonnet,RB,SEA,12,0,0,6,35,0,0,0
00-0039167,Joey Porter Jr.,CB,PIT,12,0,0,0,0,0,0,0
00-0039169,Devon Witherspoon,CB,SEA,12,0,0,0,0,0,0,0
00-0039172,Jake Bates,K,DET,12,0,0,0,0,0,0,0
00-0039176,Basil Okoye,DT,BAL,12,0,0,0,0,0,0,0
00-0039178,Austin Ajiake,LB,IND,12,0,0,0,0,0,0,0
00-0039232,Nate Wiggins,CB,BAL,12,0,0,0,0,0,0,0
00-0039233,Roger Rosengarten,OT,BAL,12,0,0,0,0,0,0,0
00-0039234,T.J. Tampa,CB,BAL,12,0,0,0,0,0,0,0
00-0039309,Byron Murphy II,DT,SEA,12,0,0,0,0,0,0,0
00-0039313,Swayze Bozeman,LB,NYG,12,0,0,0,0,0,0,0
00-0039323,Ryan Rehkow,P,CIN,12,0,0,0,0,0,0,0
00-0039324,Christian Roland-Wallace,CB,KC,12,0,0,0,0,0,0,0
00-0039338,Brock Bowers,TE,LV,12,0,0,0,0,9,6,55
00-0039340,Laiatu Latu,DE,IND,12,0,0,0,0,0,0,0
00-0039341,Tyler Guyton,OT,DAL,12,0,0,0,0,0,0,0
00-0039342,Xavier Legette,WR,CAR,12,0,0,0,0,5,3,22
00-0039343,Kamari Lassiter,CB,HOU,12,0,0,0,0,0,0,0
00-0039345,Renardo Green,CB,SF,12,0,0,0,0,0,0,0
00-0039349,DJ Glaze,OT,LV,12,0,0,0,0,0,0,0
00-0039352,Marist Liufau,LB,DAL,12,0,0,0,0,0,0,0
00-0039353,Jarrian Jones,CB,JAX,12,0,0,0,0,0,0,0
00-0039356,Ja'Tavion Sanders,TE,CAR,12,0,0,0,0,1,1,6
00-0039357,Decamerion Richardson,CB,LV,12,0,0,0,0,0,0,0
00-0039359,Cade Stover,TE,HOU,12,0,0,0,0,2,0,0
00-0039360,Malik Mustapha,SAF,SF,12,0,0,0,0,0,0,0
00-0039372,Jarvis Brownlee Jr.,DB,NYJ,12,0,0,0,0,0,0,0
00-0039374,Tommy Eichenberg,LB,LV,12,0,0,0,0,0,0,0
00-0039375,Josh Newton,CB,CIN,12,0,0,0,0,0,0,0
00-0039380,Chau Smith-Wade,CB,CAR,12,0,0,0,0,0,0,0
00-0039384,Tyrone Tracy Jr.,RB,NYG,12,0,0,20,62,4,3,68
00-0039387,Caelen Carson,DB,DAL,12,0,0,0,0,0,0,0
00-0039388,Jaylan Ford,LB,NO,12,0,0,0,0,0,0,0
00-0039404,Will Reichard,K,MIN,12,0,0,0,0,0,0,0
00-0039407,Dylan Laube,RB,LV,12,0,0,0,0,0,0,0
00-0039409,Cam Little,K,JAX,12,0,0,0,0,0,0,0
00-0039410,Ryan Flournoy,WR,DAL,12,0,0,0,0,1,0,0
00-0039417,Myles Harden,CB,CLE,12,0,0,0,0,0,0,0
00-0039421,Levi Drake Rodriguez,DL,MIN,12,0,0,0,0,0,0,0
00-0039423,Jonah Laulu,DT,LV,12,0,0,0,0,0,0,0
00-0039424,Devaughn Vele,WR,NO,12,0,0,0,0,7,3,37
00-0039430,James Williams,LB,TEN,12,0,0,0,0,0,0,0
00-0039431,Jowon Briggs,DE,NYJ,12,0,0,0,0,0,0,0
00-0039451,Isaiah Williams,WR,NYJ,12,0,0,0,0,0,0,0
00-0039460,Carl Jones,LB,CHI,12,0,0,0,0,0,0,0
00-0039465,Reddy Steward,DB,DAL,12,0,0,0,0,0,0,0
00-0039491,Jalen Coker,WR,CAR,12,0,0,0,0,4,3,32
00-0039498,Harrison Mevis,K,LA,12,0,0,0,0,0,0,0
00-0039513,Chris Edmonds,SAF,CLE,12,0,0,0,0,0,0,0
00-0039521,Xavier Weaver,WR,ARI,12,0,0,0,0,3,1,9
00-0039530,Brevyn Spann-Ford,TE,DAL,12,0,0,0,0,1,1,4
00-0039544,Will Putnam,C,LV,12,0,0,0,0,0,0,0
00-0039577,Kedon Slovis,QB,ARI,12,1,-2,0,0,0,0,0
00-0039589,Kameron Johnson,WR,TB,12,0,0,0,0,0,0,0
00-0039601,Demani Richardson,SAF,CAR,12,0,0,0,0,0,0,0
00-0039603,British Brooks,RB,HOU,12,0,0,0,0,0,0,0
00-0039620,Rico Payton,CB,NYG,12,0,0,0,0,0,0,0
00-0039622,Isaiah Stalbird,LB,NO,12,0,0,0,0,0,0,0
00-0039623,Mason Tipton,WR,NO,12,0,0,1,11,4,3,22
00-0039632,PJ Jules,SAF,CIN,12,0,0,0,0,0,0,0
00-0039634,Austin McNamara,P,NYJ,12,0,0,0,0,0,0,0
00-0039660,Thomas Harper,SAF,DET,12,0,0,0,0,0,0,0
00-0039731,JC Latham,OT,TEN,12,0,0,0,0,0,0,0
00-0039733,Ruke Orhorhoro,DT,ATL,12,0,0,0,0,0,0,0
00-0039734,Braden Fiske,DT,LA,12,0,0,0,0,0,0,0
00-0039736,Matt Goncalves,G,IND,12,0,0,0,0,0,0,0
00-0039738,Blake Corum,RB,LA,12,0,0,7,24,0,0,0
00-0039739,Roman Wilson,WR,PIT,12,0,0,0,0,3,0,0
00-0039740,Jalyx Hunt,LB,PHI,12,0,0,0,0,0,0,0
00-0039741,Payton Wilson,LB,PIT,12,0,0,0,0,0,0,0
00-0039744,Tanor Bortolini,G,IND,12,0,0,0,0,0,0,0
00-0039745,Tory Taylor,P,CHI,12,0,0,0,0,0,0,0
00-0039746,Will Shipley,RB,PHI,12,0,0,0,0,0,0,0
00-0039749,Tyler Davis,DE,LA,12,0,0,0,0,0,0,0
00-0039751,Jordan Whittington,WR,LA,12,0,0,0,0,3,3,17
00-0039752,Cedric Johnson,DE,CIN,12,0,0,0,0,0,0,0
00-0039757,Terrell Jennings,RB,NE,12,0,0,1,0,0,0,0
00-0039763,Joe Andreessen,LB,BUF,12,0,0,0,0,0,0,0
00-0039770,Charles Woods,CB,NE,12,0,0,0,0,0,0,0
00-0039772,Josh Wallace,CB,LA,12,0,0,0,0,0,0,0
00-0039774,Omar Speights,LB,LA,12,0,0,0,0,0,0,0
00-0039776,Jaylen McCollough,SAF,LA,12,0,0,0,0,0,0,0
00-0039792,Devontez Walker,WR,BAL,12,0,0,0,0,1,1,30
00-0039793,AJ Barner,TE,SEA,12,0,0,0,0,4,2,18
00-0039795,Nehemiah Pritchett,CB,SEA,12,0,0,0,0,0,0,0
00-0039798,Isaiah Davis,RB,NYJ,12,0,0,4,7,0,0,0
00-0039807,Max Melton,CB,ARI,12,0,0,0,0,0,0,0
00-0039812,Ty'Ron Hopper,LB,GB,12,0,0,0,0,0,0,0
00-0039813,Evan Williams,SAF,GB,12,0,0,0,0,0,0,0
00-0039816,Anthony Gould,WR,IND,12,0,0,0,0,0,0,0
00-0039818,Kitan Oladapo,SAF,GB,12,0,0,0,0,0,0,0
00-0039821,Andru Phillips,DB,NYG,12,0,0,0,0,0,0,0
00-0039825,Jaden Hicks,SAF,KC,12,0,0,0,0,0,0,0
00-0039826,Jeremiah Trotter Jr.,LB,PHI,12,0,0,0,0,0,0,0
00-0039831,Kamal Hadden,CB,GB,12,0,0,0,0,0,0,0
00-0039834,Kamren Kinchens,SAF,LA,12,0,0,0,0,0,0,0
00-0039838,Calen Bullock,SAF,HOU,12,0,0,0,0,0,0,0
00-0039840,Austin Booker,DE,CHI,12,0,0,0,0,0,0,0
00-0039841,Cooper DeJean,CB,PHI,12,0,0,0,0,0,0,0
00-0039844,Kingsley Suamataia,OT,KC,12,0,0,0,0,0,0,0
00-0039846,Tykee Smith,DB,TB,12,0,0,0,0,0,0,0
00-0039847,Theo Johnson,TE,NYG,12,0,0,0,0,5,3,77
00-0039850,Edgerrin Cooper,LB,GB,12,0,0,0,0,0,0,0
00-0039851,Drake Maye,QB,NE,12,35,294,5,22,0,0,0
00-0039852,Jared Verse,DE,LA,12,0,0,0,0,0,0,0
00-0039854,Darius Robinson,DL,ARI,12,0,0,0,0,0,0,0
00-0039858,Cedric Gray,LB,TEN,12,0,0,0,0,0,0,0
00-0039859,Brandon Dorlus,DE,ATL,12,0,0,0,0,0,0,0
00-0039860,Kool-Aid McKinstry,CB,NO,12,0,0,0,0,0,0,0
00-0039867,Javon Bullard,SAF,GB,12,0,0,0,0,0,0,0
00-0039872,Cole Bishop,SAF,BUF,12,0,0,0,0,0,0,0
00-0039875,Ray Davis,RB,BUF,12,0,0,0,0,0,0,0
00-0039879,Javon Solomon,LB,BUF,12,0,0,0,0,0,0,0
00-0039886,T'Vondre Sweat,DT,TEN,12,0,0,0,0,0,0,0
00-0039888,Quinyon Mitchell,CB,PHI,12,0,0,0,0,0,0,0
00-0039889,Maason Smith,DT,JAX,12,0,0,0,0,0,0,0
00-0039890,Adonai Mitchell,WR,NYJ,12,0,0,0,0,7,2,42
00-0039894,Xavier Worthy,WR,KC,12,0,0,0,0,8,4,59
00-0039895,Mike Hall Jr.,DT,CLE,12,0,0,0,0,0,0,0
00-0039902,Chris Braswell,LB,TB,12,0,0,0,0,0,0,0
00-0039905,Graham Barton,C,TB,12,0,0,0,0,0,0,0
00-0039908,Kris Jenkins,DT,CIN,12,0,0,0,0,0,0,0
00-0039916,Ricky Pearsall,WR,SF,12,0,0,1,2,4,2,6
00-0039918,Caleb Williams,QB,CHI,12,35,239,4,21,0,0,0
00-0039919,Rome Odunze,WR,CHI,12,0,0,0,0,9,3,53
00-0039920,Malachi Corley,WR,CLE,12,0,0,1,-6,1,1,8
00-0039923,J.J. McCarthy,QB,MIN,12,19,87,2,10,0,0,0
00-0039924,Dallas Turner,LB,MIN,12,0,0,0,0,0,0,0
00-0039944,Jamie Sheriff,LB,SEA,12,0,0,0,0,0,0,0
00-0040007,Tyler Booker,G,DAL,12,0,0,0,0,0,0,0
00-0040008,Shavon Revel Jr.,CB,DAL,12,0,0,0,0,0,0,0
00-0040009,Savion Williams,WR,GB,12,0,0,1,0,0,0,0
00-0040011,Shemar James,LB,DAL,12,0,0,0,0,0,0,0
00-0040013,Smael Mondon Jr.,LB,PHI,12,0,0,0,0,0,0,0
00-0040016,Warren Brinson,DT,GB,12,0,0,0,0,0,0,0
00-0040020,Micah Robinson,CB,TEN,12,0,0,0,0,0,0,0
00-0040024,Darius Cooper,WR,PHI,12,0,0,0,0,2,2,7
00-0040045,Alijah Clark,DB,DAL,12,0,0,0,0,0,0,0
00-0040069,Teddye Buchanan,LB,BAL,12,0,0,0,0,0,0,0
00-0040074,Tyler Loop,K,BAL,12,0,0,0,0,0,0,0
00-0040075,LaJohntay Wester,WR,BAL,12,0,0,0,0,0,0,0
00-0040078,Brashard Smith,RB,KC,12,0,0,1,5,4,3,31
00-0040089,Kevin Knowles,DB,KC,12,0,0,0,0,0,0,0
00-0040108,Chandler Martin,LB,BAL,12,0,0,0,0,0,0,0
00-0040118,Cooper McDonald,LB,KC,12,0,0,0,0,0,0,0
00-0040122,Ashton Jeanty,RB,LV,12,0,0,17,50,8,8,58
00-0040124,Tetairoa McMillan,WR,CAR,12,0,0,0,0,7,2,35
00-0040126,Colston Loveland,TE,CHI,12,0,0,0,0,5,4,49
00-0040128,Tyler Warren,TE,IND,12,0,0,0,0,7,5,45
00-0040129,Emeka Egbuka,WR,TB,12,0,0,0,0,8,3,32
00-0040130,Jayden Higgins,WR,HOU,12,0,0,0,0,9,4,38
00-0040131,Kyle Williams,WR,NE,12,0,0,0,0,1,1,18
00-0040133,Azareye'h Thomas,CB,NYJ,12,0,0,0,0,0,0,0
00-0040135,Nick Martin,LB,SF,12,0,0,0,0,0,0,0
00-0040136,Princely Umanmielen,LB,CAR,12,0,0,0,0,0,0,0
00-0040137,Jordan Burch,LB,ARI,12,0,0,0,0,0,0,0
00-0040138,Jaylin Noel,WR,HOU,12,0,0,1,5,2,1,4
00-0040140,Dylan Fairchild,G,CIN,12,0,0,0,0,0,0,0
00-0040141,Kevin Winston Jr.,SAF,TEN,12,0,0,0,0,0,0,0
00-0040143,Jacob Parrish,CB,TB,12,0,0,0,0,0,0,0
00-0040148,Xavier Watts,SAF,ATL,12,0,0,0,0,0,0,0
00-0040152,Upton Stout,CB,SF,12,0,0,0,0,0,0,0
00-0040154,Tai Felton,WR,MIN,12,0,0,0,0,0,0,0
00-0040155,Danny Stutsman,LB,NO,12,0,0,0,0,0,0,0
00-0040157,Barrett Carter,LB,CIN,12,0,0,0,0,0,0,0
00-0040159,Lathan Ransom,SAF,CAR,12,0,0,0,0,0,0,0
00-0040160,Jack Sawyer,LB,PIT,12,0,0,0,0,0,0,0
00-0040162,Dylan Sampson,RB,CLE,12,0,0,7,23,3,2,59
00-0040165,Malachi Moore,SAF,NYJ,12,0,0,0,0,0,0,0
00-0040166,Quincy Riley,CB,NO,12,0,0,0,0,0,0,0
00-0040167,Ruben Hyppolite II,LB,CHI,12,0,0,0,0,0,0,0
00-0040173,Tyrion Ingram-Dawkins,DT,MIN,12,0,0,0,0,0,0,0
00-0040176,Bradyn Swinson,LB,NE,12,0,0,0,0,0,0,0
00-0040183,Elijah Roberts,DE,TB,12,0,0,0,0,0,0,0
00-0040185,Marques Sigle,SAF,SF,12,0,0,0,0,0,0,0
00-0040186,Francisco Mauigoa,LB,NYJ,12,0,0,0,0,0,0,0
00-0040187,Mitchell Evans,TE,CAR,12,0,0,0,0,1,0,0
00-0040188,Yahya Black,DE,PIT,12,0,0,0,0,0,0,0
00-0040192,Jordan Hancock,CB,BUF,12,0,0,0,0,0,0,0
00-0040194,Jackson Hawes,TE,BUF,12,0,0,0,0,2,2,26
00-0040195,Denzel Burke,CB,ARI,12,0,0,0,0,0,0,0
00-0040199,JJ Pegues,DT,LV,12,0,0,0,0,0,0,0
00-0040200,Andy Borregales,K,NE,12,0,0,0,0,0,0,0
00-0040201,Marcus Harris,CB,TEN,12,0,0,0,0,0,0,0
00-0040202,Devin Neal,RB,NO,12,0,0,7,18,7,5,43
00-0040204,Jaylen Reed,SAF,HOU,12,0,0,0,0,0,0,0
00-0040205,Kalel Mullings,RB,TEN,12,0,0,0,0,0,0,0
00-0040208,Tahj Brooks,RB,CIN,12,0,0,2,5,1,0,0
00-0040213,Rayuan Lane III,SAF,JAX,12,0,0,0,0,0,0,0
00-0040214,Kobe King,LB,NYJ,12,0,0,0,0,0,0,0
00-0040218,Jimmy Horn Jr.,WR,CAR,12,0,0,0,0,1,1,11
00-0040231,Carson Bruener,LB,PIT,12,0,0,0,0,0,0,0
00-0040236,Kyle Monangai,RB,CHI,12,0,0,12,48,0,0,0
00-0040237,Tez Johnson,WR,TB,12,0,0,2,12,4,3,21
00-0040238,LeQuint Allen Jr.,RB,JAX,12,0,0,1,2,0,0,0
00-0040243,Korie Black,CB,NYG,12,0,0,0,0,0,0,0
00-0040259,Gage Larvadain,WR,CLE,12,0,0,0,0,0,0,0
00-0040279,Ryan Fitzgerald,K,CAR,12,0,0,0,0,0,0,0
00-0040289,Bam Martin-Scott,LB,CAR,12,0,0,0,0,0,0,0
00-0040296,Corey Thornton,CB,CAR,12,0,0,0,0,0,0,0
00-0040326,Branson Combs,LB,JAX,12,0,0,0,0,0,0,0
00-0040342,Danny Striggow,DE,JAX,12,0,0,0,0,0,0,0
00-0040382,Josh Fryar,OT,ARI,12,0,0,0,0,0,0,0
00-0040492,Tyler Batty,LB,MIN,12,0,0,0,0,0,0,0
00-0040496,Chaz Chambliss,LB,MIN,12,0,0,0,0,0,0,0
00-0040503,Dorian Mausi,LB,TEN,12,0,0,0,0,0,0,0
00-0040506,Myles Price,WR,MIN,12,0,0,0,0,0,0,0
00-0040522,Xavier Restrepo,WR,TEN,12,0,0,0,0,6,2,26
00-0040527,Sebastian Castro,SAF,PIT,12,0,0,0,0,0,0,0
00-0040534,Ke'Shawn Williams,WR,PIT,12,0,0,0,0,0,0,0
00-0040546,Cobee Bryant,CB,ATL,12,0,0,0,0,0,0,0
00-0040574,Elijah Ponder,LB,NE,12,0,0,0,0,0,0,0
00-0040577,Jalon Walker,LB,ATL,12,0,0,0,0,0,0,0
00-0040578,James Pearce Jr.,DE,ATL,12,0,0,0,0,0,0,0
00-0040579,Carson Schwesinger,LB,CLE,12,0,0,0,0,0,0,0
00-0040580,Josaiah Stewart,LB,LA,12,0,0,0,0,0,0,0
00-0040581,Dont'e Thornton Jr.,WR,LV,12,0,0,0,0,2,1,14
00-0040582,Arian Smith,WR,NYJ,12,0,0,1,8,0,0,0
00-0040583,Woody Marks,RB,HOU,12,0,0,16,74,1,1,-5
00-0040584,Gunnar Helm,TE,TEN,12,0,0,0,0,7,6,51
00-0040585,Ty Hamilton,DT,LA,12,0,0,0,0,0,0,0
00-0040590,Konata Mumpfield,WR,LA,12,0,0,0,0,2,2,25
00-0040613,Shaun Dolac,LB,LA,12,0,0,0,0,0,0,0
00-0040639,Grey Zabel,G,SEA,12,0,0,0,0,0,0,0
00-0040640,Ashton Gillotte,DE,KC,12,0,0,0,0,0,0,0
00-0040643,Jonas Sanker,SAF,NO,12,0,0,0,0,0,0,0
00-0040644,Trevor Etienne,RB,CAR,12,0,0,0,0,0,0,0
00-0040645,Cody Simon,LB,ARI,12,0,0,0,0,0,0,0
00-0040654,Kai Kroeger,P,NO,12,0,0,0,0,0,0,0
00-0040663,Harold Fannin Jr.,TE,CLE,12,0,0,1,4,6,4,40
00-0040668,Shedeur Sanders,QB,CLE,12,20,209,1,-1,0,0,0
00-0040669,Isaac TeSlaa,WR,DET,12,0,0,0,0,1,0,0
00-0040670,Nohl Williams,CB,KC,12,0,0,0,0,0,0,0
00-0040672,Tyleik Williams,DT,DET,12,0,0,0,0,0,0,0
00-0040676,Cam Ward,QB,TEN,12,42,256,6,37,0,0,0
00-0040677,Abdul Carter,LB,NYG,12,0,0,0,0,0,0,0
00-0040678,Derrick Harmon,DT,PIT,12,0,0,0,0,0,0,0
00-0040685,Mason Graham,DT,CLE,12,0,0,0,0,0,0,0
00-0040688,Malaki Starks,SAF,BAL,12,0,0,0,0,0,0,0
00-0040694,Darius Alexander,DT,NYG,12,0,0,0,0,0,0,0
00-0040705,Chimere Dike,WR,TEN,12,0,0,0,0,7,5,44
00-0040706,Walter Nolen,DT,ARI,12,0,0,0,0,0,0,0
00-0040708,Jihaad Campbell,LB,PHI,12,0,0,0,0,0,0,0
00-0040709,Maxwell Hairston,CB,BUF,12,0,0,0,0,0,0,0
00-0040710,Deone Walker,DT,BUF,12,0,0,0,0,0,0,0
00-0040711,CJ West,DT,SF,12,0,0,0,0,0,0,0
00-0040716,Craig Woodson,SAF,NE,12,0,0,0,0,0,0,0
00-0040719,Bhayshul Tuten,RB,JAX,12,0,0,7,17,1,0,0
00-0040721,Alfred Collins,DT,SF,12,0,0,0,0,0,0,0
00-0040722,Mike Green,LB,BAL,12,0,0,0,0,0,0,0
00-0040724,T.J. Sanders,DT,BUF,12,0,0,0,0,0,0,0
00-0040725,Donovan Ezeiruaku,LB,DAL,12,0,0,0,0,0,0,0
00-0040733,Nick Emmanwori,SAF,SEA,12,0,0,0,0,0,0,0
00-0040734,TreVeyon Henderson,RB,NE,12,0,0,18,66,4,3,15
00-0040735,Luther Burden III,WR,CHI,12,0,0,1,15,5,3,46
00-0040736,Mason Taylor,TE,NYJ,12,0,0,0,0,5,3,21
00-0040737,Terrance Ferguson,TE,LA,12,0,0,0,0,1,0,0
00-0040738,Demetrius Knight Jr.,LB,CIN,12,0,0,0,0,0,0,0
00-0040739,Elijah Arroyo,TE,SEA,12,0,0,0,0,1,1,5
00-0040743,Tyler Shough,QB,NO,12,43,243,7,22,0,0,0
00-0040744,Jaylahn Tuimolaou,DE,IND,12,0,0,0,0,0,0,0
00-0040746,Nic Scourton,LB,CAR,12,0,0,0,0,0,0,0
00-0040749,Andrew Mukuba,SAF,PHI,12,0,0,0,0,0,0,0
00-0040782,Isaiah Bond,WR,CLE,12,0,0,0,0,2,2,58
00-0040784,Quinshon Judkins,RB,CLE,12,0,0,16,47,0,0,0
,,,HOU,12,0,0,0,0,0,0,0
00-0023459,Aaron Rodgers,QB,PIT,13,21,117,1,0,0,0,0
00-0023853,Matt Prater,K,BUF,13,0,0,0,0,0,0,0
00-0025565,Nick Folk,K,NYJ,13,0,0,0,0,0,0,0
00-0026190,Calais Campbell,DE,ARI,13,0,0,0,0,0,0,0
00-0026498,Matthew Stafford,QB,LA,13,28,243,1,-1,0,0,0
00-0027114,Thomas Morstead,P,SF,13,0,0,0,0,0,0,0
00-0027857,Trent Williams,OT,SF,13,0,0,0,0,0,0,0
00-0027865,Brandon Graham,DE,PHI,13,0,0,0,0,0,0,0
00-0027940,Von Miller,OLB,WAS,13,0,0,0,0,0,0,0
00-0027962,Cameron Jordan,LB,NO,13,0,0,0,0,0,0,0
00-0027969,Cameron Heyward,DE,PIT,13,0,0,0,0,0,0,0
00-0028118,Tyrod Taylor,QB,NYJ,13,33,172,8,44,0,0,0
00-0028872,Johnny Hekker,P,TEN,13,0,0,0,0,0,0,0
00-0029255,Bobby Wagner,MLB,WAS,13,0,0,0,0,0,0,0
00-0029562,Lavonte David,OLB,TB,13,0,0,0,0,0,0,0
00-0029604,Kirk Cousins,QB,ATL,13,33,234,0,0,0,0,0
00-0029606,Harrison Smith,FS,MIN,13,0,0,0,0,0,0,0
00-0029607,Demario Davis,OLB,NO,13,0,0,0,0,0,0,0
00-0029692,Bryan Anger,P,DAL,13,0,0,0,0,0,0,0
00-0029822,Brandon McManus,K,GB,13,0,0,0,0,0,0,0
00-0029892,Kyle Juszczyk,FB,SF,13,0,0,0,0,2,2,27
00-0030061,Zach Ertz,TE,WAS,13,0,0,0,0,13,10,106
00-0030070,John Jenkins,DT,BAL,13,0,0,0,0,0,0,0
00-0030092,Sam Martin,P,CAR,13,0,0,0,0,0,0,0
00-0030114,Jordan Poyer,FS,BUF,13,0,0,0,0,0,0,0
00-0030140,Tress Way,P,WAS,13,0,0,0,0,0,0,0
00-0030279,Keenan Allen,WR,LAC,13,0,0,0,0,5,4,30
00-0030294,Tony Jefferson,S,LAC,13,0,0,0,0,0,0,0
00-0030506,Travis Kelce,TE,KC,13,0,0,0,0,6,5,45
00-0030564,DeAndre Hopkins,WR,BAL,13,0,0,0,0,3,2,25
00-0030565,Geno Smith,QB,LV,13,23,165,2,-6,0,0,0
00-0031040,Khalil Mack,OLB,LAC,13,0,0,0,0,0,0,0
00-0031054,DaQuan Jones,DT,BUF,13,0,0,0,0,0,0,0
00-0031136,Chris Boswell,K,PIT,13,0,0,0,0,0,0,0
00-0031177,Brent Urban,DE,BAL,13,0,0,0,0,0,0,0
00-0031203,Cairo Santos,K,CHI,13,0,0,0,0,0,0,0
00-0031236,Brandin Cooks,WR,BUF,13,0,0,0,0,1,1,13
00-0031254,Denico Autry,DT,HOU,13,0,0,0,0,0,0,0
00-0031270,Shelby Harris,DE,CLE,13,0,0,0,0,0,0,0
00-0031357,C.J. Goodwin,CB,DAL,13,0,0,0,0,0,0,0
00-0031360,Kyle Van Noy,MLB,BAL,13,0,0,0,0,0,0,0
00-0031364,Jadeveon Clowney,DE,DAL,13,0,0,0,0,0,0,0
00-0031381,Davante Adams,WR,LA,13,0,0,0,0,5,4,58
00-0031411,DeMarcus Lawrence,LB,SEA,13,0,0,0,0,0,0,0
00-0031492,Jason Myers,K,SEA,13,0,0,0,0,0,0,0
00-0031550,Shaq Thompson,OLB,BUF,13,0,0,0,0,0,0,0
00-0031551,Eddie Goldman,NT,WAS,13,0,0,0,0,0,0,0
00-0031557,Jordan Phillips,DT,BUF,13,0,0,0,0,0,0,0
00-0031565,Danielle Hunter,DE,HOU,13,0,0,0,0,0,0,0
00-0031583,Grady Jarrett,DT,CHI,13,0,0,0,0,0,0,0
00-0031588,Stefon Diggs,WR,NE,13,0,0,0,0,4,3,26
00-0031610,Darren Waller,TE,MIA,13,0,0,0,0,3,2,47
00-0031687,Raheem Mostert,RB,LV,13,0,0,1,6,0,0,0
00-0031740,Neville Hewitt,LB,NYG,13,0,0,0,0,0,0,0
00-0031898,Alex Singleton,LB,DEN,13,0,0,0,0,0,0,0
00-0031933,Leonard Williams,DE,SEA,13,0,0,0,0,0,0,0
00-0031935,Preston Smith,DE,WAS,13,0,0,0,0,0,0,0
00-0031957,Rakeem Nunez-Roches,DT,NYG,13,0,0,0,0,0,0,0
00-0032052,Dante Fowler Jr.,DE,DAL,13,0,0,0,0,0,0,0
00-0032065,Bradley Pinion,P,ATL,13,0,0,0,0,0,0,0
00-0032103,Denzel Perryman,MLB,LAC,13,0,0,0,0,0,0,0
00-0032104,Ameer Abdullah,RB,IND,13,0,0,0,0,0,0,0
00-0032146,Bud Dupree,OLB,LAC,13,0,0,0,0,0,0,0
00-0032211,Tyler Lockett,WR,LV,13,0,0,0,0,1,1,11
00-0032265,Mario Edwards,DE,HOU,13,0,0,0,0,0,0,0
00-0032268,Marcus Mariota,QB,WAS,13,50,294,10,55,0,0,0
00-0032380,Laremy Tunsil,OT,WAS,13,0,0,0,0,0,0,0
00-0032383,Ryan Kelly,C,MIN,13,0,0,0,0,0,0,0
00-0032385,Sterling Shepard,WR,TB,13,0,0,0,0,2,1,5
00-0032388,Deion Jones,LB,TB,13,0,0,0,0,0,0,0
00-0032391,Joe Thuney,G,CHI,13,0,0,0,0,0,0,0
00-0032415,Matthew Judon,OLB,MIA,13,0,0,0,0,0,0,0
00-0032424,DJ Reader,DT,DET,13,0,0,0,0,0,0,0
00-0032442,Elandon Roberts,OLB,LV,13,0,0,0,0,0,0,0
00-0032569,Wil Lutz,K,DEN,13,0,0,0,0,0,0,0
00-0032580,Jonathan Jones,DB,WAS,13,0,0,0,0,0,0,0
00-0032667,Roy Robertson-Harris,DE,NYG,13,0,0,0,0,0,0,0
00-0032726,Ka'imi Fairbairn,K,HOU,13,0,0,0,0,0,0,0
00-0032759,Sheldon Rankins,DT,HOU,13,0,0,0,0,0,0,0
00-0032762,Chris Jones,DE,KC,13,0,0,0,0,0,0,0
00-0032763,Austin Johnson,NT,JAX,13,0,0,0,0,0,0,0
00-0032764,Derrick Henry,RB,BAL,13,0,0,10,60,1,1,44
00-0032775,Demarcus Robinson,WR,SF,13,0,0,1,6,1,0,0
00-0032889,A'Shawn Robinson,DT,CAR,13,0,0,0,0,0,0,0
00-0032933,Antonio Hamilton,CB,WAS,13,0,0,0,0,0,0,0
00-0032943,Riley Dixon,P,TB,13,0,0,0,0,0,0,0
00-0032951,Laquon Treadwell,WR,IND,13,0,0,0,0,0,0,0
00-0033046,Jihad Ward,LB,TEN,13,0,0,0,0,0,0,0
00-0033051,David Onyemata,DT,ATL,13,0,0,0,0,0,0,0
00-0033055,Jalen Ramsey,CB,PIT,13,0,0,0,0,0,0,0
00-0033066,Andrew Billings,DT,CHI,13,0,0,0,0,0,0,0
00-0033072,Leonard Floyd,DE,ATL,13,0,0,0,0,0,0,0
00-0033073,Emmanuel Ogbah,DE,JAX,13,0,0,0,0,0,0,0
00-0033077,Dak Prescott,QB,DAL,13,39,320,3,-2,0,0,0
00-0033090,Hunter Henry,TE,NE,13,0,0,0,0,6,4,73
00-0033106,Jared Goff,QB,DET,13,26,256,1,24,0,0,0
00-0033119,Jacoby Brissett,QB,ARI,13,40,301,3,16,0,0,0
00-0033120,Kenny Clark,NT,DAL,13,0,0,0,0,0,0,0
00-0033131,Maliek Collins,DT,CLE,13,0,0,0,0,0,0,0
00-0033132,Kevin Byard,FS,CHI,13,0,0,0,0,0,0,0
00-0033156,Joey Bosa,DE,BUF,13,0,0,0,0,0,0,0
00-0033269,Rigoberto Sanchez,P,IND,13,0,0,0,0,0,0,0
00-0033280,Christian McCaffrey,RB,SF,13,1,0,20,53,4,4,21
00-0033281,Marlon Humphrey,CB,BAL,13,0,0,0,0,0,0,0
00-0033288,George Kittle,TE,SF,13,0,0,0,0,5,4,67
00-0033293,Aaron Jones,RB,MIN,13,0,0,6,3,4,4,22
00-0033294,Chuck Clark,SAF,PIT,13,0,0,0,0,0,0,0
00-0033297,D.J. Jones,DT,DEN,13,0,0,0,0,0,0,0
00-0033303,Harrison Butker,K,KC,13,0,0,0,0,0,0,0
00-0033307,Kendrick Bourne,WR,SF,13,0,0,0,0,1,0,0
00-0033319,Nick Mullens,QB,JAX,13,0,0,3,-3,0,0,0
00-0033336,Eric Wilson,LB,MIN,13,0,0,0,0,0,0,0
00-0033357,Taysom Hill,TE,NO,13,0,0,1,2,1,1,5
00-0033375,Tim Patrick,WR,JAX,13,0,0,0,0,1,1,11
00-0033381,Adam Butler,DT,LV,13,0,0,0,0,0,0,0
00-0033393,Kenny Moore II,CB,IND,13,0,0,0,0,0,0,0
00-0033400,Matt Haack,P,ARI,13,0,0,0,0,0,0,0
00-0033455,Anthony Firkser,TE,DET,13,0,0,0,0,1,1,4
00-0033463,Carl Lawson,DE,BAL,13,0,0,0,0,0,0,0
00-0033523,Jonathan Allen,DE,MIN,13,0,0,0,0,0,0,0
00-0033526,Samaje Perine,RB,CIN,13,0,0,14,39,2,2,15
00-0033548,Chidobe Awuzie,CB,BAL,13,0,0,0,0,0,0,0
00-0033551,Rasul Douglas,CB,MIA,13,0,0,0,0,0,0,0
00-0033555,Mack Hollins,WR,NE,13,0,0,0,0,4,3,23
00-0033571,Matt Milano,OLB,BUF,13,0,0,0,0,0,0,0
00-0033572,Jamal Agnew,WR,ATL,13,0,0,0,0,0,0,0
00-0033579,Xavier Woods,FS,TEN,13,0,0,0,0,0,0,0
00-0033697,Michael Davis,CB,NO,13,0,0,0,0,0,0,0
00-0033702,Younghoe Koo,K,NYG,13,0,0,0,0,0,0,0
00-0033787,Jake Elliott,K,PHI,13,0,0,0,0,0,0,0
00-0033854,Dare Ogunbowale,RB,HOU,13,0,0,0,0,0,0,0
00-0033857,JuJu Smith-Schuster,WR,KC,13,0,0,0,0,1,0,0
00-0033858,Jonnu Smith,TE,PIT,13,0,0,0,0,2,1,6
00-0033860,Davon Godchaux,DT,NO,13,0,0,0,0,0,0,0
00-0033862,Zane Gonzalez,K,ATL,13,0,0,0,0,0,0,0
00-0033868,Myles Garrett,DE,CLE,13,0,0,0,0,0,0,0
00-0033870,Solomon Thomas,DE,DAL,13,0,0,0,0,0,0,0
00-0033872,Jamal Adams,LB,LV,13,0,0,0,0,0,0,0
00-0033873,Patrick Mahomes,QB,KC,13,34,261,3,30,0,0,0
00-0033875,Haason Reddick,OLB,TB,13,0,0,0,0,0,0,0
00-0033876,Derek Barnett,DE,HOU,13,0,0,0,0,0,0,0
00-0033877,Malik Hooker,FS,DAL,13,0,0,0,0,0,0,0
00-0033878,Adoree' Jackson,CB,PHI,13,0,0,0,0,0,0,0
00-0033881,Evan Engram,TE,DEN,13,0,0,0,0,9,6,79
00-0033884,Tre'Davious White,CB,BUF,13,0,0,0,0,0,0,0
00-0033885,David Njoku,TE,CLE,13,0,0,0,0,2,2,4
00-0033886,T.J. Watt,OLB,PIT,13,0,0,0,0,0,0,0
00-0033890,Budda Baker,S,ARI,13,0,0,0,0,0,0,0
00-0033901,Ethan Pocic,C,CLE,13,0,0,0,0,0,0,0
00-0033907,Dawuane Smoot,DE,JAX,13,0,0,0,0,0,0,0
00-0033908,Cooper Kupp,WR,SEA,13,0,0,0,0,4,3,24
00-0033913,Chris Wormley,NT,IND,13,0,0,0,0,0,0,0
00-0033914,Alex Anzalone,MLB,DET,13,0,0,0,0,0,0,0
00-0033918,Fabian Moreau,CB,MIN,13,0,0,0,0,0,0,0
00-0033921,Chris Godwin Jr.,WR,TB,13,0,0,0,0,5,3,78
00-0033923,Kareem Hunt,RB,KC,13,0,0,14,58,2,1,22
00-0033928,Jourdan Lewis,CB,JAX,13,0,0,0,0,0,0,0
00-0033941,Rayshawn Jenkins,DB,CLE,13,0,0,0,0,0,0,0
00-0033945,Samson Ebukam,DE,IND,13,0,0,0,0,0,0,0
00-0033952,Grover Stewart,DT,IND,13,0,0,0,0,0,0,0
00-0033955,Jeremy McNichols,RB,WAS,13,0,0,6,30,2,2,0
00-0033964,Al-Quadin Muhammad,LB,DET,13,0,0,0,0,0,0,0
00-0034073,Ross Dwelley,TE,DET,13,0,0,0,0,3,1,3
00-0034084,Mike Badgley,K,IND,13,0,0,0,0,0,0,0
00-0034091,George Odum,DB,IND,13,0,0,0,0,0,0,0
00-0034145,Chris Lammons,DB,IND,13,0,0,0,0,0,0,0
00-0034158,Brian O'Neill,OT,MIN,13,0,0,0,0,0,0,0
00-0034160,Michael Dickson,P,SEA,13,0,0,0,0,0,0,0
00-0034161,Daniel Carlson,K,LV,13,0,0,0,0,0,0,0
00-0034162,J.K. Scott,P,LAC,13,0,0,0,0,0,0,0
00-0034163,Jacob Martin,DE,WAS,13,0,0,0,0,0,0,0
00-0034203,Darious Williams,CB,LA,13,0,0,0,0,0,0,0
00-0034234,Poona Ford,DT,LA,13,0,0,0,0,0,0,0
00-0034248,Elijah Campbell,DB,MIA,13,0,0,0,0,0,0,0
00-0034278,Tremon Smith,CB,HOU,13,0,0,0,0,0,0,0
00-0034285,Zach Sieler,DE,MIA,13,0,0,0,0,0,0,0
00-0034302,Frankie Luvu,LB,WAS,13,0,0,0,0,0,0,0
00-0034320,Kentavius Street,DE,ATL,13,0,0,0,0,0,0,0
00-0034333,Daron Payne,NT,WAS,13,0,0,0,0,0,0,0
00-0034348,Courtland Sutton,WR,DEN,13,0,0,0,0,6,5,62
00-0034350,Uchenna Nwosu,LB,SEA,13,0,0,0,0,0,0,0
00-0034351,Dallas Goedert,TE,PHI,13,0,0,0,0,4,2,27
00-0034356,Donte Jackson,CB,LAC,13,0,0,0,0,0,0,0
00-0034357,Isaiah Oliver,FS,NYJ,13,0,0,0,0,0,0,0
00-0034361,Justin Reid,S,NO,13,0,0,0,0,0,0,0
00-0034365,Ian Thomas,TE,LV,13,0,0,0,0,1,1,8
00-0034371,Da'Shawn Hand,DE,LAC,13,0,0,0,0,0,0,0
00-0034376,Taron Johnson,CB,BUF,13,0,0,0,0,0,0,0
00-0034381,Josh Sweat,LB,ARI,13,0,0,0,0,0,0,0
00-0034383,Dalton Schultz,TE,HOU,13,0,0,0,0,8,7,55
00-0034384,D.J. Reed,CB,DET,13,0,0,0,0,0,0,0
00-0034387,Bilal Nichols,DT,ARI,13,0,0,0,0,0,0,0
00-0034397,Tim Settle,DT,HOU,13,0,0,0,0,0,0,0
00-0034413,Foye Oluokun,LB,JAX,13,0,0,0,0,0,0,0
00-0034418,Cedrick Wilson Jr.,WR,MIA,13,0,0,0,0,2,1,16
00-0034431,Zaire Franklin,OLB,IND,13,0,0,0,0,0,0,0
00-0034437,Logan Cooke,P,JAX,13,0,0,0,0,0,0,0
00-0034446,Jalen Davis,CB,CIN,13,0,0,0,0,0,0,0
00-0034465,Jeremy Reaves,DB,WAS,13,0,0,0,0,0,0,0
00-0034473,Dennis Gardeck,LB,JAX,13,0,0,0,0,0,0,0
00-0034521,Allen Lazard,WR,NYJ,13,0,0,0,0,1,1,10
00-0034573,Charvarius Ward,CB,IND,13,0,0,0,0,0,0,0
00-0034613,Tanner Hudson,TE,CIN,13,0,0,0,0,2,1,14
00-0034675,Jessie Bates,FS,ATL,13,0,0,0,0,0,0,0
00-0034720,Robert Spillane,LB,NE,13,0,0,0,0,0,0,0
00-0034721,Corey Bojorquez,P,CLE,13,0,0,0,0,0,0,0
00-0034752,Orlando Brown,OT,CIN,13,0,0,0,0,0,0,0
00-0034753,Mark Andrews,TE,BAL,13,0,0,0,0,6,4,47
00-0034754,Oren Burks,ILB,CIN,13,0,0,0,0,0,0,0
00-0034760,Nathan Shepherd,DE,NO,13,0,0,0,0,0,0,0
00-0034771,Mason Rudolph,QB,PIT,13,3,0,0,0,0,0,0
00-0034773,Vita Vea,DT,TB,13,0,0,0,0,0,0,0
00-0034778,Carlton Davis III,CB,NE,13,0,0,0,0,0,0,0
00-0034779,Ronnie Harrison,LB,ATL,13,0,0,0,0,0,0,0
00-0034780,Isaac Yiadom,CB,NO,13,0,0,0,0,0,0,0
00-0034782,Harrison Phillips,DT,NYJ,13,0,0,0,0,0,0,0
00-0034789,Minkah Fitzpatrick,FS,MIA,13,0,0,0,0,0,0,0
00-0034790,Derwin James,FS,LAC,13,0,0,0,0,0,0,0
00-0034791,Nick Chubb,RB,HOU,13,0,0,9,34,0,0,0
00-0034796,Lamar Jackson,QB,BAL,13,32,246,6,27,0,0,0
00-0034797,Jerome Baker,OLB,CLE,13,0,0,0,0,0,0,0
00-0034800,B.J. Hill,DE,CIN,13,0,0,0,0,0,0,0
00-0034805,John Franklin-Myers,DE,DEN,13,0,0,0,0,0,0,0
00-0034810,Sebastian Joseph-Day,DT,TEN,13,0,0,0,0,0,0,0
00-0034818,Derrick Nnadi,NT,KC,13,0,0,0,0,0,0,0
00-0034825,Arden Key,DE,TEN,13,0,0,0,0,0,0,0
00-0034827,DJ Moore,WR,CHI,13,0,0,1,10,5,2,17
00-0034828,Harold Landry III,LB,NE,13,0,0,0,0,0,0,0
00-0034829,Mike Gesicki,TE,CIN,13,0,0,0,0,4,2,19
00-0034832,Bradley Chubb,OLB,MIA,13,0,0,0,0,0,0,0
00-0034843,Mike Hughes,CB,ATL,13,0,0,0,0,0,0,0
00-0034844,Saquon Barkley,RB,PHI,13,0,0,13,56,2,0,0
00-0034855,Baker Mayfield,QB,TB,13,28,194,6,27,0,0,0
00-0034856,Denzel Ward,CB,CLE,13,0,0,0,0,0,0,0
00-0034857,Josh Allen,QB,BUF,13,23,123,8,38,0,0,0
00-0034860,Dante Pettis,WR,NO,13,0,0,0,0,0,0,0
00-0034869,Sam Darnold,QB,SEA,13,26,128,0,0,0,0,0
00-0034874,Roquan Smith,ILB,BAL,13,0,0,0,0,0,0,0
00-0034941,Mitch Wishnowsky,P,BUF,13,0,0,0,0,0,0,0
00-0034959,Andrew Beck,FB,NYJ,13,0,0,0,0,0,0,0
00-0034960,Jakobi Meyers,WR,JAX,13,0,0,1,3,6,6,90
00-0034967,Rashan Gary,LB,GB,13,0,0,0,0,0,0,0
00-0034973,Maxx Crosby,DE,LV,13,0,0,0,0,0,0,0
00-0034981,Foster Moreau,TE,NO,13,0,0,0,0,2,2,13
00-0034982,Dre Greenlaw,LB,DEN,13,0,0,0,0,0,0,0
00-0034987,E.J. Speed,LB,HOU,13,0,0,0,0,0,0,0
00-0035042,Jamie Gillan,P,NYG,13,0,0,1,-13,0,0,0
00-0035133,Keisean Nixon,DB,GB,13,0,0,0,0,0,0,0
00-0035156,Jack Fox,P,DET,13,0,0,0,0,0,0,0
00-0035166,Azeez Al-Shaair,LB,HOU,13,0,0,0,0,0,0,0
00-0035190,AJ Cole,P,LV,13,0,0,0,0,0,0,0
00-0035192,Joey Slye,K,TEN,13,0,0,0,0,0,0,0
00-0035202,Del'Shawn Phillips,LB,LAC,13,0,0,0,0,0,0,0
00-0035208,Olamide Zaccheaus,WR,CHI,13,0,0,0,0,3,2,19
00-0035227,P.J. Locke,DB,DEN,13,0,0,0,0,0,0,0
00-0035229,T.J. Hockenson,TE,MIN,13,0,0,0,0,6,6,59
00-0035236,Byron Murphy,CB,MIN,13,0,0,0,0,0,0,0
00-0035240,Jahlani Tavai,LB,NE,13,0,0,0,0,0,0,0
00-0035248,Zach Allen,DE,DEN,13,0,0,0,0,0,0,0
00-0035250,Devin Singletary,RB,NYG,13,0,0,12,68,3,3,34
00-0035253,C.J. Gardner-Johnson,SAF,CHI,13,0,0,0,0,0,0,0
00-0035254,Anthony Nelson,LB,TB,13,0,0,0,0,0,0,0
00-0035261,Tony Pollard,RB,TEN,13,0,0,10,60,2,1,3
00-0035262,Drue Tranquill,LB,KC,13,0,0,0,0,0,0,0
00-0035269,Matt Gay,K,SF,13,0,0,0,0,0,0,0
00-0035272,Andrew Van Ginkel,OLB,MIN,13,0,0,0,0,0,0,0
00-0035276,Blake Cashman,LB,MIN,13,0,0,0,0,0,0,0
00-0035277,Mike Jackson,CB,CAR,13,0,0,0,0,0,0,0
00-0035279,Charles Omenihu,DE,KC,13,0,0,0,0,0,0,0
00-0035280,Jake Bailey,P,MIA,13,0,0,0,0,0,0,0
00-0035286,Cole Holcomb,LB,PIT,13,0,0,0,0,0,0,0
00-0035301,Donovan Wilson,SAF,DAL,13,0,0,0,0,0,0,0
00-0035311,Myles Gaskin,RB,SEA,13,0,0,3,6,0,0,0
00-0035316,Kaden Elliss,LB,ATL,13,0,0,0,0,0,0,0
00-0035352,Tyrel Dodson,LB,MIA,13,0,0,0,0,0,0,0
00-0035357,Cam Lewis,CB,BUF,13,0,0,0,0,0,0,0
00-0035358,Chase McLaughlin,K,TB,13,0,0,0,0,0,0,0
00-0035359,David Sills,WR,ATL,13,0,0,0,0,4,2,15
00-0035378,Andrew Wingard,SAF,JAX,13,0,0,0,0,0,0,0
00-0035402,Carl Granderson,DE,NO,13,0,0,0,0,0,0,0
00-0035406,Lil'Jordan Humphrey,WR,DEN,13,0,0,0,0,1,0,0
00-0035413,Luke Gifford,LB,SF,13,0,0,0,0,0,0,0
00-0035500,Greg Dortch,WR,ARI,13,0,0,0,0,2,2,14
00-0035525,Devin Bush,LB,CLE,13,0,0,0,0,0,0,0
00-0035535,Darius Slayton,WR,NYG,13,0,0,0,0,3,2,41
00-0035537,Ty Johnson,RB,BUF,13,0,0,2,5,5,3,20
00-0035544,Tom Kennedy,WR,DET,13,0,0,0,0,4,4,36
00-0035594,Travis Homer,RB,CHI,13,0,0,0,0,0,0,0
00-0035602,Alex Bachman,WR,LV,13,0,0,0,0,0,0,0
00-0035617,Troy Reeder,LB,LA,13,0,0,0,0,0,0,0
00-0035631,Drew Sample,TE,CIN,13,0,0,1,3,2,1,14
00-0035632,Amani Hooker,SAF,TEN,13,0,0,0,0,0,0,0
00-0035640,DK Metcalf,WR,PIT,13,0,0,0,0,5,3,32
00-0035642,Josh Hines-Allen,DE,JAX,13,0,0,0,0,0,0,0
00-0035643,Jeffery Simmons,DT,TEN,13,0,0,0,0,0,0,0
00-0035644,Noah Fant,TE,CIN,13,0,0,0,0,2,1,3
00-0035645,Gunner Olszewski,WR,NYG,13,0,0,0,0,0,0,0
00-0035647,Montez Sweat,DE,CHI,13,0,0,0,0,0,0,0
00-0035655,Will Harris,SAF,WAS,13,0,0,0,0,0,0,0
00-0035659,Terry McLaurin,WR,WAS,13,0,0,0,0,14,7,96
00-0035662,Marquise Brown,WR,KC,13,0,0,0,0,2,2,20
00-0035667,Greg Gaines,DT,TB,13,0,0,0,0,0,0,0
00-0035669,Nick Scott,SAF,CAR,13,0,0,0,0,0,0,0
00-0035672,Cody Barton,LB,TEN,13,0,0,0,0,0,0,0
00-0035674,Jerry Tillery,DT,KC,13,0,0,0,0,0,0,0
00-0035676,A.J. Brown,WR,PHI,13,0,0,0,0,12,10,132
00-0035678,Dre'Mont Jones,LB,BAL,13,0,0,0,0,0,0,0
00-0035679,Connor McGovern,G,BUF,13,0,0,0,0,0,0,0
00-0035680,Quincy Williams,LB,NYJ,13,0,0,0,0,0,0,0
00-0035681,Mike Edwards,SAF,KC,13,0,0,0,0,0,0,0
00-0035685,David Montgomery,RB,DET,13,1,0,8,32,2,2,16
00-0035687,Bobby Okereke,ILB,NYG,13,0,0,0,0,0,0,0
00-0035688,Trey Pipkins,OT,LAC,13,0,0,0,0,0,0,0
00-0035689,Dawson Knox,TE,BUF,13,0,0,0,0,4,3,28
00-0035692,Clelin Ferrell,DE,SF,13,0,0,0,0,0,0,0
00-0035697,Germaine Pratt,LB,IND,13,0,0,0,0,0,0,0
00-0035699,Jamel Dean,CB,TB,13,0,0,0,0,0,0,0
00-0035700,Josh Jacobs,RB,GB,13,0,0,17,83,1,1,8
00-0035702,Dalton Risner,G,CIN,13,0,0,0,0,0,0,0
00-0035705,Jalen Thompson,DB,ARI,13,0,0,0,0,0,0,0
00-0035707,Devin White,LB,LV,13,0,0,0,0,0,0,0
00-0035710,Daniel Jones,QB,IND,13,27,201,1,1,0,0,0
00-0035713,Brian Burns,LB,NYG,13,0,0,0,0,0,0,0
00-0035718,Quinnen Williams,DT,DAL,13,0,0,0,0,0,0,0
00-0035719,Deebo Samuel Sr.,WR,WAS,13,0,0,2,-3,7,5,64
00-0035763,Malcolm Roach,DT,DEN,13,0,0,0,0,0,0,0
00-0035795,James Pierre,CB,PIT,13,0,0,0,0,0,0,0
00-0035821,Corliss Waitman,P,PIT,13,0,0,0,0,0,0,0
00-0035827,Ross Matiscik,LS,JAX,13,0,0,0,0,0,0,0
00-0035841,Benito Jones,DT,MIA,13,0,0,0,0,0,0,0
00-0035857,Chris Williams,DT,CHI,13,0,0,0,0,0,0,0
00-0035876,Andre Baccellia,WR,ARI,13,0,0,0,0,0,0,0
00-0035889,Tommy Townsend,P,HOU,13,0,0,0,0,0,0,0
00-0035890,Tershawn Wharton,DE,CAR,13,0,0,0,0,0,0,0
00-0035891,Cody White,WR,SEA,13,0,0,0,0,1,1,21
00-0035961,Krys Barnes,LB,CAR,13,0,0,0,0,0,0,0
00-0036036,Terence Steele,OT,DAL,13,0,0,0,0,0,0,0
00-0036037,Sam Franklin Jr.,SAF,BUF,13,0,0,0,0,0,0,0
00-0036040,Juwan Johnson,TE,NO,13,0,0,0,0,9,5,39
00-0036082,Liam McCullough,LS,ATL,13,0,0,0,0,0,0,0
00-0036087,Myles Bryant,CB,HOU,13,0,0,0,0,0,0,0
00-0036124,Khalil Dorsey,CB,DET,13,0,0,0,0,0,0,0
00-0036133,James Proche,WR,TEN,13,0,0,0,0,1,1,13
00-0036139,Rico Dowdle,RB,CAR,13,0,0,18,58,2,2,21
00-0036151,Bryce Huff,DE,SF,13,0,0,0,0,0,0,0
00-0036157,Kristian Welch,LB,GB,13,0,0,0,0,0,0,0
00-0036165,Isaiah Hodgins,WR,NYG,13,0,0,0,0,1,1,4
00-0036181,Teair Tart,DT,LAC,13,0,0,0,0,0,0,0
00-0036182,Nick Westbrook-Ikhine,WR,MIA,13,0,0,0,0,0,0,0
00-0036187,Reggie Gilliam,RB,BUF,13,0,0,0,0,0,0,0
00-0036192,A.J. Epenesa,LB,BUF,13,0,0,0,0,0,0,0
00-0036193,Anfernee Jennings,LB,NE,13,0,0,0,0,0,0,0
00-0036196,Gabe Davis,WR,BUF,13,0,0,0,0,2,1,5
00-0036199,Geno Stone,SAF,CIN,13,0,0,0,0,0,0,0
00-0036204,LaCale London,DE,ATL,13,0,0,0,0,0,0,0
00-0036212,Tua Tagovailoa,QB,MIA,13,23,157,4,4,0,0,0
00-0036220,Derrick Brown,DT,CAR,13,0,0,0,0,0,0,0
00-0036221,Brandon Jones,SAF,DEN,13,0,0,0,0,0,0,0
00-0036222,Isaiah Rodgers,CB,MIN,13,0,0,0,0,0,0,0
00-0036223,Jonathan Taylor,RB,IND,13,0,0,21,85,5,3,36
00-0036224,Jonathan Greenard,LB,MIN,13,0,0,0,0,0,0,0
00-0036231,Kyle Dugger,SAF,PIT,13,0,0,0,0,0,0,0
00-0036244,Colby Parkinson,TE,LA,13,0,0,0,0,5,4,27
00-0036246,Jon Runyan,G,NYG,13,0,0,0,0,0,0,0
00-0036252,Michael Pittman,WR,IND,13,0,0,0,0,4,1,13
00-0036259,Jauan Jennings,WR,SF,13,0,0,0,0,6,4,39
00-0036262,DaVon Hamilton,DT,JAX,13,0,0,0,0,0,0,0
00-0036264,Jordan Love,QB,GB,13,30,234,5,4,0,0,0
00-0036266,Jordan Elliott,DT,SF,13,0,0,0,0,0,0,0
00-0036275,D'Andre Swift,RB,CHI,13,0,0,18,125,2,1,13
00-0036280,Malik Harrison,LB,PIT,13,0,0,0,0,0,0,0
00-0036282,Grant Delpit,SAF,CLE,13,0,0,0,0,0,0,0
00-0036285,A.J. Terrell,CB,ATL,13,0,0,0,0,0,0,0
00-0036286,K'Lavon Chaisson,LB,NE,13,0,0,0,0,0,0,0
00-0036287,Noah Igbinoghene,CB,WAS,13,0,0,0,0,0,0,0
00-0036290,Cole Kmet,TE,CHI,13,0,0,0,0,3,3,36
00-0036292,Jaylon Johnson,CB,CHI,13,0,0,0,0,0,0,0
00-0036293,Jeremy Chinn,SAF,LV,13,0,0,0,0,0,0,0
00-0036294,Logan Wilson,LB,DAL,13,0,0,0,0,0,0,0
00-0036298,Akeem Davis-Gaither,LB,ARI,13,0,0,0,0,0,0,0
00-0036300,Mykal Walker,LB,NYJ,13,0,0,0,0,0,0,0
00-0036302,Jaylinn Hawkins,SAF,NE,13,0,0,0,0,0,0,0
00-0036305,Trevis Gipson,LB,CAR,13,0,0,0,0,0,0,0
00-0036306,Daniel Thomas,SAF,DET,13,0,0,0,0,0,0,0
00-0036309,Darnell Mooney,WR,ATL,13,0,0,0,0,5,2,25
00-0036313,Braden Mann,P,PHI,13,0,0,0,0,0,0,0
00-0036321,Chase Young,DE,NO,13,0,0,0,0,0,0,0
00-0036322,Justin Jefferson,WR,MIN,13,0,0,0,0,6,2,4
00-0036323,Patrick Queen,LB,PIT,13,0,0,0,0,0,0,0
00-0036329,Ashtyn Davis,SAF,MIA,13,0,0,0,0,0,0,0
00-0036331,Devin Duvernay,WR,CHI,13,0,0,0,0,0,0,0
00-0036333,Alex Highsmith,LB,PIT,13,0,0,0,0,0,0,0
00-0036335,D.J. Wonnum,LB,CAR,13,0,0,0,0,0,0,0
00-0036337,James Lynch,DT,TEN,13,0,0,0,0,0,0,0
00-0036338,Troy Dye,LB,LAC,13,0,0,0,0,0,0,0
00-0036347,Blake Brandel,OT,MIN,13,0,0,0,0,0,0,0
00-0036348,Josh Metellus,SAF,MIN,13,0,0,0,0,0,0,0
00-0036349,Kam Curl,SAF,LA,13,0,0,0,0,0,0,0
00-0036355,Justin Herbert,QB,LAC,13,20,151,3,8,0,0,0
00-0036356,Isaiah Simmons,SAF,CAR,13,0,0,0,0,0,0,0
00-0036358,CeeDee Lamb,WR,DAL,13,0,0,0,0,9,7,112
00-0036362,Willie Gay Jr.,LB,MIA,13,0,0,0,0,0,0,0
00-0036366,Neville Gallimore,DT,IND,13,0,0,0,0,0,0,0
00-0036369,John Simpson,G,NYJ,13,0,0,0,0,0,0,0
00-0036371,Leki Fotu,DT,LV,13,0,0,0,0,0,0,0
00-0036375,Amik Robertson,CB,DET,13,0,0,0,0,0,0,0
00-0036378,Michael Danna,LB,KC,13,0,0,0,0,0,0,0
00-0036380,Alohi Gilman,SAF,BAL,13,0,0,0,0,0,0,0
00-0036388,Xavier McKinney,SAF,GB,13,0,0,0,0,0,0,0
00-0036389,Jalen Hurts,QB,PHI,13,34,230,4,31,0,0,0
00-0036406,Tristan Wirfs,OT,TB,13,0,0,0,0,1,1,2
00-0036407,Jerry Jeudy,WR,CLE,13,0,0,0,0,4,3,26
00-0036409,Jordyn Brooks,LB,MIA,13,0,0,0,0,0,0,0
00-0036411,Antoine Winfield Jr.,SAF,TB,13,0,0,0,0,0,0,0
00-0036415,Van Jefferson,WR,TEN,13,0,0,0,0,4,3,20
00-0036418,Zack Baun,LB,PHI,13,0,0,0,0,0,0,0
00-0036421,Terrell Burgess,SAF,NO,13,0,0,0,0,0,0,0
00-0036422,Adam Trautman,TE,DEN,13,0,0,0,0,4,3,47
00-0036441,"Kenneth Murray, Jr.",LB,DAL,13,0,0,0,0,0,0,0
00-0036442,Joe Burrow,QB,CIN,13,46,261,3,8,0,0,0
00-0036479,Kwity Paye,DE,IND,13,0,0,0,0,0,0,0
00-0036483,Will Fries,G,MIN,13,0,0,0,0,0,0,0
00-0036500,Jamien Sherwood,LB,NYJ,13,0,0,0,0,0,0,0
00-0036502,Jason Pinnock,SAF,SF,13,0,0,0,0,0,0,0
00-0036504,Brandin Echols,CB,PIT,13,0,0,0,0,0,0,0
00-0036550,Rashod Bateman,WR,BAL,13,0,0,0,0,1,0,0
00-0036554,Nico Collins,WR,HOU,13,0,0,1,7,10,5,98
00-0036555,Chuba Hubbard,RB,CAR,13,0,0,17,83,2,2,41
00-0036563,Deommodore Lenoir,CB,SF,13,0,0,0,0,0,0,0
00-0036564,Talanoa Hufanga,SAF,DEN,13,0,0,0,0,0,0,0
00-0036568,Roy Lopez,DT,DET,13,0,0,0,0,0,0,0
00-0036569,Gary Brightwell,RB,CIN,13,0,0,0,0,0,0,0
00-0036590,Quintin Morris,TE,JAX,13,0,0,0,0,2,1,14
00-0036613,Jaylen Waddle,WR,MIA,13,0,0,0,0,6,3,40
00-0036617,Asante Samuel Jr.,CB,PIT,13,0,0,0,0,0,0,0
00-0036618,Sam Cosmi,OT,WAS,13,0,0,0,0,0,0,0
00-0036619,Dillon Radunz,OT,NO,13,0,0,0,0,0,0,0
00-0036621,Nick Bolton,LB,KC,13,0,0,0,0,0,0,0
00-0036624,Alim McNeill,DT,DET,13,0,0,0,0,0,0,0
00-0036628,John Bates,TE,WAS,13,0,0,0,0,2,2,9
00-0036629,Camryn Bynum,SAF,IND,13,0,0,0,0,0,0,0
00-0036649,Quinton Bohanna,DT,SEA,13,0,0,0,0,0,0,0
00-0036655,Cole Van Lanen,G,JAX,13,0,0,0,0,0,0,0
00-0036658,Isaiah McDuffie,LB,GB,13,0,0,0,0,0,0,0
00-0036677,Zayne Anderson,SAF,GB,13,0,0,0,0,0,0,0
00-0036683,Devon Key,SAF,DEN,13,0,0,0,0,0,0,0
00-0036704,Caleb Johnson,LB,MIA,13,0,0,0,0,0,0,0
00-0036705,Sam Kamara,DT,CLE,13,0,0,0,0,0,0,0
00-0036711,Charles Snowden,DE,LV,13,0,0,0,0,0,0,0
00-0036716,Amen Ogbongbemiga,LB,CHI,13,0,0,0,0,0,0,0
00-0036727,Adam Prentice,FB,DEN,13,0,0,1,3,1,1,11
00-0036728,Curtis Robinson,LB,SF,13,0,0,0,0,0,0,0
00-0036755,Jaret Patterson,RB,LAC,13,0,0,11,54,0,0,0
00-0036813,Christian Elliss,LB,NE,13,0,0,0,0,0,0,0
00-0036816,Riley Patterson,K,MIA,13,0,0,0,0,0,0,0
00-0036841,Austin Trammell,WR,JAX,13,0,0,0,0,4,0,0
00-0036854,Evan McPherson,K,CIN,13,0,0,0,0,0,0,0
00-0036862,Ben Skowronek,WR,PIT,13,0,0,0,0,1,0,0
00-0036867,Chris Rumph II,LB,NO,13,0,0,0,0,0,0,0
00-0036870,Buddy Johnson,LB,IND,13,0,0,0,0,0,0,0
00-0036874,Pat Surtain II,CB,DEN,13,0,0,0,0,0,0,0
00-0036875,Rhamondre Stevenson,RB,NE,13,0,0,12,40,3,3,40
00-0036883,Tommy Togiai,DT,HOU,13,0,0,0,0,0,0,0
00-0036887,Luke Farrell,TE,SF,13,0,0,0,0,1,0,0
00-0036900,Ja'Marr Chase,WR,CIN,13,0,0,0,0,14,7,110
00-0036901,Eric Stokes,CB,LV,13,0,0,0,0,0,0,0
00-0036902,Joseph Ossai,DE,CIN,13,0,0,0,0,0,0,0
00-0036904,Robert Rochell,CB,CAR,13,0,0,0,0,0,0,0
00-0036912,DeVonta Smith,WR,PHI,13,0,0,0,0,8,5,48
00-0036914,Greg Rousseau,LB,BUF,13,0,0,0,0,0,0,0
00-0036919,Kenny Gainwell,RB,PIT,13,0,0,5,20,3,2,25
00-0036922,Patrick Johnson,DE,PHI,13,0,0,0,0,0,0,0
00-0036924,Michael Carter,RB,ARI,13,0,0,5,17,6,5,47
00-0036927,Pete Werner,LB,NO,13,0,0,0,0,0,0,0
00-0036932,Micah Parsons,LB,GB,13,0,0,0,0,0,0,0
00-0036933,Zaven Collins,LB,ARI,13,0,0,0,0,0,0,0
00-0036934,Jaelan Phillips,LB,PHI,13,0,0,0,0,0,0,0
00-0036937,Paulson Adebo,CB,NYG,13,0,0,0,0,0,0,0
00-0036940,Odafe Oweh,LB,LAC,13,0,0,0,0,0,0,0
00-0036942,Osa Odighizuwa,DT,DAL,13,0,0,0,0,0,0,0
00-0036952,Jonathon Cooper,LB,DEN,13,0,0,0,0,0,0,0
00-0036963,Amon-Ra St. Brown,WR,DET,13,0,0,0,0,1,0,0
00-0036964,Derrick Barnes,LB,DET,13,0,0,0,0,0,0,0
00-0036967,Joe Tryon-Shoyinka,DE,CHI,13,0,0,0,0,0,0,0
00-0036970,Kyle Pitts,TE,ATL,13,0,0,0,0,8,7,82
00-0036971,Trevor Lawrence,QB,JAX,13,27,229,3,25,0,0,0
00-0036972,Mac Jones,QB,SF,13,0,0,2,2,0,0,0
00-0036973,Travis Etienne,RB,JAX,13,0,0,12,28,1,1,13
00-0036974,Tyson Campbell,CB,CLE,13,0,0,0,0,0,0,0
00-0036981,Christian Barmore,DT,NE,13,0,0,0,0,0,0,0
00-0036982,Chauncey Golston,DE,NYG,13,0,0,0,0,0,0,0
00-0036985,Robert Hainsey,OT,JAX,13,0,0,0,0,0,0,0
00-0036986,Nahshon Wright,CB,CHI,13,0,0,0,0,0,0,0
00-0036987,Brandon Stephens,CB,NYJ,13,0,0,0,0,0,0,0
00-0036989,Malcolm Koonce,DE,LV,13,0,0,0,0,0,0,0
00-0036990,Divine Deablo,LB,ATL,13,0,0,0,0,0,0,0
00-0036992,Elijah Molden,CB,LAC,13,0,0,0,0,0,0,0
00-0036993,Ifeatu Melifonwu,SAF,MIA,13,0,0,0,0,0,0,0
00-0036994,Ernest Jones,LB,SEA,13,0,0,0,0,0,0,0
00-0036995,Baron Browning,LB,ARI,13,0,0,0,0,0,0,0
00-0036997,Javonte Williams,RB,DAL,13,0,0,17,59,3,3,21
00-0036998,Jevon Holland,SAF,NYG,13,0,0,0,0,0,0,0
00-0037002,Landon Dickerson,G,PHI,13,0,0,0,0,0,0,0
00-0037005,Tommy Tremble,TE,CAR,13,0,0,0,0,2,1,2
00-0037012,Trey Lance,QB,LAC,13,1,9,4,4,0,0,0
00-0037034,Dee Alford,CB,ATL,13,0,0,0,0,0,0,0
00-0037073,Jordan Davis,DT,PHI,13,0,0,0,0,0,0,0
00-0037075,Devonte Wyatt,DT,GB,13,0,0,0,0,0,0,0
00-0037079,Riq Woolen,CB,SEA,13,0,0,0,0,0,0,0
00-0037083,Kingsley Enagbare,LB,GB,13,0,0,0,0,0,0,0
00-0037085,Tyler Badie,RB,DEN,13,0,0,0,0,5,3,18
00-0037091,Bo Melton,WR,GB,13,0,0,2,15,1,0,0
00-0037096,Elijah Hicks,SAF,CHI,13,0,0,0,0,0,0,0
00-0037106,Jaylon Jones,DB,CHI,13,0,0,0,0,0,0,0
00-0037120,Tyler Goodson,RB,IND,13,0,0,0,0,0,0,0
00-0037129,Josh Blackwell,CB,CHI,13,0,0,0,0,0,0,0
00-0037130,Reed Blankenship,SAF,PHI,13,0,0,0,0,0,0,0
00-0037132,Britain Covey,WR,PHI,13,0,0,0,0,0,0,0
00-0037137,Josh Jobe,CB,SEA,13,0,0,0,0,0,0,0
00-0037155,Tony Adams,SAF,NYJ,13,0,0,0,0,0,0,0
00-0037157,Bam Knight,RB,ARI,13,0,0,11,62,3,3,36
00-0037191,Trent McDuffie,CB,KC,13,0,0,0,0,0,0,0
00-0037192,George Karlaftis,DE,KC,13,0,0,0,0,0,0,0
00-0037193,Bryan Cook,SAF,KC,13,0,0,0,0,0,0,0
00-0037195,Jaylen Watson,CB,KC,13,0,0,0,0,0,0,0
00-0037196,Rasheed Walker,OT,GB,13,0,0,0,0,0,0,0
00-0037197,Isiah Pacheco,RB,KC,13,0,0,3,16,2,2,17
00-0037203,LaBryan Ray,DT,CAR,13,0,0,0,0,0,0,0
00-0037207,Mike Caliendo,G,KC,13,0,0,0,0,0,0,0
00-0037224,Cameron Dicker,K,LAC,13,0,0,0,0,0,0,0
00-0037228,Jaylen Warren,RB,PIT,13,0,0,10,35,4,2,9
00-0037236,Aidan Hutchinson,DE,DET,13,0,0,0,0,0,0,0
00-0037239,Chris Olave,WR,NO,13,0,0,0,0,7,4,47
00-0037240,Jameson Williams,WR,DET,13,0,0,1,-5,10,7,144
00-0037244,Devin Lloyd,LB,JAX,13,0,0,0,0,0,0,0
00-0037246,Jalen Pitre,SAF,HOU,13,0,0,0,0,0,0,0
00-0037247,George Pickens,WR,DAL,13,0,0,0,0,13,6,88
00-0037248,James Cook,RB,BUF,13,0,0,32,144,3,3,33
00-0037249,Nik Bonitto,LB,DEN,13,0,0,0,0,0,0,0
00-0037252,Greg Dulcich,TE,MIA,13,0,0,0,0,2,2,24
00-0037253,Marcus Jones,CB,NE,13,0,0,0,0,0,0,0
00-0037256,Rachaad White,RB,TB,13,0,0,2,7,3,3,22
00-0037261,Khalil Shakir,WR,BUF,13,0,0,0,0,4,1,5
00-0037262,Thomas Booker,DT,LV,13,0,0,0,0,0,0,0
00-0037263,Tyler Allgeier,RB,ATL,13,0,0,8,20,2,2,35
00-0037267,Jerome Ford,RB,CLE,13,0,0,0,0,3,3,17
00-0037268,Zyon McCollum,CB,TB,13,0,0,0,0,0,0,0
00-0037271,D'Marco Jackson,LB,CHI,13,0,0,0,0,0,0,0
00-0037274,Esezi Otomewo,DT,PIT,13,0,0,0,0,0,0,0
00-0037275,DaRon Bland,CB,DAL,13,0,0,0,0,0,0,0
00-0037284,Matt Araiza,P,KC,13,0,0,0,0,0,0,0
00-0037288,Christian Benford,CB,BUF,13,0,0,0,0,0,0,0
00-0037291,Jalen Nailor,WR,MIN,13,0,0,0,0,1,0,0
00-0037292,Andrew Ogletree,TE,IND,13,0,0,0,0,1,1,8
00-0037295,Jamaree Salyer,G,LAC,13,0,0,0,0,0,0,0
00-0037306,John FitzPatrick,TE,GB,13,0,0,0,0,1,0,0
00-0037307,Ja'Sir Taylor,CB,NYJ,13,0,0,0,0,0,0,0
00-0037310,James Houston,LB,DAL,13,0,0,0,0,0,0,0
00-0037313,Montaric Brown,CB,JAX,13,0,0,0,0,0,0,0
00-0037315,Cameron Goode,LB,MIA,13,0,0,0,0,0,0,0
00-0037318,Baylon Spector,LB,BUF,13,0,0,0,0,0,0,0
00-0037320,Deane Leonard,CB,LAC,13,0,0,0,0,0,0,0
00-0037332,D'Anthony Bell,SAF,SEA,13,0,0,0,0,0,0,0
00-0037384,Ja'Quan McMillian,CB,DEN,13,0,0,0,0,0,0,0
00-0037413,Ben Brown,C,NE,13,0,0,0,0,0,0,0
00-0037428,Alec Anderson,OT,BUF,13,0,0,0,0,0,0,0
00-0037447,Tomon Fox,LB,NYG,13,0,0,0,0,0,0,0
00-0037457,Jake Hansen,LB,HOU,13,0,0,0,0,0,0,0
00-0037487,Deven Thompkins,WR,ATL,13,0,0,1,5,2,2,23
00-0037493,Mike Brown,SAF,TEN,13,0,0,0,0,0,0,0
00-0037500,Ryan Wright,P,MIN,13,0,0,0,0,0,0,0
00-0037512,Isaiah Pola-Mao,SAF,LV,13,0,0,0,0,0,0,0
00-0037525,Jordan Mason,RB,MIN,13,0,0,6,47,1,1,1
00-0037526,Marcelino McCrary-Ball,LB,NYJ,13,0,0,0,0,0,0,0
00-0037545,Rashid Shaheed,WR,SEA,13,0,0,1,9,3,1,7
00-0037547,Daniel Whelan,P,GB,13,0,0,0,0,0,0,0
00-0037549,Darrell Baker Jr.,CB,TEN,13,0,0,0,0,0,0,0
00-0037557,Ronnie Rivers,RB,LA,13,0,0,0,0,0,0,0
00-0037561,Markquese Bell,SAF,DAL,13,0,0,0,0,0,0,0
00-0037563,Malik Davis,RB,DAL,13,0,0,3,47,0,0,0
00-0037587,Nate Landman,LB,LA,13,0,0,0,0,0,0,0
00-0037594,Julius Chestnut,RB,TEN,13,0,0,0,0,0,0,0
00-0037596,Jack Gibbens,LB,NE,13,0,0,0,0,0,0,0
00-0037614,John Metchie III,WR,NYJ,13,0,0,1,-2,8,4,19
00-0037615,Nakobe Dean,LB,PHI,13,0,0,0,0,0,0,0
00-0037616,Nick Cross,SAF,IND,13,0,0,0,0,0,0,0
00-0037633,Jacob Hummel,LB,BAL,13,0,0,0,0,0,0,0
00-0037662,C.J. Brewer,DT,TB,13,0,0,0,0,0,0,0
00-0037663,Jermaine Johnson II,DE,NYJ,13,0,0,0,0,0,0,0
00-0037664,Alec Pierce,WR,IND,13,0,0,0,0,5,4,78
00-0037665,Sam Williams,LB,DAL,13,0,0,0,0,0,0,0
00-0037666,Jalen Tolbert,WR,DAL,13,0,0,0,0,0,0,0
00-0037692,Brandon Aubrey,K,DAL,13,0,0,0,0,0,0,0
00-0037711,Jeremiah Pharms Jr.,DT,NE,13,0,0,0,0,0,0,0
00-0037741,Jahan Dotson,WR,PHI,13,0,0,0,0,3,1,12
00-0037742,Treylon Burks,WR,WAS,13,0,0,0,0,4,1,5
00-0037743,Daxton Hill,DB,CIN,13,0,0,0,0,0,0,0
00-0037744,Trey McBride,TE,ARI,13,0,0,0,0,9,8,82
00-0037746,Brian Robinson,RB,SF,13,0,0,8,26,0,0,0
00-0037752,Tycen Anderson,SAF,CIN,13,0,0,0,0,0,0,0
00-0037756,Travis Jones,DT,BAL,13,0,0,0,0,0,0,0
00-0037757,Bernhard Raimann,OT,IND,13,0,0,0,0,0,0,0
00-0037758,Cordale Flott,CB,NYG,13,0,0,0,0,0,0,0
00-0037799,Dondrea Tillman,LB,DEN,13,0,0,0,0,0,0,0
00-0037801,KaVontae Turpin,WR,DAL,13,0,0,3,33,2,2,28
00-0037805,Jeremy Ruckert,TE,NYJ,13,0,0,0,0,2,2,12
00-0037809,Chig Okonkwo,TE,TEN,13,0,0,0,0,5,4,29
00-0037813,Channing Tindall,LB,ARI,13,0,0,0,0,0,0,0
00-0037815,Cameron Thomas,DE,CLE,13,0,0,0,0,0,0,0
00-0037816,Romeo Doubs,WR,GB,13,0,0,0,0,4,4,20
00-0037819,Leo Chenal,LB,KC,13,0,0,0,0,0,0,0
00-0037823,Christian Harris,LB,HOU,13,0,0,0,0,0,0,0
00-0037832,Kalia Davis,DT,SF,13,0,0,0,0,0,0,0
00-0037834,Brock Purdy,QB,SF,13,29,168,2,4,0,0,0
00-0037835,Luke Goedeke,OT,TB,13,0,0,0,0,0,0,0
00-0037837,Calvin Austin III,WR,PIT,13,0,0,0,0,2,0,0
00-0037838,Isaiah Likely,TE,BAL,13,0,0,0,0,6,5,95
00-0037839,Cobie Durant,CB,LA,13,0,0,0,0,0,0,0
00-0037840,Kyren Williams,RB,LA,13,0,0,13,72,1,0,0
00-0037843,Daniel Hardy,DE,CHI,13,0,0,0,0,0,0,0
00-0038038,Kyle Hamilton,SAF,BAL,13,0,0,0,0,0,0,0
00-0038039,Jack Jones,CB,MIA,13,0,0,0,0,0,0,0
00-0038041,Jake Ferguson,TE,DAL,13,0,0,0,0,6,5,36
00-0038046,Charlie Kolar,TE,BAL,13,0,0,0,0,1,1,17
00-0038090,Skyy Moore,WR,SF,13,0,0,0,0,0,0,0
00-0038094,Jordan Stout,P,BAL,13,0,0,0,0,0,0,0
00-0038100,Percy Butler,SAF,WAS,13,0,0,0,0,0,0,0
00-0038101,Akayleb Evans,CB,CAR,13,0,0,0,0,0,0,0
00-0038104,Tyquan Thornton,WR,KC,13,0,0,0,0,0,0,0
00-0038106,Eyioma Uwazurike,DT,DEN,13,0,0,0,0,0,0,0
00-0038107,Micheal Clemons,DE,NYJ,13,0,0,0,0,0,0,0
00-0038111,Kyler Gordon,CB,CHI,13,0,0,0,0,0,0,0
00-0038116,Arnold Ebiketie,LB,ATL,13,0,0,0,0,0,0,0
00-0038117,Wan'Dale Robinson,WR,NYG,13,0,0,0,0,8,7,34
00-0038120,Breece Hall,RB,NYJ,13,0,0,19,68,2,2,8
00-0038121,Alontae Taylor,CB,NO,13,0,0,0,0,0,0,0
00-0038123,Dane Belton,SAF,NYG,13,0,0,0,0,0,0,0
00-0038124,Christian Watson,WR,GB,13,0,0,1,3,10,4,80
00-0038127,Logan Hall,DE,TB,13,0,0,0,0,0,0,0
00-0038129,Cade Otton,TE,TB,13,0,0,0,0,2,2,9
00-0038133,Boye Mafe,DE,SEA,13,0,0,0,0,0,0,0
00-0038134,Kenneth Walker III,RB,SEA,13,0,0,13,56,4,3,18
00-0038135,Jaquan Brisker,SAF,CHI,13,0,0,0,0,0,0,0
00-0038136,Coby Bryant,CB,SEA,13,0,0,0,0,0,0,0
00-0038359,Xavier Smith,WR,LA,13,0,0,0,0,3,3,82
00-0038381,Kyu Blu Kelly,CB,LV,13,0,0,0,0,0,0,0
00-0038383,Andrew Vorhees,G,BAL,13,0,0,0,0,0,0,0
00-0038386,Jalen Carter,DT,PHI,13,0,0,0,0,0,0,0
00-0038387,Colby Wooden,DE,GB,13,0,0,0,0,0,0,0
00-0038393,Dontayvion Wicks,WR,GB,13,0,0,1,6,7,6,94
00-0038397,Evan Hull,RB,NO,13,0,0,5,15,0,0,0
00-0038399,Zaire Barnes,LB,NYG,13,0,0,0,0,0,0,0
00-0038407,Jaylon Jones,DB,IND,13,0,0,0,0,0,0,0
00-0038408,Carrington Valentine,DB,GB,13,0,0,0,0,0,0,0
00-0038412,Moro Ojomo,DT,PHI,13,0,0,0,0,0,0,0
00-0038414,Kendall Williamson,SAF,LAC,13,0,0,0,0,0,0,0
00-0038428,Andre Szmyt,K,CLE,13,0,0,0,0,0,0,0
00-0038440,Zavier Scott,RB,MIN,13,0,0,3,17,1,1,4
00-0038454,Keaton Mitchell,RB,BAL,13,0,0,2,19,3,2,12
00-0038465,Malik Heath,WR,GB,13,0,0,0,0,1,0,0
00-0038504,Trenton Simpson,LB,BAL,13,0,0,0,0,0,0,0
00-0038514,Truman Jones,DE,TEN,13,0,0,0,0,0,0,0
00-0038519,Nikko Remigio,WR,KC,13,0,0,0,0,0,0,0
00-0038521,Reese Taylor,DB,DEN,13,0,0,0,0,0,0,0
00-0038541,Tyree Wilson,DE,LV,13,0,0,0,0,0,0,0
00-0038542,Bijan Robinson,RB,ATL,13,0,0,23,142,7,5,51
00-0038543,Jaxon Smith-Njigba,WR,SEA,13,0,0,0,0,4,2,23
00-0038544,Quentin Johnston,WR,LAC,13,0,0,0,0,3,3,23
00-0038546,Myles Murphy,DE,CIN,13,0,0,0,0,0,0,0
00-0038547,Luke Schoonmaker,TE,DAL,13,0,0,0,0,1,1,1
00-0038549,DJ Turner II,CB,CIN,13,0,0,0,0,0,0,0
00-0038552,Riley Moss,CB,DEN,13,0,0,0,0,0,0,0
00-0038553,Daiyan Henley,LB,LAC,13,0,0,0,0,0,0,0
00-0038554,Ji'Ayir Brown,SAF,SF,13,0,0,0,0,0,0,0
00-0038556,DeMarvion Overshown,LB,DAL,13,0,0,0,0,0,0,0
00-0038557,Dorian Williams,LB,BUF,13,0,0,0,0,0,0,0
00-0038558,Darnell Washington,TE,PIT,13,0,0,0,0,4,2,45
00-0038559,Michael Wilson,WR,ARI,13,0,0,0,0,7,3,36
00-0038560,Jordan Battle,SAF,CIN,13,0,0,0,0,0,0,0
00-0038562,Jake Moody,K,WAS,13,0,0,0,0,0,0,0
00-0038563,Tre Tucker,WR,LV,13,0,0,0,0,3,3,20
00-0038564,Cameron Latu,TE,PHI,13,0,0,0,0,0,0,0
00-0038565,Mekhi Blackmon,DB,IND,13,0,0,0,0,0,0,0
00-0038567,Chad Ryland,K,ARI,13,0,0,0,0,0,0,0
00-0038570,Ventrell Miller,LB,JAX,13,0,0,0,0,0,0,0
00-0038573,Derius Davis,WR,LAC,13,0,0,0,0,0,0,0
00-0038574,Isaiah McGuire,DE,CLE,13,0,0,0,0,0,0,0
00-0038576,Charlie Jones,WR,CIN,13,0,0,0,0,0,0,0
00-0038577,Nick Herbig,LB,PIT,13,0,0,0,0,0,0,0
00-0038578,Jay Ward,SAF,MIN,13,0,0,0,0,0,0,0
00-0038588,Jordan Howden,SAF,NO,13,0,0,0,0,0,0,0
00-0038589,Josh Whyle,TE,GB,13,0,0,0,0,1,0,0
00-0038594,Darrell Luter Jr.,CB,SF,13,0,0,0,0,0,0,0
00-0038596,Antonio Johnson,SAF,JAX,13,0,0,0,0,0,0,0
00-0038597,Chase Brown,RB,CIN,13,0,0,15,78,7,7,35
00-0038599,Henry To'oTo'o,LB,HOU,13,0,0,0,0,0,0,0
00-0038603,Robert Beal Jr.,DE,SF,13,0,0,0,0,0,0,0
00-0038605,JL Skinner,SAF,DEN,13,0,0,0,0,0,0,0
00-0038606,Parker Washington,WR,JAX,13,0,0,0,0,3,1,26
00-0038608,Kayshon Boutte,WR,NE,13,0,0,0,0,5,4,35
00-0038610,Bryce Baringer,P,NE,13,0,0,0,0,0,0,0
00-0038611,Chris Rodriguez Jr.,RB,WAS,13,0,0,11,41,1,0,0
00-0038616,Christian Braswell,CB,JAX,13,0,0,0,0,0,0,0
00-0038618,Xavier Hutchinson,WR,HOU,13,0,0,0,0,5,2,39
00-0038619,Andrei Iosivas,WR,CIN,13,0,0,0,0,2,1,29
00-0038621,DeMario Douglas,WR,NE,13,0,0,0,0,3,3,33
00-0038623,Dante Stills,DT,ARI,13,0,0,0,0,0,0,0
00-0038624,Ameer Speed,CB,HOU,13,0,0,0,0,0,0,0
00-0038625,Dee Winters,LB,SF,13,0,0,0,0,0,0,0
00-0038642,D.J. Ivey,CB,CIN,13,0,0,0,0,0,0,0
00-0038648,Jalen Graham,LB,SF,13,0,0,0,0,0,0,0
00-0038653,Cory Durden,DT,NE,13,0,0,0,0,0,0,0
00-0038660,Trevor Nowaske,LB,DET,13,0,0,0,0,0,0,0
00-0038684,Ethan Bonner,CB,MIA,13,0,0,0,0,0,0,0
00-0038685,Chris Brooks,RB,GB,13,0,0,0,0,2,2,9
00-0038694,Brandon Pili,DT,SEA,13,0,0,0,0,0,0,0
00-0038710,Blake Whiteheart,TE,CLE,13,0,0,0,0,0,0,0
00-0038711,Mohamoud Diabate,LB,CLE,13,0,0,0,0,0,0,0
00-0038715,Ronnie Hickman Jr.,SAF,CLE,13,0,0,0,0,0,0,0
00-0038720,Julian Hill,TE,MIA,13,0,0,0,0,1,0,0
00-0038764,Patrick O'Connell,LB,SEA,13,0,0,0,0,0,0,0
00-0038765,Ty Okada,SAF,SEA,13,0,0,0,0,0,0,0
00-0038778,Jalen Redmond,DL,MIN,13,0,0,0,0,0,0,0
00-0038791,Thomas Incoom,LB,CAR,13,0,0,0,0,0,0,0
00-0038794,Jaleel McLaughlin,RB,DEN,13,0,0,6,24,1,1,6
00-0038795,PJ Mustipher,DT,ARI,13,0,0,0,0,0,0,0
00-0038797,Emanuel Wilson,RB,GB,13,0,0,4,14,0,0,0
00-0038824,Ryan Miller,WR,TB,13,0,0,0,0,0,0,0
00-0038839,Mitchell Tinsley,WR,CIN,13,0,0,0,0,9,2,22
00-0038840,Brycen Tremayne,WR,CAR,13,0,0,0,0,0,0,0
00-0038851,Caleb Murphy,LB,NE,13,0,0,0,0,0,0,0
00-0038922,Drake Thomas,LB,SEA,13,0,0,0,0,0,0,0
00-0038932,Darnell Wright,OT,CHI,13,0,0,0,0,0,0,0
00-0038934,Anton Harrison,OT,JAX,13,0,0,0,0,0,0,0
00-0038935,Brenton Strange,TE,JAX,13,0,0,0,0,4,3,45
00-0038951,Sean Tucker,RB,TB,13,0,0,2,0,0,0,0
00-0038953,Dylan Drummond,WR,ATL,13,0,0,0,0,3,1,3
00-0038958,Markees Watts,LB,TB,13,0,0,0,0,0,0,0
00-0038966,Natrone Brooks,DB,ATL,13,0,0,0,0,0,0,0
00-0038976,Marvin Mims Jr.,WR,DEN,13,0,0,1,9,2,2,8
00-0038978,Byron Young,DT,PHI,13,0,0,0,0,0,0,0
00-0038979,Cedric Tillman,WR,CLE,13,0,0,0,0,1,0,0
00-0038982,Chamarri Conner,DB,KC,13,0,0,0,0,0,0,0
00-0038994,Jordan Addison,WR,MIN,13,0,0,0,0,10,5,36
00-0038995,Bryan Bresee,DT,NO,13,0,0,0,0,0,0,0
00-0038997,Josh Downs,WR,IND,13,0,0,0,0,6,2,44
00-0039000,Deonte Banks,CB,NYG,13,0,0,0,0,0,0,0
00-0039001,Tyler Steen,OT,PHI,13,0,0,0,0,0,0,0
00-0039002,Sydney Brown,SAF,PHI,13,0,0,0,0,0,0,0
00-0039007,Garrett Williams,CB,ARI,13,0,0,0,0,0,0,0
00-0039009,Dylan Horton,DE,HOU,13,0,0,0,0,0,0,0
00-0039013,Nolan Smith,LB,PHI,13,0,0,0,0,0,0,0
00-0039018,Jack Campbell,LB,DET,13,0,0,0,0,0,0,0
00-0039031,Adetomiwa Adebawore,DT,IND,13,0,0,0,0,0,0,0
00-0039032,Tyjae Spears,RB,TEN,13,0,0,2,-1,6,6,25
00-0039034,Peter Skoronski,OT,TEN,13,0,0,0,0,0,0,0
00-0039040,De'Von Achane,RB,MIA,13,0,0,22,134,1,0,0
00-0039041,Elijah Higgins,TE,ARI,13,0,0,0,0,2,2,17
00-0039047,Derick Hall,LB,SEA,13,0,0,0,0,0,0,0
00-0039049,SirVocea Dennis,LB,TB,13,0,0,0,0,0,0,0
00-0039050,Payne Durham,TE,TB,13,0,0,0,0,1,1,11
00-0039051,Josh Hayes,DB,TB,13,0,0,0,0,0,0,0
00-0039054,Marte Mapu,LB,NE,13,0,0,0,0,0,0,0
00-0039059,Ethan Evans,P,LA,13,0,0,0,0,0,0,0
00-0039064,Zay Flowers,WR,BAL,13,0,0,0,0,7,2,6
00-0039067,Rashee Rice,WR,KC,13,0,0,1,2,12,8,92
00-0039068,Yaya Diaby,LB,TB,13,0,0,0,0,0,0,0
00-0039070,Gervon Dexter Sr.,DT,CHI,13,0,0,0,0,0,0,0
00-0039074,Davis Allen,TE,LA,13,0,0,0,0,1,1,4
00-0039075,Puka Nacua,WR,LA,13,0,0,0,0,9,6,72
00-0039076,Nick Hampton,LB,LA,13,0,0,0,0,0,0,0
00-0039108,Will Anderson Jr.,DE,HOU,13,0,0,0,0,0,0,0
00-0039110,Keeanu Benton,DT,PIT,13,0,0,0,0,0,0,0
00-0039111,Tuli Tuipulotu,LB,LAC,13,0,0,0,0,0,0,0
00-0039137,Byron Young,LB,LA,13,0,0,0,0,0,0,0
00-0039138,Kobie Turner,DE,LA,13,0,0,0,0,0,0,0
00-0039139,Jahmyr Gibbs,RB,DET,13,0,0,20,68,4,3,18
00-0039140,Kelee Ringo,CB,PHI,13,0,0,0,0,0,0,0
00-0039141,Brian Branch,CB,DET,13,0,0,0,0,0,0,0
00-0039142,Will McDonald IV,DE,NYJ,13,0,0,0,0,0,0,0
00-0039143,Isaiah Foskey,DE,CIN,13,0,0,0,0,0,0,0
00-0039144,Luke Musgrave,TE,GB,13,0,0,0,0,1,1,23
00-0039147,Christian Gonzalez,CB,NE,13,0,0,0,0,0,0,0
00-0039148,Keion White,DE,SF,13,0,0,0,0,0,0,0
00-0039149,Quan Martin,SAF,WAS,13,0,0,0,0,0,0,0
00-0039150,Bryce Young,QB,CAR,13,20,206,5,23,0,0,0
00-0039151,Emmanuel Forbes,CB,LA,13,0,0,0,0,0,0,0
00-0039155,BJ Ojulari,LB,ARI,13,0,0,0,0,0,0,0
00-0039163,C.J. Stroud,QB,HOU,13,35,276,1,0,0,0,0
00-0039165,Zach Charbonnet,RB,SEA,13,0,0,14,52,0,0,0
00-0039167,Joey Porter Jr.,CB,PIT,13,0,0,0,0,0,0,0
00-0039169,Devon Witherspoon,CB,SEA,13,0,0,0,0,0,0,0
00-0039172,Jake Bates,K,DET,13,0,0,0,0,0,0,0
00-0039176,Basil Okoye,DT,BAL,13,0,0,0,0,0,0,0
00-0039178,Austin Ajiake,LB,IND,13,0,0,0,0,0,0,0
00-0039229,Charlie Smyth,K,NO,13,0,0,0,0,0,0,0
00-0039232,Nate Wiggins,CB,BAL,13,0,0,0,0,0,0,0
00-0039234,T.J. Tampa,CB,BAL,13,0,0,0,0,0,0,0
00-0039291,Eric Watts,DE,NYJ,13,0,0,0,0,0,0,0
00-0039309,Byron Murphy II,DT,SEA,13,0,0,0,0,0,0,0
00-0039323,Ryan Rehkow,P,CIN,13,0,0,0,0,0,0,0
00-0039338,Brock Bowers,TE,LV,13,0,0,0,0,4,4,63
00-0039339,Taliese Fuaga,OT,NO,13,0,0,0,0,0,0,0
00-0039340,Laiatu Latu,DE,IND,13,0,0,0,0,0,0,0
00-0039342,Xavier Legette,WR,CAR,13,0,0,0,0,2,1,1
00-0039343,Kamari Lassiter,CB,HOU,13,0,0,0,0,0,0,0
00-0039345,Renardo Green,CB,SF,13,0,0,0,0,0,0,0
00-0039347,Trevin Wallace,LB,CAR,13,0,0,0,0,0,0,0
00-0039353,Jarrian Jones,CB,JAX,13,0,0,0,0,0,0,0
00-0039356,Ja'Tavion Sanders,TE,CAR,13,0,0,0,0,0,0,0
00-0039357,Decamerion Richardson,CB,LV,13,0,0,0,0,0,0,0
00-0039359,Cade Stover,TE,HOU,13,0,0,4,3,2,2,16
00-0039360,Malik Mustapha,SAF,SF,13,0,0,0,0,0,0,0
00-0039361,Bucky Irving,RB,TB,13,0,0,17,61,2,2,20
00-0039363,Isaac Guerendo,RB,SF,13,0,0,0,0,0,0,0
00-0039364,Sione Vaki,RB,DET,13,0,0,0,0,0,0,0
00-0039366,Tarheeb Still,CB,LAC,13,0,0,0,0,0,0,0
00-0039368,Jordan Magee,LB,WAS,13,0,0,0,0,0,0,0
00-0039369,Cam Hart,CB,LAC,13,0,0,0,0,0,0,0
00-0039370,JD Bertrand,LB,ATL,13,0,0,0,0,0,0,0
00-0039371,Kris Abrams-Draine,CB,DEN,13,0,0,0,0,0,0,0
00-0039374,Tommy Eichenberg,LB,LV,13,0,0,0,0,0,0,0
00-0039375,Josh Newton,CB,CIN,13,0,0,0,0,0,0,0
00-0039380,Chau Smith-Wade,CB,CAR,13,0,0,0,0,0,0,0
00-0039384,Tyrone Tracy Jr.,RB,NYG,13,0,0,10,36,1,1,-3
00-0039391,Kimani Vidal,RB,LAC,13,0,0,25,126,1,1,11
00-0039404,Will Reichard,K,MIN,13,0,0,0,0,0,0,0
00-0039407,Dylan Laube,RB,LV,13,0,0,0,0,0,0,0
00-0039409,Cam Little,K,JAX,13,0,0,0,0,0,0,0
00-0039410,Ryan Flournoy,WR,DAL,13,0,0,0,0,3,3,34
00-0039417,Myles Harden,CB,CLE,13,0,0,0,0,0,0,0
00-0039421,Levi Drake Rodriguez,DL,MIN,13,0,0,0,0,0,0,0
00-0039423,Jonah Laulu,DT,LV,13,0,0,0,0,0,0,0
00-0039424,Devaughn Vele,WR,NO,13,0,0,0,0,8,8,93
00-0039430,James Williams,LB,TEN,13,0,0,0,0,0,0,0
00-0039431,Jowon Briggs,DE,NYJ,13,0,0,0,0,0,0,0
00-0039436,Jaylen Harrell,DE,TEN,13,0,0,0,0,0,0,0
00-0039451,Isaiah Williams,WR,NYJ,13,0,0,0,0,1,0,0
00-0039460,Carl Jones,LB,CHI,13,0,0,0,0,0,0,0
00-0039465,Reddy Steward,DB,DAL,13,0,0,0,0,0,0,0
00-0039491,Jalen Coker,WR,CAR,13,0,0,0,0,6,4,74
00-0039498,Harrison Mevis,K,LA,13,0,0,0,0,0,0,0
00-0039513,Chris Edmonds,SAF,CLE,13,0,0,0,0,0,0,0
00-0039521,Xavier Weaver,WR,ARI,13,0,0,0,0,1,0,0
00-0039530,Brevyn Spann-Ford,TE,DAL,13,0,0,0,0,0,0,0
00-0039589,Kameron Johnson,WR,TB,13,0,0,0,0,0,0,0
00-0039601,Demani Richardson,SAF,CAR,13,0,0,0,0,0,0,0
00-0039622,Isaiah Stalbird,LB,NO,13,0,0,0,0,0,0,0
00-0039623,Mason Tipton,WR,NO,13,0,0,1,-1,4,3,20
00-0039632,PJ Jules,SAF,CIN,13,0,0,0,0,0,0,0
00-0039634,Austin McNamara,P,NYJ,13,0,0,0,0,0,0,0
00-0039648,David Martin-Robinson,TE,TEN,13,0,0,0,0,0,0,0
00-0039660,Thomas Harper,SAF,DET,13,0,0,0,0,0,0,0
00-0039686,Colson Yankoff,TE,WAS,13,0,0,0,0,1,1,14
00-0039718,Bo Richter,LB,MIN,13,0,0,0,0,0,0,0
00-0039732,Bo Nix,QB,DEN,13,45,321,2,16,0,0,0
00-0039733,Ruke Orhorhoro,DT,ATL,13,0,0,0,0,0,0,0
00-0039734,Braden Fiske,DT,LA,13,0,0,0,0,0,0,0
00-0039738,Blake Corum,RB,LA,13,0,0,7,81,0,0,0
00-0039739,Roman Wilson,WR,PIT,13,0,0,0,0,1,0,0
00-0039740,Jalyx Hunt,LB,PHI,13,0,0,0,0,0,0,0
00-0039741,Payton Wilson,LB,PIT,13,0,0,0,0,0,0,0
00-0039745,Tory Taylor,P,CHI,13,0,0,0,0,0,0,0
00-0039746,Will Shipley,RB,PHI,13,0,0,0,0,1,1,11
00-0039749,Tyler Davis,DE,LA,13,0,0,0,0,0,0,0
00-0039751,Jordan Whittington,WR,LA,13,0,0,0,0,1,0,0
00-0039752,Cedric Johnson,DE,CIN,13,0,0,0,0,0,0,0
00-0039754,Devin Culp,TE,TB,13,0,0,0,0,0,0,0
00-0039757,Terrell Jennings,RB,NE,13,0,0,0,0,0,0,0
00-0039763,Joe Andreessen,LB,BUF,13,0,0,0,0,0,0,0
00-0039774,Omar Speights,LB,LA,13,0,0,0,0,0,0,0
00-0039776,Jaylen McCollough,SAF,LA,13,0,0,0,0,0,0,0
00-0039789,Qwan'tez Stiggers,DB,NYJ,13,0,0,0,0,0,0,0
00-0039790,Olumuyiwa Fashanu,OT,NYJ,13,0,0,0,0,0,0,0
00-0039792,Devontez Walker,WR,BAL,13,0,0,0,0,2,0,0
00-0039793,AJ Barner,TE,SEA,13,0,0,1,2,5,4,35
00-0039795,Nehemiah Pritchett,CB,SEA,13,0,0,0,0,0,0,0
00-0039796,Rasheen Ali,RB,BAL,13,0,0,4,17,0,0,0
00-0039798,Isaiah Davis,RB,NYJ,13,0,0,0,0,1,0,0
00-0039812,Ty'Ron Hopper,LB,GB,13,0,0,0,0,0,0,0
00-0039813,Evan Williams,SAF,GB,13,0,0,0,0,0,0,0
00-0039815,Tyrice Knight,LB,SEA,13,0,0,0,0,0,0,0
00-0039816,Anthony Gould,WR,IND,13,0,0,0,0,0,0,0
00-0039818,Kitan Oladapo,SAF,GB,13,0,0,0,0,0,0,0
00-0039821,Andru Phillips,DB,NYG,13,0,0,0,0,0,0,0
00-0039824,Jared Wiley,TE,KC,13,0,0,0,0,1,1,4
00-0039825,Jaden Hicks,SAF,KC,13,0,0,0,0,0,0,0
00-0039834,Kamren Kinchens,SAF,LA,13,0,0,0,0,0,0,0
00-0039835,Justin Eboigbe,DT,LAC,13,0,0,0,0,0,0,0
00-0039838,Calen Bullock,SAF,HOU,13,0,0,0,0,0,0,0
00-0039840,Austin Booker,DE,CHI,13,0,0,0,0,0,0,0
00-0039841,Cooper DeJean,CB,PHI,13,0,0,0,0,0,0,0
00-0039846,Tykee Smith,DB,TB,13,0,0,0,0,0,0,0
00-0039847,Theo Johnson,TE,NYG,13,0,0,0,0,8,3,29
00-0039849,Marvin Harrison Jr.,WR,ARI,13,0,0,0,0,7,6,69
00-0039850,Edgerrin Cooper,LB,GB,13,0,0,0,0,0,0,0
00-0039851,Drake Maye,QB,NE,13,31,282,6,12,0,0,0
00-0039852,Jared Verse,DE,LA,13,0,0,0,0,0,0,0
00-0039854,Darius Robinson,DL,ARI,13,0,0,0,0,0,0,0
00-0039858,Cedric Gray,LB,TEN,13,0,0,0,0,0,0,0
00-0039859,Brandon Dorlus,DE,ATL,13,0,0,0,0,0,0,0
00-0039860,Kool-Aid McKinstry,CB,NO,13,0,0,0,0,0,0,0
00-0039861,Tyler Nubin,SAF,NYG,13,0,0,0,0,0,0,0
00-0039867,Javon Bullard,SAF,GB,13,0,0,0,0,0,0,0
00-0039868,Troy Franklin,WR,DEN,13,0,0,0,0,3,2,21
00-0039872,Cole Bishop,SAF,BUF,13,0,0,0,0,0,0,0
00-0039874,Jaylen Wright,RB,MIA,13,0,0,3,16,0,0,0
00-0039875,Ray Davis,RB,BUF,13,0,0,9,62,0,0,0
00-0039879,Javon Solomon,LB,BUF,13,0,0,0,0,0,0,0
00-0039880,Malik Washington,WR,MIA,13,0,0,0,0,5,4,30
00-0039886,T'Vondre Sweat,DT,TEN,13,0,0,0,0,0,0,0
00-0039888,Quinyon Mitchell,CB,PHI,13,0,0,0,0,0,0,0
00-0039889,Maason Smith,DT,JAX,13,0,0,0,0,0,0,0
00-0039890,Adonai Mitchell,WR,NYJ,13,0,0,0,0,12,8,102
00-0039893,Brian Thomas Jr.,WR,JAX,13,0,0,0,0,3,2,28
00-0039894,Xavier Worthy,WR,KC,13,0,0,2,13,6,4,61
00-0039895,Mike Hall Jr.,DT,CLE,13,0,0,0,0,0,0,0
00-0039896,Zach Frazier,C,PIT,13,0,0,0,0,0,0,0
00-0039898,Mike Sainristil,CB,WAS,13,0,0,0,0,0,0,0
00-0039901,Keon Coleman,WR,BUF,13,0,0,0,0,3,2,9
00-0039902,Chris Braswell,LB,TB,13,0,0,0,0,0,0,0
00-0039903,Terrion Arnold,CB,DET,13,0,0,0,0,0,0,0
00-0039911,Chop Robinson,LB,MIA,13,0,0,0,0,0,0,0
00-0039913,Brandon Coleman,G,WAS,13,0,0,0,0,0,0,0
00-0039915,Ladd McConkey,WR,LAC,13,0,0,0,0,6,4,39
00-0039916,Ricky Pearsall,WR,SF,13,0,0,0,0,3,2,14
00-0039918,Caleb Williams,QB,CHI,13,36,154,5,13,0,0,0
00-0039919,Rome Odunze,WR,CHI,13,0,0,0,0,6,2,8
00-0039920,Malachi Corley,WR,CLE,13,0,0,1,9,0,0,0
00-0039924,Dallas Turner,LB,MIN,13,0,0,0,0,0,0,0
00-0040004,T.J. Maguranyanga,DE,WAS,13,0,0,0,0,0,0,0
00-0040008,Shavon Revel Jr.,CB,DAL,13,0,0,0,0,0,0,0
00-0040011,Shemar James,LB,DAL,13,0,0,0,0,0,0,0
00-0040016,Warren Brinson,DT,GB,13,0,0,0,0,0,0,0
00-0040041,Nazir Stackhouse,DT,GB,13,0,0,0,0,0,0,0
00-0040045,Alijah Clark,DB,DAL,13,0,0,0,0,0,0,0
00-0040058,Nick Kallerup,TE,SEA,13,0,0,0,0,0,0,0
00-0040068,Emery Jones Jr.,OT,BAL,13,0,0,0,0,0,0,0
00-0040069,Teddye Buchanan,LB,BAL,13,0,0,0,0,0,0,0
00-0040074,Tyler Loop,K,BAL,13,0,0,0,0,0,0,0
00-0040078,Brashard Smith,RB,KC,13,0,0,0,0,0,0,0
00-0040104,Keondre Jackson,SAF,BAL,13,0,0,0,0,0,0,0
00-0040116,Josh Simmons,OT,KC,13,0,0,0,0,0,0,0
00-0040118,Cooper McDonald,LB,KC,13,0,0,0,0,0,0,0
00-0040122,Ashton Jeanty,RB,LV,13,0,0,15,31,8,6,30
00-0040123,Armand Membou,OT,NYJ,13,0,0,0,0,0,0,0
00-0040124,Tetairoa McMillan,WR,CAR,13,0,0,0,0,2,1,43
00-0040125,Kelvin Banks Jr.,OT,NO,13,0,0,0,0,0,0,0
00-0040126,Colston Loveland,TE,CHI,13,0,0,0,0,6,3,28
00-0040127,Kenneth Grant,DT,MIA,13,0,0,0,0,0,0,0
00-0040128,Tyler Warren,TE,IND,13,0,0,1,0,4,3,22
00-0040129,Emeka Egbuka,WR,TB,13,0,0,0,0,8,4,42
00-0040130,Jayden Higgins,WR,HOU,13,0,0,0,0,5,5,65
00-0040131,Kyle Williams,WR,NE,13,0,0,0,0,1,1,33
00-0040133,Azareye'h Thomas,CB,NYJ,13,0,0,0,0,0,0,0
00-0040134,Pat Bryant,WR,DEN,13,0,0,0,0,7,3,42
00-0040135,Nick Martin,LB,SF,13,0,0,0,0,0,0,0
00-0040136,Princely Umanmielen,LB,CAR,13,0,0,0,0,0,0,0
00-0040137,Jordan Burch,LB,ARI,13,0,0,0,0,0,0,0
00-0040138,Jaylin Noel,WR,HOU,13,0,0,0,0,1,0,0
00-0040141,Kevin Winston Jr.,SAF,TEN,13,0,0,0,0,0,0,0
00-0040142,Kaleb Johnson,RB,PIT,13,0,0,2,3,0,0,0
00-0040143,Jacob Parrish,CB,TB,13,0,0,0,0,0,0,0
00-0040148,Xavier Watts,SAF,ATL,13,0,0,0,0,0,0,0
00-0040152,Upton Stout,CB,SF,13,0,0,0,0,0,0,0
00-0040154,Tai Felton,WR,MIN,13,0,0,0,0,0,0,0
00-0040155,Danny Stutsman,LB,NO,13,0,0,0,0,0,0,0
00-0040157,Barrett Carter,LB,CIN,13,0,0,0,0,0,0,0
00-0040159,Lathan Ransom,SAF,CAR,13,0,0,0,0,0,0,0
00-0040160,Jack Sawyer,LB,PIT,13,0,0,0,0,0,0,0
00-0040162,Dylan Sampson,RB,CLE,13,0,0,4,23,0,0,0
00-0040164,Jaylin Lane,WR,WAS,13,0,0,0,0,1,0,0
00-0040165,Malachi Moore,SAF,NYJ,13,0,0,0,0,0,0,0
00-0040166,Quincy Riley,CB,NO,13,0,0,0,0,0,0,0
00-0040168,Que Robinson,LB,DEN,13,0,0,0,0,0,0,0
00-0040170,Elic Ayomanor,WR,TEN,13,0,0,0,0,5,1,5
00-0040171,Joshua Farmer,DT,NE,13,0,0,0,0,0,0,0
00-0040173,Tyrion Ingram-Dawkins,DT,MIN,13,0,0,0,0,0,0,0
00-0040175,Jordan Phillips,DT,MIA,13,0,0,0,0,0,0,0
00-0040182,Dante Trader Jr.,SAF,MIA,13,0,0,0,0,0,0,0
00-0040183,Elijah Roberts,DE,TB,13,0,0,0,0,0,0,0
00-0040185,Marques Sigle,SAF,SF,13,0,0,0,0,0,0,0
00-0040186,Francisco Mauigoa,LB,NYJ,13,0,0,0,0,0,0,0
00-0040187,Mitchell Evans,TE,CAR,13,0,0,0,0,3,3,20
00-0040188,Yahya Black,DE,PIT,13,0,0,0,0,0,0,0
00-0040189,Oronde Gadsden II,TE,LAC,13,0,0,0,0,2,1,27
00-0040192,Jordan Hancock,CB,BUF,13,0,0,0,0,0,0,0
00-0040194,Jackson Hawes,TE,BUF,13,0,0,0,0,1,1,10
00-0040195,Denzel Burke,CB,ARI,13,0,0,0,0,0,0,0
00-0040198,Ollie Gordon II,RB,MIA,13,0,0,3,10,0,0,0
00-0040199,JJ Pegues,DT,LV,13,0,0,0,0,0,0,0
00-0040200,Andy Borregales,K,NE,13,0,0,0,0,0,0,0
00-0040201,Marcus Harris,CB,TEN,13,0,0,0,0,0,0,0
00-0040202,Devin Neal,RB,NO,13,0,0,14,47,3,3,22
00-0040204,Jaylen Reed,SAF,HOU,13,0,0,0,0,0,0,0
00-0040213,Rayuan Lane III,SAF,JAX,13,0,0,0,0,0,0,0
00-0040214,Kobe King,LB,NYJ,13,0,0,0,0,0,0,0
00-0040216,Kain Medrano,LB,WAS,13,0,0,0,0,0,0,0
00-0040223,Jeremy Crawshaw,P,DEN,13,0,0,0,0,0,0,0
00-0040228,Cody Lindenberg,LB,LV,13,0,0,0,0,0,0,0
00-0040230,Kitan Crawford,SAF,ARI,13,0,0,0,0,0,0,0
00-0040236,Kyle Monangai,RB,CHI,13,0,0,22,130,1,0,0
00-0040237,Tez Johnson,WR,TB,13,0,0,0,0,2,1,5
00-0040238,LeQuint Allen Jr.,RB,JAX,13,0,0,0,0,0,0,0
00-0040242,Jacory Croskey-Merritt,RB,WAS,13,0,0,4,20,0,0,0
00-0040248,Zeek Biggers,DT,MIA,13,0,0,0,0,0,0,0
00-0040251,Trikweze Bridges,DB,DAL,13,0,0,0,0,0,0,0
00-0040259,Gage Larvadain,WR,CLE,13,0,0,0,0,3,2,23
00-0040261,Easton Mascarenas-Arnold,LB,CLE,13,0,0,0,0,0,0,0
00-0040263,Donovan McMillon,SAF,CLE,13,0,0,0,0,0,0,0
00-0040279,Ryan Fitzgerald,K,CAR,13,0,0,0,0,0,0,0
00-0040326,Branson Combs,LB,JAX,13,0,0,0,0,0,0,0
00-0040329,BJ Green II,DE,JAX,13,0,0,0,0,0,0,0
00-0040342,Danny Striggow,DE,JAX,13,0,0,0,0,0,0,0
00-0040371,Eric Gregory,DT,NE,13,0,0,0,0,0,0,0
00-0040460,Marlowe Wax,LB,LAC,13,0,0,0,0,0,0,0
00-0040489,Greedy Vance,CB,LV,13,0,0,0,0,0,0,0
00-0040494,Max Brosmer,QB,MIN,13,30,126,1,-1,0,0,0
00-0040501,Austin Keys,LB,MIN,13,0,0,0,0,0,0,0
00-0040506,Myles Price,WR,MIN,13,0,0,0,0,0,0,0
00-0040522,Xavier Restrepo,WR,TEN,13,0,0,0,0,1,1,15
00-0040527,Sebastian Castro,SAF,PIT,13,0,0,0,0,0,0,0
00-0040534,Ke'Shawn Williams,WR,PIT,13,0,0,0,0,0,0,0
00-0040563,Efton Chism III,WR,NE,13,0,0,0,0,0,0,0
00-0040574,Elijah Ponder,LB,NE,13,0,0,0,0,0,0,0
00-0040577,Jalon Walker,LB,ATL,13,0,0,0,0,0,0,0
00-0040578,James Pearce Jr.,DE,ATL,13,0,0,0,0,0,0,0
00-0040579,Carson Schwesinger,LB,CLE,13,0,0,0,0,0,0,0
00-0040580,Josaiah Stewart,LB,LA,13,0,0,0,0,0,0,0
00-0040581,Dont'e Thornton Jr.,WR,LV,13,0,0,0,0,2,1,11
00-0040583,Woody Marks,RB,HOU,13,0,0,19,64,1,1,3
00-0040584,Gunnar Helm,TE,TEN,13,0,0,0,0,7,6,23
00-0040585,Ty Hamilton,DT,LA,13,0,0,0,0,0,0,0
00-0040590,Konata Mumpfield,WR,LA,13,0,0,0,0,0,0,0
00-0040640,Ashton Gillotte,DE,KC,13,0,0,0,0,0,0,0
00-0040641,Darien Porter,CB,LV,13,0,0,0,0,0,0,0
00-0040643,Jonas Sanker,SAF,NO,13,0,0,0,0,0,0,0
00-0040644,Trevor Etienne,RB,CAR,13,0,0,0,0,1,1,4
00-0040645,Cody Simon,LB,ARI,13,0,0,0,0,0,0,0
00-0040654,Kai Kroeger,P,NO,13,0,0,0,0,0,0,0
00-0040663,Harold Fannin Jr.,TE,CLE,13,0,0,1,0,5,3,43
00-0040668,Shedeur Sanders,QB,CLE,13,25,149,1,6,0,0,0
00-0040669,Isaac TeSlaa,WR,DET,13,0,0,0,0,2,2,35
00-0040670,Nohl Williams,CB,KC,13,0,0,0,0,0,0,0
00-0040672,Tyleik Williams,DT,DET,13,0,0,0,0,0,0,0
00-0040676,Cam Ward,QB,TEN,13,38,141,1,7,0,0,0
00-0040677,Abdul Carter,LB,NYG,13,0,0,0,0,0,0,0
00-0040685,Mason Graham,DT,CLE,13,0,0,0,0,0,0,0
00-0040686,Josh Conerly Jr.,OT,WAS,13,0,0,0,0,0,0,0
00-0040688,Malaki Starks,SAF,BAL,13,0,0,0,0,0,0,0
00-0040691,Jaxson Dart,QB,NYG,13,24,139,4,20,0,0,0
00-0040704,Dillon Gabriel,QB,CLE,13,1,0,0,0,0,0,0
00-0040705,Chimere Dike,WR,TEN,13,0,0,1,1,4,1,8
00-0040710,Deone Walker,DT,BUF,13,0,0,0,0,0,0,0
00-0040711,CJ West,DT,SF,13,0,0,0,0,0,0,0
00-0040716,Craig Woodson,SAF,NE,13,0,0,0,0,0,0,0
00-0040719,Bhayshul Tuten,RB,JAX,13,0,0,8,17,1,1,2
00-0040720,Jahdae Barron,CB,DEN,13,0,0,0,0,0,0,0
00-0040721,Alfred Collins,DT,SF,13,0,0,0,0,0,0,0
00-0040722,Mike Green,LB,BAL,13,0,0,0,0,0,0,0
00-0040723,Jack Kiser,LB,JAX,13,0,0,0,0,0,0,0
00-0040724,T.J. Sanders,DT,BUF,13,0,0,0,0,0,0,0
00-0040725,Donovan Ezeiruaku,LB,DAL,13,0,0,0,0,0,0,0
00-0040727,Tre Harris,WR,LAC,13,0,0,0,0,4,3,30
00-0040729,Jack Bech,WR,LV,13,0,0,0,0,3,2,22
00-0040730,RJ Harvey,RB,DEN,13,0,0,13,35,4,3,27
00-0040733,Nick Emmanwori,SAF,SEA,13,0,0,0,0,0,0,0
00-0040734,TreVeyon Henderson,RB,NE,13,0,0,11,67,4,3,19
00-0040735,Luther Burden III,WR,CHI,13,0,0,1,3,6,4,33
00-0040736,Mason Taylor,TE,NYJ,13,0,0,0,0,4,2,21
00-0040737,Terrance Ferguson,TE,LA,13,0,0,0,0,2,0,0
00-0040738,Demetrius Knight Jr.,LB,CIN,13,0,0,0,0,0,0,0
00-0040739,Elijah Arroyo,TE,SEA,13,0,0,0,0,2,0,0
00-0040743,Tyler Shough,QB,NO,13,38,239,6,18,0,0,0
00-0040744,Jaylahn Tuimolaou,DE,IND,13,0,0,0,0,0,0,0
00-0040745,Aireontae Ersery,OT,HOU,13,0,0,0,0,0,0,0
00-0040746,Nic Scourton,LB,CAR,13,0,0,0,0,0,0,0
00-0040751,Will Johnson,CB,ARI,13,0,0,0,0,0,0,0
00-0040782,Isaiah Bond,WR,CLE,13,0,0,1,9,2,1,18
00-0040784,Quinshon Judkins,RB,CLE,13,0,0,23,91,3,3,18
,,,GB,13,0,0,0,0,0,0,0
00-0023459,Aaron Rodgers,QB,PIT,14,34,284,2,0,1,1,-9
00-0023853,Matt Prater,K,BUF,14,0,0,0,0,0,0,0
00-0025565,Nick Folk,K,NYJ,14,0,0,0,0,0,0,0
00-0026190,Calais Campbell,DE,ARI,14,0,0,0,0,0,0,0
00-0026498,Matthew Stafford,QB,LA,14,31,281,0,0,0,0,0
00-0027940,Von Miller,OLB,WAS,14,0,0,0,0,0,0,0
00-0027962,Cameron Jordan,LB,NO,14,0,0,0,0,0,0,0
00-0027969,Cameron Heyward,DE,PIT,14,0,0,0,0,0,0,0
00-0028118,Tyrod Taylor,QB,NYJ,14,4,6,0,0,0,0,0
00-0028872,Johnny Hekker,P,TEN,14,0,0,0,0,0,0,0
00-0028946,Aaron Brewer,LS,ARI,14,0,0,0,0,0,0,0
00-0029255,Bobby Wagner,MLB,WAS,14,0,0,0,0,0,0,0
00-0029562,Lavonte David,OLB,TB,14,0,0,0,0,0,0,0
00-0029604,Kirk Cousins,QB,ATL,14,30,162,0,0,0,0,0
00-0029606,Harrison Smith,FS,MIN,14,0,0,0,0,0,0,0
00-0029607,Demario Davis,OLB,NO,14,0,0,0,0,0,0,0
00-0029692,Bryan Anger,P,DAL,14,0,0,0,0,0,0,0
00-0029822,Brandon McManus,K,GB,14,0,0,0,0,0,0,0
00-0030035,Adam Thielen,WR,PIT,14,0,0,0,0,1,1,4
00-0030061,Zach Ertz,TE,WAS,14,0,0,0,0,2,1,11
00-0030070,John Jenkins,DT,BAL,14,0,0,0,0,0,0,0
00-0030114,Jordan Poyer,FS,BUF,14,0,0,0,0,0,0,0
00-0030140,Tress Way,P,WAS,14,0,0,0,0,0,0,0
00-0030279,Keenan Allen,WR,LAC,14,0,0,0,0,3,3,22
00-0030294,Tony Jefferson,S,LAC,14,0,0,0,0,0,0,0
00-0030506,Travis Kelce,TE,KC,14,0,0,0,0,5,1,8
00-0030564,DeAndre Hopkins,WR,BAL,14,0,0,0,0,1,0,0
00-0030565,Geno Smith,QB,LV,14,21,116,1,4,0,0,0
00-0030757,Mike Pennel,DT,KC,14,0,0,0,0,0,0,0
00-0031040,Khalil Mack,OLB,LAC,14,0,0,0,0,0,0,0
00-0031054,DaQuan Jones,DT,BUF,14,0,0,0,0,0,0,0
00-0031136,Chris Boswell,K,PIT,14,0,0,0,0,0,0,0
00-0031203,Cairo Santos,K,CHI,14,0,0,0,0,0,0,0
00-0031254,Denico Autry,DT,HOU,14,0,0,0,0,0,0,0
00-0031270,Shelby Harris,DE,CLE,14,0,0,0,0,0,0,0
00-0031345,Jimmy Garoppolo,QB,LA,14,0,0,3,-4,0,0,0
00-0031357,C.J. Goodwin,CB,DAL,14,0,0,0,0,0,0,0
00-0031360,Kyle Van Noy,MLB,BAL,14,0,0,0,0,0,0,0
00-0031381,Davante Adams,WR,LA,14,0,0,0,0,6,4,29
00-0031411,DeMarcus Lawrence,LB,SEA,14,0,0,0,0,0,0,0
00-0031492,Jason Myers,K,SEA,14,0,0,0,0,0,0,0
00-0031550,Shaq Thompson,OLB,BUF,14,0,0,0,0,0,0,0
00-0031551,Eddie Goldman,NT,WAS,14,0,0,0,0,0,0,0
00-0031557,Jordan Phillips,DT,BUF,14,0,0,0,0,0,0,0
00-0031565,Danielle Hunter,DE,HOU,14,0,0,0,0,0,0,0
00-0031583,Grady Jarrett,DT,CHI,14,0,0,0,0,0,0,0
00-0031610,Darren Waller,TE,MIA,14,0,0,1,4,3,1,13
00-0031687,Raheem Mostert,RB,LV,14,0,0,0,0,1,1,2
00-0031898,Alex Singleton,LB,DEN,14,0,0,0,0,0,0,0
00-0031933,Leonard Williams,DE,SEA,14,0,0,0,0,0,0,0
00-0031935,Preston Smith,DE,WAS,14,0,0,0,0,0,0,0
00-0032052,Dante Fowler Jr.,DE,DAL,14,0,0,0,0,0,0,0
00-0032065,Bradley Pinion,P,ATL,14,0,0,0,0,0,0,0
00-0032071,Trent Brown,OT,HOU,14,0,0,0,0,0,0,0
00-0032103,Denzel Perryman,MLB,LAC,14,0,0,0,0,0,0,0
00-0032104,Ameer Abdullah,RB,IND,14,0,0,1,4,2,2,5
00-0032164,Arik Armstead,DE,JAX,14,0,0,0,0,0,0,0
00-0032203,Andrus Peat,G,PIT,14,0,0,0,0,0,0,0
00-0032211,Tyler Lockett,WR,LV,14,0,0,0,0,4,3,41
00-0032265,Mario Edwards,DE,HOU,14,0,0,0,0,0,0,0
00-0032268,Marcus Mariota,QB,WAS,14,4,30,2,7,0,0,0
00-0032385,Sterling Shepard,WR,TB,14,0,0,0,0,1,1,5
00-0032387,Jarran Reed,DT,SEA,14,0,0,0,0,0,0,0
00-0032388,Deion Jones,LB,TB,14,0,0,0,0,0,0,0
00-0032415,Matthew Judon,OLB,MIA,14,0,0,0,0,0,0,0
00-0032424,DJ Reader,DT,DET,14,0,0,0,0,0,0,0
00-0032442,Elandon Roberts,OLB,LV,14,0,0,0,0,0,0,0
00-0032569,Wil Lutz,K,DEN,14,0,0,0,0,0,0,0
00-0032580,Jonathan Jones,DB,WAS,14,0,0,0,0,0,0,0
00-0032726,Ka'imi Fairbairn,K,HOU,14,0,0,0,0,0,0,0
00-0032759,Sheldon Rankins,DT,HOU,14,0,0,0,0,0,0,0
00-0032762,Chris Jones,DE,KC,14,0,0,0,0,0,0,0
00-0032764,Derrick Henry,RB,BAL,14,0,0,25,94,2,1,8
00-0032933,Antonio Hamilton,CB,WAS,14,0,0,0,0,0,0,0
00-0032943,Riley Dixon,P,TB,14,0,0,0,0,0,0,0
00-0032951,Laquon Treadwell,WR,IND,14,0,0,0,0,0,0,0
00-0033010,Sheldon Day,DT,WAS,14,0,0,0,0,0,0,0
00-0033038,Eric Murray,S,JAX,14,0,0,0,0,0,0,0
00-0033046,Jihad Ward,LB,TEN,14,0,0,0,0,0,0,0
00-0033051,David Onyemata,DT,ATL,14,0,0,0,0,0,0,0
00-0033055,Jalen Ramsey,CB,PIT,14,0,0,0,0,0,0,0
00-0033066,Andrew Billings,DT,CHI,14,0,0,0,0,0,0,0
00-0033072,Leonard Floyd,DE,ATL,14,0,0,0,0,0,0,0
00-0033077,Dak Prescott,QB,DAL,14,47,376,3,14,0,0,0
00-0033093,Jonathan Bullard,DE,NO,14,0,0,0,0,0,0,0
00-0033106,Jared Goff,QB,DET,14,34,309,2,-2,0,0,0
00-0033109,Javon Hargrave,NT,MIN,14,0,0,0,0,0,0,0
00-0033119,Jacoby Brissett,QB,ARI,14,44,271,4,22,0,0,0
00-0033120,Kenny Clark,NT,DAL,14,0,0,0,0,0,0,0
00-0033132,Kevin Byard,FS,CHI,14,0,0,0,0,0,0,0
00-0033217,Mo Alie-Cox,TE,IND,14,0,0,0,0,2,0,0
00-0033260,Thomas Hennessy,LS,NYJ,14,0,0,0,0,0,0,0
00-0033269,Rigoberto Sanchez,P,IND,14,0,0,0,0,0,0,0
00-0033281,Marlon Humphrey,CB,BAL,14,0,0,0,0,0,0,0
00-0033293,Aaron Jones,RB,MIN,14,0,0,14,76,1,0,0
00-0033294,Chuck Clark,SAF,PIT,14,0,0,0,0,0,0,0
00-0033303,Harrison Butker,K,KC,14,0,0,0,0,0,0,0
00-0033319,Nick Mullens,QB,JAX,14,1,3,3,-1,0,0,0
00-0033336,Eric Wilson,LB,MIN,14,0,0,0,0,0,0,0
00-0033357,Taysom Hill,TE,NO,14,0,0,2,-1,2,0,0
00-0033375,Tim Patrick,WR,JAX,14,0,0,0,0,6,5,78
00-0033376,Patrick Ricard,RB,BAL,14,0,0,0,0,1,0,0
00-0033381,Adam Butler,DT,LV,14,0,0,0,0,0,0,0
00-0033393,Kenny Moore II,CB,IND,14,0,0,0,0,0,0,0
00-0033400,Matt Haack,P,ARI,14,0,0,0,0,0,0,0
00-0033439,Pharaoh Brown,TE,ARI,14,0,0,0,0,0,0,0
00-0033455,Anthony Firkser,TE,DET,14,0,0,0,0,1,1,7
00-0033523,Jonathan Allen,DE,MIN,14,0,0,0,0,0,0,0
00-0033526,Samaje Perine,RB,CIN,14,0,0,6,31,1,1,7
00-0033546,Dalvin Tomlinson,DE,ARI,14,0,0,0,0,0,0,0
00-0033548,Chidobe Awuzie,CB,BAL,14,0,0,0,0,0,0,0
00-0033551,Rasul Douglas,CB,MIA,14,0,0,0,0,0,0,0
00-0033571,Matt Milano,OLB,BUF,14,0,0,0,0,0,0,0
00-0033572,Jamal Agnew,WR,ATL,14,0,0,0,0,0,0,0
00-0033579,Xavier Woods,FS,TEN,14,0,0,0,0,0,0,0
00-0033591,Noah Brown,WR,WAS,14,0,0,0,0,2,1,19
00-0033697,Michael Davis,CB,NO,14,0,0,0,0,0,0,0
00-0033782,DeMarcus Walker,DE,WAS,14,0,0,0,0,0,0,0
00-0033783,Ahkello Witherspoon,CB,LA,14,0,0,0,0,0,0,0
00-0033787,Jake Elliott,K,PHI,14,0,0,0,0,0,0,0
00-0033854,Dare Ogunbowale,RB,HOU,14,0,0,1,5,0,0,0
00-0033857,JuJu Smith-Schuster,WR,KC,14,0,0,0,0,2,1,5
00-0033858,Jonnu Smith,TE,PIT,14,0,0,0,0,1,0,0
00-0033860,Davon Godchaux,DT,NO,14,0,0,0,0,0,0,0
00-0033862,Zane Gonzalez,K,ATL,14,0,0,0,0,0,0,0
00-0033863,Dan Skipper,OT,DET,14,0,0,0,0,0,0,0
00-0033868,Myles Garrett,DE,CLE,14,0,0,0,0,0,0,0
00-0033872,Jamal Adams,LB,LV,14,0,0,0,0,0,0,0
00-0033873,Patrick Mahomes,QB,KC,14,33,160,7,59,1,1,-10
00-0033875,Haason Reddick,OLB,TB,14,0,0,0,0,0,0,0
00-0033876,Derek Barnett,DE,HOU,14,0,0,0,0,0,0,0
00-0033877,Malik Hooker,FS,DAL,14,0,0,0,0,0,0,0
00-0033878,Adoree' Jackson,CB,PHI,14,0,0,0,0,0,0,0
00-0033881,Evan Engram,TE,DEN,14,0,0,0,0,2,2,8
00-0033883,Jabrill Peppers,FS,PIT,14,0,0,0,0,0,0,0
00-0033884,Tre'Davious White,CB,BUF,14,0,0,0,0,0,0,0
00-0033885,David Njoku,TE,CLE,14,0,0,0,0,1,1,1
00-0033886,T.J. Watt,OLB,PIT,14,0,0,0,0,0,0,0
00-0033890,Budda Baker,S,ARI,14,0,0,0,0,0,0,0
00-0033907,Dawuane Smoot,DE,JAX,14,0,0,0,0,0,0,0
00-0033908,Cooper Kupp,WR,SEA,14,0,0,0,0,3,2,35
00-0033913,Chris Wormley,NT,IND,14,0,0,0,0,0,0,0
00-0033914,Alex Anzalone,MLB,DET,14,0,0,0,0,0,0,0
00-0033918,Fabian Moreau,CB,MIN,14,0,0,0,0,0,0,0
00-0033921,Chris Godwin Jr.,WR,TB,14,0,0,0,0,8,5,55
00-0033923,Kareem Hunt,RB,KC,14,0,0,12,30,1,0,0
00-0033928,Jourdan Lewis,CB,JAX,14,0,0,0,0,0,0,0
00-0033941,Rayshawn Jenkins,DB,CLE,14,0,0,0,0,0,0,0
00-0033945,Samson Ebukam,DE,IND,14,0,0,0,0,0,0,0
00-0033952,Grover Stewart,DT,IND,14,0,0,0,0,0,0,0
00-0033955,Jeremy McNichols,RB,WAS,14,0,0,0,0,1,1,2
00-0033964,Al-Quadin Muhammad,LB,DET,14,0,0,0,0,0,0,0
00-0034073,Ross Dwelley,TE,DET,14,0,0,0,0,1,1,4
00-0034159,Will Dissly,TE,LAC,14,0,0,0,0,1,1,1
00-0034160,Michael Dickson,P,SEA,14,0,0,0,0,0,0,0
00-0034161,Daniel Carlson,K,LV,14,0,0,0,0,0,0,0
00-0034162,J.K. Scott,P,LAC,14,0,0,0,0,0,0,0
00-0034163,Jacob Martin,DE,WAS,14,0,0,0,0,0,0,0
00-0034234,Poona Ford,DT,LA,14,0,0,0,0,0,0,0
00-0034272,Marquez Valdes-Scantling,WR,PIT,14,0,0,0,0,1,0,0
00-0034278,Tremon Smith,CB,HOU,14,0,0,0,0,0,0,0
00-0034285,Zach Sieler,DE,MIA,14,0,0,0,0,0,0,0
00-0034302,Frankie Luvu,LB,WAS,14,0,0,0,0,0,0,0
00-0034320,Kentavius Street,DE,ATL,14,0,0,0,0,0,0,0
00-0034333,Daron Payne,NT,WAS,14,0,0,0,0,0,0,0
00-0034342,Quenton Nelson,G,IND,14,0,0,0,0,0,0,0
00-0034344,Marcus Davenport,DE,DET,14,0,0,0,0,0,0,0
00-0034348,Courtland Sutton,WR,DEN,14,0,0,0,0,10,6,62
00-0034350,Uchenna Nwosu,LB,SEA,14,0,0,0,0,0,0,0
00-0034351,Dallas Goedert,TE,PHI,14,0,0,0,0,10,8,78
00-0034356,Donte Jackson,CB,LAC,14,0,0,0,0,0,0,0
00-0034357,Isaiah Oliver,FS,NYJ,14,0,0,0,0,0,0,0
00-0034365,Ian Thomas,TE,LV,14,0,0,0,0,2,2,17
00-0034371,Da'Shawn Hand,DE,LAC,14,0,0,0,0,0,0,0
00-0034376,Taron Johnson,CB,BUF,14,0,0,0,0,0,0,0
00-0034377,Avonte Maddox,FS,DET,14,0,0,0,0,0,0,0
00-0034383,Dalton Schultz,TE,HOU,14,0,0,0,0,4,3,22
00-0034384,D.J. Reed,CB,DET,14,0,0,0,0,0,0,0
00-0034387,Bilal Nichols,DT,ARI,14,0,0,0,0,0,0,0
00-0034413,Foye Oluokun,LB,JAX,14,0,0,0,0,0,0,0
00-0034429,Jordan Mailata,OT,PHI,14,0,0,0,0,0,0,0
00-0034431,Zaire Franklin,OLB,IND,14,0,0,0,0,0,0,0
00-0034437,Logan Cooke,P,JAX,14,0,0,0,0,0,0,0
00-0034446,Jalen Davis,CB,CIN,14,0,0,0,0,0,0,0
00-0034465,Jeremy Reaves,DB,WAS,14,0,0,0,0,0,0,0
00-0034473,Dennis Gardeck,LB,JAX,14,0,0,0,0,0,0,0
00-0034485,Jonathan Owens,SAF,CHI,14,0,0,0,0,0,0,0
00-0034487,Trent Sherfield,WR,ARI,14,0,0,0,0,1,0,0
00-0034488,Tavierre Thomas,SAF,MIN,14,0,0,0,0,0,0,0
00-0034521,Allen Lazard,WR,NYJ,14,0,0,0,0,1,0,0
00-0034573,Charvarius Ward,CB,IND,14,0,0,0,0,0,0,0
00-0034613,Tanner Hudson,TE,CIN,14,0,0,0,0,1,1,11
00-0034657,Matt Dickerson,DE,JAX,14,0,0,0,0,0,0,0
00-0034675,Jessie Bates,FS,ATL,14,0,0,0,0,0,0,0
00-0034721,Corey Bojorquez,P,CLE,14,0,0,0,0,0,0,0
00-0034753,Mark Andrews,TE,BAL,14,0,0,0,0,5,1,9
00-0034754,Oren Burks,ILB,CIN,14,0,0,0,0,0,0,0
00-0034760,Nathan Shepherd,DE,NO,14,0,0,0,0,0,0,0
00-0034773,Vita Vea,DT,TB,14,0,0,0,0,0,0,0
00-0034775,Christian Kirk,WR,HOU,14,0,0,0,0,3,1,6
00-0034779,Ronnie Harrison,LB,ATL,14,0,0,0,0,0,0,0
00-0034780,Isaac Yiadom,CB,NO,14,0,0,0,0,0,0,0
00-0034782,Harrison Phillips,DT,NYJ,14,0,0,0,0,0,0,0
00-0034789,Minkah Fitzpatrick,FS,MIA,14,0,0,0,0,0,0,0
00-0034790,Derwin James,FS,LAC,14,0,0,0,0,0,0,0
00-0034791,Nick Chubb,RB,HOU,14,0,0,1,3,0,0,0
00-0034796,Lamar Jackson,QB,BAL,14,35,219,7,43,0,0,0
00-0034798,Durham Smythe,TE,CHI,14,0,0,0,0,1,1,2
00-0034800,B.J. Hill,DE,CIN,14,0,0,0,0,0,0,0
00-0034805,John Franklin-Myers,DE,DEN,14,0,0,0,0,0,0,0
00-0034810,Sebastian Joseph-Day,DT,TEN,14,0,0,0,0,0,0,0
00-0034825,Arden Key,DE,TEN,14,0,0,0,0,0,0,0
00-0034827,DJ Moore,WR,CHI,14,0,0,0,0,3,1,-4
00-0034829,Mike Gesicki,TE,CIN,14,0,0,0,0,6,6,86
00-0034832,Bradley Chubb,OLB,MIA,14,0,0,0,0,0,0,0
00-0034836,Braden Smith,OT,IND,14,0,0,0,0,0,0,0
00-0034843,Mike Hughes,CB,ATL,14,0,0,0,0,0,0,0
00-0034844,Saquon Barkley,RB,PHI,14,0,0,20,122,2,0,0
00-0034847,Mike McGlinchey,OT,DEN,14,0,0,0,0,0,0,0
00-0034855,Baker Mayfield,QB,TB,14,30,122,6,42,0,0,0
00-0034856,Denzel Ward,CB,CLE,14,0,0,0,0,0,0,0
00-0034857,Josh Allen,QB,BUF,14,28,251,9,78,0,0,0
00-0034860,Dante Pettis,WR,NO,14,0,0,0,0,0,0,0
00-0034869,Sam Darnold,QB,SEA,14,30,249,3,23,0,0,0
00-0034874,Roquan Smith,ILB,BAL,14,0,0,0,0,0,0,0
00-0034959,Andrew Beck,FB,NYJ,14,0,0,0,0,1,1,17
00-0034960,Jakobi Meyers,WR,JAX,14,0,0,3,9,10,4,39
00-0034967,Rashan Gary,LB,GB,14,0,0,0,0,0,0,0
00-0034973,Maxx Crosby,DE,LV,14,0,0,0,0,0,0,0
00-0034974,Julian Love,SAF,SEA,14,0,0,0,0,0,0,0
00-0034981,Foster Moreau,TE,NO,14,0,0,0,0,1,1,16
00-0034982,Dre Greenlaw,LB,DEN,14,0,0,0,0,0,0,0
00-0034993,Marcus Epps,SAF,PHI,14,0,0,0,0,0,0,0
00-0035112,Patrick Mekari,OT,JAX,14,0,0,0,0,0,0,0
00-0035118,Matthew Orzech,LS,GB,14,0,0,0,0,0,0,0
00-0035133,Keisean Nixon,DB,GB,14,0,0,0,0,0,0,0
00-0035156,Jack Fox,P,DET,14,0,0,0,0,0,0,0
00-0035166,Azeez Al-Shaair,LB,HOU,14,0,0,0,0,0,0,0
00-0035190,AJ Cole,P,LV,14,0,0,0,0,0,0,0
00-0035192,Joey Slye,K,TEN,14,0,0,0,0,0,0,0
00-0035202,Del'Shawn Phillips,LB,LAC,14,0,0,0,0,0,0,0
00-0035208,Olamide Zaccheaus,WR,CHI,14,0,0,0,0,3,2,7
00-0035229,T.J. Hockenson,TE,MIN,14,0,0,0,0,3,2,12
00-0035236,Byron Murphy,CB,MIN,14,0,0,0,0,0,0,0
00-0035244,Lonnie Johnson,SAF,LV,14,0,0,0,0,0,0,0
00-0035248,Zach Allen,DE,DEN,14,0,0,0,0,0,0,0
00-0035249,Josh Oliver,TE,MIN,14,0,0,0,0,2,2,24
00-0035253,C.J. Gardner-Johnson,SAF,CHI,14,0,0,0,0,0,0,0
00-0035254,Anthony Nelson,LB,TB,14,0,0,0,0,0,0,0
00-0035261,Tony Pollard,RB,TEN,14,0,0,25,161,0,0,0
00-0035262,Drue Tranquill,LB,KC,14,0,0,0,0,0,0,0
00-0035266,Mike Jordan,G,TB,14,0,0,0,0,0,0,0
00-0035272,Andrew Van Ginkel,OLB,MIN,14,0,0,0,0,0,0,0
00-0035276,Blake Cashman,LB,MIN,14,0,0,0,0,0,0,0
00-0035280,Jake Bailey,P,MIA,14,0,0,0,0,0,0,0
00-0035286,Cole Holcomb,LB,PIT,14,0,0,0,0,0,0,0
00-0035301,Donovan Wilson,SAF,DAL,14,0,0,0,0,0,0,0
00-0035316,Kaden Elliss,LB,ATL,14,0,0,0,0,0,0,0
00-0035352,Tyrel Dodson,LB,MIA,14,0,0,0,0,0,0,0
00-0035357,Cam Lewis,CB,BUF,14,0,0,0,0,0,0,0
00-0035358,Chase McLaughlin,K,TB,14,0,0,0,0,0,0,0
00-0035359,David Sills,WR,ATL,14,0,0,0,0,4,0,0
00-0035363,Joe Giles-Harris,LB,CIN,14,0,0,0,0,0,0,0
00-0035386,T.J. Edwards,LB,CHI,14,0,0,0,0,0,0,0
00-0035402,Carl Granderson,DE,NO,14,0,0,0,0,0,0,0
00-0035406,Lil'Jordan Humphrey,WR,DEN,14,0,0,0,0,3,3,27
00-0035525,Devin Bush,LB,CLE,14,0,0,0,0,0,0,0
00-0035537,Ty Johnson,RB,BUF,14,0,0,2,25,3,2,14
00-0035544,Tom Kennedy,WR,DET,14,0,0,0,0,0,0,0
00-0035594,Travis Homer,RB,CHI,14,0,0,0,0,0,0,0
00-0035617,Troy Reeder,LB,LA,14,0,0,0,0,0,0,0
00-0035630,Chris Lindstrom,G,ATL,14,0,0,0,0,0,0,0
00-0035632,Amani Hooker,SAF,TEN,14,0,0,0,0,0,0,0
00-0035637,Rock Ya-Sin,CB,DET,14,0,0,0,0,0,0,0
00-0035640,DK Metcalf,WR,PIT,14,0,0,0,0,12,7,148
00-0035642,Josh Hines-Allen,DE,JAX,14,0,0,0,0,0,0,0
00-0035643,Jeffery Simmons,DT,TEN,14,0,0,0,0,0,0,0
00-0035644,Noah Fant,TE,CIN,14,0,0,0,0,2,1,15
00-0035647,Montez Sweat,DE,CHI,14,0,0,0,0,0,0,0
00-0035655,Will Harris,SAF,WAS,14,0,0,0,0,0,0,0
00-0035656,Khalen Saunders,DT,NYJ,14,0,0,0,0,0,0,0
00-0035659,Terry McLaurin,WR,WAS,14,0,0,0,0,6,3,41
00-0035662,Marquise Brown,WR,KC,14,0,0,0,0,2,1,35
00-0035667,Greg Gaines,DT,TB,14,0,0,0,0,0,0,0
00-0035672,Cody Barton,LB,TEN,14,0,0,0,0,0,0,0
00-0035674,Jerry Tillery,DT,KC,14,0,0,0,0,0,0,0
00-0035676,A.J. Brown,WR,PHI,14,0,0,0,0,13,6,100
00-0035678,Dre'Mont Jones,LB,BAL,14,0,0,0,0,0,0,0
00-0035680,Quincy Williams,LB,NYJ,14,0,0,0,0,0,0,0
00-0035681,Mike Edwards,SAF,KC,14,0,0,0,0,0,0,0
00-0035685,David Montgomery,RB,DET,14,0,0,6,60,1,1,13
00-0035688,Trey Pipkins,OT,LAC,14,0,0,0,0,0,0,0
00-0035689,Dawson Knox,TE,BUF,14,0,0,0,0,7,6,93
00-0035697,Germaine Pratt,LB,IND,14,0,0,0,0,0,0,0
00-0035699,Jamel Dean,CB,TB,14,0,0,0,0,0,0,0
00-0035700,Josh Jacobs,RB,GB,14,0,0,20,86,2,2,6
00-0035702,Dalton Risner,G,CIN,14,0,0,0,0,0,0,0
00-0035704,Drew Lock,QB,SEA,14,0,0,1,0,0,0,0
00-0035705,Jalen Thompson,DB,ARI,14,0,0,0,0,0,0,0
00-0035707,Devin White,LB,LV,14,0,0,0,0,0,0,0
00-0035710,Daniel Jones,QB,IND,14,7,60,1,4,0,0,0
00-0035718,Quinnen Williams,DT,DAL,14,0,0,0,0,0,0,0
00-0035719,Deebo Samuel Sr.,WR,WAS,14,0,0,0,0,6,4,27
00-0035763,Malcolm Roach,DT,DEN,14,0,0,0,0,0,0,0
00-0035795,James Pierre,CB,PIT,14,0,0,0,0,0,0,0
00-0035821,Corliss Waitman,P,PIT,14,0,0,0,0,0,0,0
00-0035876,Andre Baccellia,WR,ARI,14,0,0,0,0,3,1,3
00-0035889,Tommy Townsend,P,HOU,14,0,0,0,0,0,0,0
00-0035891,Cody White,WR,SEA,14,0,0,0,0,1,1,9
00-0035944,Jonah Williams,DE,NO,14,0,0,0,0,0,0,0
00-0036040,Juwan Johnson,TE,NO,14,0,0,0,0,4,4,38
00-0036087,Myles Bryant,CB,HOU,14,0,0,0,0,0,0,0
00-0036124,Khalil Dorsey,CB,DET,14,0,0,0,0,0,0,0
00-0036133,James Proche,WR,TEN,14,0,0,0,0,1,0,0
00-0036157,Kristian Welch,LB,GB,14,0,0,0,0,0,0,0
00-0036181,Teair Tart,DT,LAC,14,0,0,0,0,0,0,0
00-0036182,Nick Westbrook-Ikhine,WR,MIA,14,0,0,0,0,0,0,0
00-0036187,Reggie Gilliam,RB,BUF,14,0,0,0,0,0,0,0
00-0036192,A.J. Epenesa,LB,BUF,14,0,0,0,0,0,0,0
00-0036196,Gabe Davis,WR,BUF,14,0,0,0,0,2,2,21
00-0036199,Geno Stone,SAF,CIN,14,0,0,0,0,0,0,0
00-0036204,LaCale London,DE,ATL,14,0,0,0,0,0,0,0
00-0036212,Tua Tagovailoa,QB,MIA,14,21,127,1,0,0,0,0
00-0036221,Brandon Jones,SAF,DEN,14,0,0,0,0,0,0,0
00-0036222,Isaiah Rodgers,CB,MIN,14,0,0,0,0,0,0,0
00-0036223,Jonathan Taylor,RB,IND,14,0,0,21,74,0,0,0
00-0036224,Jonathan Greenard,LB,MIN,14,0,0,0,0,0,0,0
00-0036244,Colby Parkinson,TE,LA,14,0,0,0,0,5,3,32
00-0036248,Austin Jackson,OT,MIA,14,0,0,0,0,0,0,0
00-0036252,Michael Pittman,WR,IND,14,0,0,0,0,12,9,79
00-0036260,Javon Kinlaw,DT,WAS,14,0,0,0,0,0,0,0
00-0036262,DaVon Hamilton,DT,JAX,14,0,0,0,0,0,0,0
00-0036264,Jordan Love,QB,GB,14,25,234,1,-1,0,0,0
00-0036275,D'Andre Swift,RB,CHI,14,0,0,13,63,4,3,19
00-0036280,Malik Harrison,LB,PIT,14,0,0,0,0,0,0,0
00-0036282,Grant Delpit,SAF,CLE,14,0,0,0,0,0,0,0
00-0036285,A.J. Terrell,CB,ATL,14,0,0,0,0,0,0,0
00-0036287,Noah Igbinoghene,CB,WAS,14,0,0,0,0,0,0,0
00-0036290,Cole Kmet,TE,CHI,14,0,0,0,0,3,2,42
00-0036292,Jaylon Johnson,CB,CHI,14,0,0,0,0,0,0,0
00-0036293,Jeremy Chinn,SAF,LV,14,0,0,0,0,0,0,0
00-0036294,Logan Wilson,LB,DAL,14,0,0,0,0,0,0,0
00-0036300,Mykal Walker,LB,NYJ,14,0,0,0,0,0,0,0
00-0036306,Daniel Thomas,SAF,DET,14,0,0,0,0,0,0,0
00-0036309,Darnell Mooney,WR,ATL,14,0,0,0,0,4,1,6
00-0036313,Braden Mann,P,PHI,14,0,0,0,0,0,0,0
00-0036321,Chase Young,DE,NO,14,0,0,0,0,0,0,0
00-0036322,Justin Jefferson,WR,MIN,14,0,0,0,0,4,2,11
00-0036323,Patrick Queen,LB,PIT,14,0,0,0,0,0,0,0
00-0036327,Ezra Cleveland,G,JAX,14,0,0,0,0,0,0,0
00-0036329,Ashtyn Davis,SAF,MIA,14,0,0,0,0,0,0,0
00-0036331,Devin Duvernay,WR,CHI,14,0,0,0,0,1,1,24
00-0036332,Josiah Deguara,TE,ARI,14,0,0,0,0,1,0,0
00-0036333,Alex Highsmith,LB,PIT,14,0,0,0,0,0,0,0
00-0036337,James Lynch,DT,TEN,14,0,0,0,0,0,0,0
00-0036338,Troy Dye,LB,LAC,14,0,0,0,0,0,0,0
00-0036348,Josh Metellus,SAF,MIN,14,0,0,0,0,0,0,0
00-0036349,Kam Curl,SAF,LA,14,0,0,0,0,0,0,0
00-0036355,Justin Herbert,QB,LAC,14,26,139,10,66,0,0,0
00-0036358,CeeDee Lamb,WR,DAL,14,0,0,0,0,8,6,121
00-0036362,Willie Gay Jr.,LB,MIA,14,0,0,0,0,0,0,0
00-0036369,John Simpson,G,NYJ,14,0,0,0,0,0,0,0
00-0036375,Amik Robertson,CB,DET,14,0,0,0,0,0,0,0
00-0036378,Michael Danna,LB,KC,14,0,0,0,0,0,0,0
00-0036380,Alohi Gilman,SAF,BAL,14,0,0,0,0,0,0,0
00-0036388,Xavier McKinney,SAF,GB,14,0,0,0,0,0,0,0
00-0036389,Jalen Hurts,QB,PHI,14,40,240,4,8,0,0,0
00-0036407,Jerry Jeudy,WR,CLE,14,0,0,0,0,5,3,76
00-0036408,Cesar Ruiz,C,NO,14,0,0,0,0,0,0,0
00-0036409,Jordyn Brooks,LB,MIA,14,0,0,0,0,0,0,0
00-0036410,Tee Higgins,WR,CIN,14,0,0,0,0,11,6,92
00-0036411,Antoine Winfield Jr.,SAF,TB,14,0,0,0,0,0,0,0
00-0036415,Van Jefferson,WR,TEN,14,0,0,0,0,4,2,17
00-0036418,Zack Baun,LB,PHI,14,0,0,0,0,0,0,0
00-0036421,Terrell Burgess,SAF,NO,14,0,0,0,0,0,0,0
00-0036422,Adam Trautman,TE,DEN,14,0,0,0,0,2,2,17
00-0036428,Justin Strnad,LB,DEN,14,0,0,0,0,0,0,0
00-0036431,Jordan Fuller,SAF,ATL,14,0,0,0,0,0,0,0
00-0036441,"Kenneth Murray, Jr.",LB,DAL,14,0,0,0,0,0,0,0
00-0036442,Joe Burrow,QB,CIN,14,36,284,0,0,0,0,0
00-0036443,Rex Sunahara,LS,CLE,14,0,0,0,0,0,0,0
00-0036479,Kwity Paye,DE,IND,14,0,0,0,0,0,0,0
00-0036500,Jamien Sherwood,LB,NYJ,14,0,0,0,0,0,0,0
00-0036504,Brandin Echols,CB,PIT,14,0,0,0,0,0,0,0
00-0036527,DJ Turner,WR,LV,14,0,0,0,0,0,0,0
00-0036550,Rashod Bateman,WR,BAL,14,0,0,0,0,3,2,23
00-0036551,Aaron Banks,G,GB,14,0,0,0,0,0,0,0
00-0036554,Nico Collins,WR,HOU,14,0,0,0,0,8,4,121
00-0036564,Talanoa Hufanga,SAF,DEN,14,0,0,0,0,0,0,0
00-0036589,Nick McCloud,CB,CHI,14,0,0,0,0,0,0,0
00-0036590,Quintin Morris,TE,JAX,14,0,0,0,0,0,0,0
00-0036603,Alaric Jackson,OT,LA,14,0,0,0,0,0,0,0
00-0036613,Jaylen Waddle,WR,MIA,14,0,0,1,21,7,5,50
00-0036616,Christian Darrisaw,OT,MIN,14,0,0,0,0,0,0,0
00-0036619,Dillon Radunz,OT,NO,14,0,0,0,0,0,0,0
00-0036620,Dee Eskridge,WR,MIA,14,0,0,0,0,0,0,0
00-0036621,Nick Bolton,LB,KC,14,0,0,0,0,0,0,0
00-0036622,Josh Myers,C,NYJ,14,0,0,0,0,0,0,0
00-0036624,Alim McNeill,DT,DET,14,0,0,0,0,0,0,0
00-0036628,John Bates,TE,WAS,14,0,0,0,0,0,0,0
00-0036629,Camryn Bynum,SAF,IND,14,0,0,0,0,0,0,0
00-0036637,Noah Gray,TE,KC,14,0,0,0,0,3,1,14
00-0036642,Tedarrell Slaton,DT,CIN,14,0,0,0,0,0,0,0
00-0036643,K.J. Britt,LB,MIA,14,0,0,0,0,0,0,0
00-0036658,Isaiah McDuffie,LB,GB,14,0,0,0,0,0,0,0
00-0036677,Zayne Anderson,SAF,GB,14,0,0,0,0,0,0,0
00-0036704,Caleb Johnson,LB,MIA,14,0,0,0,0,0,0,0
00-0036705,Sam Kamara,DT,CLE,14,0,0,0,0,0,0,0
00-0036711,Charles Snowden,DE,LV,14,0,0,0,0,0,0,0
00-0036727,Adam Prentice,FB,DEN,14,0,0,2,22,2,2,11
00-0036741,Jack Stoll,TE,NO,14,0,0,0,0,1,0,0
00-0036802,Jon Rhattigan,LB,LV,14,0,0,0,0,0,0,0
00-0036816,Riley Patterson,K,MIA,14,0,0,0,0,0,0,0
00-0036825,Feleipe Franks,TE,ATL,14,0,0,0,0,0,0,0
00-0036833,Ryan Neuzil,G,ATL,14,0,0,0,0,0,0,0
00-0036841,Austin Trammell,WR,JAX,14,0,0,0,0,0,0,0
00-0036842,Kene Nwangwu,RB,NYJ,14,0,0,0,0,0,0,0
00-0036854,Evan McPherson,K,CIN,14,0,0,0,0,0,0,0
00-0036862,Ben Skowronek,WR,PIT,14,0,0,0,0,1,1,13
00-0036867,Chris Rumph II,LB,NO,14,0,0,0,0,0,0,0
00-0036869,Dan Moore Jr.,OT,TEN,14,0,0,0,0,0,0,0
00-0036870,Buddy Johnson,LB,IND,14,0,0,0,0,0,0,0
00-0036871,Nate Hobbs,CB,GB,14,0,0,0,0,0,0,0
00-0036874,Pat Surtain II,CB,DEN,14,0,0,0,0,0,0,0
00-0036876,Kylen Granson,TE,PHI,14,0,0,0,0,0,0,0
00-0036883,Tommy Togiai,DT,HOU,14,0,0,0,0,0,0,0
00-0036894,Pat Freiermuth,TE,PIT,14,0,0,0,0,3,2,9
00-0036900,Ja'Marr Chase,WR,CIN,14,0,0,1,8,8,5,44
00-0036901,Eric Stokes,CB,LV,14,0,0,0,0,0,0,0
00-0036902,Joseph Ossai,DE,CIN,14,0,0,0,0,0,0,0
00-0036906,Khalil Herbert,RB,NYJ,14,0,0,0,0,0,0,0
00-0036912,DeVonta Smith,WR,PHI,14,0,0,0,0,8,4,37
00-0036914,Greg Rousseau,LB,BUF,14,0,0,0,0,0,0,0
00-0036919,Kenny Gainwell,RB,PIT,14,0,0,4,15,7,6,27
00-0036924,Michael Carter,RB,ARI,14,0,0,3,13,4,2,18
00-0036927,Pete Werner,LB,NO,14,0,0,0,0,0,0,0
00-0036932,Micah Parsons,LB,GB,14,0,0,0,0,0,0,0
00-0036933,Zaven Collins,LB,ARI,14,0,0,0,0,0,0,0
00-0036934,Jaelan Phillips,LB,PHI,14,0,0,0,0,0,0,0
00-0036940,Odafe Oweh,LB,LAC,14,0,0,0,0,0,0,0
00-0036942,Osa Odighizuwa,DT,DAL,14,0,0,0,0,0,0,0
00-0036952,Jonathon Cooper,LB,DEN,14,0,0,0,0,0,0,0
00-0036956,Darren Hall,CB,ARI,14,0,0,0,0,0,0,0
00-0036963,Amon-Ra St. Brown,WR,DET,14,0,0,0,0,9,6,92
00-0036964,Derrick Barnes,LB,DET,14,0,0,0,0,0,0,0
00-0036970,Kyle Pitts,TE,ATL,14,0,0,0,0,10,6,90
00-0036971,Trevor Lawrence,QB,JAX,14,30,244,4,16,0,0,0
00-0036973,Travis Etienne,RB,JAX,14,0,0,20,74,1,1,8
00-0036974,Tyson Campbell,CB,CLE,14,0,0,0,0,0,0,0
00-0036986,Nahshon Wright,CB,CHI,14,0,0,0,0,0,0,0
00-0036987,Brandon Stephens,CB,NYJ,14,0,0,0,0,0,0,0
00-0036989,Malcolm Koonce,DE,LV,14,0,0,0,0,0,0,0
00-0036990,Divine Deablo,LB,ATL,14,0,0,0,0,0,0,0
00-0036992,Elijah Molden,CB,LAC,14,0,0,0,0,0,0,0
00-0036993,Ifeatu Melifonwu,SAF,MIA,14,0,0,0,0,0,0,0
00-0036994,Ernest Jones,LB,SEA,14,0,0,0,0,0,0,0
00-0036995,Baron Browning,LB,ARI,14,0,0,0,0,0,0,0
00-0036996,Greg Newsome II,CB,JAX,14,0,0,0,0,0,0,0
00-0036997,Javonte Williams,RB,DAL,14,0,0,17,67,4,2,0
00-0037013,Zach Wilson,QB,MIA,14,0,0,2,-2,0,0,0
00-0037034,Dee Alford,CB,ATL,14,0,0,0,0,0,0,0
00-0037041,Haggai Ndubuisi,DT,HOU,14,0,0,0,0,0,0,0
00-0037051,Elijah Garcia,DE,ATL,14,0,0,0,0,0,0,0
00-0037073,Jordan Davis,DT,PHI,14,0,0,0,0,0,0,0
00-0037074,Quay Walker,LB,GB,14,0,0,0,0,0,0,0
00-0037079,Riq Woolen,CB,SEA,14,0,0,0,0,0,0,0
00-0037083,Kingsley Enagbare,LB,GB,14,0,0,0,0,0,0,0
00-0037085,Tyler Badie,RB,DEN,14,0,0,4,16,1,1,5
00-0037091,Bo Melton,WR,GB,14,0,0,0,0,2,1,45
00-0037106,Jaylon Jones,DB,CHI,14,0,0,0,0,0,0,0
00-0037129,Josh Blackwell,CB,CHI,14,0,0,0,0,0,0,0
00-0037130,Reed Blankenship,SAF,PHI,14,0,0,0,0,0,0,0
00-0037132,Britain Covey,WR,PHI,14,0,0,0,0,0,0,0
00-0037137,Josh Jobe,CB,SEA,14,0,0,0,0,0,0,0
00-0037157,Bam Knight,RB,ARI,14,0,0,7,16,6,3,18
00-0037191,Trent McDuffie,CB,KC,14,0,0,0,0,0,0,0
00-0037192,George Karlaftis,DE,KC,14,0,0,0,0,0,0,0
00-0037193,Bryan Cook,SAF,KC,14,0,0,0,0,0,0,0
00-0037195,Jaylen Watson,CB,KC,14,0,0,0,0,0,0,0
00-0037197,Isiah Pacheco,RB,KC,14,0,0,9,30,0,0,0
00-0037207,Mike Caliendo,G,KC,14,0,0,0,0,0,0,0
00-0037208,Jack Cochrane,LB,KC,14,0,0,0,0,0,0,0
00-0037224,Cameron Dicker,K,LAC,14,0,0,0,0,0,0,0
00-0037228,Jaylen Warren,RB,PIT,14,0,0,8,13,3,3,49
00-0037235,Travon Walker,DE,JAX,14,0,0,0,0,0,0,0
00-0037236,Aidan Hutchinson,DE,DET,14,0,0,0,0,0,0,0
00-0037237,Derek Stingley Jr.,CB,HOU,14,0,0,0,0,0,0,0
00-0037239,Chris Olave,WR,NO,14,0,0,0,0,5,3,30
00-0037240,Jameson Williams,WR,DET,14,0,0,1,7,9,7,96
00-0037243,Tyler Smith,OT,DAL,14,0,0,0,0,0,0,0
00-0037244,Devin Lloyd,LB,JAX,14,0,0,0,0,0,0,0
00-0037246,Jalen Pitre,SAF,HOU,14,0,0,0,0,0,0,0
00-0037247,George Pickens,WR,DAL,14,0,0,0,0,9,5,37
00-0037248,James Cook,RB,BUF,14,0,0,18,80,2,2,31
00-0037249,Nik Bonitto,LB,DEN,14,0,0,0,0,0,0,0
00-0037251,Alex Wright,DE,CLE,14,0,0,0,0,0,0,0
00-0037252,Greg Dulcich,TE,MIA,14,0,0,0,0,3,3,41
00-0037256,Rachaad White,RB,TB,14,0,0,11,53,2,1,2
00-0037261,Khalil Shakir,WR,BUF,14,0,0,0,0,3,2,16
00-0037262,Thomas Booker,DT,LV,14,0,0,0,0,0,0,0
00-0037263,Tyler Allgeier,RB,ATL,14,0,0,11,34,2,2,33
00-0037267,Jerome Ford,RB,CLE,14,0,0,0,0,3,2,10
00-0037268,Zyon McCollum,CB,TB,14,0,0,0,0,0,0,0
00-0037270,Otito Ogbonnia,DT,LAC,14,0,0,0,0,0,0,0
00-0037271,D'Marco Jackson,LB,CHI,14,0,0,0,0,0,0,0
00-0037274,Esezi Otomewo,DT,PIT,14,0,0,0,0,0,0,0
00-0037275,DaRon Bland,CB,DAL,14,0,0,0,0,0,0,0
00-0037281,Damone Clark,LB,HOU,14,0,0,0,0,0,0,0
00-0037284,Matt Araiza,P,KC,14,0,0,0,0,0,0,0
00-0037288,Christian Benford,CB,BUF,14,0,0,0,0,0,0,0
00-0037289,Malcolm Rodriguez,LB,DET,14,0,0,0,0,0,0,0
00-0037291,Jalen Nailor,WR,MIN,14,0,0,0,0,3,3,30
00-0037292,Andrew Ogletree,TE,IND,14,0,0,0,0,0,0,0
00-0037295,Jamaree Salyer,G,LAC,14,0,0,0,0,0,0,0
00-0037304,Connor Heyward,FB,PIT,14,0,0,1,2,0,0,0
00-0037306,John FitzPatrick,TE,GB,14,0,0,0,0,2,2,14
00-0037310,James Houston,LB,DAL,14,0,0,0,0,0,0,0
00-0037313,Montaric Brown,CB,JAX,14,0,0,0,0,0,0,0
00-0037315,Cameron Goode,LB,MIA,14,0,0,0,0,0,0,0
00-0037318,Baylon Spector,LB,BUF,14,0,0,0,0,0,0,0
00-0037332,D'Anthony Bell,SAF,SEA,14,0,0,0,0,0,0,0
00-0037364,Arron Mosby,DE,GB,14,0,0,0,0,0,0,0
00-0037384,Ja'Quan McMillian,CB,DEN,14,0,0,0,0,0,0,0
00-0037404,Ryan Van Demark,OT,BUF,14,0,0,0,0,0,0,0
00-0037475,Stone Smartt,TE,NYJ,14,0,0,0,0,1,0,0
00-0037487,Deven Thompkins,WR,ATL,14,0,0,0,0,1,1,4
00-0037493,Mike Brown,SAF,TEN,14,0,0,0,0,0,0,0
00-0037500,Ryan Wright,P,MIN,14,0,0,0,0,0,0,0
00-0037512,Isaiah Pola-Mao,SAF,LV,14,0,0,0,0,0,0,0
00-0037516,Sam Webb,CB,CLE,14,0,0,0,0,0,0,0
00-0037525,Jordan Mason,RB,MIN,14,0,0,11,52,0,0,0
00-0037527,Segun Olubi,LB,IND,14,0,0,0,0,0,0,0
00-0037545,Rashid Shaheed,WR,SEA,14,0,0,0,0,5,4,67
00-0037547,Daniel Whelan,P,GB,14,0,0,0,0,0,0,0
00-0037549,Darrell Baker Jr.,CB,TEN,14,0,0,0,0,0,0,0
00-0037557,Ronnie Rivers,RB,LA,14,0,0,8,41,0,0,0
00-0037561,Markquese Bell,SAF,DAL,14,0,0,0,0,0,0,0
00-0037563,Malik Davis,RB,DAL,14,0,0,3,6,0,0,0
00-0037587,Nate Landman,LB,LA,14,0,0,0,0,0,0,0
00-0037594,Julius Chestnut,RB,TEN,14,0,0,0,0,0,0,0
00-0037614,John Metchie III,WR,NYJ,14,0,0,0,0,8,4,34
00-0037615,Nakobe Dean,LB,PHI,14,0,0,0,0,0,0,0
00-0037616,Nick Cross,SAF,IND,14,0,0,0,0,0,0,0
00-0037617,Hassan Haskins,RB,LAC,14,0,0,0,0,0,0,0
00-0037662,C.J. Brewer,DT,TB,14,0,0,0,0,0,0,0
00-0037663,Jermaine Johnson II,DE,NYJ,14,0,0,0,0,0,0,0
00-0037664,Alec Pierce,WR,IND,14,0,0,0,0,8,5,80
00-0037665,Sam Williams,LB,DAL,14,0,0,0,0,0,0,0
00-0037692,Brandon Aubrey,K,DAL,14,0,0,0,0,0,0,0
00-0037741,Jahan Dotson,WR,PHI,14,0,0,0,0,3,1,3
00-0037742,Treylon Burks,WR,WAS,14,0,0,0,0,1,0,0
00-0037743,Daxton Hill,DB,CIN,14,0,0,0,0,0,0,0
00-0037744,Trey McBride,TE,ARI,14,0,0,0,0,9,5,58
00-0037745,Velus Jones Jr.,WR,SEA,14,0,0,4,32,0,0,0
00-0037752,Tycen Anderson,SAF,CIN,14,0,0,0,0,0,0,0
00-0037756,Travis Jones,DT,BAL,14,0,0,0,0,0,0,0
00-0037757,Bernhard Raimann,OT,IND,14,0,0,0,0,0,0,0
00-0037799,Dondrea Tillman,LB,DEN,14,0,0,0,0,0,0,0
00-0037801,KaVontae Turpin,WR,DAL,14,0,0,1,4,2,2,26
00-0037805,Jeremy Ruckert,TE,NYJ,14,0,0,0,0,3,2,19
00-0037809,Chig Okonkwo,TE,TEN,14,0,0,0,0,2,2,20
00-0037813,Channing Tindall,LB,ARI,14,0,0,0,0,0,0,0
00-0037816,Romeo Doubs,WR,GB,14,0,0,0,0,2,0,0
00-0037817,Zach Bako-Bewele,G,GB,14,0,0,0,0,0,0,0
00-0037819,Leo Chenal,LB,KC,14,0,0,0,0,0,0,0
00-0037825,Tyler Linderbaum,C,BAL,14,0,0,0,0,0,0,0
00-0037835,Luke Goedeke,OT,TB,14,0,0,0,0,0,0,0
00-0037837,Calvin Austin III,WR,PIT,14,0,0,0,0,2,1,31
00-0037838,Isaiah Likely,TE,BAL,14,0,0,0,0,6,4,25
00-0037839,Cobie Durant,CB,LA,14,0,0,0,0,0,0,0
00-0037840,Kyren Williams,RB,LA,14,0,0,13,84,2,2,13
00-0037842,Derion Kendrick,CB,LA,14,0,0,0,0,0,0,0
00-0037843,Daniel Hardy,DE,CHI,14,0,0,0,0,0,0,0
00-0038038,Kyle Hamilton,SAF,BAL,14,0,0,0,0,0,0,0
00-0038039,Jack Jones,CB,MIA,14,0,0,0,0,0,0,0
00-0038041,Jake Ferguson,TE,DAL,14,0,0,0,0,7,5,58
00-0038046,Charlie Kolar,TE,BAL,14,0,0,0,0,1,1,19
00-0038094,Jordan Stout,P,BAL,14,0,0,0,0,0,0,0
00-0038100,Percy Butler,SAF,WAS,14,0,0,0,0,0,0,0
00-0038102,Kenny Pickett,QB,LV,14,11,97,1,6,0,0,0
00-0038104,Tyquan Thornton,WR,KC,14,0,0,0,0,3,2,19
00-0038107,Micheal Clemons,DE,NYJ,14,0,0,0,0,0,0,0
00-0038112,Cam Jurgens,C,PHI,14,0,0,0,0,0,0,0
00-0038116,Arnold Ebiketie,LB,ATL,14,0,0,0,0,0,0,0
00-0038120,Breece Hall,RB,NYJ,14,0,0,14,43,1,0,0
00-0038121,Alontae Taylor,CB,NO,14,0,0,0,0,0,0,0
00-0038124,Christian Watson,WR,GB,14,0,0,0,0,4,4,89
00-0038127,Logan Hall,DE,TB,14,0,0,0,0,0,0,0
00-0038129,Cade Otton,TE,TB,14,0,0,0,0,4,3,19
00-0038133,Boye Mafe,DE,SEA,14,0,0,0,0,0,0,0
00-0038134,Kenneth Walker III,RB,SEA,14,0,0,10,29,3,1,-1
00-0038135,Jaquan Brisker,SAF,CHI,14,0,0,0,0,0,0,0
00-0038136,Coby Bryant,CB,SEA,14,0,0,0,0,0,0,0
00-0038142,David Ojabo,LB,BAL,14,0,0,0,0,0,0,0
00-0038359,Xavier Smith,WR,LA,14,0,0,0,0,1,1,6
00-0038381,Kyu Blu Kelly,CB,LV,14,0,0,0,0,0,0,0
00-0038383,Andrew Vorhees,G,BAL,14,0,0,0,0,0,0,0
00-0038387,Colby Wooden,DE,GB,14,0,0,0,0,0,0,0
00-0038390,Noah Sewell,LB,CHI,14,0,0,0,0,0,0,0
00-0038397,Evan Hull,RB,NO,14,0,0,1,4,1,1,6
00-0038398,Karl Brooks,DT,GB,14,0,0,0,0,0,0,0
00-0038407,Jaylon Jones,DB,IND,14,0,0,0,0,0,0,0
00-0038408,Carrington Valentine,DB,GB,14,0,0,0,0,0,0,0
00-0038412,Moro Ojomo,DT,PHI,14,0,0,0,0,0,0,0
00-0038414,Kendall Williamson,SAF,LAC,14,0,0,0,0,0,0,0
00-0038428,Andre Szmyt,K,CLE,14,0,0,0,0,0,0,0
00-0038440,Zavier Scott,RB,MIN,14,0,0,3,15,1,1,5
00-0038454,Keaton Mitchell,RB,BAL,14,0,0,6,76,0,0,0
00-0038504,Trenton Simpson,LB,BAL,14,0,0,0,0,0,0,0
00-0038540,Paris Johnson Jr.,OT,ARI,14,0,0,0,0,0,0,0
00-0038542,Bijan Robinson,RB,ATL,14,0,0,20,86,2,2,8
00-0038543,Jaxon Smith-Njigba,WR,SEA,14,0,0,1,-1,10,7,92
00-0038544,Quentin Johnston,WR,LAC,14,0,0,0,0,3,2,8
00-0038547,Luke Schoonmaker,TE,DAL,14,0,0,0,0,2,1,12
00-0038549,DJ Turner II,CB,CIN,14,0,0,0,0,0,0,0
00-0038552,Riley Moss,CB,DEN,14,0,0,0,0,0,0,0
00-0038553,Daiyan Henley,LB,LAC,14,0,0,0,0,0,0,0
00-0038555,Tank Bigsby,RB,PHI,14,0,0,1,4,0,0,0
00-0038556,DeMarvion Overshown,LB,DAL,14,0,0,0,0,0,0,0
00-0038557,Dorian Williams,LB,BUF,14,0,0,0,0,0,0,0
00-0038558,Darnell Washington,TE,PIT,14,0,0,0,0,1,1,12
00-0038559,Michael Wilson,WR,ARI,14,0,0,0,0,16,11,142
00-0038560,Jordan Battle,SAF,CIN,14,0,0,0,0,0,0,0
00-0038562,Jake Moody,K,WAS,14,0,0,0,0,0,0,0
00-0038563,Tre Tucker,WR,LV,14,0,0,0,0,5,2,24
00-0038564,Cameron Latu,TE,PHI,14,0,0,0,0,0,0,0
00-0038565,Mekhi Blackmon,DB,IND,14,0,0,0,0,0,0,0
00-0038567,Chad Ryland,K,ARI,14,0,0,0,0,0,0,0
00-0038570,Ventrell Miller,LB,JAX,14,0,0,0,0,0,0,0
00-0038571,Jon Gaines II,G,ARI,14,0,0,0,0,0,0,0
00-0038573,Derius Davis,WR,LAC,14,0,0,0,0,0,0,0
00-0038574,Isaiah McGuire,DE,CLE,14,0,0,0,0,0,0,0
00-0038576,Charlie Jones,WR,CIN,14,0,0,0,0,0,0,0
00-0038577,Nick Herbig,LB,PIT,14,0,0,0,0,0,0,0
00-0038578,Jay Ward,SAF,MIN,14,0,0,0,0,0,0,0
00-0038588,Jordan Howden,SAF,NO,14,0,0,0,0,0,0,0
00-0038589,Josh Whyle,TE,GB,14,0,0,0,0,1,1,21
00-0038591,Mike Morris,DE,SEA,14,0,0,0,0,0,0,0
00-0038596,Antonio Johnson,SAF,JAX,14,0,0,0,0,0,0,0
00-0038597,Chase Brown,RB,CIN,14,0,0,12,23,4,3,12
00-0038599,Henry To'oTo'o,LB,HOU,14,0,0,0,0,0,0,0
00-0038600,Owen Pappoe,LB,ARI,14,0,0,0,0,0,0,0
00-0038601,Asim Richards,OT,NO,14,0,0,0,0,0,0,0
00-0038605,JL Skinner,SAF,DEN,14,0,0,0,0,0,0,0
00-0038609,Luke Wypler,C,CLE,14,0,0,0,0,0,0,0
00-0038611,Chris Rodriguez Jr.,RB,WAS,14,0,0,10,52,0,0,0
00-0038614,Scott Matlock,DT,LAC,14,0,0,0,0,0,0,0
00-0038616,Christian Braswell,CB,JAX,14,0,0,0,0,0,0,0
00-0038618,Xavier Hutchinson,WR,HOU,14,0,0,0,0,2,0,0
00-0038619,Andrei Iosivas,WR,CIN,14,0,0,0,0,3,2,17
00-0038623,Dante Stills,DT,ARI,14,0,0,0,0,0,0,0
00-0038624,Ameer Speed,CB,HOU,14,0,0,0,0,0,0,0
00-0038640,Jalen Brooks,WR,ARI,14,0,0,0,0,3,2,32
00-0038660,Trevor Nowaske,LB,DET,14,0,0,0,0,0,0,0
00-0038679,Tyrell Shavers,WR,BUF,14,0,0,0,0,1,1,16
00-0038684,Ethan Bonner,CB,MIA,14,0,0,0,0,0,0,0
00-0038685,Chris Brooks,RB,GB,14,0,0,0,0,1,1,6
00-0038710,Blake Whiteheart,TE,CLE,14,0,0,0,0,1,0,0
00-0038711,Mohamoud Diabate,LB,CLE,14,0,0,0,0,0,0,0
00-0038715,Ronnie Hickman Jr.,SAF,CLE,14,0,0,0,0,0,0,0
00-0038738,Hunter Luepke,RB,DAL,14,0,0,0,0,0,0,0
00-0038742,Tyrus Wheat,LB,DET,14,0,0,0,0,0,0,0
00-0038764,Patrick O'Connell,LB,SEA,14,0,0,0,0,0,0,0
00-0038765,Ty Okada,SAF,SEA,14,0,0,0,0,0,0,0
00-0038778,Jalen Redmond,DL,MIN,14,0,0,0,0,0,0,0
00-0038794,Jaleel McLaughlin,RB,DEN,14,0,0,4,22,1,1,9
00-0038795,PJ Mustipher,DT,ARI,14,0,0,0,0,0,0,0
00-0038797,Emanuel Wilson,RB,GB,14,0,0,3,10,0,0,0
00-0038807,Ivan Pace Jr.,LB,MIN,14,0,0,0,0,0,0,0
00-0038809,Ben Sims,TE,MIN,14,0,0,0,0,1,1,9
00-0038820,Christian Izien,SAF,TB,14,0,0,0,0,0,0,0
00-0038824,Ryan Miller,WR,TB,14,0,0,0,0,0,0,0
00-0038891,Shedrick Jackson,WR,LV,14,0,0,0,0,1,1,25
00-0038896,Jacob Saylors,RB,DET,14,0,0,0,0,0,0,0
00-0038905,Blake Grupe,K,IND,14,0,0,0,0,0,0,0
00-0038911,Malik Cunningham,WR,DET,14,0,0,1,1,0,0,0
00-0038922,Drake Thomas,LB,SEA,14,0,0,0,0,0,0,0
00-0038932,Darnell Wright,OT,CHI,14,0,0,0,0,0,0,0
00-0038933,Dalton Kincaid,TE,BUF,14,0,0,0,0,5,4,41
00-0038935,Brenton Strange,TE,JAX,14,0,0,0,0,6,3,27
00-0038951,Sean Tucker,RB,TB,14,0,0,7,29,0,0,0
00-0038953,Dylan Drummond,WR,ATL,14,0,0,0,0,5,3,21
00-0038958,Markees Watts,LB,TB,14,0,0,0,0,0,0,0
00-0038976,Marvin Mims Jr.,WR,DEN,14,0,0,1,2,1,1,5
00-0038978,Byron Young,DT,PHI,14,0,0,0,0,0,0,0
00-0038979,Cedric Tillman,WR,CLE,14,0,0,0,0,3,1,23
00-0038982,Chamarri Conner,DB,KC,14,0,0,0,0,0,0,0
00-0038984,Kei'Trel Clark,CB,ARI,14,0,0,0,0,0,0,0
00-0038994,Jordan Addison,WR,MIN,14,0,0,0,0,7,4,62
00-0038995,Bryan Bresee,DT,NO,14,0,0,0,0,0,0,0
00-0038997,Josh Downs,WR,IND,14,0,0,0,0,5,4,23
00-0039001,Tyler Steen,OT,PHI,14,0,0,0,0,0,0,0
00-0039002,Sydney Brown,SAF,PHI,14,0,0,0,0,0,0,0
00-0039007,Garrett Williams,CB,ARI,14,0,0,0,0,0,0,0
00-0039009,Dylan Horton,DE,HOU,14,0,0,0,0,0,0,0
00-0039013,Nolan Smith,LB,PHI,14,0,0,0,0,0,0,0
00-0039018,Jack Campbell,LB,DET,14,0,0,0,0,0,0,0
00-0039031,Adetomiwa Adebawore,DT,IND,14,0,0,0,0,0,0,0
00-0039032,Tyjae Spears,RB,TEN,14,0,0,8,19,4,2,28
00-0039040,De'Von Achane,RB,MIA,14,0,0,7,92,1,1,13
00-0039041,Elijah Higgins,TE,ARI,14,0,0,0,0,1,1,0
00-0039047,Derick Hall,LB,SEA,14,0,0,0,0,0,0,0
00-0039049,SirVocea Dennis,LB,TB,14,0,0,0,0,0,0,0
00-0039050,Payne Durham,TE,TB,14,0,0,0,0,0,0,0
00-0039051,Josh Hayes,DB,TB,14,0,0,0,0,0,0,0
00-0039059,Ethan Evans,P,LA,14,0,0,0,0,0,0,0
00-0039061,Desjuan Johnson,DE,LA,14,0,0,0,0,0,0,0
00-0039062,Jonathan Mingo,WR,DAL,14,0,0,0,0,1,0,0
00-0039064,Zay Flowers,WR,BAL,14,0,0,1,2,11,8,124
00-0039067,Rashee Rice,WR,KC,14,0,0,0,0,8,4,34
00-0039068,Yaya Diaby,LB,TB,14,0,0,0,0,0,0,0
00-0039070,Gervon Dexter Sr.,DT,CHI,14,0,0,0,0,0,0,0
00-0039074,Davis Allen,TE,LA,14,0,0,0,0,2,2,21
00-0039075,Puka Nacua,WR,LA,14,0,0,0,0,11,7,167
00-0039108,Will Anderson Jr.,DE,HOU,14,0,0,0,0,0,0,0
00-0039110,Keeanu Benton,DT,PIT,14,0,0,0,0,0,0,0
00-0039111,Tuli Tuipulotu,LB,LAC,14,0,0,0,0,0,0,0
00-0039137,Byron Young,LB,LA,14,0,0,0,0,0,0,0
00-0039138,Kobie Turner,DE,LA,14,0,0,0,0,0,0,0
00-0039139,Jahmyr Gibbs,RB,DET,14,0,0,12,43,7,7,77
00-0039141,Brian Branch,CB,DET,14,0,0,0,0,0,0,0
00-0039144,Luke Musgrave,TE,GB,14,0,0,0,0,4,2,22
00-0039146,Jayden Reed,WR,GB,14,0,0,2,22,4,4,31
00-0039149,Quan Martin,SAF,WAS,14,0,0,0,0,0,0,0
00-0039151,Emmanuel Forbes,CB,LA,14,0,0,0,0,0,0,0
00-0039155,BJ Ojulari,LB,ARI,14,0,0,0,0,0,0,0
00-0039163,C.J. Stroud,QB,HOU,14,31,203,2,5,0,0,0
00-0039165,Zach Charbonnet,RB,SEA,14,0,0,7,46,3,2,20
00-0039167,Joey Porter Jr.,CB,PIT,14,0,0,0,0,0,0,0
00-0039169,Devon Witherspoon,CB,SEA,14,0,0,0,0,0,0,0
00-0039172,Jake Bates,K,DET,14,0,0,0,0,0,0,0
00-0039178,Austin Ajiake,LB,IND,14,0,0,0,0,0,0,0
00-0039229,Charlie Smyth,K,NO,14,0,0,0,0,0,0,0
00-0039232,Nate Wiggins,CB,BAL,14,0,0,0,0,0,0,0
00-0039234,T.J. Tampa,CB,BAL,14,0,0,0,0,0,0,0
00-0039267,Andre' Sam,SAF,PHI,14,0,0,0,0,0,0,0
00-0039309,Byron Murphy II,DT,SEA,14,0,0,0,0,0,0,0
00-0039323,Ryan Rehkow,P,CIN,14,0,0,0,0,0,0,0
00-0039338,Brock Bowers,TE,LV,14,0,0,0,0,5,4,46
00-0039340,Laiatu Latu,DE,IND,14,0,0,0,0,0,0,0
00-0039343,Kamari Lassiter,CB,HOU,14,0,0,0,0,0,0,0
00-0039352,Marist Liufau,LB,DAL,14,0,0,0,0,0,0,0
00-0039353,Jarrian Jones,CB,JAX,14,0,0,0,0,0,0,0
00-0039361,Bucky Irving,RB,TB,14,0,0,15,55,3,2,26
00-0039364,Sione Vaki,RB,DET,14,0,0,0,0,0,0,0
00-0039366,Tarheeb Still,CB,LAC,14,0,0,0,0,0,0,0
00-0039368,Jordan Magee,LB,WAS,14,0,0,0,0,0,0,0
00-0039369,Cam Hart,CB,LAC,14,0,0,0,0,0,0,0
00-0039371,Kris Abrams-Draine,CB,DEN,14,0,0,0,0,0,0,0
00-0039373,Audric Estimé,RB,NO,14,0,0,3,11,0,0,0
00-0039374,Tommy Eichenberg,LB,LV,14,0,0,0,0,0,0,0
00-0039387,Caelen Carson,DB,DAL,14,0,0,0,0,0,0,0
00-0039389,Logan Lee,DT,PIT,14,0,0,0,0,0,0,0
00-0039391,Kimani Vidal,RB,LAC,14,0,0,14,44,3,1,60
00-0039404,Will Reichard,K,MIN,14,0,0,0,0,0,0,0
00-0039407,Dylan Laube,RB,LV,14,0,0,0,0,0,0,0
00-0039409,Cam Little,K,JAX,14,0,0,0,0,0,0,0
00-0039410,Ryan Flournoy,WR,DAL,14,0,0,0,0,13,9,115
00-0039414,Daijahn Anthony,SAF,CIN,14,0,0,0,0,0,0,0
00-0039417,Myles Harden,CB,CLE,14,0,0,0,0,0,0,0
00-0039422,Nathan Thomas,OT,DAL,14,0,0,0,0,0,0,0
00-0039423,Jonah Laulu,DT,LV,14,0,0,0,0,0,0,0
00-0039424,Devaughn Vele,WR,NO,14,0,0,0,0,5,3,40
00-0039430,James Williams,LB,TEN,14,0,0,0,0,0,0,0
00-0039431,Jowon Briggs,DE,NYJ,14,0,0,0,0,0,0,0
00-0039436,Jaylen Harrell,DE,TEN,14,0,0,0,0,0,0,0
00-0039451,Isaiah Williams,WR,NYJ,14,0,0,0,0,3,2,24
00-0039465,Reddy Steward,DB,DAL,14,0,0,0,0,0,0,0
00-0039498,Harrison Mevis,K,LA,14,0,0,0,0,0,0,0
00-0039530,Brevyn Spann-Ford,TE,DAL,14,0,0,0,0,1,1,7
00-0039589,Kameron Johnson,WR,TB,14,0,0,0,0,1,0,0
00-0039603,British Brooks,RB,HOU,14,0,0,0,0,0,0,0
00-0039623,Mason Tipton,WR,NO,14,0,0,0,0,0,0,0
00-0039634,Austin McNamara,P,NYJ,14,0,0,0,0,0,0,0
00-0039648,David Martin-Robinson,TE,TEN,14,0,0,0,0,1,1,6
00-0039660,Thomas Harper,SAF,DET,14,0,0,0,0,0,0,0
00-0039681,Tyler Owens,DB,WAS,14,0,0,0,0,0,0,0
00-0039686,Colson Yankoff,TE,WAS,14,0,0,0,0,1,0,0
00-0039718,Bo Richter,LB,MIN,14,0,0,0,0,0,0,0
00-0039731,JC Latham,OT,TEN,14,0,0,0,0,0,0,0
00-0039732,Bo Nix,QB,DEN,14,38,212,3,15,0,0,0
00-0039733,Ruke Orhorhoro,DT,ATL,14,0,0,0,0,0,0,0
00-0039734,Braden Fiske,DT,LA,14,0,0,0,0,0,0,0
00-0039738,Blake Corum,RB,LA,14,0,0,12,128,1,1,3
00-0039740,Jalyx Hunt,LB,PHI,14,0,0,0,0,0,0,0
00-0039741,Payton Wilson,LB,PIT,14,0,0,0,0,0,0,0
00-0039745,Tory Taylor,P,CHI,14,0,0,0,0,0,0,0
00-0039746,Will Shipley,RB,PHI,14,0,0,0,0,1,1,3
00-0039749,Tyler Davis,DE,LA,14,0,0,0,0,0,0,0
00-0039751,Jordan Whittington,WR,LA,14,0,0,0,0,1,1,5
00-0039752,Cedric Johnson,DE,CIN,14,0,0,0,0,0,0,0
00-0039755,KT Leveston,OT,CLE,14,0,0,0,0,0,0,0
00-0039763,Joe Andreessen,LB,BUF,14,0,0,0,0,0,0,0
00-0039772,Josh Wallace,CB,LA,14,0,0,0,0,0,0,0
00-0039774,Omar Speights,LB,LA,14,0,0,0,0,0,0,0
00-0039776,Jaylen McCollough,SAF,LA,14,0,0,0,0,0,0,0
00-0039789,Qwan'tez Stiggers,DB,NYJ,14,0,0,0,0,0,0,0
00-0039793,AJ Barner,TE,SEA,14,0,0,0,0,4,3,27
00-0039796,Rasheen Ali,RB,BAL,14,0,0,1,2,3,2,11
00-0039798,Isaiah Davis,RB,NYJ,14,0,0,2,22,0,0,0
00-0039809,Jonah Elliss,LB,DEN,14,0,0,0,0,0,0,0
00-0039812,Ty'Ron Hopper,LB,GB,14,0,0,0,0,0,0,0
00-0039813,Evan Williams,SAF,GB,14,0,0,0,0,0,0,0
00-0039815,Tyrice Knight,LB,SEA,14,0,0,0,0,0,0,0
00-0039816,Anthony Gould,WR,IND,14,0,0,0,0,1,1,3
00-0039826,Jeremiah Trotter Jr.,LB,PHI,14,0,0,0,0,0,0,0
00-0039834,Kamren Kinchens,SAF,LA,14,0,0,0,0,0,0,0
00-0039835,Justin Eboigbe,DT,LAC,14,0,0,0,0,0,0,0
00-0039838,Calen Bullock,SAF,HOU,14,0,0,0,0,0,0,0
00-0039840,Austin Booker,DE,CHI,14,0,0,0,0,0,0,0
00-0039841,Cooper DeJean,CB,PHI,14,0,0,0,0,0,0,0
00-0039846,Tykee Smith,DB,TB,14,0,0,0,0,0,0,0
00-0039850,Edgerrin Cooper,LB,GB,14,0,0,0,0,0,0,0
00-0039852,Jared Verse,DE,LA,14,0,0,0,0,0,0,0
00-0039854,Darius Robinson,DL,ARI,14,0,0,0,0,0,0,0
00-0039858,Cedric Gray,LB,TEN,14,0,0,0,0,0,0,0
00-0039860,Kool-Aid McKinstry,CB,NO,14,0,0,0,0,0,0,0
00-0039867,Javon Bullard,SAF,GB,14,0,0,0,0,0,0,0
00-0039868,Troy Franklin,WR,DEN,14,0,0,0,0,4,3,11
00-0039872,Cole Bishop,SAF,BUF,14,0,0,0,0,0,0,0
00-0039874,Jaylen Wright,RB,MIA,14,0,0,24,107,3,0,0
00-0039875,Ray Davis,RB,BUF,14,0,0,0,0,0,0,0
00-0039880,Malik Washington,WR,MIA,14,0,0,0,0,4,3,10
00-0039886,T'Vondre Sweat,DT,TEN,14,0,0,0,0,0,0,0
00-0039888,Quinyon Mitchell,CB,PHI,14,0,0,0,0,0,0,0
00-0039889,Maason Smith,DT,JAX,14,0,0,0,0,0,0,0
00-0039890,Adonai Mitchell,WR,NYJ,14,0,0,0,0,6,1,24
00-0039893,Brian Thomas Jr.,WR,JAX,14,0,0,0,0,6,3,87
00-0039894,Xavier Worthy,WR,KC,14,0,0,0,0,4,3,55
00-0039895,Mike Hall Jr.,DT,CLE,14,0,0,0,0,0,0,0
00-0039898,Mike Sainristil,CB,WAS,14,0,0,0,0,0,0,0
00-0039899,Patrick Paul,OT,MIA,14,0,0,0,0,0,0,0
00-0039901,Keon Coleman,WR,BUF,14,0,0,0,0,3,2,16
00-0039902,Chris Braswell,LB,TB,14,0,0,0,0,0,0,0
00-0039905,Graham Barton,C,TB,14,0,0,0,0,0,0,0
00-0039908,Kris Jenkins,DT,CIN,14,0,0,0,0,0,0,0
00-0039910,Jayden Daniels,QB,WAS,14,20,78,4,16,0,0,0
00-0039911,Chop Robinson,LB,MIA,14,0,0,0,0,0,0,0
00-0039912,Ben Sinnott,TE,WAS,14,0,0,0,0,1,1,8
00-0039915,Ladd McConkey,WR,LAC,14,0,0,0,0,5,1,12
00-0039918,Caleb Williams,QB,CHI,14,35,186,4,15,0,0,0
00-0039920,Malachi Corley,WR,CLE,14,0,0,1,2,0,0,0
00-0039923,J.J. McCarthy,QB,MIN,14,23,163,6,19,0,0,0
00-0039924,Dallas Turner,LB,MIN,14,0,0,0,0,0,0,0
00-0040008,Shavon Revel Jr.,CB,DAL,14,0,0,0,0,0,0,0
00-0040010,Barryn Sorrell,DE,GB,14,0,0,0,0,0,0,0
00-0040011,Shemar James,LB,DAL,14,0,0,0,0,0,0,0
00-0040013,Smael Mondon Jr.,LB,PHI,14,0,0,0,0,0,0,0
00-0040016,Warren Brinson,DT,GB,14,0,0,0,0,0,0,0
00-0040020,Micah Robinson,CB,TEN,14,0,0,0,0,0,0,0
00-0040024,Darius Cooper,WR,PHI,14,0,0,0,0,1,1,19
00-0040069,Teddye Buchanan,LB,BAL,14,0,0,0,0,0,0,0
00-0040074,Tyler Loop,K,BAL,14,0,0,0,0,0,0,0
00-0040075,LaJohntay Wester,WR,BAL,14,0,0,0,0,0,0,0
00-0040078,Brashard Smith,RB,KC,14,0,0,1,7,0,0,0
00-0040089,Kevin Knowles,DB,KC,14,0,0,0,0,0,0,0
00-0040092,Esa Pole,OL,KC,14,0,0,0,0,0,0,0
00-0040104,Keondre Jackson,SAF,BAL,14,0,0,0,0,0,0,0
00-0040118,Cooper McDonald,LB,KC,14,0,0,0,0,0,0,0
00-0040122,Ashton Jeanty,RB,LV,14,0,0,10,30,4,2,8
00-0040123,Armand Membou,OT,NYJ,14,0,0,0,0,0,0,0
00-0040126,Colston Loveland,TE,CHI,14,0,0,0,0,5,4,29
00-0040127,Kenneth Grant,DT,MIA,14,0,0,0,0,0,0,0
00-0040128,Tyler Warren,TE,IND,14,0,0,1,2,6,2,15
00-0040129,Emeka Egbuka,WR,TB,14,0,0,0,0,9,2,15
00-0040130,Jayden Higgins,WR,HOU,14,0,0,0,0,5,3,34
00-0040133,Azareye'h Thomas,CB,NYJ,14,0,0,0,0,0,0,0
00-0040134,Pat Bryant,WR,DEN,14,0,0,0,0,4,4,32
00-0040137,Jordan Burch,LB,ARI,14,0,0,0,0,0,0,0
00-0040138,Jaylin Noel,WR,HOU,14,0,0,1,1,2,2,12
00-0040141,Kevin Winston Jr.,SAF,TEN,14,0,0,0,0,0,0,0
00-0040142,Kaleb Johnson,RB,PIT,14,0,0,2,4,0,0,0
00-0040143,Jacob Parrish,CB,TB,14,0,0,0,0,0,0,0
00-0040144,Jamaree Caldwell,DT,LAC,14,0,0,0,0,0,0,0
00-0040148,Xavier Watts,SAF,ATL,14,0,0,0,0,0,0,0
00-0040154,Tai Felton,WR,MIN,14,0,0,0,0,1,1,10
00-0040155,Danny Stutsman,LB,NO,14,0,0,0,0,0,0,0
00-0040157,Barrett Carter,LB,CIN,14,0,0,0,0,0,0,0
00-0040160,Jack Sawyer,LB,PIT,14,0,0,0,0,0,0,0
00-0040162,Dylan Sampson,RB,CLE,14,0,0,2,4,6,5,64
00-0040164,Jaylin Lane,WR,WAS,14,0,0,0,0,0,0,0
00-0040165,Malachi Moore,SAF,NYJ,14,0,0,0,0,0,0,0
00-0040166,Quincy Riley,CB,NO,14,0,0,0,0,0,0,0
00-0040169,Tonka Hemingway,DT,LV,14,0,0,0,0,0,0,0
00-0040170,Elic Ayomanor,WR,TEN,14,0,0,0,0,3,1,14
00-0040178,Jason Marshall Jr.,CB,MIA,14,0,0,0,0,0,0,0
00-0040182,Dante Trader Jr.,SAF,MIA,14,0,0,0,0,0,0,0
00-0040183,Elijah Roberts,DE,TB,14,0,0,0,0,0,0,0
00-0040186,Francisco Mauigoa,LB,NYJ,14,0,0,0,0,0,0,0
00-0040188,Yahya Black,DE,PIT,14,0,0,0,0,0,0,0
00-0040189,Oronde Gadsden II,TE,LAC,14,0,0,0,0,4,1,7
00-0040192,Jordan Hancock,CB,BUF,14,0,0,0,0,0,0,0
00-0040193,Miles Frazier,G,DET,14,0,0,0,0,0,0,0
00-0040194,Jackson Hawes,TE,BUF,14,0,0,0,0,1,1,3
00-0040195,Denzel Burke,CB,ARI,14,0,0,0,0,0,0,0
00-0040198,Ollie Gordon II,RB,MIA,14,0,0,5,17,0,0,0
00-0040199,JJ Pegues,DT,LV,14,0,0,0,0,0,0,0
00-0040201,Marcus Harris,CB,TEN,14,0,0,0,0,0,0,0
00-0040202,Devin Neal,RB,NO,14,0,0,19,70,1,1,14
00-0040206,Riley Leonard,QB,IND,14,29,145,2,5,0,0,0
00-0040213,Rayuan Lane III,SAF,JAX,14,0,0,0,0,0,0,0
00-0040214,Kobe King,LB,NYJ,14,0,0,0,0,0,0,0
00-0040216,Kain Medrano,LB,WAS,14,0,0,0,0,0,0,0
00-0040221,R.J. Mickens,SAF,LAC,14,0,0,0,0,0,0,0
00-0040223,Jeremy Crawshaw,P,DEN,14,0,0,0,0,0,0,0
00-0040224,Jack Nelson,OT,ATL,14,0,0,0,0,0,0,0
00-0040230,Kitan Crawford,SAF,ARI,14,0,0,0,0,0,0,0
00-0040231,Carson Bruener,LB,PIT,14,0,0,0,0,0,0,0
00-0040236,Kyle Monangai,RB,CHI,14,0,0,14,57,2,1,0
00-0040238,LeQuint Allen Jr.,RB,JAX,14,0,0,0,0,2,2,8
00-0040242,Jacory Croskey-Merritt,RB,WAS,14,0,0,7,32,0,0,0
00-0040251,Trikweze Bridges,DB,DAL,14,0,0,0,0,0,0,0
00-0040259,Gage Larvadain,WR,CLE,14,0,0,0,0,3,2,18
00-0040329,BJ Green II,DE,JAX,14,0,0,0,0,0,0,0
00-0040339,Cam'Ron Silmon-Craig,DB,JAX,14,0,0,0,0,0,0,0
00-0040342,Danny Striggow,DE,JAX,14,0,0,0,0,0,0,0
00-0040398,Brady Cook,QB,NYJ,14,30,163,1,0,0,0,0
00-0040416,John Bullock,LB,TB,14,0,0,0,0,0,0,0
00-0040417,Benjamin Chukwuma,OT,TB,14,0,0,0,0,0,0,0
00-0040460,Marlowe Wax,LB,LAC,14,0,0,0,0,0,0,0
00-0040501,Austin Keys,LB,MIN,14,0,0,0,0,0,0,0
00-0040503,Dorian Mausi,LB,TEN,14,0,0,0,0,0,0,0
00-0040506,Myles Price,WR,MIN,14,0,0,0,0,0,0,0
00-0040578,James Pearce Jr.,DE,ATL,14,0,0,0,0,0,0,0
00-0040579,Carson Schwesinger,LB,CLE,14,0,0,0,0,0,0,0
00-0040580,Josaiah Stewart,LB,LA,14,0,0,0,0,0,0,0
00-0040583,Woody Marks,RB,HOU,14,0,0,26,68,3,2,8
00-0040584,Gunnar Helm,TE,TEN,14,0,0,0,0,2,1,8
00-0040590,Konata Mumpfield,WR,LA,14,0,0,0,0,1,1,5
00-0040613,Shaun Dolac,LB,LA,14,0,0,0,0,0,0,0
00-0040640,Ashton Gillotte,DE,KC,14,0,0,0,0,0,0,0
00-0040641,Darien Porter,CB,LV,14,0,0,0,0,0,0,0
00-0040643,Jonas Sanker,SAF,NO,14,0,0,0,0,0,0,0
00-0040645,Cody Simon,LB,ARI,14,0,0,0,0,0,0,0
00-0040649,Robbie Ouzts,RB,SEA,14,0,0,0,0,0,0,0
00-0040650,Bryce Cabeldue,G,SEA,14,0,0,0,0,0,0,0
00-0040654,Kai Kroeger,P,NO,14,0,0,0,0,0,0,0
00-0040663,Harold Fannin Jr.,TE,CLE,14,0,0,0,0,11,8,114
00-0040666,Omarion Hampton,RB,LAC,14,0,0,13,56,2,2,11
00-0040667,Matthew Golden,WR,GB,14,0,0,0,0,1,0,0
00-0040668,Shedeur Sanders,QB,CLE,14,42,364,3,29,0,0,0
00-0040669,Isaac TeSlaa,WR,DET,14,0,0,0,0,3,2,20
00-0040670,Nohl Williams,CB,KC,14,0,0,0,0,0,0,0
00-0040672,Tyleik Williams,DT,DET,14,0,0,0,0,0,0,0
00-0040676,Cam Ward,QB,TEN,14,28,117,2,4,0,0,0
00-0040685,Mason Graham,DT,CLE,14,0,0,0,0,0,0,0
00-0040688,Malaki Starks,SAF,BAL,14,0,0,0,0,0,0,0
00-0040705,Chimere Dike,WR,TEN,14,0,0,0,0,8,5,24
00-0040708,Jihaad Campbell,LB,PHI,14,0,0,0,0,0,0,0
00-0040709,Maxwell Hairston,CB,BUF,14,0,0,0,0,0,0,0
00-0040710,Deone Walker,DT,BUF,14,0,0,0,0,0,0,0
00-0040719,Bhayshul Tuten,RB,JAX,14,0,0,2,5,0,0,0
00-0040720,Jahdae Barron,CB,DEN,14,0,0,0,0,0,0,0
00-0040722,Mike Green,LB,BAL,14,0,0,0,0,0,0,0
00-0040723,Jack Kiser,LB,JAX,14,0,0,0,0,0,0,0
00-0040724,T.J. Sanders,DT,BUF,14,0,0,0,0,0,0,0
00-0040725,Donovan Ezeiruaku,LB,DAL,14,0,0,0,0,0,0,0
00-0040727,Tre Harris,WR,LAC,14,0,0,1,3,2,1,18
00-0040728,Tate Ratledge,G,DET,14,0,0,0,0,0,0,0
00-0040729,Jack Bech,WR,LV,14,0,0,0,0,6,6,50
00-0040730,RJ Harvey,RB,DEN,14,0,0,17,75,6,6,25
00-0040733,Nick Emmanwori,SAF,SEA,14,0,0,0,0,0,0,0
00-0040735,Luther Burden III,WR,CHI,14,0,0,1,3,6,4,67
00-0040736,Mason Taylor,TE,NYJ,14,0,0,0,0,8,5,51
00-0040737,Terrance Ferguson,TE,LA,14,0,0,0,0,1,0,0
00-0040738,Demetrius Knight Jr.,LB,CIN,14,0,0,0,0,0,0,0
00-0040739,Elijah Arroyo,TE,SEA,14,0,0,0,0,1,0,0
00-0040743,Tyler Shough,QB,NO,14,20,144,7,55,0,0,0
00-0040744,Jaylahn Tuimolaou,DE,IND,14,0,0,0,0,0,0,0
00-0040745,Aireontae Ersery,OT,HOU,14,0,0,0,0,0,0,0
00-0040751,Will Johnson,CB,ARI,14,0,0,0,0,0,0,0
00-0040782,Isaiah Bond,WR,CLE,14,0,0,0,0,2,0,0
00-0040784,Quinshon Judkins,RB,CLE,14,0,0,14,26,3,1,58
,,,DET,14,0,0,0,0,0,0,0
00-0022942,Philip Rivers,QB,IND,15,27,120,1,0,0,0,0
00-0023459,Aaron Rodgers,QB,PIT,15,27,224,0,0,0,0,0
00-0023853,Matt Prater,K,BUF,15,0,0,0,0,0,0,0
00-0025565,Nick Folk,K,NYJ,15,0,0,0,0,0,0,0
00-0026190,Calais Campbell,DE,ARI,15,0,0,0,0,0,0,0
00-0026498,Matthew Stafford,QB,LA,15,38,368,1,2,0,0,0
00-0027865,Brandon Graham,DE,PHI,15,0,0,0,0,0,0,0
00-0027940,Von Miller,OLB,WAS,15,0,0,0,0,0,0,0
00-0027962,Cameron Jordan,LB,NO,15,0,0,0,0,0,0,0
00-0027969,Cameron Heyward,DE,PIT,15,0,0,0,0,0,0,0
00-0028292,Nick Bellore,LB,WAS,15,0,0,0,0,0,0,0
00-0028845,Josh Harris,LS,LAC,15,0,0,0,0,0,0,0
00-0028872,Johnny Hekker,P,TEN,15,0,0,0,0,0,0,0
00-0029255,Bobby Wagner,MLB,WAS,15,0,0,0,0,0,0,0
00-0029562,Lavonte David,OLB,TB,15,0,0,0,0,0,0,0
00-0029604,Kirk Cousins,QB,ATL,15,44,373,0,0,0,0,0
00-0029606,Harrison Smith,FS,MIN,15,0,0,0,0,0,0,0
00-0029607,Demario Davis,OLB,NO,15,0,0,0,0,0,0,0
00-0029692,Bryan Anger,P,DAL,15,0,0,0,0,0,0,0
00-0029822,Brandon McManus,K,GB,15,0,0,0,0,0,0,0
00-0029892,Kyle Juszczyk,FB,SF,15,0,0,0,0,1,1,7
00-0030035,Adam Thielen,WR,PIT,15,0,0,0,0,1,1,7
00-0030070,John Jenkins,DT,BAL,15,0,0,0,0,0,0,0
00-0030092,Sam Martin,P,CAR,15,0,0,0,0,0,0,0
00-0030114,Jordan Poyer,FS,BUF,15,0,0,0,0,0,0,0
00-0030140,Tress Way,P,WAS,15,0,0,0,0,0,0,0
00-0030279,Keenan Allen,WR,LAC,15,0,0,0,0,7,5,36
00-0030294,Tony Jefferson,S,LAC,15,0,0,0,0,0,0,0
00-0030506,Travis Kelce,TE,KC,15,0,0,0,0,9,7,70
00-0030564,DeAndre Hopkins,WR,BAL,15,0,0,0,0,1,1,32
00-0030757,Mike Pennel,DT,KC,15,0,0,0,0,0,0,0
00-0031040,Khalil Mack,OLB,LAC,15,0,0,0,0,0,0,0
00-0031054,DaQuan Jones,DT,BUF,15,0,0,0,0,0,0,0
00-0031136,Chris Boswell,K,PIT,15,0,0,0,0,0,0,0
00-0031203,Cairo Santos,K,CHI,15,0,0,0,0,0,0,0
00-0031236,Brandin Cooks,WR,BUF,15,0,0,0,0,3,0,0
00-0031254,Denico Autry,DT,HOU,15,0,0,0,0,0,0,0
00-0031270,Shelby Harris,DE,CLE,15,0,0,0,0,0,0,0
00-0031279,Jake Matthews,OT,ATL,15,0,0,0,0,0,0,0
00-0031357,C.J. Goodwin,CB,DAL,15,0,0,0,0,0,0,0
00-0031360,Kyle Van Noy,MLB,BAL,15,0,0,0,0,0,0,0
00-0031364,Jadeveon Clowney,DE,DAL,15,0,0,0,0,0,0,0
00-0031381,Davante Adams,WR,LA,15,0,0,0,0,9,4,71
00-0031408,Mike Evans,WR,TB,15,0,0,0,0,12,6,132
00-0031411,DeMarcus Lawrence,LB,SEA,15,0,0,0,0,0,0,0
00-0031492,Jason Myers,K,SEA,15,0,0,0,0,0,0,0
00-0031503,Jameis Winston,QB,NYG,15,1,0,0,0,0,0,0
00-0031550,Shaq Thompson,OLB,BUF,15,0,0,0,0,0,0,0
00-0031551,Eddie Goldman,NT,WAS,15,0,0,0,0,0,0,0
00-0031565,Danielle Hunter,DE,HOU,15,0,0,0,0,0,0,0
00-0031583,Grady Jarrett,DT,CHI,15,0,0,0,0,0,0,0
00-0031588,Stefon Diggs,WR,NE,15,0,0,0,0,4,3,26
00-0031610,Darren Waller,TE,MIA,15,0,0,0,0,8,7,66
00-0031687,Raheem Mostert,RB,LV,15,0,0,0,0,1,1,2
00-0031740,Neville Hewitt,LB,NYG,15,0,0,0,0,0,0,0
00-0031898,Alex Singleton,LB,DEN,15,0,0,0,0,0,0,0
00-0031933,Leonard Williams,DE,SEA,15,0,0,0,0,0,0,0
00-0031935,Preston Smith,DE,WAS,15,0,0,0,0,0,0,0
00-0032065,Bradley Pinion,P,ATL,15,0,0,0,0,0,0,0
00-0032103,Denzel Perryman,MLB,LAC,15,0,0,0,0,0,0,0
00-0032104,Ameer Abdullah,RB,IND,15,0,0,4,15,5,5,32
00-0032164,Arik Armstead,DE,JAX,15,0,0,0,0,0,0,0
00-0032211,Tyler Lockett,WR,LV,15,0,0,0,0,4,2,10
00-0032228,Joe Cardona,LS,MIA,15,0,0,0,0,0,0,0
00-0032265,Mario Edwards,DE,HOU,15,0,0,0,0,0,0,0
00-0032268,Marcus Mariota,QB,WAS,15,19,211,10,43,0,0,0
00-0032387,Jarran Reed,DT,SEA,15,0,0,0,0,0,0,0
00-0032388,Deion Jones,LB,TB,15,0,0,0,0,0,0,0
00-0032415,Matthew Judon,OLB,MIA,15,0,0,0,0,0,0,0
00-0032424,DJ Reader,DT,DET,15,0,0,0,0,0,0,0
00-0032442,Elandon Roberts,OLB,LV,15,0,0,0,0,0,0,0
00-0032464,Kalif Raymond,WR,DET,15,0,0,0,0,1,1,20
00-0032569,Wil Lutz,K,DEN,15,0,0,0,0,0,0,0
00-0032667,Roy Robertson-Harris,DE,NYG,15,0,0,0,0,0,0,0
00-0032726,Ka'imi Fairbairn,K,HOU,15,0,0,0,0,0,0,0
00-0032759,Sheldon Rankins,DT,HOU,15,0,0,0,0,0,0,0
00-0032762,Chris Jones,DE,KC,15,0,0,0,0,0,0,0
00-0032764,Derrick Henry,RB,BAL,15,0,0,11,100,0,0,0
00-0032775,Demarcus Robinson,WR,SF,15,0,0,0,0,2,2,36
00-0032889,A'Shawn Robinson,DT,CAR,15,0,0,0,0,0,0,0
00-0032918,C.J. Ham,FB,MIN,15,0,0,1,1,0,0,0
00-0032933,Antonio Hamilton,CB,WAS,15,0,0,0,0,0,0,0
00-0032943,Riley Dixon,P,TB,15,0,0,0,0,0,0,0
00-0033038,Eric Murray,S,JAX,15,0,0,0,0,0,0,0
00-0033046,Jihad Ward,LB,TEN,15,0,0,0,0,0,0,0
00-0033051,David Onyemata,DT,ATL,15,0,0,0,0,0,0,0
00-0033055,Jalen Ramsey,CB,PIT,15,0,0,0,0,0,0,0
00-0033066,Andrew Billings,DT,CHI,15,0,0,0,0,0,0,0
00-0033077,Dak Prescott,QB,DAL,15,38,294,1,2,0,0,0
00-0033090,Hunter Henry,TE,NE,15,0,0,0,0,3,1,18
00-0033093,Jonathan Bullard,DE,NO,15,0,0,0,0,0,0,0
00-0033106,Jared Goff,QB,DET,15,41,338,0,0,0,0,0
00-0033109,Javon Hargrave,NT,MIN,15,0,0,0,0,0,0,0
00-0033119,Jacoby Brissett,QB,ARI,15,40,249,3,6,0,0,0
00-0033120,Kenny Clark,NT,DAL,15,0,0,0,0,0,0,0
00-0033132,Kevin Byard,FS,CHI,15,0,0,0,0,0,0,0
00-0033156,Joey Bosa,DE,BUF,15,0,0,0,0,0,0,0
00-0033269,Rigoberto Sanchez,P,IND,15,0,0,0,0,0,0,0
00-0033280,Christian McCaffrey,RB,SF,15,0,0,22,73,1,1,14
00-0033281,Marlon Humphrey,CB,BAL,15,0,0,0,0,0,0,0
00-0033284,Taylor Moton,OT,CAR,15,0,0,0,0,0,0,0
00-0033288,George Kittle,TE,SF,15,0,0,0,0,9,8,88
00-0033290,Jermaine Eluemunor,G,NYG,15,0,0,0,0,0,0,0
00-0033293,Aaron Jones,RB,MIN,15,0,0,12,34,3,3,31
00-0033294,Chuck Clark,SAF,PIT,15,0,0,0,0,0,0,0
00-0033297,D.J. Jones,DT,DEN,15,0,0,0,0,0,0,0
00-0033303,Harrison Butker,K,KC,15,0,0,0,0,0,0,0
00-0033307,Kendrick Bourne,WR,SF,15,0,0,0,0,3,2,17
00-0033319,Nick Mullens,QB,JAX,15,0,0,3,-2,0,0,0
00-0033336,Eric Wilson,LB,MIN,15,0,0,0,0,0,0,0
00-0033357,Taysom Hill,TE,NO,15,0,0,2,2,0,0,0
00-0033381,Adam Butler,DT,LV,15,0,0,0,0,0,0,0
00-0033393,Kenny Moore II,CB,IND,15,0,0,0,0,0,0,0
00-0033400,Matt Haack,P,ARI,15,0,0,0,0,0,0,0
00-0033439,Pharaoh Brown,TE,ARI,15,0,0,0,0,2,2,1
00-0033523,Jonathan Allen,DE,MIN,15,0,0,0,0,0,0,0
00-0033526,Samaje Perine,RB,CIN,15,0,0,14,42,1,1,1
00-0033538,Garett Bolles,OT,DEN,15,0,0,0,0,0,0,0
00-0033546,Dalvin Tomlinson,DE,ARI,15,0,0,0,0,0,0,0
00-0033548,Chidobe Awuzie,CB,BAL,15,0,0,0,0,0,0,0
00-0033551,Rasul Douglas,CB,MIA,15,0,0,0,0,0,0,0
00-0033555,Mack Hollins,WR,NE,15,0,0,0,0,8,4,41
00-0033557,Jalen Reeves-Maybin,LB,CHI,15,0,0,0,0,0,0,0
00-0033571,Matt Milano,OLB,BUF,15,0,0,0,0,0,0,0
00-0033576,Eric Saubert,TE,SEA,15,0,0,0,0,1,1,9
00-0033591,Noah Brown,WR,WAS,15,0,0,0,0,1,1,28
00-0033676,Elijah Wilkinson,OT,ATL,15,0,0,0,0,0,0,0
00-0033702,Younghoe Koo,K,NYG,15,0,0,0,0,0,0,0
00-0033729,Cameron Johnston,P,NYG,15,0,0,0,0,0,0,0
00-0033787,Jake Elliott,K,PHI,15,0,0,0,0,0,0,0
00-0033854,Dare Ogunbowale,RB,HOU,15,0,0,5,2,4,3,32
00-0033857,JuJu Smith-Schuster,WR,KC,15,0,0,0,0,1,0,0
00-0033858,Jonnu Smith,TE,PIT,15,0,0,1,14,2,2,12
00-0033860,Davon Godchaux,DT,NO,15,0,0,0,0,0,0,0
00-0033862,Zane Gonzalez,K,ATL,15,0,0,0,0,0,0,0
00-0033868,Myles Garrett,DE,CLE,15,0,0,0,0,0,0,0
00-0033872,Jamal Adams,LB,LV,15,0,0,0,0,0,0,0
00-0033873,Patrick Mahomes,QB,KC,15,28,189,2,15,0,0,0
00-0033875,Haason Reddick,OLB,TB,15,0,0,0,0,0,0,0
00-0033876,Derek Barnett,DE,HOU,15,0,0,0,0,0,0,0
00-0033877,Malik Hooker,FS,DAL,15,0,0,0,0,0,0,0
00-0033878,Adoree' Jackson,CB,PHI,15,0,0,0,0,0,0,0
00-0033881,Evan Engram,TE,DEN,15,0,0,0,0,3,1,12
00-0033884,Tre'Davious White,CB,BUF,15,0,0,0,0,0,0,0
00-0033890,Budda Baker,S,ARI,15,0,0,0,0,0,0,0
00-0033894,Marcus Williams,FS,LAC,15,0,0,0,0,0,0,0
00-0033905,Larry Ogunjobi,DT,BUF,15,0,0,0,0,0,0,0
00-0033907,Dawuane Smoot,DE,JAX,15,0,0,0,0,0,0,0
00-0033908,Cooper Kupp,WR,SEA,15,0,0,0,0,7,5,46
00-0033914,Alex Anzalone,MLB,DET,15,0,0,0,0,0,0,0
00-0033918,Fabian Moreau,CB,MIN,15,0,0,0,0,0,0,0
00-0033921,Chris Godwin Jr.,WR,TB,15,0,0,0,0,5,4,20
00-0033923,Kareem Hunt,RB,KC,15,0,0,6,12,2,1,8
00-0033928,Jourdan Lewis,CB,JAX,15,0,0,0,0,0,0,0
00-0033941,Rayshawn Jenkins,DB,CLE,15,0,0,0,0,0,0,0
00-0033945,Samson Ebukam,DE,IND,15,0,0,0,0,0,0,0
00-0033952,Grover Stewart,DT,IND,15,0,0,0,0,0,0,0
00-0033955,Jeremy McNichols,RB,WAS,15,0,0,9,6,1,1,16
00-0033964,Al-Quadin Muhammad,LB,DET,15,0,0,0,0,0,0,0
00-0034116,J.T. Gray,DB,TB,15,0,0,0,0,0,0,0
00-0034160,Michael Dickson,P,SEA,15,0,0,0,0,0,0,0
00-0034161,Daniel Carlson,K,LV,15,0,0,0,0,0,0,0
00-0034162,J.K. Scott,P,LAC,15,0,0,0,0,0,0,0
00-0034163,Jacob Martin,DE,WAS,15,0,0,0,0,0,0,0
00-0034173,Eddy Pineiro,K,SF,15,0,0,0,0,0,0,0
00-0034234,Poona Ford,DT,LA,15,0,0,0,0,0,0,0
00-0034272,Marquez Valdes-Scantling,WR,PIT,15,0,0,0,0,1,1,19
00-0034278,Tremon Smith,CB,HOU,15,0,0,0,0,0,0,0
00-0034285,Zach Sieler,DE,MIA,15,0,0,0,0,0,0,0
00-0034302,Frankie Luvu,LB,WAS,15,0,0,0,0,0,0,0
00-0034320,Kentavius Street,DE,ATL,15,0,0,0,0,0,0,0
00-0034344,Marcus Davenport,DE,DET,15,0,0,0,0,0,0,0
00-0034348,Courtland Sutton,WR,DEN,15,0,0,0,0,10,7,113
00-0034350,Uchenna Nwosu,LB,SEA,15,0,0,0,0,0,0,0
00-0034351,Dallas Goedert,TE,PHI,15,0,0,0,0,7,6,70
00-0034356,Donte Jackson,CB,LAC,15,0,0,0,0,0,0,0
00-0034357,Isaiah Oliver,FS,NYJ,15,0,0,0,0,0,0,0
00-0034359,Tyquan Lewis,DE,IND,15,0,0,0,0,0,0,0
00-0034371,Da'Shawn Hand,DE,LAC,15,0,0,0,0,0,0,0
00-0034376,Taron Johnson,CB,BUF,15,0,0,0,0,0,0,0
00-0034377,Avonte Maddox,FS,DET,15,0,0,0,0,0,0,0
00-0034381,Josh Sweat,LB,ARI,15,0,0,0,0,0,0,0
00-0034383,Dalton Schultz,TE,HOU,15,0,0,0,0,9,8,76
00-0034384,D.J. Reed,CB,DET,15,0,0,0,0,0,0,0
00-0034413,Foye Oluokun,LB,JAX,15,0,0,0,0,0,0,0
00-0034431,Zaire Franklin,OLB,IND,15,0,0,0,0,0,0,0
00-0034437,Logan Cooke,P,JAX,15,0,0,0,0,0,0,0
00-0034465,Jeremy Reaves,DB,WAS,15,0,0,0,0,0,0,0
00-0034473,Dennis Gardeck,LB,JAX,15,0,0,0,0,0,0,0
00-0034488,Tavierre Thomas,SAF,MIN,15,0,0,0,0,0,0,0
00-0034521,Allen Lazard,WR,NYJ,15,0,0,0,0,2,1,6
00-0034613,Tanner Hudson,TE,CIN,15,0,0,0,0,5,3,16
00-0034639,Mike Ford,DB,ATL,15,0,0,0,0,0,0,0
00-0034657,Matt Dickerson,DE,JAX,15,0,0,0,0,0,0,0
00-0034675,Jessie Bates,FS,ATL,15,0,0,0,0,0,0,0
00-0034681,Chase Edmonds,RB,WAS,15,0,0,0,0,0,0,0
00-0034721,Corey Bojorquez,P,CLE,15,0,0,0,0,0,0,0
00-0034746,Maurice Hurst,DT,CLE,15,0,0,0,0,0,0,0
00-0034752,Orlando Brown,OT,CIN,15,0,0,0,0,0,0,0
00-0034753,Mark Andrews,TE,BAL,15,0,0,0,0,3,2,18
00-0034754,Oren Burks,ILB,CIN,15,0,0,0,0,0,0,0
00-0034760,Nathan Shepherd,DE,NO,15,0,0,0,0,0,0,0
00-0034773,Vita Vea,DT,TB,15,0,0,0,0,0,0,0
00-0034778,Carlton Davis III,CB,NE,15,0,0,0,0,0,0,0
00-0034782,Harrison Phillips,DT,NYJ,15,0,0,0,0,0,0,0
00-0034789,Minkah Fitzpatrick,FS,MIA,15,0,0,0,0,0,0,0
00-0034790,Derwin James,FS,LAC,15,0,0,0,0,0,0,0
00-0034796,Lamar Jackson,QB,BAL,15,12,150,2,26,0,0,0
00-0034797,Jerome Baker,OLB,CLE,15,0,0,0,0,0,0,0
00-0034798,Durham Smythe,TE,CHI,15,0,0,0,0,0,0,0
00-0034800,B.J. Hill,DE,CIN,15,0,0,0,0,0,0,0
00-0034805,John Franklin-Myers,DE,DEN,15,0,0,0,0,0,0,0
00-0034810,Sebastian Joseph-Day,DT,TEN,15,0,0,0,0,0,0,0
00-0034818,Derrick Nnadi,NT,KC,15,0,0,0,0,0,0,0
00-0034825,Arden Key,DE,TEN,15,0,0,0,0,0,0,0
00-0034827,DJ Moore,WR,CHI,15,0,0,0,0,5,4,69
00-0034828,Harold Landry III,LB,NE,15,0,0,0,0,0,0,0
00-0034829,Mike Gesicki,TE,CIN,15,0,0,0,0,2,1,11
00-0034832,Bradley Chubb,OLB,MIA,15,0,0,0,0,0,0,0
00-0034844,Saquon Barkley,RB,PHI,15,0,0,22,78,3,2,14
00-0034847,Mike McGlinchey,OT,DEN,15,0,0,0,0,0,0,0
00-0034854,KhaDarel Hodge,WR,ATL,15,0,0,0,0,0,0,0
00-0034855,Baker Mayfield,QB,TB,15,34,277,1,1,0,0,0
00-0034857,Josh Allen,QB,BUF,15,28,193,11,48,0,0,0
00-0034860,Dante Pettis,WR,NO,15,0,0,0,0,0,0,0
00-0034869,Sam Darnold,QB,SEA,15,36,271,4,5,0,0,0
00-0034874,Roquan Smith,ILB,BAL,15,0,0,0,0,0,0,0
00-0034941,Mitch Wishnowsky,P,BUF,15,0,0,0,0,0,0,0
00-0034959,Andrew Beck,FB,NYJ,15,0,0,1,5,1,0,0
00-0034960,Jakobi Meyers,WR,JAX,15,0,0,0,0,7,5,71
00-0034967,Rashan Gary,LB,GB,15,0,0,0,0,0,0,0
00-0034973,Maxx Crosby,DE,LV,15,0,0,0,0,0,0,0
00-0034974,Julian Love,SAF,SEA,15,0,0,0,0,0,0,0
00-0034982,Dre Greenlaw,LB,DEN,15,0,0,0,0,0,0,0
00-0034993,Marcus Epps,SAF,PHI,15,0,0,0,0,0,0,0
00-0034994,Olisaemeka Udoh,OT,TEN,15,0,0,0,0,0,0,0
00-0035112,Patrick Mekari,OT,JAX,15,0,0,0,0,0,0,0
00-0035125,Alec Ingold,FB,MIA,15,0,0,0,0,1,1,4
00-0035133,Keisean Nixon,DB,GB,15,0,0,0,0,0,0,0
00-0035156,Jack Fox,P,DET,15,0,0,0,0,0,0,0
00-0035166,Azeez Al-Shaair,LB,HOU,15,0,0,0,0,0,0,0
00-0035190,AJ Cole,P,LV,15,0,0,0,0,0,0,0
00-0035192,Joey Slye,K,TEN,15,0,0,0,0,0,0,0
00-0035202,Del'Shawn Phillips,LB,LAC,15,0,0,0,0,0,0,0
00-0035208,Olamide Zaccheaus,WR,CHI,15,0,0,0,0,3,0,0
00-0035227,P.J. Locke,DB,DEN,15,0,0,0,0,0,0,0
00-0035229,T.J. Hockenson,TE,MIN,15,0,0,0,0,5,4,66
00-0035236,Byron Murphy,CB,MIN,15,0,0,0,0,0,0,0
00-0035240,Jahlani Tavai,LB,NE,15,0,0,0,0,0,0,0
00-0035244,Lonnie Johnson,SAF,LV,15,0,0,0,0,0,0,0
00-0035248,Zach Allen,DE,DEN,15,0,0,0,0,0,0,0
00-0035249,Josh Oliver,TE,MIN,15,0,0,0,0,1,1,18
00-0035250,Devin Singletary,RB,NYG,15,0,0,5,13,1,1,1
00-0035253,C.J. Gardner-Johnson,SAF,CHI,15,0,0,0,0,0,0,0
00-0035254,Anthony Nelson,LB,TB,15,0,0,0,0,0,0,0
00-0035261,Tony Pollard,RB,TEN,15,0,0,14,104,2,1,8
00-0035262,Drue Tranquill,LB,KC,15,0,0,0,0,0,0,0
00-0035272,Andrew Van Ginkel,OLB,MIN,15,0,0,0,0,0,0,0
00-0035276,Blake Cashman,LB,MIN,15,0,0,0,0,0,0,0
00-0035277,Mike Jackson,CB,CAR,15,0,0,0,0,0,0,0
00-0035279,Charles Omenihu,DE,KC,15,0,0,0,0,0,0,0
00-0035280,Jake Bailey,P,MIA,15,0,0,0,0,0,0,0
00-0035286,Cole Holcomb,LB,PIT,15,0,0,0,0,0,0,0
00-0035289,Gardner Minshew,QB,KC,15,5,22,0,0,0,0,0
00-0035291,Trayveon Williams,RB,CLE,15,0,0,1,3,2,2,4
00-0035301,Donovan Wilson,SAF,DAL,15,0,0,0,0,0,0,0
00-0035316,Kaden Elliss,LB,ATL,15,0,0,0,0,0,0,0
00-0035352,Tyrel Dodson,LB,MIA,15,0,0,0,0,0,0,0
00-0035357,Cam Lewis,CB,BUF,15,0,0,0,0,0,0,0
00-0035358,Chase McLaughlin,K,TB,15,0,0,0,0,0,0,0
00-0035359,David Sills,WR,ATL,15,0,0,0,0,10,6,78
00-0035363,Joe Giles-Harris,LB,CIN,15,0,0,0,0,0,0,0
00-0035378,Andrew Wingard,SAF,JAX,15,0,0,0,0,0,0,0
00-0035386,T.J. Edwards,LB,CHI,15,0,0,0,0,0,0,0
00-0035406,Lil'Jordan Humphrey,WR,DEN,15,0,0,0,0,4,3,42
00-0035413,Luke Gifford,LB,SF,15,0,0,0,0,0,0,0
00-0035525,Devin Bush,LB,CLE,15,0,0,0,0,0,0,0
00-0035535,Darius Slayton,WR,NYG,15,0,0,0,0,10,4,53
00-0035537,Ty Johnson,RB,BUF,15,0,0,4,13,3,3,15
00-0035544,Tom Kennedy,WR,DET,15,0,0,0,0,0,0,0
00-0035617,Troy Reeder,LB,LA,15,0,0,0,0,0,0,0
00-0035630,Chris Lindstrom,G,ATL,15,0,0,0,0,0,0,0
00-0035631,Drew Sample,TE,CIN,15,0,0,0,0,2,2,12
00-0035632,Amani Hooker,SAF,TEN,15,0,0,0,0,0,0,0
00-0035637,Rock Ya-Sin,CB,DET,15,0,0,0,0,0,0,0
00-0035640,DK Metcalf,WR,PIT,15,0,0,0,0,3,3,55
00-0035642,Josh Hines-Allen,DE,JAX,15,0,0,0,0,0,0,0
00-0035643,Jeffery Simmons,DT,TEN,15,0,0,0,0,1,1,1
00-0035647,Montez Sweat,DE,CHI,15,0,0,0,0,0,0,0
00-0035655,Will Harris,SAF,WAS,15,0,0,0,0,0,0,0
00-0035656,Khalen Saunders,DT,NYJ,15,0,0,0,0,0,0,0
00-0035659,Terry McLaurin,WR,WAS,15,0,0,0,0,4,3,69
00-0035667,Greg Gaines,DT,TB,15,0,0,0,0,0,0,0
00-0035669,Nick Scott,SAF,CAR,15,0,0,0,0,0,0,0
00-0035672,Cody Barton,LB,TEN,15,0,0,0,0,0,0,0
00-0035676,A.J. Brown,WR,PHI,15,0,0,0,0,2,2,41
00-0035678,Dre'Mont Jones,LB,BAL,15,0,0,0,0,0,0,0
00-0035680,Quincy Williams,LB,NYJ,15,0,0,0,0,0,0,0
00-0035683,Dexter Lawrence,DT,NYG,15,0,0,0,0,0,0,0
00-0035685,David Montgomery,RB,DET,15,0,0,7,32,1,0,0
00-0035687,Bobby Okereke,ILB,NYG,15,0,0,0,0,0,0,0
00-0035689,Dawson Knox,TE,BUF,15,0,0,0,0,4,3,37
00-0035692,Clelin Ferrell,DE,SF,15,0,0,0,0,0,0,0
00-0035697,Germaine Pratt,LB,IND,15,0,0,0,0,0,0,0
00-0035699,Jamel Dean,CB,TB,15,0,0,0,0,0,0,0
00-0035700,Josh Jacobs,RB,GB,15,0,0,12,73,3,2,19
00-0035707,Devin White,LB,LV,15,0,0,0,0,0,0,0
00-0035713,Brian Burns,LB,NYG,15,0,0,0,0,0,0,0
00-0035718,Quinnen Williams,DT,DAL,15,0,0,0,0,0,0,0
00-0035719,Deebo Samuel Sr.,WR,WAS,15,0,0,0,0,5,3,43
00-0035763,Malcolm Roach,DT,DEN,15,0,0,0,0,0,0,0
00-0035821,Corliss Waitman,P,PIT,15,0,0,0,0,0,0,0
00-0035857,Chris Williams,DT,CHI,15,0,0,0,0,0,0,0
00-0035876,Andre Baccellia,WR,ARI,15,0,0,0,0,0,0,0
00-0035889,Tommy Townsend,P,HOU,15,0,0,0,0,0,0,0
00-0035895,Joe Bachie,LB,TEN,15,0,0,0,0,0,0,0
00-0035942,Christian Rozeboom,LB,CAR,15,0,0,0,0,0,0,0
00-0035944,Jonah Williams,DE,NO,15,0,0,0,0,0,0,0
00-0035956,Giovanni Ricci,TE,DET,15,0,0,0,0,0,0,0
00-0035993,Tyler Huntley,QB,BAL,15,0,0,3,-3,0,0,0
00-0036040,Juwan Johnson,TE,NO,15,0,0,0,0,4,4,30
00-0036087,Myles Bryant,CB,HOU,15,0,0,0,0,0,0,0
00-0036124,Khalil Dorsey,CB,DET,15,0,0,0,0,0,0,0
00-0036133,James Proche,WR,TEN,15,0,0,0,0,1,0,0
00-0036139,Rico Dowdle,RB,CAR,15,0,0,16,49,1,1,5
00-0036151,Bryce Huff,DE,SF,15,0,0,0,0,0,0,0
00-0036165,Isaiah Hodgins,WR,NYG,15,0,0,0,0,2,1,4
00-0036181,Teair Tart,DT,LAC,15,0,0,0,0,0,0,0
00-0036182,Nick Westbrook-Ikhine,WR,MIA,15,0,0,0,0,1,0,0
00-0036187,Reggie Gilliam,RB,BUF,15,0,0,0,0,0,0,0
00-0036193,Anfernee Jennings,LB,NE,15,0,0,0,0,0,0,0
00-0036198,Mike Onwenu,G,NE,15,0,0,0,0,0,0,0
00-0036199,Geno Stone,SAF,CIN,15,0,0,0,0,0,0,0
00-0036204,LaCale London,DE,ATL,15,0,0,0,0,0,0,0
00-0036212,Tua Tagovailoa,QB,MIA,15,28,253,1,1,0,0,0
00-0036220,Derrick Brown,DT,CAR,15,0,0,0,0,0,0,0
00-0036221,Brandon Jones,SAF,DEN,15,0,0,0,0,0,0,0
00-0036222,Isaiah Rodgers,CB,MIN,15,0,0,0,0,0,0,0
00-0036223,Jonathan Taylor,RB,IND,15,0,0,25,87,4,3,14
00-0036224,Jonathan Greenard,LB,MIN,15,0,0,0,0,0,0,0
00-0036231,Kyle Dugger,SAF,PIT,15,0,0,0,0,0,0,0
00-0036237,Larrell Murchison,DT,LA,15,0,0,0,0,0,0,0
00-0036244,Colby Parkinson,TE,LA,15,0,0,0,0,7,5,75
00-0036246,Jon Runyan,G,NYG,15,0,0,0,0,0,0,0
00-0036252,Michael Pittman,WR,IND,15,0,0,0,0,5,3,26
00-0036258,Jonah Jackson,G,CHI,15,0,0,0,0,0,0,0
00-0036259,Jauan Jennings,WR,SF,15,0,0,0,0,5,3,37
00-0036260,Javon Kinlaw,DT,WAS,15,0,0,0,0,0,0,0
00-0036262,DaVon Hamilton,DT,JAX,15,0,0,0,0,0,0,0
00-0036264,Jordan Love,QB,GB,15,40,276,3,29,0,0,0
00-0036275,D'Andre Swift,RB,CHI,15,0,0,18,98,1,1,-2
00-0036280,Malik Harrison,LB,PIT,15,0,0,0,0,0,0,0
00-0036282,Grant Delpit,SAF,CLE,15,0,0,0,0,0,0,0
00-0036285,A.J. Terrell,CB,ATL,15,0,0,0,0,0,0,0
00-0036287,Noah Igbinoghene,CB,WAS,15,0,0,0,0,0,0,0
00-0036290,Cole Kmet,TE,CHI,15,0,0,0,0,4,2,28
00-0036292,Jaylon Johnson,CB,CHI,15,0,0,0,0,0,0,0
00-0036293,Jeremy Chinn,SAF,LV,15,0,0,0,0,0,0,0
00-0036294,Logan Wilson,LB,DAL,15,0,0,0,0,0,0,0
00-0036298,Akeem Davis-Gaither,LB,ARI,15,0,0,0,0,0,0,0
00-0036300,Mykal Walker,LB,NYJ,15,0,0,0,0,0,0,0
00-0036302,Jaylinn Hawkins,SAF,NE,15,0,0,0,0,0,0,0
00-0036305,Trevis Gipson,LB,CAR,15,0,0,0,0,0,0,0
00-0036306,Daniel Thomas,SAF,DET,15,0,0,0,0,0,0,0
00-0036307,Kindle Vildor,CB,TB,15,0,0,0,0,0,0,0
00-0036309,Darnell Mooney,WR,ATL,15,0,0,0,0,6,3,35
00-0036310,Hakeem Adeniji,OT,DAL,15,0,0,0,0,0,0,0
00-0036313,Braden Mann,P,PHI,15,0,0,0,0,0,0,0
00-0036321,Chase Young,DE,NO,15,0,0,0,0,0,0,0
00-0036322,Justin Jefferson,WR,MIN,15,0,0,0,0,8,2,22
00-0036323,Patrick Queen,LB,PIT,15,0,0,0,0,0,0,0
00-0036329,Ashtyn Davis,SAF,MIA,15,0,0,0,0,0,0,0
00-0036331,Devin Duvernay,WR,CHI,15,0,0,0,0,0,0,0
00-0036333,Alex Highsmith,LB,PIT,15,0,0,0,0,0,0,0
00-0036335,D.J. Wonnum,LB,CAR,15,0,0,0,0,0,0,0
00-0036337,James Lynch,DT,TEN,15,0,0,0,0,0,0,0
00-0036338,Troy Dye,LB,LAC,15,0,0,0,0,0,0,0
00-0036348,Josh Metellus,SAF,MIN,15,0,0,0,0,0,0,0
00-0036349,Kam Curl,SAF,LA,15,0,0,0,0,0,0,0
00-0036355,Justin Herbert,QB,LAC,15,29,210,2,0,0,0,0
00-0036358,CeeDee Lamb,WR,DAL,15,0,0,0,0,10,6,111
00-0036362,Willie Gay Jr.,LB,MIA,15,0,0,0,0,0,0,0
00-0036366,Neville Gallimore,DT,IND,15,0,0,0,0,0,0,0
00-0036375,Amik Robertson,CB,DET,15,0,0,0,0,0,0,0
00-0036376,Tyler Biadasz,C,WAS,15,0,0,0,0,0,0,0
00-0036378,Michael Danna,LB,KC,15,0,0,0,0,0,0,0
00-0036380,Alohi Gilman,SAF,BAL,15,0,0,0,0,0,0,0
00-0036388,Xavier McKinney,SAF,GB,15,0,0,0,0,0,0,0
00-0036389,Jalen Hurts,QB,PHI,15,15,175,7,39,0,0,0
00-0036407,Jerry Jeudy,WR,CLE,15,0,0,0,0,4,2,22
00-0036409,Jordyn Brooks,LB,MIA,15,0,0,0,0,0,0,0
00-0036411,Antoine Winfield Jr.,SAF,TB,15,0,0,0,0,0,0,0
00-0036415,Van Jefferson,WR,TEN,15,0,0,0,0,5,1,43
00-0036418,Zack Baun,LB,PHI,15,0,0,0,0,0,0,0
00-0036429,Charlie Woerner,TE,ATL,15,0,0,0,0,2,2,12
00-0036441,"Kenneth Murray, Jr.",LB,DAL,15,0,0,0,0,0,0,0
00-0036442,Joe Burrow,QB,CIN,15,39,225,2,5,0,0,0
00-0036443,Rex Sunahara,LS,CLE,15,0,0,0,0,0,0,0
00-0036479,Kwity Paye,DE,IND,15,0,0,0,0,0,0,0
00-0036500,Jamien Sherwood,LB,NYJ,15,0,0,0,0,0,0,0
00-0036502,Jason Pinnock,SAF,SF,15,0,0,0,0,0,0,0
00-0036504,Brandin Echols,CB,PIT,15,0,0,0,0,0,0,0
00-0036554,Nico Collins,WR,HOU,15,0,0,0,0,4,3,85
00-0036555,Chuba Hubbard,RB,CAR,15,0,0,8,29,1,1,9
00-0036563,Deommodore Lenoir,CB,SF,15,0,0,0,0,0,0,0
00-0036564,Talanoa Hufanga,SAF,DEN,15,0,0,0,0,0,0,0
00-0036568,Roy Lopez,DT,DET,15,0,0,0,0,0,0,0
00-0036587,Ar'Darius Washington,SAF,BAL,15,0,0,0,0,0,0,0
00-0036590,Quintin Morris,TE,JAX,15,0,0,0,0,2,2,20
00-0036613,Jaylen Waddle,WR,MIA,15,0,0,0,0,4,2,26
00-0036617,Asante Samuel Jr.,CB,PIT,15,0,0,0,0,0,0,0
00-0036619,Dillon Radunz,OT,NO,15,0,0,0,0,0,0,0
00-0036620,Dee Eskridge,WR,MIA,15,0,0,0,0,0,0,0
00-0036621,Nick Bolton,LB,KC,15,0,0,0,0,0,0,0
00-0036625,Benjamin St-Juste,CB,LAC,15,0,0,0,0,0,0,0
00-0036626,Dyami Brown,WR,JAX,15,0,0,1,4,0,0,0
00-0036628,John Bates,TE,WAS,15,0,0,0,0,1,1,19
00-0036629,Camryn Bynum,SAF,IND,15,0,0,0,0,0,0,0
00-0036630,Tylan Wallace,WR,BAL,15,0,0,0,0,0,0,0
00-0036658,Isaiah McDuffie,LB,GB,15,0,0,0,0,0,0,0
00-0036672,Grant Stuard,LB,DET,15,0,0,0,0,0,0,0
00-0036677,Zayne Anderson,SAF,GB,15,0,0,0,0,0,0,0
00-0036683,Devon Key,SAF,DEN,15,0,0,0,0,0,0,0
00-0036705,Sam Kamara,DT,CLE,15,0,0,0,0,0,0,0
00-0036711,Charles Snowden,DE,LV,15,0,0,0,0,0,0,0
00-0036727,Adam Prentice,FB,DEN,15,0,0,1,-1,0,0,0
00-0036728,Curtis Robinson,LB,SF,15,0,0,0,0,0,0,0
00-0036741,Jack Stoll,TE,NO,15,0,0,0,0,1,1,7
00-0036802,Jon Rhattigan,LB,LV,15,0,0,0,0,0,0,0
00-0036813,Christian Elliss,LB,NE,15,0,0,0,0,0,0,0
00-0036816,Riley Patterson,K,MIA,15,0,0,0,0,0,0,0
00-0036833,Ryan Neuzil,G,ATL,15,0,0,0,0,0,0,0
00-0036844,Garret Wallow,LB,SF,15,0,0,0,0,0,0,0
00-0036849,Tutu Atwell,WR,LA,15,0,0,0,0,2,1,9
00-0036854,Evan McPherson,K,CIN,15,0,0,0,0,0,0,0
00-0036862,Ben Skowronek,WR,PIT,15,0,0,0,0,0,0,0
00-0036867,Chris Rumph II,LB,NO,15,0,0,0,0,0,0,0
00-0036874,Pat Surtain II,CB,DEN,15,0,0,0,0,0,0,0
00-0036875,Rhamondre Stevenson,RB,NE,15,0,0,6,50,3,3,27
00-0036876,Kylen Granson,TE,PHI,15,0,0,0,0,0,0,0
00-0036880,Penei Sewell,OT,DET,15,0,0,0,0,0,0,0
00-0036881,Jay Tufele,DT,NYJ,15,0,0,0,0,0,0,0
00-0036883,Tommy Togiai,DT,HOU,15,0,0,0,0,0,0,0
00-0036894,Pat Freiermuth,TE,PIT,15,0,0,0,0,5,3,45
00-0036900,Ja'Marr Chase,WR,CIN,15,0,0,0,0,16,10,132
00-0036901,Eric Stokes,CB,LV,15,0,0,0,0,0,0,0
00-0036902,Joseph Ossai,DE,CIN,15,0,0,0,0,0,0,0
00-0036903,Bobby Brown III,DT,CAR,15,0,0,0,0,0,0,0
00-0036904,Robert Rochell,CB,CAR,15,0,0,0,0,0,0,0
00-0036906,Khalil Herbert,RB,NYJ,15,0,0,2,5,1,0,0
00-0036909,Khyiris Tonga,DT,NE,15,0,0,0,0,0,0,0
00-0036912,DeVonta Smith,WR,PHI,15,0,0,0,0,2,2,50
00-0036914,Greg Rousseau,LB,BUF,15,0,0,0,0,0,0,0
00-0036919,Kenny Gainwell,RB,PIT,15,0,0,13,80,7,7,46
00-0036924,Michael Carter,RB,ARI,15,0,0,14,56,4,4,38
00-0036927,Pete Werner,LB,NO,15,0,0,0,0,0,0,0
00-0036932,Micah Parsons,LB,GB,15,0,0,0,0,0,0,0
00-0036933,Zaven Collins,LB,ARI,15,0,0,0,0,0,0,0
00-0036934,Jaelan Phillips,LB,PHI,15,0,0,0,0,0,0,0
00-0036937,Paulson Adebo,CB,NYG,15,0,0,0,0,0,0,0
00-0036940,Odafe Oweh,LB,LAC,15,0,0,0,0,0,0,0
00-0036942,Osa Odighizuwa,DT,DAL,15,0,0,0,0,0,0,0
00-0036944,Jaycee Horn,CB,CAR,15,0,0,0,0,0,0,0
00-0036952,Jonathon Cooper,LB,DEN,15,0,0,0,0,0,0,0
00-0036956,Darren Hall,CB,ARI,15,0,0,0,0,0,0,0
00-0036959,Michael Bandy,WR,DEN,15,0,0,0,0,1,1,20
00-0036962,Tre'von Moehrig,SAF,CAR,15,0,0,0,0,0,0,0
00-0036963,Amon-Ra St. Brown,WR,DET,15,0,0,0,0,18,13,164
00-0036964,Derrick Barnes,LB,DET,15,0,0,0,0,0,0,0
00-0036967,Joe Tryon-Shoyinka,DE,CHI,15,0,0,0,0,0,0,0
00-0036970,Kyle Pitts,TE,ATL,15,0,0,0,0,12,11,166
00-0036971,Trevor Lawrence,QB,JAX,15,32,330,5,51,0,0,0
00-0036973,Travis Etienne,RB,JAX,15,0,0,12,32,4,3,73
00-0036974,Tyson Campbell,CB,CLE,15,0,0,0,0,0,0,0
00-0036981,Christian Barmore,DT,NE,15,0,0,0,0,0,0,0
00-0036982,Chauncey Golston,DE,NYG,15,0,0,0,0,0,0,0
00-0036986,Nahshon Wright,CB,CHI,15,0,0,0,0,0,0,0
00-0036987,Brandon Stephens,CB,NYJ,15,0,0,0,0,0,0,0
00-0036988,Josh Palmer,WR,BUF,15,0,0,0,0,2,1,16
00-0036989,Malcolm Koonce,DE,LV,15,0,0,0,0,0,0,0
00-0036990,Divine Deablo,LB,ATL,15,0,0,0,0,0,0,0
00-0036993,Ifeatu Melifonwu,SAF,MIA,15,0,0,0,0,0,0,0
00-0036994,Ernest Jones,LB,SEA,15,0,0,0,0,0,0,0
00-0036995,Baron Browning,LB,ARI,15,0,0,0,0,0,0,0
00-0036996,Greg Newsome II,CB,JAX,15,0,0,0,0,0,0,0
00-0036997,Javonte Williams,RB,DAL,15,0,0,15,91,0,0,0
00-0036998,Jevon Holland,SAF,NYG,15,0,0,0,0,0,0,0
00-0037005,Tommy Tremble,TE,CAR,15,0,0,0,0,4,2,13
00-0037034,Dee Alford,CB,ATL,15,0,0,0,0,0,0,0
00-0037073,Jordan Davis,DT,PHI,15,0,0,0,0,0,0,0
00-0037074,Quay Walker,LB,GB,15,0,0,0,0,0,0,0
00-0037083,Kingsley Enagbare,LB,GB,15,0,0,0,0,0,0,0
00-0037085,Tyler Badie,RB,DEN,15,0,0,0,0,1,1,1
00-0037086,Grant Calcaterra,TE,PHI,15,0,0,0,0,1,1,4
00-0037091,Bo Melton,WR,GB,15,0,0,1,0,1,0,0
00-0037096,Elijah Hicks,SAF,CHI,15,0,0,0,0,0,0,0
00-0037106,Jaylon Jones,DB,CHI,15,0,0,0,0,0,0,0
00-0037120,Tyler Goodson,RB,IND,15,0,0,0,0,0,0,0
00-0037129,Josh Blackwell,CB,CHI,15,0,0,0,0,0,0,0
00-0037130,Reed Blankenship,SAF,PHI,15,0,0,0,0,0,0,0
00-0037132,Britain Covey,WR,PHI,15,0,0,0,0,0,0,0
00-0037137,Josh Jobe,CB,SEA,15,0,0,0,0,0,0,0
00-0037155,Tony Adams,SAF,NYJ,15,0,0,0,0,0,0,0
00-0037157,Bam Knight,RB,ARI,15,0,0,1,-2,0,0,0
00-0037192,George Karlaftis,DE,KC,15,0,0,0,0,0,0,0
00-0037193,Bryan Cook,SAF,KC,15,0,0,0,0,0,0,0
00-0037195,Jaylen Watson,CB,KC,15,0,0,0,0,0,0,0
00-0037196,Rasheed Walker,OT,GB,15,0,0,0,0,0,0,0
00-0037197,Isiah Pacheco,RB,KC,15,0,0,11,21,0,0,0
00-0037203,LaBryan Ray,DT,CAR,15,0,0,0,0,0,0,0
00-0037205,Brenden Schooler,SAF,NE,15,0,0,0,0,0,0,0
00-0037208,Jack Cochrane,LB,KC,15,0,0,0,0,0,0,0
00-0037224,Cameron Dicker,K,LAC,15,0,0,0,0,0,0,0
00-0037228,Jaylen Warren,RB,PIT,15,0,0,12,33,3,3,15
00-0037229,Ikem Ekwonu,OT,CAR,15,0,0,0,0,0,0,0
00-0037231,Kevin Austin Jr.,WR,NO,15,0,0,0,0,5,3,33
00-0037235,Travon Walker,DE,JAX,15,0,0,0,0,0,0,0
00-0037236,Aidan Hutchinson,DE,DET,15,0,0,0,0,0,0,0
00-0037237,Derek Stingley Jr.,CB,HOU,15,0,0,0,0,0,0,0
00-0037239,Chris Olave,WR,NO,15,0,0,0,0,9,6,85
00-0037240,Jameson Williams,WR,DET,15,0,0,0,0,10,7,134
00-0037241,Trevor Penning,OT,LAC,15,0,0,0,0,1,0,0
00-0037242,Kaiir Elam,CB,TEN,15,0,0,0,0,0,0,0
00-0037244,Devin Lloyd,LB,JAX,15,0,0,0,0,0,0,0
00-0037246,Jalen Pitre,SAF,HOU,15,0,0,0,0,0,0,0
00-0037247,George Pickens,WR,DAL,15,0,0,0,0,6,3,33
00-0037248,James Cook,RB,BUF,15,0,0,22,107,3,2,4
00-0037249,Nik Bonitto,LB,DEN,15,0,0,0,0,0,0,0
00-0037251,Alex Wright,DE,CLE,15,0,0,0,0,0,0,0
00-0037252,Greg Dulcich,TE,MIA,15,0,0,0,0,2,2,46
00-0037253,Marcus Jones,CB,NE,15,0,0,0,0,0,0,0
00-0037256,Rachaad White,RB,TB,15,0,0,1,20,1,1,6
00-0037261,Khalil Shakir,WR,BUF,15,0,0,0,0,5,5,65
00-0037262,Thomas Booker,DT,LV,15,0,0,0,0,0,0,0
00-0037263,Tyler Allgeier,RB,ATL,15,0,0,2,18,0,0,0
00-0037268,Zyon McCollum,CB,TB,15,0,0,0,0,0,0,0
00-0037271,D'Marco Jackson,LB,CHI,15,0,0,0,0,0,0,0
00-0037274,Esezi Otomewo,DT,PIT,15,0,0,0,0,0,0,0
00-0037275,DaRon Bland,CB,DAL,15,0,0,0,0,0,0,0
00-0037281,Damone Clark,LB,HOU,15,0,0,0,0,0,0,0
00-0037284,Matt Araiza,P,KC,15,0,0,0,0,0,0,0
00-0037287,Vederian Lowe,OT,NE,15,0,0,0,0,0,0,0
00-0037289,Malcolm Rodriguez,LB,DET,15,0,0,0,0,0,0,0
00-0037291,Jalen Nailor,WR,MIN,15,0,0,1,-2,5,3,47
00-0037295,Jamaree Salyer,G,LAC,15,0,0,0,0,0,0,0
00-0037304,Connor Heyward,FB,PIT,15,0,0,4,4,0,0,0
00-0037306,John FitzPatrick,TE,GB,15,0,0,0,0,4,3,18
00-0037307,Ja'Sir Taylor,CB,NYJ,15,0,0,0,0,0,0,0
00-0037313,Montaric Brown,CB,JAX,15,0,0,0,0,0,0,0
00-0037315,Cameron Goode,LB,MIA,15,0,0,0,0,0,0,0
00-0037321,Chase Lucas,CB,SF,15,0,0,0,0,0,0,0
00-0037323,Rodney Thomas,SAF,IND,15,0,0,0,0,0,0,0
00-0037329,Brittain Brown,RB,CHI,15,0,0,0,0,0,0,0
00-0037364,Arron Mosby,DE,GB,15,0,0,0,0,0,0,0
00-0037384,Ja'Quan McMillian,CB,DEN,15,0,0,0,0,0,0,0
00-0037447,Tomon Fox,LB,NYG,15,0,0,0,0,0,0,0
00-0037457,Jake Hansen,LB,HOU,15,0,0,0,0,0,0,0
00-0037475,Stone Smartt,TE,NYJ,15,0,0,0,0,0,0,0
00-0037487,Deven Thompkins,WR,ATL,15,0,0,0,0,0,0,0
00-0037500,Ryan Wright,P,MIN,15,0,0,0,0,0,0,0
00-0037512,Isaiah Pola-Mao,SAF,LV,15,0,0,0,0,0,0,0
00-0037516,Sam Webb,CB,CLE,15,0,0,0,0,0,0,0
00-0037525,Jordan Mason,RB,MIN,15,0,0,10,29,0,0,0
00-0037545,Rashid Shaheed,WR,SEA,15,0,0,1,-3,7,5,74
00-0037547,Daniel Whelan,P,GB,15,0,0,0,0,0,0,0
00-0037549,Darrell Baker Jr.,CB,TEN,15,0,0,0,0,0,0,0
00-0037557,Ronnie Rivers,RB,LA,15,0,0,0,0,0,0,0
00-0037561,Markquese Bell,SAF,DAL,15,0,0,0,0,0,0,0
00-0037563,Malik Davis,RB,DAL,15,0,0,8,21,3,2,16
00-0037587,Nate Landman,LB,LA,15,0,0,0,0,0,0,0
00-0037593,Tre Avery,CB,CLE,15,0,0,0,0,0,0,0
00-0037594,Julius Chestnut,RB,TEN,15,0,0,0,0,0,0,0
00-0037596,Jack Gibbens,LB,NE,15,0,0,0,0,0,0,0
00-0037614,John Metchie III,WR,NYJ,15,0,0,1,4,5,4,25
00-0037615,Nakobe Dean,LB,PHI,15,0,0,0,0,0,0,0
00-0037616,Nick Cross,SAF,IND,15,0,0,0,0,0,0,0
00-0037633,Jacob Hummel,LB,BAL,15,0,0,0,0,0,0,0
00-0037661,Ja'Marcus Ingram,CB,HOU,15,0,0,0,0,0,0,0
00-0037663,Jermaine Johnson II,DE,NYJ,15,0,0,0,0,0,0,0
00-0037664,Alec Pierce,WR,IND,15,0,0,0,0,1,1,16
00-0037665,Sam Williams,LB,DAL,15,0,0,0,0,0,0,0
00-0037692,Brandon Aubrey,K,DAL,15,0,0,1,6,0,0,0
00-0037742,Treylon Burks,WR,WAS,15,0,0,0,0,2,0,0
00-0037744,Trey McBride,TE,ARI,15,0,0,0,0,13,12,134
00-0037746,Brian Robinson,RB,SF,15,0,0,9,21,0,0,0
00-0037756,Travis Jones,DT,BAL,15,0,0,0,0,0,0,0
00-0037758,Cordale Flott,CB,NYG,15,0,0,0,0,0,0,0
00-0037799,Dondrea Tillman,LB,DEN,15,0,0,0,0,0,0,0
00-0037801,KaVontae Turpin,WR,DAL,15,0,0,1,2,2,2,10
00-0037805,Jeremy Ruckert,TE,NYJ,15,0,0,0,0,2,2,13
00-0037809,Chig Okonkwo,TE,TEN,15,0,0,0,0,6,4,33
00-0037813,Channing Tindall,LB,ARI,15,0,0,0,0,0,0,0
00-0037814,Luke Fortner,C,NO,15,0,0,0,0,0,0,0
00-0037815,Cameron Thomas,DE,CLE,15,0,0,0,0,0,0,0
00-0037816,Romeo Doubs,WR,GB,15,0,0,0,0,3,2,36
00-0037819,Leo Chenal,LB,KC,15,0,0,0,0,0,0,0
00-0037821,Charles Cross,OT,SEA,15,0,0,0,0,0,0,0
00-0037823,Christian Harris,LB,HOU,15,0,0,0,0,0,0,0
00-0037829,Spencer Burford,G,SF,15,0,0,0,0,0,0,0
00-0037832,Kalia Davis,DT,SF,15,0,0,0,0,0,0,0
00-0037834,Brock Purdy,QB,SF,15,30,295,7,44,0,0,0
00-0037837,Calvin Austin III,WR,PIT,15,0,0,0,0,1,0,0
00-0037839,Cobie Durant,CB,LA,15,0,0,0,0,0,0,0
00-0037840,Kyren Williams,RB,LA,15,0,0,15,78,1,1,10
00-0038038,Kyle Hamilton,SAF,BAL,15,0,0,0,0,0,0,0
00-0038039,Jack Jones,CB,MIA,15,0,0,0,0,0,0,0
00-0038041,Jake Ferguson,TE,DAL,15,0,0,0,0,4,2,16
00-0038043,Joshua Williams,CB,KC,15,0,0,0,0,0,0,0
00-0038046,Charlie Kolar,TE,BAL,15,0,0,0,0,0,0,0
00-0038090,Skyy Moore,WR,SF,15,0,0,0,0,0,0,0
00-0038094,Jordan Stout,P,BAL,15,0,0,0,0,0,0,0
00-0038102,Kenny Pickett,QB,LV,15,25,64,2,7,0,0,0
00-0038104,Tyquan Thornton,WR,KC,15,0,0,0,0,3,2,47
00-0038106,Eyioma Uwazurike,DT,DEN,15,0,0,0,0,0,0,0
00-0038107,Micheal Clemons,DE,NYJ,15,0,0,0,0,0,0,0
00-0038115,Daniel Bellinger,TE,NYG,15,0,0,0,0,4,3,35
00-0038116,Arnold Ebiketie,LB,ATL,15,0,0,0,0,0,0,0
00-0038117,Wan'Dale Robinson,WR,NYG,15,0,0,0,0,10,5,54
00-0038120,Breece Hall,RB,NYJ,15,0,0,12,23,2,2,14
00-0038121,Alontae Taylor,CB,NO,15,0,0,0,0,0,0,0
00-0038123,Dane Belton,SAF,NYG,15,0,0,0,0,0,0,0
00-0038124,Christian Watson,WR,GB,15,0,0,0,0,5,3,29
00-0038127,Logan Hall,DE,TB,15,0,0,0,0,0,0,0
00-0038133,Boye Mafe,DE,SEA,15,0,0,0,0,0,0,0
00-0038134,Kenneth Walker III,RB,SEA,15,0,0,9,17,1,1,2
00-0038135,Jaquan Brisker,SAF,CHI,15,0,0,0,0,0,0,0
00-0038136,Coby Bryant,CB,SEA,15,0,0,0,0,0,0,0
00-0038142,David Ojabo,LB,BAL,15,0,0,0,0,0,0,0
00-0038359,Xavier Smith,WR,LA,15,0,0,0,0,0,0,0
00-0038387,Colby Wooden,DE,GB,15,0,0,0,0,0,0,0
00-0038390,Noah Sewell,LB,CHI,15,0,0,0,0,0,0,0
00-0038393,Dontayvion Wicks,WR,GB,15,0,0,0,0,2,1,6
00-0038397,Evan Hull,RB,NO,15,0,0,4,12,0,0,0
00-0038398,Karl Brooks,DT,GB,15,0,0,0,0,0,0,0
00-0038400,Tanner McKee,QB,PHI,15,3,33,1,9,0,0,0
00-0038408,Carrington Valentine,DB,GB,15,0,0,0,0,0,0,0
00-0038412,Moro Ojomo,DT,PHI,15,0,0,0,0,0,0,0
00-0038414,Kendall Williamson,SAF,LAC,15,0,0,0,0,0,0,0
00-0038428,Andre Szmyt,K,CLE,15,0,0,0,0,0,0,0
00-0038454,Keaton Mitchell,RB,BAL,15,0,0,8,66,1,0,0
00-0038488,Brady Russell,RB,SEA,15,0,0,0,0,1,0,0
00-0038493,Claudin Cherelus,LB,CAR,15,0,0,0,0,0,0,0
00-0038504,Trenton Simpson,LB,BAL,15,0,0,0,0,0,0,0
00-0038505,Tavius Robinson,LB,BAL,15,0,0,0,0,0,0,0
00-0038519,Nikko Remigio,WR,KC,15,0,0,0,0,0,0,0
00-0038542,Bijan Robinson,RB,ATL,15,0,0,19,93,11,8,82
00-0038543,Jaxon Smith-Njigba,WR,SEA,15,0,0,0,0,9,7,113
00-0038546,Myles Murphy,DE,CIN,15,0,0,0,0,0,0,0
00-0038547,Luke Schoonmaker,TE,DAL,15,0,0,0,0,1,1,29
00-0038548,O'Cyrus Torrence,G,BUF,15,0,0,0,0,0,0,0
00-0038549,DJ Turner II,CB,CIN,15,0,0,0,0,0,0,0
00-0038552,Riley Moss,CB,DEN,15,0,0,0,0,0,0,0
00-0038553,Daiyan Henley,LB,LAC,15,0,0,0,0,0,0,0
00-0038554,Ji'Ayir Brown,SAF,SF,15,0,0,0,0,0,0,0
00-0038555,Tank Bigsby,RB,PHI,15,0,0,17,57,1,0,0
00-0038556,DeMarvion Overshown,LB,DAL,15,0,0,0,0,0,0,0
00-0038557,Dorian Williams,LB,BUF,15,0,0,0,0,0,0,0
00-0038558,Darnell Washington,TE,PIT,15,0,0,0,0,4,3,25
00-0038559,Michael Wilson,WR,ARI,15,0,0,0,0,11,5,54
00-0038560,Jordan Battle,SAF,CIN,15,0,0,0,0,0,0,0
00-0038562,Jake Moody,K,WAS,15,0,0,0,0,0,0,0
00-0038563,Tre Tucker,WR,LV,15,0,0,0,0,3,0,0
00-0038565,Mekhi Blackmon,DB,IND,15,0,0,0,0,0,0,0
00-0038567,Chad Ryland,K,ARI,15,0,0,0,0,0,0,0
00-0038570,Ventrell Miller,LB,JAX,15,0,0,0,0,0,0,0
00-0038574,Isaiah McGuire,DE,CLE,15,0,0,0,0,0,0,0
00-0038576,Charlie Jones,WR,CIN,15,0,0,0,0,0,0,0
00-0038577,Nick Herbig,LB,PIT,15,0,0,0,0,0,0,0
00-0038588,Jordan Howden,SAF,NO,15,0,0,0,0,0,0,0
00-0038596,Antonio Johnson,SAF,JAX,15,0,0,0,0,0,0,0
00-0038597,Chase Brown,RB,CIN,15,0,0,13,53,7,7,37
00-0038599,Henry To'oTo'o,LB,HOU,15,0,0,0,0,0,0,0
00-0038600,Owen Pappoe,LB,ARI,15,0,0,0,0,0,0,0
00-0038603,Robert Beal Jr.,DE,SF,15,0,0,0,0,0,0,0
00-0038606,Parker Washington,WR,JAX,15,0,0,0,0,3,3,53
00-0038608,Kayshon Boutte,WR,NE,15,0,0,0,0,1,1,30
00-0038610,Bryce Baringer,P,NE,15,0,0,0,0,0,0,0
00-0038614,Scott Matlock,DT,LAC,15,0,0,0,0,2,2,9
00-0038616,Christian Braswell,CB,JAX,15,0,0,0,0,0,0,0
00-0038618,Xavier Hutchinson,WR,HOU,15,0,0,0,0,2,1,16
00-0038619,Andrei Iosivas,WR,CIN,15,0,0,0,0,1,0,0
00-0038620,Erick Hallett,SAF,DET,15,0,0,0,0,0,0,0
00-0038621,DeMario Douglas,WR,NE,15,0,0,1,5,0,0,0
00-0038625,Dee Winters,LB,SF,15,0,0,0,0,0,0,0
00-0038640,Jalen Brooks,WR,ARI,15,0,0,0,0,3,1,19
00-0038653,Cory Durden,DT,NE,15,0,0,0,0,0,0,0
00-0038660,Trevor Nowaske,LB,DET,15,0,0,0,0,0,0,0
00-0038685,Chris Brooks,RB,GB,15,0,0,2,10,2,1,6
00-0038703,Kendell Brooks,SAF,TEN,15,0,0,0,0,0,0,0
00-0038705,Emari Demercado,RB,ARI,15,0,0,1,1,3,2,0
00-0038711,Mohamoud Diabate,LB,CLE,15,0,0,0,0,0,0,0
00-0038715,Ronnie Hickman Jr.,SAF,CLE,15,0,0,0,0,0,0,0
00-0038720,Julian Hill,TE,MIA,15,0,0,0,0,2,2,25
00-0038738,Hunter Luepke,RB,DAL,15,0,0,3,16,2,2,14
00-0038742,Tyrus Wheat,LB,DET,15,0,0,0,0,0,0,0
00-0038764,Patrick O'Connell,LB,SEA,15,0,0,0,0,0,0,0
00-0038765,Ty Okada,SAF,SEA,15,0,0,0,0,0,0,0
00-0038778,Jalen Redmond,DL,MIN,15,0,0,0,0,0,0,0
00-0038794,Jaleel McLaughlin,RB,DEN,15,0,0,2,4,0,0,0
00-0038795,PJ Mustipher,DT,ARI,15,0,0,0,0,0,0,0
00-0038797,Emanuel Wilson,RB,GB,15,0,0,2,3,0,0,0
00-0038807,Ivan Pace Jr.,LB,MIN,15,0,0,0,0,0,0,0
00-0038820,Christian Izien,SAF,TB,15,0,0,0,0,0,0,0
00-0038839,Mitchell Tinsley,WR,CIN,15,0,0,0,0,2,1,16
00-0038840,Brycen Tremayne,WR,CAR,15,0,0,0,0,0,0,0
00-0038905,Blake Grupe,K,IND,15,0,0,0,0,0,0,0
00-0038922,Drake Thomas,LB,SEA,15,0,0,0,0,0,0,0
00-0038933,Dalton Kincaid,TE,BUF,15,0,0,0,0,4,3,34
00-0038934,Anton Harrison,OT,JAX,15,0,0,0,0,0,0,0
00-0038935,Brenton Strange,TE,JAX,15,0,0,0,0,3,1,26
00-0038938,Jalin Hyatt,WR,NYG,15,0,0,0,0,1,0,0
00-0038951,Sean Tucker,RB,TB,15,0,0,4,7,0,0,0
00-0038953,Dylan Drummond,WR,ATL,15,0,0,0,0,0,0,0
00-0038958,Markees Watts,LB,TB,15,0,0,0,0,0,0,0
00-0038976,Marvin Mims Jr.,WR,DEN,15,0,0,1,8,6,4,29
00-0038978,Byron Young,DT,PHI,15,0,0,0,0,0,0,0
00-0038982,Chamarri Conner,DB,KC,15,0,0,0,0,0,0,0
00-0038984,Kei'Trel Clark,CB,ARI,15,0,0,0,0,0,0,0
00-0038994,Jordan Addison,WR,MIN,15,0,0,0,0,2,2,66
00-0038995,Bryan Bresee,DT,NO,15,0,0,0,0,0,0,0
00-0038997,Josh Downs,WR,IND,15,0,0,0,0,5,3,13
00-0039000,Deonte Banks,CB,NYG,15,0,0,0,0,0,0,0
00-0039001,Tyler Steen,OT,PHI,15,0,0,0,0,0,0,0
00-0039002,Sydney Brown,SAF,PHI,15,0,0,0,0,0,0,0
00-0039007,Garrett Williams,CB,ARI,15,0,0,0,0,0,0,0
00-0039009,Dylan Horton,DE,HOU,15,0,0,0,0,0,0,0
00-0039013,Nolan Smith,LB,PHI,15,0,0,0,0,0,0,0
00-0039018,Jack Campbell,LB,DET,15,0,0,0,0,0,0,0
00-0039019,John Michael Schmitz,C,NYG,15,0,0,0,0,0,0,0
00-0039032,Tyjae Spears,RB,TEN,15,0,0,3,34,2,2,2
00-0039040,De'Von Achane,RB,MIA,15,0,0,12,60,6,6,67
00-0039041,Elijah Higgins,TE,ARI,15,0,0,0,0,2,1,3
00-0039047,Derick Hall,LB,SEA,15,0,0,0,0,0,0,0
00-0039051,Josh Hayes,DB,TB,15,0,0,0,0,0,0,0
00-0039054,Marte Mapu,LB,NE,15,0,0,0,0,0,0,0
00-0039059,Ethan Evans,P,LA,15,0,0,0,0,0,0,0
00-0039061,Desjuan Johnson,DE,LA,15,0,0,0,0,0,0,0
00-0039062,Jonathan Mingo,WR,DAL,15,0,0,0,0,1,1,25
00-0039064,Zay Flowers,WR,BAL,15,0,0,0,0,5,3,68
00-0039066,Michael Mayer,TE,LV,15,0,0,0,0,0,0,0
00-0039067,Rashee Rice,WR,KC,15,0,0,0,0,11,7,51
00-0039068,Yaya Diaby,LB,TB,15,0,0,0,0,0,0,0
00-0039070,Gervon Dexter Sr.,DT,CHI,15,0,0,0,0,0,0,0
00-0039071,Tyrique Stevenson,CB,CHI,15,0,0,0,0,0,0,0
00-0039074,Davis Allen,TE,LA,15,0,0,0,0,4,3,16
00-0039075,Puka Nacua,WR,LA,15,0,0,2,8,11,9,181
00-0039108,Will Anderson Jr.,DE,HOU,15,0,0,0,0,0,0,0
00-0039110,Keeanu Benton,DT,PIT,15,0,0,0,0,0,0,0
00-0039111,Tuli Tuipulotu,LB,LAC,15,0,0,0,0,0,0,0
00-0039112,Lukas Van Ness,LB,GB,15,0,0,0,0,0,0,0
00-0039137,Byron Young,LB,LA,15,0,0,0,0,0,0,0
00-0039138,Kobie Turner,DE,LA,15,0,0,0,0,0,0,0
00-0039139,Jahmyr Gibbs,RB,DET,15,0,0,13,38,7,4,20
00-0039140,Kelee Ringo,CB,PHI,15,0,0,0,0,0,0,0
00-0039142,Will McDonald IV,DE,NYJ,15,0,0,0,0,0,0,0
00-0039144,Luke Musgrave,TE,GB,15,0,0,0,0,6,4,52
00-0039146,Jayden Reed,WR,GB,15,0,0,0,0,6,5,55
00-0039147,Christian Gonzalez,CB,NE,15,0,0,0,0,0,0,0
00-0039148,Keion White,DE,SF,15,0,0,0,0,0,0,0
00-0039149,Quan Martin,SAF,WAS,15,0,0,0,0,0,0,0
00-0039150,Bryce Young,QB,CAR,15,24,163,7,49,0,0,0
00-0039151,Emmanuel Forbes,CB,LA,15,0,0,0,0,0,0,0
00-0039163,C.J. Stroud,QB,HOU,15,29,260,6,10,0,0,0
00-0039165,Zach Charbonnet,RB,SEA,15,0,0,8,31,1,0,0
00-0039167,Joey Porter Jr.,CB,PIT,15,0,0,0,0,0,0,0
00-0039169,Devon Witherspoon,CB,SEA,15,0,0,0,0,0,0,0
00-0039172,Jake Bates,K,DET,15,0,0,0,0,0,0,0
00-0039174,Chukwuebuka Godrick,OT,KC,15,0,0,0,0,0,0,0
00-0039176,Basil Okoye,DT,BAL,15,0,0,0,0,0,0,0
00-0039178,Austin Ajiake,LB,IND,15,0,0,0,0,0,0,0
00-0039229,Charlie Smyth,K,NO,15,0,0,0,0,0,0,0
00-0039232,Nate Wiggins,CB,BAL,15,0,0,0,0,0,0,0
00-0039234,T.J. Tampa,CB,BAL,15,0,0,0,0,0,0,0
00-0039289,Leonard Taylor III,DT,NE,15,0,0,0,0,0,0,0
00-0039291,Eric Watts,DE,NYJ,15,0,0,0,0,0,0,0
00-0039309,Byron Murphy II,DT,SEA,15,0,0,0,0,0,0,0
00-0039323,Ryan Rehkow,P,CIN,15,0,0,0,0,0,0,0
00-0039338,Brock Bowers,TE,LV,15,0,0,0,0,8,6,28
00-0039339,Taliese Fuaga,OT,NO,15,0,0,0,0,0,0,0
00-0039340,Laiatu Latu,DE,IND,15,0,0,0,0,0,0,0
00-0039342,Xavier Legette,WR,CAR,15,0,0,0,0,3,2,39
00-0039343,Kamari Lassiter,CB,HOU,15,0,0,0,0,0,0,0
00-0039345,Renardo Green,CB,SF,15,0,0,0,0,0,0,0
00-0039347,Trevin Wallace,LB,CAR,15,0,0,0,0,0,0,0
00-0039351,Dominick Puni,OT,SF,15,0,0,0,0,0,0,0
00-0039352,Marist Liufau,LB,DAL,15,0,0,0,0,0,0,0
00-0039353,Jarrian Jones,CB,JAX,15,0,0,0,0,0,0,0
00-0039354,McKinnley Jackson,DT,CIN,15,0,0,0,0,0,0,0
00-0039356,Ja'Tavion Sanders,TE,CAR,15,0,0,0,0,2,2,5
00-0039357,Decamerion Richardson,CB,LV,15,0,0,0,0,0,0,0
00-0039359,Cade Stover,TE,HOU,15,0,0,0,0,3,3,22
00-0039360,Malik Mustapha,SAF,SF,15,0,0,0,0,0,0,0
00-0039361,Bucky Irving,RB,TB,15,0,0,16,60,3,1,11
00-0039364,Sione Vaki,RB,DET,15,0,0,0,0,0,0,0
00-0039366,Tarheeb Still,CB,LAC,15,0,0,0,0,0,0,0
00-0039368,Jordan Magee,LB,WAS,15,0,0,0,0,0,0,0
00-0039369,Cam Hart,CB,LAC,15,0,0,0,0,0,0,0
00-0039371,Kris Abrams-Draine,CB,DEN,15,0,0,0,0,0,0,0
00-0039373,Audric Estimé,RB,NO,15,0,0,3,11,3,3,39
00-0039374,Tommy Eichenberg,LB,LV,15,0,0,0,0,0,0,0
00-0039376,Spencer Rattler,QB,NO,15,1,0,0,0,0,0,0
00-0039380,Chau Smith-Wade,CB,CAR,15,0,0,0,0,0,0,0
00-0039384,Tyrone Tracy Jr.,RB,NYG,15,0,0,15,70,4,3,27
00-0039387,Caelen Carson,DB,DAL,15,0,0,0,0,0,0,0
00-0039388,Jaylan Ford,LB,NO,15,0,0,0,0,0,0,0
00-0039389,Logan Lee,DT,PIT,15,0,0,0,0,0,0,0
00-0039391,Kimani Vidal,RB,LAC,15,0,0,12,33,1,1,15
00-0039395,Jamal Hill,LB,HOU,15,0,0,0,0,0,0,0
00-0039404,Will Reichard,K,MIN,15,0,0,0,0,0,0,0
00-0039405,Jawhar Jordan,RB,HOU,15,0,0,15,101,2,2,17
00-0039407,Dylan Laube,RB,LV,15,0,0,2,4,0,0,0
00-0039409,Cam Little,K,JAX,15,0,0,0,0,0,0,0
00-0039410,Ryan Flournoy,WR,DAL,15,0,0,0,0,5,4,40
00-0039417,Myles Harden,CB,CLE,15,0,0,0,0,0,0,0
00-0039421,Levi Drake Rodriguez,DL,MIN,15,0,0,0,0,0,0,0
00-0039422,Nathan Thomas,OT,DAL,15,0,0,0,0,0,0,0
00-0039423,Jonah Laulu,DT,LV,15,0,0,0,0,0,0,0
00-0039424,Devaughn Vele,WR,NO,15,0,0,0,0,6,5,69
00-0039430,James Williams,LB,TEN,15,0,0,0,0,0,0,0
00-0039431,Jowon Briggs,DE,NYJ,15,0,0,0,0,0,0,0
00-0039436,Jaylen Harrell,DE,TEN,15,0,0,0,0,0,0,0
00-0039451,Isaiah Williams,WR,NYJ,15,0,0,0,0,7,6,53
00-0039458,Brenden Bates,TE,CLE,15,0,0,0,0,0,0,0
00-0039465,Reddy Steward,DB,DAL,15,0,0,0,0,0,0,0
00-0039483,Isaiah Johnson,CB,MIA,15,0,0,0,0,0,0,0
00-0039491,Jalen Coker,WR,CAR,15,0,0,0,0,4,4,60
00-0039498,Harrison Mevis,K,LA,15,0,0,0,0,0,0,0
00-0039530,Brevyn Spann-Ford,TE,DAL,15,0,0,0,0,1,0,0
00-0039589,Kameron Johnson,WR,TB,15,0,0,0,0,0,0,0
00-0039603,British Brooks,RB,HOU,15,0,0,0,0,0,0,0
00-0039622,Isaiah Stalbird,LB,NO,15,0,0,0,0,0,0,0
00-0039623,Mason Tipton,WR,NO,15,0,0,1,-4,2,1,5
00-0039634,Austin McNamara,P,NYJ,15,0,0,0,0,0,0,0
00-0039648,David Martin-Robinson,TE,TEN,15,0,0,0,0,0,0,0
00-0039676,Chigozie Anusiem,DB,LV,15,0,0,0,0,0,0,0
00-0039681,Tyler Owens,DB,WAS,15,0,0,0,0,0,0,0
00-0039686,Colson Yankoff,TE,WAS,15,0,0,0,0,0,0,0
00-0039692,Dell Pettus,SAF,NE,15,0,0,0,0,0,0,0
00-0039731,JC Latham,OT,TEN,15,0,0,0,0,0,0,0
00-0039732,Bo Nix,QB,DEN,15,34,302,7,10,0,0,0
00-0039733,Ruke Orhorhoro,DT,ATL,15,0,0,0,0,0,0,0
00-0039734,Braden Fiske,DT,LA,15,0,0,0,0,0,0,0
00-0039736,Matt Goncalves,G,IND,15,0,0,0,0,0,0,0
00-0039738,Blake Corum,RB,LA,15,0,0,11,71,0,0,0
00-0039740,Jalyx Hunt,LB,PHI,15,0,0,0,0,0,0,0
00-0039741,Payton Wilson,LB,PIT,15,0,0,0,0,0,0,0
00-0039745,Tory Taylor,P,CHI,15,0,0,0,0,0,0,0
00-0039746,Will Shipley,RB,PHI,15,0,0,0,0,0,0,0
00-0039749,Tyler Davis,DE,LA,15,0,0,0,0,0,0,0
00-0039751,Jordan Whittington,WR,LA,15,0,0,0,0,1,0,0
00-0039754,Devin Culp,TE,TB,15,0,0,0,0,1,1,6
00-0039763,Joe Andreessen,LB,BUF,15,0,0,0,0,0,0,0
00-0039770,Charles Woods,CB,NE,15,0,0,0,0,0,0,0
00-0039772,Josh Wallace,CB,LA,15,0,0,0,0,0,0,0
00-0039774,Omar Speights,LB,LA,15,0,0,0,0,0,0,0
00-0039776,Jaylen McCollough,SAF,LA,15,0,0,0,0,0,0,0
00-0039789,Qwan'tez Stiggers,DB,NYJ,15,0,0,0,0,0,0,0
00-0039793,AJ Barner,TE,SEA,15,0,0,0,0,6,3,27
00-0039796,Rasheen Ali,RB,BAL,15,0,0,0,0,2,2,32
00-0039798,Isaiah Davis,RB,NYJ,15,0,0,9,58,1,1,7
00-0039808,Isaiah Adams,G,ARI,15,0,0,0,0,0,0,0
00-0039809,Jonah Elliss,LB,DEN,15,0,0,0,0,0,0,0
00-0039812,Ty'Ron Hopper,LB,GB,15,0,0,0,0,0,0,0
00-0039813,Evan Williams,SAF,GB,15,0,0,0,0,0,0,0
00-0039821,Andru Phillips,DB,NYG,15,0,0,0,0,0,0,0
00-0039825,Jaden Hicks,SAF,KC,15,0,0,0,0,0,0,0
00-0039826,Jeremiah Trotter Jr.,LB,PHI,15,0,0,0,0,0,0,0
00-0039829,Darius Muasau,LB,NYG,15,0,0,0,0,0,0,0
00-0039834,Kamren Kinchens,SAF,LA,15,0,0,0,0,0,0,0
00-0039835,Justin Eboigbe,DT,LAC,15,0,0,0,0,0,0,0
00-0039838,Calen Bullock,SAF,HOU,15,0,0,0,0,0,0,0
00-0039840,Austin Booker,DE,CHI,15,0,0,0,0,0,0,0
00-0039841,Cooper DeJean,CB,PHI,15,0,0,0,0,0,0,0
00-0039847,Theo Johnson,TE,NYG,15,0,0,0,0,4,3,72
00-0039850,Edgerrin Cooper,LB,GB,15,0,0,0,0,0,0,0
00-0039851,Drake Maye,QB,NE,15,23,155,4,43,0,0,0
00-0039852,Jared Verse,DE,LA,15,0,0,0,0,0,0,0
00-0039854,Darius Robinson,DL,ARI,15,0,0,0,0,0,0,0
00-0039855,Jalen McMillan,WR,TB,15,0,0,0,0,2,2,38
00-0039857,Blake Fisher,OT,HOU,15,0,0,0,0,0,0,0
00-0039858,Cedric Gray,LB,TEN,15,0,0,0,0,0,0,0
00-0039859,Brandon Dorlus,DE,ATL,15,0,0,0,0,0,0,0
00-0039860,Kool-Aid McKinstry,CB,NO,15,0,0,0,0,0,0,0
00-0039861,Tyler Nubin,SAF,NYG,15,0,0,0,0,0,0,0
00-0039867,Javon Bullard,SAF,GB,15,0,0,0,0,0,0,0
00-0039868,Troy Franklin,WR,DEN,15,0,0,1,3,6,6,85
00-0039872,Cole Bishop,SAF,BUF,15,0,0,0,0,0,0,0
00-0039874,Jaylen Wright,RB,MIA,15,0,0,1,2,1,1,9
00-0039875,Ray Davis,RB,BUF,15,0,0,0,0,1,1,13
00-0039879,Javon Solomon,LB,BUF,15,0,0,0,0,0,0,0
00-0039880,Malik Washington,WR,MIA,15,0,0,0,0,1,1,10
00-0039886,T'Vondre Sweat,DT,TEN,15,0,0,0,0,0,0,0
00-0039888,Quinyon Mitchell,CB,PHI,15,0,0,0,0,0,0,0
00-0039889,Maason Smith,DT,JAX,15,0,0,0,0,0,0,0
00-0039890,Adonai Mitchell,WR,NYJ,15,0,0,1,-4,9,6,58
00-0039893,Brian Thomas Jr.,WR,JAX,15,0,0,1,5,7,4,66
00-0039894,Xavier Worthy,WR,KC,15,0,0,0,0,4,2,35
00-0039895,Mike Hall Jr.,DT,CLE,15,0,0,0,0,0,0,0
00-0039898,Mike Sainristil,CB,WAS,15,0,0,0,0,0,0,0
00-0039906,Jer'Zhan Newton,DT,WAS,15,0,0,0,0,0,0,0
00-0039908,Kris Jenkins,DT,CIN,15,0,0,0,0,0,0,0
00-0039911,Chop Robinson,LB,MIA,15,0,0,0,0,0,0,0
00-0039912,Ben Sinnott,TE,WAS,15,0,0,0,0,1,1,36
00-0039915,Ladd McConkey,WR,LAC,15,0,0,0,0,3,2,20
00-0039916,Ricky Pearsall,WR,SF,15,0,0,0,0,7,6,96
00-0039918,Caleb Williams,QB,CHI,15,28,242,3,13,0,0,0
00-0039920,Malachi Corley,WR,CLE,15,0,0,0,0,1,1,10
00-0039923,J.J. McCarthy,QB,MIN,15,24,250,4,15,0,0,0
00-0039924,Dallas Turner,LB,MIN,15,0,0,0,0,0,0,0
00-0040008,Shavon Revel Jr.,CB,DAL,15,0,0,0,0,0,0,0
00-0040011,Shemar James,LB,DAL,15,0,0,0,0,0,0,0
00-0040013,Smael Mondon Jr.,LB,PHI,15,0,0,0,0,0,0,0
00-0040016,Warren Brinson,DT,GB,15,0,0,0,0,0,0,0
00-0040024,Darius Cooper,WR,PHI,15,0,0,0,0,2,2,29
00-0040045,Alijah Clark,DB,DAL,15,0,0,0,0,0,0,0
00-0040058,Nick Kallerup,TE,SEA,15,0,0,0,0,0,0,0
00-0040069,Teddye Buchanan,LB,BAL,15,0,0,0,0,0,0,0
00-0040074,Tyler Loop,K,BAL,15,0,0,0,0,0,0,0
00-0040075,LaJohntay Wester,WR,BAL,15,0,0,0,0,0,0,0
00-0040078,Brashard Smith,RB,KC,15,0,0,2,1,0,0,0
00-0040089,Kevin Knowles,DB,KC,15,0,0,0,0,0,0,0
00-0040122,Ashton Jeanty,RB,LV,15,0,0,9,35,6,4,7
00-0040123,Armand Membou,OT,NYJ,15,0,0,0,0,0,0,0
00-0040124,Tetairoa McMillan,WR,CAR,15,0,0,0,0,4,2,25
00-0040125,Kelvin Banks Jr.,OT,NO,15,0,0,0,0,0,0,0
00-0040126,Colston Loveland,TE,CHI,15,0,0,1,-2,5,4,63
00-0040127,Kenneth Grant,DT,MIA,15,0,0,0,0,0,0,0
00-0040128,Tyler Warren,TE,IND,15,0,0,0,0,6,3,19
00-0040129,Emeka Egbuka,WR,TB,15,0,0,0,0,7,4,64
00-0040130,Jayden Higgins,WR,HOU,15,0,0,0,0,1,1,4
00-0040131,Kyle Williams,WR,NE,15,0,0,0,0,0,0,0
00-0040136,Princely Umanmielen,LB,CAR,15,0,0,0,0,0,0,0
00-0040137,Jordan Burch,LB,ARI,15,0,0,0,0,0,0,0
00-0040138,Jaylin Noel,WR,HOU,15,0,0,0,0,0,0,0
00-0040140,Dylan Fairchild,G,CIN,15,0,0,0,0,0,0,0
00-0040141,Kevin Winston Jr.,SAF,TEN,15,0,0,0,0,0,0,0
00-0040142,Kaleb Johnson,RB,PIT,15,0,0,2,4,0,0,0
00-0040143,Jacob Parrish,CB,TB,15,0,0,0,0,0,0,0
00-0040144,Jamaree Caldwell,DT,LAC,15,0,0,0,0,0,0,0
00-0040148,Xavier Watts,SAF,ATL,15,0,0,0,0,0,0,0
00-0040152,Upton Stout,CB,SF,15,0,0,0,0,0,0,0
00-0040155,Danny Stutsman,LB,NO,15,0,0,0,0,0,0,0
00-0040157,Barrett Carter,LB,CIN,15,0,0,0,0,0,0,0
00-0040159,Lathan Ransom,SAF,CAR,15,0,0,0,0,0,0,0
00-0040160,Jack Sawyer,LB,PIT,15,0,0,0,0,0,0,0
00-0040163,Jalen Travis,OT,IND,15,0,0,0,0,0,0,0
00-0040164,Jaylin Lane,WR,WAS,15,0,0,0,0,1,0,0
00-0040165,Malachi Moore,SAF,NYJ,15,0,0,0,0,0,0,0
00-0040166,Quincy Riley,CB,NO,15,0,0,0,0,0,0,0
00-0040169,Tonka Hemingway,DT,LV,15,0,0,0,0,0,0,0
00-0040170,Elic Ayomanor,WR,TEN,15,0,0,0,0,1,1,17
00-0040171,Joshua Farmer,DT,NE,15,0,0,0,0,0,0,0
00-0040173,Tyrion Ingram-Dawkins,DT,MIN,15,0,0,0,0,0,0,0
00-0040175,Jordan Phillips,DT,MIA,15,0,0,0,0,0,0,0
00-0040182,Dante Trader Jr.,SAF,MIA,15,0,0,0,0,0,0,0
00-0040184,KeAndre Lambert-Smith,WR,LAC,15,0,0,0,0,1,1,16
00-0040187,Mitchell Evans,TE,CAR,15,0,0,0,0,0,0,0
00-0040189,Oronde Gadsden II,TE,LAC,15,0,0,0,0,5,4,61
00-0040194,Jackson Hawes,TE,BUF,15,0,0,0,0,1,1,9
00-0040195,Denzel Burke,CB,ARI,15,0,0,0,0,0,0,0
00-0040198,Ollie Gordon II,RB,MIA,15,0,0,2,0,0,0,0
00-0040200,Andy Borregales,K,NE,15,0,0,0,0,0,0,0
00-0040201,Marcus Harris,CB,TEN,15,0,0,0,0,0,0,0
00-0040202,Devin Neal,RB,NO,15,0,0,7,28,1,1,4
00-0040205,Kalel Mullings,RB,TEN,15,0,0,1,3,0,0,0
00-0040208,Tahj Brooks,RB,CIN,15,0,0,0,0,0,0,0
00-0040213,Rayuan Lane III,SAF,JAX,15,0,0,0,0,0,0,0
00-0040218,Jimmy Horn Jr.,WR,CAR,15,0,0,0,0,1,1,7
00-0040221,R.J. Mickens,SAF,LAC,15,0,0,0,0,0,0,0
00-0040223,Jeremy Crawshaw,P,DEN,15,0,0,0,0,0,0,0
00-0040228,Cody Lindenberg,LB,LV,15,0,0,0,0,0,0,0
00-0040230,Kitan Crawford,SAF,ARI,15,0,0,0,0,0,0,0
00-0040231,Carson Bruener,LB,PIT,15,0,0,0,0,0,0,0
00-0040236,Kyle Monangai,RB,CHI,15,0,0,11,33,2,0,0
00-0040237,Tez Johnson,WR,TB,15,0,0,0,0,1,0,0
00-0040238,LeQuint Allen Jr.,RB,JAX,15,0,0,4,11,1,1,5
00-0040242,Jacory Croskey-Merritt,RB,WAS,15,0,0,18,96,0,0,0
00-0040246,Julian Ashby,LS,NE,15,0,0,0,0,0,0,0
00-0040248,Zeek Biggers,DT,MIA,15,0,0,0,0,0,0,0
00-0040259,Gage Larvadain,WR,CLE,15,0,0,0,0,2,1,8
00-0040261,Easton Mascarenas-Arnold,LB,CLE,15,0,0,0,0,0,0,0
00-0040279,Ryan Fitzgerald,K,CAR,15,0,0,0,0,0,0,0
00-0040318,Ale Kaho,LB,WAS,15,0,0,0,0,0,0,0
00-0040326,Branson Combs,LB,JAX,15,0,0,0,0,0,0,0
00-0040329,BJ Green II,DE,JAX,15,0,0,0,0,0,0,0
00-0040347,Johnathan Edwards,DB,IND,15,0,0,0,0,0,0,0
00-0040352,Coleman Owen,WR,IND,15,0,0,0,0,0,0,0
00-0040396,Dean Clark,SAF,NYJ,15,0,0,0,0,0,0,0
00-0040397,Jordan Clark,CB,NYJ,15,0,0,0,0,0,0,0
00-0040398,Brady Cook,QB,NYJ,15,33,176,6,39,0,0,0
00-0040431,Dalen Cambre,WR,NYG,15,0,0,0,0,0,0,0
00-0040492,Tyler Batty,LB,MIN,15,0,0,0,0,0,0,0
00-0040501,Austin Keys,LB,MIN,15,0,0,0,0,0,0,0
00-0040506,Myles Price,WR,MIN,15,0,0,0,0,0,0,0
00-0040546,Cobee Bryant,CB,ATL,15,0,0,0,0,0,0,0
00-0040556,Corey Kiner,RB,ARI,15,0,0,2,11,0,0,0
00-0040577,Jalon Walker,LB,ATL,15,0,0,0,0,0,0,0
00-0040578,James Pearce Jr.,DE,ATL,15,0,0,0,0,0,0,0
00-0040579,Carson Schwesinger,LB,CLE,15,0,0,0,0,0,0,0
00-0040580,Josaiah Stewart,LB,LA,15,0,0,0,0,0,0,0
00-0040582,Arian Smith,WR,NYJ,15,0,0,0,0,2,0,0
00-0040583,Woody Marks,RB,HOU,15,0,0,7,30,1,1,8
00-0040584,Gunnar Helm,TE,TEN,15,0,0,0,0,4,4,49
00-0040590,Konata Mumpfield,WR,LA,15,0,0,0,0,1,0,0
00-0040625,Nick Jackson,LB,TB,15,0,0,0,0,0,0,0
00-0040640,Ashton Gillotte,DE,KC,15,0,0,0,0,0,0,0
00-0040641,Darien Porter,CB,LV,15,0,0,0,0,0,0,0
00-0040643,Jonas Sanker,SAF,NO,15,0,0,0,0,0,0,0
00-0040644,Trevor Etienne,RB,CAR,15,0,0,0,0,0,0,0
00-0040654,Kai Kroeger,P,NO,15,0,0,0,0,0,0,0
00-0040662,Ty Robinson,DT,PHI,15,0,0,0,0,0,0,0
00-0040663,Harold Fannin Jr.,TE,CLE,15,0,0,1,2,14,7,48
00-0040666,Omarion Hampton,RB,LAC,15,0,0,15,61,1,1,4
00-0040667,Matthew Golden,WR,GB,15,0,0,0,0,4,3,55
00-0040668,Shedeur Sanders,QB,CLE,15,35,177,2,24,0,0,0
00-0040669,Isaac TeSlaa,WR,DET,15,0,0,0,0,1,0,0
00-0040670,Nohl Williams,CB,KC,15,0,0,0,0,0,0,0
00-0040672,Tyleik Williams,DT,DET,15,0,0,0,0,0,0,0
00-0040676,Cam Ward,QB,TEN,15,29,170,1,2,0,0,0
00-0040677,Abdul Carter,LB,NYG,15,0,0,0,0,0,0,0
00-0040685,Mason Graham,DT,CLE,15,0,0,0,0,0,0,0
00-0040686,Josh Conerly Jr.,OT,WAS,15,0,0,0,0,0,0,0
00-0040688,Malaki Starks,SAF,BAL,15,0,0,0,0,0,0,0
00-0040691,Jaxson Dart,QB,NYG,15,36,246,9,63,0,0,0
00-0040705,Chimere Dike,WR,TEN,15,0,0,1,-7,5,4,17
00-0040706,Walter Nolen,DT,ARI,15,0,0,0,0,0,0,0
00-0040708,Jihaad Campbell,LB,PHI,15,0,0,0,0,0,0,0
00-0040709,Maxwell Hairston,CB,BUF,15,0,0,0,0,0,0,0
00-0040710,Deone Walker,DT,BUF,15,0,0,0,0,0,0,0
00-0040711,CJ West,DT,SF,15,0,0,0,0,0,0,0
00-0040716,Craig Woodson,SAF,NE,15,0,0,0,0,0,0,0
00-0040719,Bhayshul Tuten,RB,JAX,15,0,0,1,7,1,1,16
00-0040720,Jahdae Barron,CB,DEN,15,0,0,0,0,0,0,0
00-0040722,Mike Green,LB,BAL,15,0,0,0,0,0,0,0
00-0040723,Jack Kiser,LB,JAX,15,0,0,0,0,0,0,0
00-0040724,T.J. Sanders,DT,BUF,15,0,0,0,0,0,0,0
00-0040725,Donovan Ezeiruaku,LB,DAL,15,0,0,0,0,0,0,0
00-0040726,Anthony Belton,OT,GB,15,0,0,0,0,0,0,0
00-0040727,Tre Harris,WR,LAC,15,0,0,0,0,5,3,49
00-0040729,Jack Bech,WR,LV,15,0,0,0,0,3,2,17
00-0040730,RJ Harvey,RB,DEN,15,0,0,19,65,1,0,0
00-0040733,Nick Emmanwori,SAF,SEA,15,0,0,0,0,0,0,0
00-0040734,TreVeyon Henderson,RB,NE,15,0,0,14,148,3,2,13
00-0040735,Luther Burden III,WR,CHI,15,0,0,0,0,7,6,84
00-0040737,Terrance Ferguson,TE,LA,15,0,0,0,0,2,1,6
00-0040738,Demetrius Knight Jr.,LB,CIN,15,0,0,0,0,0,0,0
00-0040740,Ozzy Trapilo,OT,CHI,15,0,0,0,0,0,0,0
00-0040743,Tyler Shough,QB,NO,15,32,272,8,32,0,0,0
00-0040744,Jaylahn Tuimolaou,DE,IND,15,0,0,0,0,0,0,0
00-0040745,Aireontae Ersery,OT,HOU,15,0,0,0,0,0,0,0
00-0040746,Nic Scourton,LB,CAR,15,0,0,0,0,0,0,0
00-0040751,Will Johnson,CB,ARI,15,0,0,0,0,0,0,0
00-0040782,Isaiah Bond,WR,CLE,15,0,0,0,0,4,2,89
00-0040784,Quinshon Judkins,RB,CLE,15,0,0,12,21,4,3,-4
,,,TB,15,0,0,0,0,0,0,0
00-0022942,Philip Rivers,QB,IND,16,35,277,0,0,0,0,0
00-0023459,Aaron Rodgers,QB,PIT,16,41,266,2,9,0,0,0
00-0025565,Nick Folk,K,NYJ,16,0,0,0,0,0,0,0
00-0026158,Joe Flacco,QB,CIN,16,1,4,0,0,0,0,0
00-0026190,Calais Campbell,DE,ARI,16,0,0,0,0,0,0,0
00-0026300,Josh Johnson,QB,WAS,16,9,43,1,0,0,0,0
00-0026498,Matthew Stafford,QB,LA,16,49,457,2,6,0,0,0
00-0027865,Brandon Graham,DE,PHI,16,0,0,0,0,0,0,0
00-0027940,Von Miller,OLB,WAS,16,0,0,0,0,0,0,0
00-0027962,Cameron Jordan,LB,NO,16,0,0,0,0,0,0,0
00-0027969,Cameron Heyward,DE,PIT,16,0,0,0,0,0,0,0
00-0028292,Nick Bellore,LB,WAS,16,0,0,0,0,0,0,0
00-0028394,Jake McQuaide,LS,LA,16,0,0,0,0,0,0,0
00-0028872,Johnny Hekker,P,TEN,16,0,0,0,0,0,0,0
00-0029255,Bobby Wagner,MLB,WAS,16,0,0,0,0,0,0,0
00-0029562,Lavonte David,OLB,TB,16,0,0,0,0,0,0,0
00-0029604,Kirk Cousins,QB,ATL,16,35,197,5,-3,0,0,0
00-0029606,Harrison Smith,FS,MIN,16,0,0,0,0,0,0,0
00-0029607,Demario Davis,OLB,NO,16,0,0,0,0,0,0,0
00-0029692,Bryan Anger,P,DAL,16,0,0,0,0,0,0,0
00-0029822,Brandon McManus,K,GB,16,0,0,0,0,0,0,0
00-0030035,Adam Thielen,WR,PIT,16,0,0,0,0,4,4,49
00-0030070,John Jenkins,DT,BAL,16,0,0,0,0,0,0,0
00-0030092,Sam Martin,P,CAR,16,0,0,0,0,0,0,0
00-0030114,Jordan Poyer,FS,BUF,16,0,0,0,0,0,0,0
00-0030140,Tress Way,P,WAS,16,0,0,0,0,0,0,0
00-0030279,Keenan Allen,WR,LAC,16,0,0,0,0,5,5,44
00-0030294,Tony Jefferson,S,LAC,16,0,0,0,0,0,0,0
00-0030506,Travis Kelce,TE,KC,16,0,0,0,0,4,1,6
00-0030564,DeAndre Hopkins,WR,BAL,16,0,0,0,0,5,4,41
00-0030565,Geno Smith,QB,LV,16,23,201,0,0,0,0,0
00-0030615,James Winchester,LS,KC,16,0,0,0,0,0,0,0
00-0030757,Mike Pennel,DT,KC,16,0,0,0,0,0,0,0
00-0031040,Khalil Mack,OLB,LAC,16,0,0,0,0,0,0,0
00-0031054,DaQuan Jones,DT,BUF,16,0,0,0,0,0,0,0
00-0031136,Chris Boswell,K,PIT,16,0,0,0,0,0,0,0
00-0031177,Brent Urban,DE,BAL,16,0,0,0,0,0,0,0
00-0031203,Cairo Santos,K,CHI,16,0,0,0,0,0,0,0
00-0031236,Brandin Cooks,WR,BUF,16,0,0,0,0,1,0,0
00-0031254,Denico Autry,DT,HOU,16,0,0,0,0,0,0,0
00-0031270,Shelby Harris,DE,CLE,16,0,0,0,0,0,0,0
00-0031279,Jake Matthews,OT,ATL,16,0,0,0,0,1,0,0
00-0031360,Kyle Van Noy,MLB,BAL,16,0,0,0,0,0,0,0
00-0031408,Mike Evans,WR,TB,16,0,0,0,0,9,5,31
00-0031411,DeMarcus Lawrence,LB,SEA,16,0,0,0,0,0,0,0
00-0031484,Chris Manhertz,TE,NYG,16,0,0,0,0,0,0,0
00-0031492,Jason Myers,K,SEA,16,0,0,0,0,0,0,0
00-0031550,Shaq Thompson,OLB,BUF,16,0,0,0,0,0,0,0
00-0031554,Eric Kendricks,MLB,SF,16,0,0,0,0,0,0,0
00-0031565,Danielle Hunter,DE,HOU,16,0,0,0,0,0,0,0
00-0031583,Grady Jarrett,DT,CHI,16,0,0,0,0,0,0,0
00-0031588,Stefon Diggs,WR,NE,16,0,0,0,0,10,9,138
00-0031610,Darren Waller,TE,MIA,16,0,0,0,0,5,3,40
00-0031687,Raheem Mostert,RB,LV,16,0,0,1,6,1,1,3
00-0031898,Alex Singleton,LB,DEN,16,0,0,0,0,0,0,0
00-0031933,Leonard Williams,DE,SEA,16,0,0,0,0,0,0,0
00-0031935,Preston Smith,DE,WAS,16,0,0,0,0,0,0,0
00-0032052,Dante Fowler Jr.,DE,DAL,16,0,0,0,0,0,0,0
00-0032103,Denzel Perryman,MLB,LAC,16,0,0,0,0,0,0,0
00-0032104,Ameer Abdullah,RB,IND,16,0,0,0,0,1,1,4
00-0032164,Arik Armstead,DE,JAX,16,0,0,0,0,0,0,0
00-0032211,Tyler Lockett,WR,LV,16,0,0,0,0,2,1,6
00-0032268,Marcus Mariota,QB,WAS,16,14,95,1,-1,0,0,0
00-0032378,DeForest Buckner,DT,IND,16,0,0,0,0,0,0,0
00-0032379,Eli Apple,CB,SF,16,0,0,0,0,0,0,0
00-0032387,Jarran Reed,DT,SEA,16,0,0,0,0,0,0,0
00-0032392,Austin Hooper,TE,NE,16,0,0,0,0,4,2,34
00-0032398,Chris Moore,WR,WAS,16,0,0,0,0,0,0,0
00-0032424,DJ Reader,DT,DET,16,0,0,0,0,0,0,0
00-0032442,Elandon Roberts,OLB,LV,16,0,0,0,0,0,0,0
00-0032464,Kalif Raymond,WR,DET,16,0,0,0,0,5,4,62
00-0032569,Wil Lutz,K,DEN,16,0,0,0,0,0,0,0
00-0032580,Jonathan Jones,DB,WAS,16,0,0,0,0,0,0,0
00-0032667,Roy Robertson-Harris,DE,NYG,16,0,0,0,0,0,0,0
00-0032726,Ka'imi Fairbairn,K,HOU,16,0,0,0,0,0,0,0
00-0032753,Luke Rhodes,LS,IND,16,0,0,0,0,0,0,0
00-0032759,Sheldon Rankins,DT,HOU,16,0,0,0,0,0,0,0
00-0032762,Chris Jones,DE,KC,16,0,0,0,0,0,0,0
00-0032764,Derrick Henry,RB,BAL,16,0,0,18,128,0,0,0
00-0032775,Demarcus Robinson,WR,SF,16,0,0,0,0,2,2,23
00-0032889,A'Shawn Robinson,DT,CAR,16,0,0,0,0,0,0,0
00-0032918,C.J. Ham,FB,MIN,16,0,0,1,3,0,0,0
00-0032933,Antonio Hamilton,CB,WAS,16,0,0,0,0,0,0,0
00-0032943,Riley Dixon,P,TB,16,0,0,0,0,0,0,0
00-0032965,Ronnie Stanley,OT,BAL,16,0,0,0,0,0,0,0
00-0033010,Sheldon Day,DT,WAS,16,0,0,0,0,0,0,0
00-0033038,Eric Murray,S,JAX,16,0,0,0,0,0,0,0
00-0033046,Jihad Ward,LB,TEN,16,0,0,0,0,0,0,0
00-0033051,David Onyemata,DT,ATL,16,0,0,0,0,0,0,0
00-0033055,Jalen Ramsey,CB,PIT,16,0,0,0,0,0,0,0
00-0033064,Adam Gotsis,DE,TB,16,0,0,0,0,0,0,0
00-0033066,Andrew Billings,DT,CHI,16,0,0,0,0,0,0,0
00-0033072,Leonard Floyd,DE,ATL,16,0,0,0,0,0,0,0
00-0033073,Emmanuel Ogbah,DE,JAX,16,0,0,0,0,0,0,0
00-0033077,Dak Prescott,QB,DAL,16,30,244,2,14,0,0,0
00-0033090,Hunter Henry,TE,NE,16,0,0,0,0,7,6,35
00-0033093,Jonathan Bullard,DE,NO,16,0,0,0,0,0,0,0
00-0033106,Jared Goff,QB,DET,16,54,364,1,-1,0,0,0
00-0033119,Jacoby Brissett,QB,ARI,16,31,203,1,5,0,0,0
00-0033120,Kenny Clark,NT,DAL,16,0,0,0,0,0,0,0
00-0033132,Kevin Byard,FS,CHI,16,0,0,0,0,0,0,0
00-0033156,Joey Bosa,DE,BUF,16,0,0,0,0,0,0,0
00-0033217,Mo Alie-Cox,TE,IND,16,0,0,0,0,2,2,16
00-0033269,Rigoberto Sanchez,P,IND,16,0,0,0,0,0,0,0
00-0033280,Christian McCaffrey,RB,SF,16,0,0,21,117,8,6,29
00-0033281,Marlon Humphrey,CB,BAL,16,0,0,0,0,0,0,0
00-0033288,George Kittle,TE,SF,16,0,0,0,0,8,7,115
00-0033290,Jermaine Eluemunor,G,NYG,16,0,0,0,0,0,0,0
00-0033293,Aaron Jones,RB,MIN,16,0,0,21,85,3,2,8
00-0033294,Chuck Clark,SAF,PIT,16,0,0,0,0,0,0,0
00-0033297,D.J. Jones,DT,DEN,16,0,0,0,0,0,0,0
00-0033303,Harrison Butker,K,KC,16,0,0,0,0,0,0,0
00-0033307,Kendrick Bourne,WR,SF,16,0,0,0,0,5,3,27
00-0033336,Eric Wilson,LB,MIN,16,0,0,0,0,0,0,0
00-0033347,Josh Tupou,DT,BAL,16,0,0,0,0,0,0,0
00-0033357,Taysom Hill,TE,NO,16,1,38,12,42,6,4,36
00-0033375,Tim Patrick,WR,JAX,16,0,0,0,0,1,1,11
00-0033381,Adam Butler,DT,LV,16,0,0,0,0,0,0,0
00-0033393,Kenny Moore II,CB,IND,16,0,0,0,0,0,0,0
00-0033400,Matt Haack,P,ARI,16,0,0,0,0,0,0,0
00-0033455,Anthony Firkser,TE,DET,16,0,0,0,0,4,4,40
00-0033523,Jonathan Allen,DE,MIN,16,0,0,0,0,0,0,0
00-0033526,Samaje Perine,RB,CIN,16,0,0,7,25,3,2,16
00-0033538,Garett Bolles,OT,DEN,16,0,0,0,0,0,0,0
00-0033546,Dalvin Tomlinson,DE,ARI,16,0,0,0,0,0,0,0
00-0033551,Rasul Douglas,CB,MIA,16,0,0,0,0,0,0,0
00-0033555,Mack Hollins,WR,NE,16,0,0,0,0,9,7,69
00-0033571,Matt Milano,OLB,BUF,16,0,0,0,0,0,0,0
00-0033576,Eric Saubert,TE,SEA,16,0,0,0,0,0,0,0
00-0033676,Elijah Wilkinson,OT,ATL,16,0,0,0,0,0,0,0
00-0033787,Jake Elliott,K,PHI,16,0,0,0,0,0,0,0
00-0033854,Dare Ogunbowale,RB,HOU,16,0,0,1,-3,1,1,2
00-0033857,JuJu Smith-Schuster,WR,KC,16,0,0,0,0,4,1,12
00-0033858,Jonnu Smith,TE,PIT,16,0,0,2,28,1,0,0
00-0033860,Davon Godchaux,DT,NO,16,0,0,0,0,0,0,0
00-0033862,Zane Gonzalez,K,ATL,16,0,0,0,0,0,0,0
00-0033868,Myles Garrett,DE,CLE,16,0,0,0,0,0,0,0
00-0033870,Solomon Thomas,DE,DAL,16,0,0,0,0,0,0,0
00-0033872,Jamal Adams,LB,LV,16,0,0,0,0,0,0,0
00-0033875,Haason Reddick,OLB,TB,16,0,0,0,0,0,0,0
00-0033876,Derek Barnett,DE,HOU,16,0,0,0,0,0,0,0
00-0033877,Malik Hooker,FS,DAL,16,0,0,0,0,0,0,0
00-0033878,Adoree' Jackson,CB,PHI,16,0,0,0,0,0,0,0
00-0033881,Evan Engram,TE,DEN,16,0,0,0,0,4,2,36
00-0033883,Jabrill Peppers,FS,PIT,16,0,0,0,0,0,0,0
00-0033884,Tre'Davious White,CB,BUF,16,0,0,0,0,0,0,0
00-0033890,Budda Baker,S,ARI,16,0,0,0,0,0,0,0
00-0033894,Marcus Williams,FS,LAC,16,0,0,0,0,0,0,0
00-0033907,Dawuane Smoot,DE,JAX,16,0,0,0,0,0,0,0
00-0033908,Cooper Kupp,WR,SEA,16,0,0,0,0,4,3,39
00-0033914,Alex Anzalone,MLB,DET,16,0,0,0,0,0,0,0
00-0033918,Fabian Moreau,CB,MIN,16,0,0,0,0,0,0,0
00-0033921,Chris Godwin Jr.,WR,TB,16,0,0,0,0,6,5,30
00-0033923,Kareem Hunt,RB,KC,16,0,0,3,2,0,0,0
00-0033928,Jourdan Lewis,CB,JAX,16,0,0,0,0,0,0,0
00-0033941,Rayshawn Jenkins,DB,CLE,16,0,0,0,0,0,0,0
00-0033945,Samson Ebukam,DE,IND,16,0,0,0,0,0,0,0
00-0033952,Grover Stewart,DT,IND,16,0,0,0,0,0,0,0
00-0033955,Jeremy McNichols,RB,WAS,16,0,0,1,3,3,2,9
00-0034051,Christian Kuntz,LS,PIT,16,0,0,0,0,0,0,0
00-0034084,Mike Badgley,K,BUF,16,0,0,0,0,0,0,0
00-0034091,George Odum,DB,IND,16,0,0,0,0,0,0,0
00-0034159,Will Dissly,TE,LAC,16,0,0,0,0,3,3,28
00-0034160,Michael Dickson,P,SEA,16,0,0,0,0,0,0,0
00-0034161,Daniel Carlson,K,LV,16,0,0,0,0,0,0,0
00-0034162,J.K. Scott,P,LAC,16,0,0,0,0,0,0,0
00-0034163,Jacob Martin,DE,WAS,16,0,0,0,0,0,0,0
00-0034173,Eddy Pineiro,K,SF,16,0,0,0,0,0,0,0
00-0034203,Darious Williams,CB,LA,16,0,0,0,0,0,0,0
00-0034234,Poona Ford,DT,LA,16,0,0,0,0,0,0,0
00-0034264,Jalyn Holmes,DT,WAS,16,0,0,0,0,0,0,0
00-0034272,Marquez Valdes-Scantling,WR,PIT,16,0,0,0,0,3,1,6
00-0034285,Zach Sieler,DE,MIA,16,0,0,0,0,0,0,0
00-0034302,Frankie Luvu,LB,WAS,16,0,0,0,0,0,0,0
00-0034320,Kentavius Street,DE,ATL,16,0,0,0,0,0,0,0
00-0034333,Daron Payne,NT,WAS,16,0,0,0,0,0,0,0
00-0034344,Marcus Davenport,DE,DET,16,0,0,0,0,0,0,0
00-0034348,Courtland Sutton,WR,DEN,16,0,0,0,0,12,6,86
00-0034350,Uchenna Nwosu,LB,SEA,16,0,0,0,0,0,0,0
00-0034351,Dallas Goedert,TE,PHI,16,0,0,0,0,3,3,32
00-0034359,Tyquan Lewis,DE,IND,16,0,0,0,0,0,0,0
00-0034361,Justin Reid,S,NO,16,0,0,0,0,0,0,0
00-0034371,Da'Shawn Hand,DE,LAC,16,0,0,0,0,0,0,0
00-0034376,Taron Johnson,CB,BUF,16,0,0,0,0,0,0,0
00-0034377,Avonte Maddox,FS,DET,16,0,0,0,0,0,0,0
00-0034381,Josh Sweat,LB,ARI,16,0,0,0,0,0,0,0
00-0034383,Dalton Schultz,TE,HOU,16,0,0,0,0,5,5,35
00-0034384,D.J. Reed,CB,DET,16,0,0,0,0,0,0,0
00-0034413,Foye Oluokun,LB,JAX,16,0,0,0,0,0,0,0
00-0034418,Cedrick Wilson Jr.,WR,MIA,16,0,0,0,0,1,1,11
00-0034431,Zaire Franklin,OLB,IND,16,0,0,0,0,0,0,0
00-0034437,Logan Cooke,P,JAX,16,0,0,0,0,0,0,0
00-0034446,Jalen Davis,CB,CIN,16,0,0,0,0,0,0,0
00-0034465,Jeremy Reaves,DB,WAS,16,0,0,0,0,0,0,0
00-0034473,Dennis Gardeck,LB,JAX,16,0,0,0,0,0,0,0
00-0034485,Jonathan Owens,SAF,CHI,16,0,0,0,0,0,0,0
00-0034613,Tanner Hudson,TE,CIN,16,0,0,0,0,1,1,4
00-0034668,Aaron Stinnie,G,NYG,16,0,0,0,0,0,0,0
00-0034673,Tremaine Edmunds,MLB,CHI,16,0,0,0,0,0,0,0
00-0034675,Jessie Bates,FS,ATL,16,0,0,0,0,0,0,0
00-0034678,Alex Cappa,G,LV,16,0,0,0,0,0,0,0
00-0034721,Corey Bojorquez,P,CLE,16,1,0,0,0,0,0,0
00-0034746,Maurice Hurst,DT,CLE,16,0,0,0,0,0,0,0
00-0034753,Mark Andrews,TE,BAL,16,0,0,1,3,3,2,21
00-0034754,Oren Burks,ILB,CIN,16,0,0,0,0,0,0,0
00-0034760,Nathan Shepherd,DE,NO,16,0,0,0,0,0,0,0
00-0034773,Vita Vea,DT,TB,16,0,0,0,0,0,0,0
00-0034775,Christian Kirk,WR,HOU,16,0,0,0,0,5,3,37
00-0034778,Carlton Davis III,CB,NE,16,0,0,0,0,0,0,0
00-0034779,Ronnie Harrison,LB,ATL,16,0,0,0,0,0,0,0
00-0034782,Harrison Phillips,DT,NYJ,16,0,0,0,0,0,0,0
00-0034790,Derwin James,FS,LAC,16,0,0,0,0,0,0,0
00-0034791,Nick Chubb,RB,HOU,16,0,0,6,33,1,1,9
00-0034796,Lamar Jackson,QB,BAL,16,10,101,2,7,0,0,0
00-0034797,Jerome Baker,OLB,CLE,16,0,0,0,0,0,0,0
00-0034800,B.J. Hill,DE,CIN,16,0,0,0,0,0,0,0
00-0034801,Josh Woods,LB,ATL,16,0,0,0,0,0,0,0
00-0034805,John Franklin-Myers,DE,DEN,16,0,0,0,0,0,0,0
00-0034810,Sebastian Joseph-Day,DT,TEN,16,0,0,0,0,0,0,0
00-0034825,Arden Key,DE,TEN,16,0,0,0,0,0,0,0
00-0034827,DJ Moore,WR,CHI,16,0,0,1,12,7,5,97
00-0034829,Mike Gesicki,TE,CIN,16,0,0,0,0,4,3,35
00-0034832,Bradley Chubb,OLB,MIA,16,0,0,0,0,0,0,0
00-0034844,Saquon Barkley,RB,PHI,16,0,0,21,132,2,0,0
00-0034855,Baker Mayfield,QB,TB,16,26,145,4,49,0,0,0
00-0034857,Josh Allen,QB,BUF,16,19,130,7,17,0,0,0
00-0034860,Dante Pettis,WR,NO,16,0,0,0,0,1,0,0
00-0034869,Sam Darnold,QB,SEA,16,34,270,3,7,0,0,0
00-0034874,Roquan Smith,ILB,BAL,16,0,0,0,0,0,0,0
00-0034928,Steven Sims,WR,ARI,16,0,0,0,0,1,0,0
00-0034941,Mitch Wishnowsky,P,BUF,16,0,0,0,0,0,0,0
00-0034951,Fred Johnson,OT,PHI,16,0,0,0,0,0,0,0
00-0034960,Jakobi Meyers,WR,JAX,16,0,0,1,1,8,4,45
00-0034966,D'Angelo Ross,CB,CLE,16,0,0,0,0,0,0,0
00-0034967,Rashan Gary,LB,GB,16,0,0,0,0,0,0,0
00-0034973,Maxx Crosby,DE,LV,16,0,0,0,0,0,0,0
00-0034974,Julian Love,SAF,SEA,16,0,0,0,0,0,0,0
00-0034981,Foster Moreau,TE,NO,16,0,0,0,0,1,1,5
00-0034982,Dre Greenlaw,LB,DEN,16,0,0,0,0,0,0,0
00-0034987,E.J. Speed,LB,HOU,16,0,0,0,0,0,0,0
00-0034989,Justin Skule,OT,MIN,16,0,0,0,0,0,0,0
00-0034993,Marcus Epps,SAF,PHI,16,0,0,0,0,0,0,0
00-0034994,Olisaemeka Udoh,OT,TEN,16,0,0,0,0,0,0,0
00-0035000,Quinton Bell,LB,MIA,16,0,0,0,0,0,0,0
00-0035042,Jamie Gillan,P,NYG,16,0,0,0,0,0,0,0
00-0035125,Alec Ingold,FB,MIA,16,0,0,0,0,1,1,9
00-0035133,Keisean Nixon,DB,GB,16,0,0,0,0,0,0,0
00-0035140,Mecole Hardman,WR,BUF,16,0,0,0,0,0,0,0
00-0035156,Jack Fox,P,DET,16,0,0,0,0,0,0,0
00-0035190,AJ Cole,P,LV,16,0,0,0,0,0,0,0
00-0035192,Joey Slye,K,TEN,16,0,0,0,0,0,0,0
00-0035202,Del'Shawn Phillips,LB,LAC,16,0,0,0,0,0,0,0
00-0035208,Olamide Zaccheaus,WR,CHI,16,0,0,0,0,5,2,33
00-0035227,P.J. Locke,DB,DEN,16,0,0,0,0,0,0,0
00-0035229,T.J. Hockenson,TE,MIN,16,0,0,0,0,1,1,2
00-0035236,Byron Murphy,CB,MIN,16,0,0,0,0,0,0,0
00-0035240,Jahlani Tavai,LB,NE,16,0,0,0,0,0,0,0
00-0035244,Lonnie Johnson,SAF,LV,16,0,0,0,0,0,0,0
00-0035248,Zach Allen,DE,DEN,16,0,0,0,0,0,0,0
00-0035249,Josh Oliver,TE,MIN,16,0,0,0,0,3,2,19
00-0035250,Devin Singletary,RB,NYG,16,0,0,11,47,1,1,-1
00-0035253,C.J. Gardner-Johnson,SAF,CHI,16,0,0,0,0,0,0,0
00-0035261,Tony Pollard,RB,TEN,16,0,0,21,102,0,0,0
00-0035262,Drue Tranquill,LB,KC,16,0,0,0,0,0,0,0
00-0035272,Andrew Van Ginkel,OLB,MIN,16,0,0,0,0,0,0,0
00-0035276,Blake Cashman,LB,MIN,16,0,0,0,0,0,0,0
00-0035277,Mike Jackson,CB,CAR,16,0,0,0,0,0,0,0
00-0035279,Charles Omenihu,DE,KC,16,0,0,0,0,0,0,0
00-0035280,Jake Bailey,P,MIA,16,0,0,0,0,0,0,0
00-0035286,Cole Holcomb,LB,PIT,16,0,0,0,0,0,0,0
00-0035289,Gardner Minshew,QB,KC,16,8,15,1,8,0,0,0
00-0035291,Trayveon Williams,RB,CLE,16,0,0,3,17,4,4,38
00-0035298,Scott Miller,WR,PIT,16,0,0,0,0,3,3,19
00-0035301,Donovan Wilson,SAF,DAL,16,0,0,0,0,0,0,0
00-0035316,Kaden Elliss,LB,ATL,16,0,0,0,0,0,0,0
00-0035352,Tyrel Dodson,LB,MIA,16,0,0,0,0,0,0,0
00-0035358,Chase McLaughlin,K,TB,16,0,0,0,0,0,0,0
00-0035359,David Sills,WR,ATL,16,0,0,0,0,1,0,0
00-0035363,Joe Giles-Harris,LB,CIN,16,0,0,0,0,0,0,0
00-0035378,Andrew Wingard,SAF,JAX,16,0,0,0,0,0,0,0
00-0035386,T.J. Edwards,LB,CHI,16,0,0,0,0,0,0,0
00-0035402,Carl Granderson,DE,NO,16,0,0,0,0,0,0,0
00-0035406,Lil'Jordan Humphrey,WR,DEN,16,0,0,0,0,2,1,9
00-0035413,Luke Gifford,LB,SF,16,0,0,0,0,0,0,0
00-0035525,Devin Bush,LB,CLE,16,0,0,0,0,0,0,0
00-0035535,Darius Slayton,WR,NYG,16,0,0,0,0,2,1,8
00-0035537,Ty Johnson,RB,BUF,16,0,0,3,16,0,0,0
00-0035542,Kemon Hall,DB,TEN,16,0,0,0,0,0,0,0
00-0035544,Tom Kennedy,WR,DET,16,0,0,0,0,0,0,0
00-0035588,Garrett Bradbury,C,NE,16,0,0,0,0,0,0,0
00-0035602,Alex Bachman,WR,LV,16,0,0,0,0,1,1,3
00-0035630,Chris Lindstrom,G,ATL,16,0,0,0,0,0,0,0
00-0035631,Drew Sample,TE,CIN,16,0,0,0,0,2,2,31
00-0035632,Amani Hooker,SAF,TEN,16,0,0,0,0,0,0,0
00-0035637,Rock Ya-Sin,CB,DET,16,0,0,0,0,0,0,0
00-0035640,DK Metcalf,WR,PIT,16,0,0,0,0,9,4,42
00-0035642,Josh Hines-Allen,DE,JAX,16,0,0,0,0,0,0,0
00-0035643,Jeffery Simmons,DT,TEN,16,0,0,0,0,0,0,0
00-0035645,Gunner Olszewski,WR,NYG,16,0,0,0,0,0,0,0
00-0035646,Sione Takitaki,LB,MIN,16,0,0,0,0,0,0,0
00-0035647,Montez Sweat,DE,CHI,16,0,0,0,0,0,0,0
00-0035655,Will Harris,SAF,WAS,16,0,0,0,0,0,0,0
00-0035656,Khalen Saunders,DT,NYJ,16,0,0,0,0,0,0,0
00-0035659,Terry McLaurin,WR,WAS,16,0,0,0,0,4,3,53
00-0035662,Marquise Brown,WR,KC,16,0,0,0,0,3,3,22
00-0035667,Greg Gaines,DT,TB,16,0,0,0,0,0,0,0
00-0035668,David Edwards,OT,BUF,16,0,0,0,0,0,0,0
00-0035669,Nick Scott,SAF,CAR,16,0,0,0,0,0,0,0
00-0035672,Cody Barton,LB,TEN,16,0,0,0,0,0,0,0
00-0035674,Jerry Tillery,DT,KC,16,0,0,0,0,0,0,0
00-0035676,A.J. Brown,WR,PHI,16,0,0,0,0,12,9,95
00-0035678,Dre'Mont Jones,LB,BAL,16,0,0,0,0,0,0,0
00-0035680,Quincy Williams,LB,NYJ,16,0,0,0,0,0,0,0
00-0035681,Mike Edwards,SAF,KC,16,0,0,0,0,0,0,0
00-0035683,Dexter Lawrence,DT,NYG,16,0,0,0,0,0,0,0
00-0035685,David Montgomery,RB,DET,16,0,0,4,14,0,0,0
00-0035687,Bobby Okereke,ILB,NYG,16,0,0,0,0,0,0,0
00-0035689,Dawson Knox,TE,BUF,16,0,0,0,0,2,1,10
00-0035692,Clelin Ferrell,DE,SF,16,0,0,0,0,0,0,0
00-0035697,Germaine Pratt,LB,IND,16,0,0,0,0,0,0,0
00-0035699,Jamel Dean,CB,TB,16,0,0,0,0,0,0,0
00-0035700,Josh Jacobs,RB,GB,16,0,0,12,36,2,2,12
00-0035702,Dalton Risner,G,CIN,16,0,0,0,0,0,0,0
00-0035707,Devin White,LB,LV,16,0,0,0,0,0,0,0
00-0035713,Brian Burns,LB,NYG,16,0,0,0,0,0,0,0
00-0035719,Deebo Samuel Sr.,WR,WAS,16,0,0,0,0,4,3,35
00-0035763,Malcolm Roach,DT,DEN,16,0,0,0,0,0,0,0
00-0035821,Corliss Waitman,P,PIT,16,0,0,0,0,0,0,0
00-0035841,Benito Jones,DT,MIA,16,0,0,0,0,0,0,0
00-0035889,Tommy Townsend,P,HOU,16,0,0,0,0,0,0,0
00-0035891,Cody White,WR,SEA,16,0,0,0,0,0,0,0
00-0035942,Christian Rozeboom,LB,CAR,16,0,0,0,0,0,0,0
00-0035944,Jonah Williams,DE,NO,16,0,0,0,0,0,0,0
00-0035961,Krys Barnes,LB,CAR,16,0,0,0,0,0,0,0
00-0035993,Tyler Huntley,QB,BAL,16,10,65,2,2,0,0,0
00-0036037,Sam Franklin Jr.,SAF,BUF,16,0,0,0,0,0,0,0
00-0036040,Juwan Johnson,TE,NO,16,0,0,0,0,9,8,89
00-0036087,Myles Bryant,CB,HOU,16,0,0,0,0,0,0,0
00-0036114,A.J. Green,CB,MIA,16,0,0,0,0,0,0,0
00-0036139,Rico Dowdle,RB,CAR,16,0,0,9,29,6,4,14
00-0036151,Bryce Huff,DE,SF,16,0,0,0,0,0,0,0
00-0036181,Teair Tart,DT,LAC,16,0,0,0,0,0,0,0
00-0036192,A.J. Epenesa,LB,BUF,16,0,0,0,0,0,0,0
00-0036193,Anfernee Jennings,LB,NE,16,0,0,0,0,0,0,0
00-0036204,LaCale London,DE,ATL,16,0,0,0,0,0,0,0
00-0036215,Danny Pinter,G,IND,16,0,0,0,0,0,0,0
00-0036220,Derrick Brown,DT,CAR,16,0,0,0,0,0,0,0
00-0036222,Isaiah Rodgers,CB,MIN,16,0,0,0,0,0,0,0
00-0036223,Jonathan Taylor,RB,IND,16,0,0,16,46,3,3,33
00-0036231,Kyle Dugger,SAF,PIT,16,0,0,0,0,0,0,0
00-0036244,Colby Parkinson,TE,LA,16,0,0,0,0,4,2,21
00-0036248,Austin Jackson,OT,MIA,16,0,0,0,0,0,0,0
00-0036252,Michael Pittman,WR,IND,16,0,0,0,0,5,4,32
00-0036259,Jauan Jennings,WR,SF,16,0,0,0,0,6,5,71
00-0036260,Javon Kinlaw,DT,WAS,16,0,0,0,0,0,0,0
00-0036262,DaVon Hamilton,DT,JAX,16,0,0,0,0,0,0,0
00-0036264,Jordan Love,QB,GB,16,13,77,2,7,0,0,0
00-0036275,D'Andre Swift,RB,CHI,16,0,0,13,58,2,2,12
00-0036281,C.J. Henderson,CB,ATL,16,0,0,0,0,0,0,0
00-0036282,Grant Delpit,SAF,CLE,16,0,0,0,0,0,0,0
00-0036285,A.J. Terrell,CB,ATL,16,0,0,0,0,0,0,0
00-0036286,K'Lavon Chaisson,LB,NE,16,0,0,0,0,0,0,0
00-0036287,Noah Igbinoghene,CB,WAS,16,0,0,0,0,0,0,0
00-0036290,Cole Kmet,TE,CHI,16,0,0,0,0,3,2,14
00-0036291,Marlon Davidson,DE,HOU,16,0,0,0,0,0,0,0
00-0036292,Jaylon Johnson,CB,CHI,16,0,0,0,0,0,0,0
00-0036293,Jeremy Chinn,SAF,LV,16,0,0,0,0,0,0,0
00-0036294,Logan Wilson,LB,DAL,16,0,0,0,0,0,0,0
00-0036298,Akeem Davis-Gaither,LB,ARI,16,0,0,0,0,0,0,0
00-0036300,Mykal Walker,LB,NYJ,16,0,0,0,0,0,0,0
00-0036302,Jaylinn Hawkins,SAF,NE,16,0,0,0,0,0,0,0
00-0036306,Daniel Thomas,SAF,DET,16,0,0,0,0,0,0,0
00-0036309,Darnell Mooney,WR,ATL,16,0,0,0,0,2,2,24
00-0036313,Braden Mann,P,PHI,16,0,0,0,0,0,0,0
00-0036321,Chase Young,DE,NO,16,0,0,0,0,0,0,0
00-0036322,Justin Jefferson,WR,MIN,16,0,0,0,0,8,6,85
00-0036323,Patrick Queen,LB,PIT,16,0,0,0,0,0,0,0
00-0036329,Ashtyn Davis,SAF,MIA,16,0,0,0,0,0,0,0
00-0036331,Devin Duvernay,WR,CHI,16,0,0,0,0,0,0,0
00-0036332,Josiah Deguara,TE,ARI,16,0,0,0,0,1,0,0
00-0036333,Alex Highsmith,LB,PIT,16,0,0,0,0,0,0,0
00-0036335,D.J. Wonnum,LB,CAR,16,0,0,0,0,0,0,0
00-0036337,James Lynch,DT,TEN,16,0,0,0,0,0,0,0
00-0036338,Troy Dye,LB,LAC,16,0,0,0,0,0,0,0
00-0036341,Khalid Kareem,LB,ATL,16,0,0,0,0,0,0,0
00-0036349,Kam Curl,SAF,LA,16,0,0,0,0,0,0,0
00-0036355,Justin Herbert,QB,LAC,16,29,300,8,42,0,0,0
00-0036358,CeeDee Lamb,WR,DAL,16,0,0,0,0,7,6,51
00-0036361,Trevon Diggs,CB,DAL,16,0,0,0,0,0,0,0
00-0036366,Neville Gallimore,DT,IND,16,0,0,0,0,0,0,0
00-0036369,John Simpson,G,NYJ,16,0,0,0,0,0,0,0
00-0036375,Amik Robertson,CB,DET,16,0,0,0,0,0,0,0
00-0036378,Michael Danna,LB,KC,16,0,0,0,0,0,0,0
00-0036380,Alohi Gilman,SAF,BAL,16,0,0,0,0,0,0,0
00-0036388,Xavier McKinney,SAF,GB,16,0,0,0,0,0,0,0
00-0036389,Jalen Hurts,QB,PHI,16,30,185,7,40,0,0,0
00-0036407,Jerry Jeudy,WR,CLE,16,0,0,0,0,4,3,12
00-0036409,Jordyn Brooks,LB,MIA,16,0,0,0,0,0,0,0
00-0036410,Tee Higgins,WR,CIN,16,0,0,0,0,3,3,53
00-0036411,Antoine Winfield Jr.,SAF,TB,16,0,0,0,0,0,0,0
00-0036415,Van Jefferson,WR,TEN,16,0,0,0,0,2,2,24
00-0036416,Kristian Fulton,CB,KC,16,0,0,0,0,0,0,0
00-0036417,Damien Lewis,G,CAR,16,0,0,0,0,0,0,0
00-0036418,Zack Baun,LB,PHI,16,0,0,0,0,0,0,0
00-0036421,Terrell Burgess,SAF,NO,16,0,0,0,0,0,0,0
00-0036422,Adam Trautman,TE,DEN,16,0,0,0,0,3,2,14
00-0036425,DeeJay Dallas,RB,JAX,16,0,0,0,0,0,0,0
00-0036427,Tyler Johnson,WR,NYJ,16,0,0,0,0,1,1,7
00-0036429,Charlie Woerner,TE,ATL,16,0,0,0,0,1,1,3
00-0036441,"Kenneth Murray, Jr.",LB,DAL,16,0,0,0,0,0,0,0
00-0036442,Joe Burrow,QB,CIN,16,32,309,2,6,0,0,0
00-0036479,Kwity Paye,DE,IND,16,0,0,0,0,0,0,0
00-0036500,Jamien Sherwood,LB,NYJ,16,0,0,0,0,0,0,0
00-0036504,Brandin Echols,CB,PIT,16,0,0,0,0,0,0,0
00-0036534,Shane Zylstra,TE,DET,16,0,0,0,0,5,3,20
00-0036550,Rashod Bateman,WR,BAL,16,0,0,0,0,2,0,0
00-0036554,Nico Collins,WR,HOU,16,0,0,0,0,9,4,59
00-0036555,Chuba Hubbard,RB,CAR,16,0,0,6,27,1,1,7
00-0036563,Deommodore Lenoir,CB,SF,16,0,0,0,0,0,0,0
00-0036564,Talanoa Hufanga,SAF,DEN,16,0,0,0,0,0,0,0
00-0036568,Roy Lopez,DT,DET,16,0,0,0,0,0,0,0
00-0036587,Ar'Darius Washington,SAF,BAL,16,0,0,0,0,0,0,0
00-0036589,Nick McCloud,CB,CHI,16,0,0,0,0,0,0,0
00-0036590,Quintin Morris,TE,JAX,16,0,0,0,0,1,1,5
00-0036603,Alaric Jackson,OT,LA,16,0,0,0,0,0,0,0
00-0036613,Jaylen Waddle,WR,MIA,16,0,0,0,0,9,5,72
00-0036617,Asante Samuel Jr.,CB,PIT,16,0,0,0,0,0,0,0
00-0036620,Dee Eskridge,WR,MIA,16,0,0,0,0,0,0,0
00-0036621,Nick Bolton,LB,KC,16,0,0,0,0,0,0,0
00-0036624,Alim McNeill,DT,DET,16,0,0,0,0,0,0,0
00-0036625,Benjamin St-Juste,CB,LAC,16,0,0,0,0,0,0,0
00-0036628,John Bates,TE,WAS,16,0,0,0,0,1,0,0
00-0036629,Camryn Bynum,SAF,IND,16,0,0,0,0,0,0,0
00-0036637,Noah Gray,TE,KC,16,0,0,0,0,0,0,0
00-0036642,Tedarrell Slaton,DT,CIN,16,0,0,0,0,0,0,0
00-0036643,K.J. Britt,LB,MIA,16,0,0,0,0,0,0,0
00-0036658,Isaiah McDuffie,LB,GB,16,0,0,0,0,0,0,0
00-0036660,Trey Smith,G,KC,16,0,0,0,0,0,0,0
00-0036672,Grant Stuard,LB,DET,16,0,0,0,0,0,0,0
00-0036683,Devon Key,SAF,DEN,16,0,0,0,0,0,0,0
00-0036695,Naquan Jones,DT,HOU,16,0,0,0,0,0,0,0
00-0036711,Charles Snowden,DE,LV,16,0,0,0,0,0,0,0
00-0036741,Jack Stoll,TE,NO,16,0,0,0,0,2,1,4
00-0036813,Christian Elliss,LB,NE,16,0,0,0,0,0,0,0
00-0036816,Riley Patterson,K,MIA,16,0,0,0,0,0,0,0
00-0036842,Kene Nwangwu,RB,NYJ,16,0,0,0,0,0,0,0
00-0036850,Cameron Sample,DE,CIN,16,0,0,0,0,0,0,0
00-0036854,Evan McPherson,K,CIN,16,0,0,0,0,0,0,0
00-0036862,Ben Skowronek,WR,PIT,16,0,0,0,0,0,0,0
00-0036867,Chris Rumph II,LB,NO,16,0,0,0,0,0,0,0
00-0036871,Nate Hobbs,CB,GB,16,0,0,0,0,0,0,0
00-0036874,Pat Surtain II,CB,DEN,16,0,0,0,0,0,0,0
00-0036875,Rhamondre Stevenson,RB,NE,16,0,0,8,51,3,2,27
00-0036876,Kylen Granson,TE,PHI,16,0,0,0,0,0,0,0
00-0036881,Jay Tufele,DT,NYJ,16,0,0,0,0,0,0,0
00-0036883,Tommy Togiai,DT,HOU,16,0,0,0,0,0,0,0
00-0036887,Luke Farrell,TE,SF,16,0,0,0,0,0,0,0
00-0036894,Pat Freiermuth,TE,PIT,16,0,0,0,0,4,4,20
00-0036900,Ja'Marr Chase,WR,CIN,16,0,0,0,0,11,9,109
00-0036901,Eric Stokes,CB,LV,16,0,0,0,0,0,0,0
00-0036903,Bobby Brown III,DT,CAR,16,0,0,0,0,0,0,0
00-0036904,Robert Rochell,CB,CAR,16,0,0,0,0,0,0,0
00-0036909,Khyiris Tonga,DT,NE,16,0,0,0,0,0,0,0
00-0036912,DeVonta Smith,WR,PHI,16,0,0,0,0,8,6,42
00-0036914,Greg Rousseau,LB,BUF,16,0,0,0,0,0,0,0
00-0036919,Kenny Gainwell,RB,PIT,16,0,0,9,50,7,5,78
00-0036924,Michael Carter,RB,ARI,16,0,0,11,65,2,0,0
00-0036927,Pete Werner,LB,NO,16,0,0,0,0,0,0,0
00-0036933,Zaven Collins,LB,ARI,16,0,0,0,0,0,0,0
00-0036934,Jaelan Phillips,LB,PHI,16,0,0,0,0,0,0,0
00-0036937,Paulson Adebo,CB,NYG,16,0,0,0,0,0,0,0
00-0036940,Odafe Oweh,LB,LAC,16,0,0,0,0,0,0,0
00-0036942,Osa Odighizuwa,DT,DAL,16,0,0,0,0,0,0,0
00-0036944,Jaycee Horn,CB,CAR,16,0,0,0,0,0,0,0
00-0036952,Jonathon Cooper,LB,DEN,16,0,0,0,0,0,0,0
00-0036957,Drew Dalman,C,CHI,16,0,0,0,0,0,0,0
00-0036962,Tre'von Moehrig,SAF,CAR,16,0,0,0,0,0,0,0
00-0036963,Amon-Ra St. Brown,WR,DET,16,0,0,0,0,9,4,54
00-0036964,Derrick Barnes,LB,DET,16,0,0,0,0,0,0,0
00-0036970,Kyle Pitts,TE,ATL,16,0,0,0,0,9,7,57
00-0036971,Trevor Lawrence,QB,JAX,16,36,279,6,20,0,0,0
00-0036972,Mac Jones,QB,SF,16,0,0,3,-3,0,0,0
00-0036973,Travis Etienne,RB,JAX,16,0,0,16,50,5,4,16
00-0036974,Tyson Campbell,CB,CLE,16,0,0,0,0,0,0,0
00-0036981,Christian Barmore,DT,NE,16,0,0,0,0,0,0,0
00-0036982,Chauncey Golston,DE,NYG,16,0,0,0,0,0,0,0
00-0036986,Nahshon Wright,CB,CHI,16,0,0,0,0,0,0,0
00-0036987,Brandon Stephens,CB,NYJ,16,0,0,0,0,0,0,0
00-0036988,Josh Palmer,WR,BUF,16,0,0,0,0,1,1,2
00-0036989,Malcolm Koonce,DE,LV,16,0,0,0,0,0,0,0
00-0036990,Divine Deablo,LB,ATL,16,0,0,0,0,0,0,0
00-0036992,Elijah Molden,CB,LAC,16,0,0,0,0,0,0,0
00-0036993,Ifeatu Melifonwu,SAF,MIA,16,0,0,0,0,0,0,0
00-0036994,Ernest Jones,LB,SEA,16,0,0,0,0,0,0,0
00-0036995,Baron Browning,LB,ARI,16,0,0,0,0,0,0,0
00-0036996,Greg Newsome II,CB,JAX,16,0,0,0,0,0,0,0
00-0036997,Javonte Williams,RB,DAL,16,0,0,9,34,3,2,9
00-0036998,Jevon Holland,SAF,NYG,16,0,0,0,0,0,0,0
00-0037002,Landon Dickerson,G,PHI,16,0,0,0,0,0,0,0
00-0037005,Tommy Tremble,TE,CAR,16,0,0,0,0,1,1,6
00-0037034,Dee Alford,CB,ATL,16,0,0,0,0,0,0,0
00-0037073,Jordan Davis,DT,PHI,16,0,0,0,0,0,0,0
00-0037074,Quay Walker,LB,GB,16,0,0,0,0,0,0,0
00-0037079,Riq Woolen,CB,SEA,16,0,0,0,0,0,0,0
00-0037082,Dominique Robinson,DE,CHI,16,0,0,0,0,0,0,0
00-0037083,Kingsley Enagbare,LB,GB,16,0,0,0,0,0,0,0
00-0037085,Tyler Badie,RB,DEN,16,0,0,0,0,3,1,2
00-0037091,Bo Melton,WR,GB,16,0,0,0,0,0,0,0
00-0037093,Dareke Young,WR,SEA,16,0,0,0,0,0,0,0
00-0037096,Elijah Hicks,SAF,CHI,16,0,0,0,0,0,0,0
00-0037112,Jake Tonges,TE,SF,16,0,0,0,0,2,1,7
00-0037120,Tyler Goodson,RB,IND,16,0,0,3,9,0,0,0
00-0037129,Josh Blackwell,CB,CHI,16,0,0,0,0,0,0,0
00-0037130,Reed Blankenship,SAF,PHI,16,0,0,0,0,0,0,0
00-0037132,Britain Covey,WR,PHI,16,0,0,0,0,0,0,0
00-0037137,Josh Jobe,CB,SEA,16,0,0,0,0,0,0,0
00-0037179,Jeremiah Moon,LB,PIT,16,0,0,0,0,0,0,0
00-0037192,George Karlaftis,DE,KC,16,0,0,0,0,0,0,0
00-0037193,Bryan Cook,SAF,KC,16,0,0,0,0,0,0,0
00-0037195,Jaylen Watson,CB,KC,16,0,0,0,0,0,0,0
00-0037197,Isiah Pacheco,RB,KC,16,0,0,8,34,7,6,41
00-0037203,LaBryan Ray,DT,CAR,16,0,0,0,0,0,0,0
00-0037205,Brenden Schooler,SAF,NE,16,0,0,0,0,0,0,0
00-0037208,Jack Cochrane,LB,KC,16,0,0,0,0,0,0,0
00-0037224,Cameron Dicker,K,LAC,16,0,0,0,0,0,0,0
00-0037228,Jaylen Warren,RB,PIT,16,0,0,14,143,2,2,8
00-0037231,Kevin Austin Jr.,WR,NO,16,0,0,0,0,3,2,18
00-0037235,Travon Walker,DE,JAX,16,0,0,0,0,0,0,0
00-0037236,Aidan Hutchinson,DE,DET,16,0,0,0,0,0,0,0
00-0037237,Derek Stingley Jr.,CB,HOU,16,0,0,0,0,0,0,0
00-0037238,Drake London,WR,ATL,16,0,0,0,0,8,3,27
00-0037239,Chris Olave,WR,NO,16,0,0,0,0,16,10,148
00-0037240,Jameson Williams,WR,DET,16,0,0,0,0,9,5,70
00-0037241,Trevor Penning,OT,LAC,16,0,0,0,0,0,0,0
00-0037243,Tyler Smith,OT,DAL,16,0,0,0,0,0,0,0
00-0037244,Devin Lloyd,LB,JAX,16,0,0,0,0,0,0,0
00-0037246,Jalen Pitre,SAF,HOU,16,0,0,0,0,0,0,0
00-0037247,George Pickens,WR,DAL,16,0,0,0,0,9,7,130
00-0037248,James Cook,RB,BUF,16,0,0,16,117,2,1,17
00-0037249,Nik Bonitto,LB,DEN,16,0,0,0,0,0,0,0
00-0037251,Alex Wright,DE,CLE,16,0,0,0,0,0,0,0
00-0037252,Greg Dulcich,TE,MIA,16,0,0,0,0,3,3,46
00-0037253,Marcus Jones,CB,NE,16,0,0,0,0,0,0,0
00-0037254,Terrel Bernard,LB,BUF,16,0,0,0,0,0,0,0
00-0037255,Dylan Parham,G,LV,16,0,0,0,0,0,0,0
00-0037256,Rachaad White,RB,TB,16,0,0,5,45,2,2,15
00-0037260,DJ Davidson,DT,NYG,16,0,0,0,0,0,0,0
00-0037261,Khalil Shakir,WR,BUF,16,0,0,0,0,5,4,34
00-0037262,Thomas Booker,DT,LV,16,0,0,0,0,0,0,0
00-0037263,Tyler Allgeier,RB,ATL,16,0,0,16,79,1,1,-6
00-0037264,Delarrin Turner-Yell,SAF,DEN,16,0,0,0,0,0,0,0
00-0037269,Eric Johnson,DT,IND,16,0,0,0,0,0,0,0
00-0037271,D'Marco Jackson,LB,CHI,16,0,0,0,0,0,0,0
00-0037281,Damone Clark,LB,HOU,16,0,0,0,0,0,0,0
00-0037283,John Ridgeway,DT,NO,16,0,0,0,0,0,0,0
00-0037284,Matt Araiza,P,KC,16,0,0,0,0,0,0,0
00-0037288,Christian Benford,CB,BUF,16,0,0,0,0,0,0,0
00-0037291,Jalen Nailor,WR,MIN,16,0,0,0,0,2,0,0
00-0037292,Andrew Ogletree,TE,IND,16,0,0,0,0,2,1,11
00-0037302,Austin Deculus,OT,LAC,16,0,0,0,0,0,0,0
00-0037306,John FitzPatrick,TE,GB,16,0,0,0,0,1,0,0
00-0037310,James Houston,LB,DAL,16,0,0,0,0,0,0,0
00-0037313,Montaric Brown,CB,JAX,16,0,0,0,0,0,0,0
00-0037315,Cameron Goode,LB,MIA,16,0,0,0,0,0,0,0
00-0037324,Chris Oladokun,QB,KC,16,16,111,2,7,0,0,0
00-0037364,Arron Mosby,DE,GB,16,0,0,0,0,0,0,0
00-0037384,Ja'Quan McMillian,CB,DEN,16,0,0,0,0,0,0,0
00-0037457,Jake Hansen,LB,HOU,16,0,0,0,0,0,0,0
00-0037475,Stone Smartt,TE,NYJ,16,0,0,0,0,5,5,34
00-0037487,Deven Thompkins,WR,ATL,16,0,0,0,0,0,0,0
00-0037500,Ryan Wright,P,MIN,16,0,0,0,0,0,0,0
00-0037512,Isaiah Pola-Mao,SAF,LV,16,0,0,0,0,0,0,0
00-0037525,Jordan Mason,RB,MIN,16,0,0,2,5,1,1,6
00-0037527,Segun Olubi,LB,IND,16,0,0,0,0,0,0,0
00-0037545,Rashid Shaheed,WR,SEA,16,0,0,1,31,1,0,0
00-0037549,Darrell Baker Jr.,CB,TEN,16,0,0,0,0,0,0,0
00-0037557,Ronnie Rivers,RB,LA,16,0,0,0,0,0,0,0
00-0037561,Markquese Bell,SAF,DAL,16,0,0,0,0,0,0,0
00-0037563,Malik Davis,RB,DAL,16,0,0,8,23,0,0,0
00-0037587,Nate Landman,LB,LA,16,0,0,0,0,0,0,0
00-0037593,Tre Avery,CB,CLE,16,0,0,0,0,0,0,0
00-0037594,Julius Chestnut,RB,TEN,16,0,0,1,1,0,0,0
00-0037596,Jack Gibbens,LB,NE,16,0,0,0,0,0,0,0
00-0037602,Sam Okuayinonu,DT,SF,16,0,0,0,0,0,0,0
00-0037614,John Metchie III,WR,NYJ,16,0,0,0,0,5,1,4
00-0037615,Nakobe Dean,LB,PHI,16,0,0,0,0,0,0,0
00-0037616,Nick Cross,SAF,IND,16,0,0,0,0,0,0,0
00-0037617,Hassan Haskins,RB,LAC,16,0,0,4,14,0,0,0
00-0037633,Jacob Hummel,LB,BAL,16,0,0,0,0,0,0,0
00-0037661,Ja'Marcus Ingram,CB,HOU,16,0,0,0,0,0,0,0
00-0037663,Jermaine Johnson II,DE,NYJ,16,0,0,0,0,0,0,0
00-0037664,Alec Pierce,WR,IND,16,0,0,0,0,4,4,86
00-0037665,Sam Williams,LB,DAL,16,0,0,0,0,0,0,0
00-0037692,Brandon Aubrey,K,DAL,16,0,0,0,0,0,0,0
00-0037741,Jahan Dotson,WR,PHI,16,0,0,0,0,3,3,13
00-0037742,Treylon Burks,WR,WAS,16,0,0,0,0,5,2,30
00-0037743,Daxton Hill,DB,CIN,16,0,0,0,0,0,0,0
00-0037744,Trey McBride,TE,ARI,16,0,0,0,0,8,4,27
00-0037746,Brian Robinson,RB,SF,16,0,0,5,20,1,0,0
00-0037752,Tycen Anderson,SAF,CIN,16,0,0,0,0,0,0,0
00-0037755,Jelani Woods,TE,NYJ,16,0,0,0,0,2,0,0
00-0037756,Travis Jones,DT,BAL,16,0,0,0,0,0,0,0
00-0037758,Cordale Flott,CB,NYG,16,0,0,0,0,0,0,0
00-0037799,Dondrea Tillman,LB,DEN,16,0,0,0,0,0,0,0
00-0037801,KaVontae Turpin,WR,DAL,16,0,0,2,13,4,2,14
00-0037805,Jeremy Ruckert,TE,NYJ,16,0,0,0,0,3,2,14
00-0037809,Chig Okonkwo,TE,TEN,16,0,0,0,0,8,6,44
00-0037812,Abraham Lucas,OT,SEA,16,0,0,0,0,0,0,0
00-0037816,Romeo Doubs,WR,GB,16,0,0,0,0,6,5,84
00-0037823,Christian Harris,LB,HOU,16,0,0,0,0,0,0,0
00-0037826,Drake Jackson,DE,WAS,16,0,0,0,0,0,0,0
00-0037832,Kalia Davis,DT,SF,16,0,0,0,0,0,0,0
00-0037834,Brock Purdy,QB,SF,16,34,295,2,11,0,0,0
00-0037835,Luke Goedeke,OT,TB,16,0,0,0,0,0,0,0
00-0037837,Calvin Austin III,WR,PIT,16,0,0,0,0,1,1,8
00-0037838,Isaiah Likely,TE,BAL,16,0,0,0,0,0,0,0
00-0037839,Cobie Durant,CB,LA,16,0,0,0,0,0,0,0
00-0037840,Kyren Williams,RB,LA,16,0,0,23,70,6,3,15
00-0038038,Kyle Hamilton,SAF,BAL,16,0,0,0,0,0,0,0
00-0038039,Jack Jones,CB,MIA,16,0,0,0,0,0,0,0
00-0038041,Jake Ferguson,TE,DAL,16,0,0,0,0,4,3,19
00-0038043,Joshua Williams,CB,KC,16,0,0,0,0,0,0,0
00-0038046,Charlie Kolar,TE,BAL,16,0,0,0,0,1,1,18
00-0038090,Skyy Moore,WR,SF,16,0,0,0,0,1,1,23
00-0038094,Jordan Stout,P,BAL,16,0,0,0,0,0,0,0
00-0038099,Phidarian Mathis,DT,BUF,16,0,0,0,0,0,0,0
00-0038101,Akayleb Evans,CB,CAR,16,0,0,0,0,0,0,0
00-0038103,Cole Strange,G,MIA,16,0,0,0,0,0,0,0
00-0038106,Eyioma Uwazurike,DT,DEN,16,0,0,0,0,0,0,0
00-0038116,Arnold Ebiketie,LB,ATL,16,0,0,0,0,0,0,0
00-0038117,Wan'Dale Robinson,WR,NYG,16,0,0,1,3,6,3,19
00-0038119,Jalyn Armour-Davis,CB,TEN,16,0,0,0,0,0,0,0
00-0038120,Breece Hall,RB,NYJ,16,0,0,16,54,3,2,9
00-0038121,Alontae Taylor,CB,NO,16,0,0,0,0,0,0,0
00-0038123,Dane Belton,SAF,NYG,16,0,0,0,0,0,0,0
00-0038124,Christian Watson,WR,GB,16,0,0,0,0,6,2,17
00-0038126,Perrion Winfrey,DT,DAL,16,0,0,0,0,0,0,0
00-0038127,Logan Hall,DE,TB,16,0,0,0,0,0,0,0
00-0038128,Malik Willis,QB,GB,16,11,121,10,44,0,0,0
00-0038129,Cade Otton,TE,TB,16,0,0,0,0,2,2,15
00-0038134,Kenneth Walker III,RB,SEA,16,0,0,11,100,3,3,64
00-0038135,Jaquan Brisker,SAF,CHI,16,0,0,0,0,0,0,0
00-0038136,Coby Bryant,CB,SEA,16,0,0,0,0,0,0,0
00-0038142,David Ojabo,LB,BAL,16,0,0,0,0,0,0,0
00-0038359,Xavier Smith,WR,LA,16,0,0,0,0,2,2,57
00-0038387,Colby Wooden,DE,GB,16,0,0,0,0,0,0,0
00-0038390,Noah Sewell,LB,CHI,16,0,0,0,0,0,0,0
00-0038393,Dontayvion Wicks,WR,GB,16,0,0,0,0,2,2,12
00-0038397,Evan Hull,RB,NO,16,0,0,5,3,0,0,0
00-0038398,Karl Brooks,DT,GB,16,0,0,0,0,0,0,0
00-0038399,Zaire Barnes,LB,NYG,16,0,0,0,0,0,0,0
00-0038400,Tanner McKee,QB,PHI,16,0,0,2,-2,0,0,0
00-0038407,Jaylon Jones,DB,IND,16,0,0,0,0,0,0,0
00-0038408,Carrington Valentine,DB,GB,16,0,0,0,0,0,0,0
00-0038412,Moro Ojomo,DT,PHI,16,0,0,0,0,0,0,0
00-0038428,Andre Szmyt,K,CLE,16,0,0,0,0,0,0,0
00-0038440,Zavier Scott,RB,MIN,16,0,0,2,4,1,1,8
00-0038454,Keaton Mitchell,RB,BAL,16,0,0,9,13,0,0,0
00-0038463,Brenton Cox Jr.,DE,GB,16,0,0,0,0,0,0,0
00-0038488,Brady Russell,RB,SEA,16,0,0,0,0,0,0,0
00-0038493,Claudin Cherelus,LB,CAR,16,0,0,0,0,0,0,0
00-0038504,Trenton Simpson,LB,BAL,16,0,0,0,0,0,0,0
00-0038505,Tavius Robinson,LB,BAL,16,0,0,0,0,0,0,0
00-0038506,Jordon Riley,DT,GB,16,0,0,0,0,0,0,0
00-0038513,Cam Jones,LB,NYJ,16,0,0,0,0,0,0,0
00-0038514,Truman Jones,DE,TEN,16,0,0,0,0,0,0,0
00-0038519,Nikko Remigio,WR,KC,16,0,0,0,0,0,0,0
00-0038541,Tyree Wilson,DE,LV,16,0,0,0,0,0,0,0
00-0038542,Bijan Robinson,RB,ATL,16,0,0,16,76,11,7,92
00-0038543,Jaxon Smith-Njigba,WR,SEA,16,0,0,0,0,13,8,96
00-0038544,Quentin Johnston,WR,LAC,16,0,0,0,0,5,4,104
00-0038546,Myles Murphy,DE,CIN,16,0,0,0,0,0,0,0
00-0038549,DJ Turner II,CB,CIN,16,0,0,0,0,0,0,0
00-0038552,Riley Moss,CB,DEN,16,0,0,0,0,0,0,0
00-0038553,Daiyan Henley,LB,LAC,16,0,0,0,0,0,0,0
00-0038554,Ji'Ayir Brown,SAF,SF,16,0,0,0,0,0,0,0
00-0038555,Tank Bigsby,RB,PHI,16,0,0,4,37,0,0,0
00-0038556,DeMarvion Overshown,LB,DAL,16,0,0,0,0,0,0,0
00-0038557,Dorian Williams,LB,BUF,16,0,0,0,0,0,0,0
00-0038558,Darnell Washington,TE,PIT,16,0,0,0,0,4,3,36
00-0038559,Michael Wilson,WR,ARI,16,0,0,0,0,3,2,52
00-0038560,Jordan Battle,SAF,CIN,16,0,0,0,0,0,0,0
00-0038562,Jake Moody,K,WAS,16,0,0,0,0,0,0,0
00-0038563,Tre Tucker,WR,LV,16,0,0,2,11,5,4,43
00-0038565,Mekhi Blackmon,DB,IND,16,0,0,0,0,0,0,0
00-0038567,Chad Ryland,K,ARI,16,0,0,0,0,0,0,0
00-0038570,Ventrell Miller,LB,JAX,16,0,0,0,0,0,0,0
00-0038578,Jay Ward,SAF,MIN,16,0,0,0,0,0,0,0
00-0038580,Yasir Abdullah,LB,JAX,16,0,0,0,0,0,0,0
00-0038585,Cameron Mitchell,DB,IND,16,0,0,0,0,0,0,0
00-0038594,Darrell Luter Jr.,CB,SF,16,0,0,0,0,0,0,0
00-0038596,Antonio Johnson,SAF,JAX,16,0,0,0,0,0,0,0
00-0038597,Chase Brown,RB,CIN,16,0,0,12,66,4,4,43
00-0038599,Henry To'oTo'o,LB,HOU,16,0,0,0,0,0,0,0
00-0038600,Owen Pappoe,LB,ARI,16,0,0,0,0,0,0,0
00-0038605,JL Skinner,SAF,DEN,16,0,0,0,0,0,0,0
00-0038606,Parker Washington,WR,JAX,16,0,0,0,0,10,6,145
00-0038608,Kayshon Boutte,WR,NE,16,0,0,0,0,3,1,16
00-0038609,Luke Wypler,C,CLE,16,0,0,0,0,0,0,0
00-0038610,Bryce Baringer,P,NE,16,0,0,0,0,0,0,0
00-0038611,Chris Rodriguez Jr.,RB,WAS,16,0,0,15,63,1,1,6
00-0038613,Jerrick Reed II,SAF,TEN,16,0,0,0,0,0,0,0
00-0038618,Xavier Hutchinson,WR,HOU,16,0,0,0,0,2,1,4
00-0038619,Andrei Iosivas,WR,CIN,16,0,0,0,0,1,1,21
00-0038621,DeMario Douglas,WR,NE,16,0,0,0,0,2,1,6
00-0038625,Dee Winters,LB,SF,16,0,0,0,0,0,0,0
00-0038635,Andre Jones Jr.,LB,BUF,16,0,0,0,0,0,0,0
00-0038640,Jalen Brooks,WR,ARI,16,0,0,0,0,0,0,0
00-0038642,D.J. Ivey,CB,CIN,16,0,0,0,0,0,0,0
00-0038645,Spencer Anderson,G,PIT,16,0,0,0,0,0,0,0
00-0038653,Cory Durden,DT,NE,16,0,0,0,0,0,0,0
00-0038660,Trevor Nowaske,LB,DET,16,0,0,0,0,0,0,0
00-0038679,Tyrell Shavers,WR,BUF,16,0,0,0,0,2,1,21
00-0038685,Chris Brooks,RB,GB,16,0,0,1,4,0,0,0
00-0038703,Kendell Brooks,SAF,TEN,16,0,0,0,0,0,0,0
00-0038705,Emari Demercado,RB,ARI,16,0,0,5,30,1,0,0
00-0038711,Mohamoud Diabate,LB,CLE,16,0,0,0,0,0,0,0
00-0038715,Ronnie Hickman Jr.,SAF,CLE,16,0,0,0,0,0,0,0
00-0038738,Hunter Luepke,RB,DAL,16,0,0,1,0,2,1,14
00-0038765,Ty Okada,SAF,SEA,16,0,0,0,0,0,0,0
00-0038778,Jalen Redmond,DL,MIN,16,0,0,0,0,0,0,0
00-0038783,Nate Adkins,TE,DEN,16,0,0,0,0,1,0,0
00-0038788,Art Green,CB,NYG,16,0,0,0,0,0,0,0
00-0038791,Thomas Incoom,LB,CAR,16,0,0,0,0,0,0,0
00-0038794,Jaleel McLaughlin,RB,DEN,16,0,0,5,37,0,0,0
00-0038795,PJ Mustipher,DT,ARI,16,0,0,0,0,0,0,0
00-0038797,Emanuel Wilson,RB,GB,16,0,0,14,82,0,0,0
00-0038807,Ivan Pace Jr.,LB,MIN,16,0,0,0,0,0,0,0
00-0038817,Evan Deckers,LS,TB,16,0,0,0,0,0,0,0
00-0038839,Mitchell Tinsley,WR,CIN,16,0,0,0,0,1,0,0
00-0038840,Brycen Tremayne,WR,CAR,16,0,0,0,0,0,0,0
00-0038841,Nick Whiteside,DB,DET,16,0,0,0,0,0,0,0
00-0038890,Shaka Heyward,LB,CIN,16,0,0,0,0,0,0,0
00-0038896,Jacob Saylors,RB,DET,16,0,0,0,0,0,0,0
00-0038905,Blake Grupe,K,IND,16,0,0,0,0,0,0,0
00-0038922,Drake Thomas,LB,SEA,16,0,0,0,0,0,0,0
00-0038932,Darnell Wright,OT,CHI,16,0,0,0,0,0,0,0
00-0038933,Dalton Kincaid,TE,BUF,16,0,0,0,0,1,0,0
00-0038935,Brenton Strange,TE,JAX,16,0,0,0,0,7,5,39
00-0038937,Zacch Pickens,DT,KC,16,0,0,0,0,0,0,0
00-0038951,Sean Tucker,RB,TB,16,0,0,4,3,0,0,0
00-0038976,Marvin Mims Jr.,WR,DEN,16,0,0,1,3,3,3,26
00-0038978,Byron Young,DT,PHI,16,0,0,0,0,0,0,0
00-0038979,Cedric Tillman,WR,CLE,16,0,0,0,0,1,1,8
00-0038982,Chamarri Conner,DB,KC,16,0,0,0,0,0,0,0
00-0038994,Jordan Addison,WR,MIN,16,0,0,0,0,3,2,26
00-0038995,Bryan Bresee,DT,NO,16,0,0,0,0,0,0,0
00-0038997,Josh Downs,WR,IND,16,0,0,1,3,9,5,65
00-0039000,Deonte Banks,CB,NYG,16,0,0,0,0,0,0,0
00-0039002,Sydney Brown,SAF,PHI,16,0,0,0,0,0,0,0
00-0039007,Garrett Williams,CB,ARI,16,0,0,0,0,0,0,0
00-0039009,Dylan Horton,DE,HOU,16,0,0,0,0,0,0,0
00-0039013,Nolan Smith,LB,PHI,16,0,0,0,0,0,0,0
00-0039018,Jack Campbell,LB,DET,16,0,0,0,0,0,0,0
00-0039020,Anthony Bradford,G,SEA,16,0,0,0,0,0,0,0
00-0039030,Jake Andrews,C,HOU,16,0,0,0,0,0,0,0
00-0039032,Tyjae Spears,RB,TEN,16,0,0,13,52,5,5,53
00-0039040,De'Von Achane,RB,MIA,16,0,0,15,81,3,3,9
00-0039041,Elijah Higgins,TE,ARI,16,0,0,0,0,8,7,91
00-0039047,Derick Hall,LB,SEA,16,0,0,0,0,0,0,0
00-0039049,SirVocea Dennis,LB,TB,16,0,0,0,0,0,0,0
00-0039054,Marte Mapu,LB,NE,16,0,0,0,0,0,0,0
00-0039059,Ethan Evans,P,LA,16,0,0,0,0,0,0,0
00-0039061,Desjuan Johnson,DE,LA,16,0,0,0,0,0,0,0
00-0039062,Jonathan Mingo,WR,DAL,16,0,0,0,0,1,0,0
00-0039064,Zay Flowers,WR,BAL,16,0,0,1,18,7,7,84
00-0039066,Michael Mayer,TE,LV,16,0,0,0,0,3,1,10
00-0039068,Yaya Diaby,LB,TB,16,0,0,0,0,0,0,0
00-0039070,Gervon Dexter Sr.,DT,CHI,16,0,0,0,0,0,0,0
00-0039071,Tyrique Stevenson,CB,CHI,16,0,0,0,0,0,0,0
00-0039074,Davis Allen,TE,LA,16,0,0,0,0,5,2,34
00-0039075,Puka Nacua,WR,LA,16,0,0,0,0,16,12,225
00-0039108,Will Anderson Jr.,DE,HOU,16,0,0,0,0,0,0,0
00-0039110,Keeanu Benton,DT,PIT,16,0,0,0,0,0,0,0
00-0039111,Tuli Tuipulotu,LB,LAC,16,0,0,0,0,0,0,0
00-0039137,Byron Young,LB,LA,16,0,0,0,0,0,0,0
00-0039138,Kobie Turner,DE,LA,16,0,0,0,0,0,0,0
00-0039139,Jahmyr Gibbs,RB,DET,16,0,0,7,2,13,10,66
00-0039140,Kelee Ringo,CB,PHI,16,0,0,0,0,0,0,0
00-0039142,Will McDonald IV,DE,NYJ,16,0,0,0,0,0,0,0
00-0039143,Isaiah Foskey,DE,CIN,16,0,0,0,0,0,0,0
00-0039144,Luke Musgrave,TE,GB,16,0,0,0,0,3,3,38
00-0039146,Jayden Reed,WR,GB,16,0,0,1,6,3,3,35
00-0039147,Christian Gonzalez,CB,NE,16,0,0,0,0,0,0,0
00-0039148,Keion White,DE,SF,16,0,0,0,0,0,0,0
00-0039149,Quan Martin,SAF,WAS,16,0,0,0,0,0,0,0
00-0039150,Bryce Young,QB,CAR,16,32,191,4,20,0,0,0
00-0039151,Emmanuel Forbes,CB,LA,16,0,0,0,0,0,0,0
00-0039155,BJ Ojulari,LB,ARI,16,0,0,0,0,0,0,0
00-0039163,C.J. Stroud,QB,HOU,16,35,187,4,0,0,0,0
00-0039165,Zach Charbonnet,RB,SEA,16,0,0,9,32,4,4,22
00-0039167,Joey Porter Jr.,CB,PIT,16,0,0,0,0,0,0,0
00-0039169,Devon Witherspoon,CB,SEA,16,0,0,0,0,0,0,0
00-0039172,Jake Bates,K,DET,16,0,0,0,0,0,0,0
00-0039174,Chukwuebuka Godrick,OT,KC,16,0,0,0,0,0,0,0
00-0039178,Austin Ajiake,LB,IND,16,0,0,0,0,0,0,0
00-0039229,Charlie Smyth,K,NO,16,0,0,0,0,0,0,0
00-0039232,Nate Wiggins,CB,BAL,16,0,0,0,0,0,0,0
00-0039233,Roger Rosengarten,OT,BAL,16,0,0,0,0,0,0,0
00-0039234,T.J. Tampa,CB,BAL,16,0,0,0,0,0,0,0
00-0039284,Braiden McGregor,DE,NYJ,16,0,0,0,0,0,0,0
00-0039285,Jarius Monroe,SAF,NYJ,16,0,0,0,0,0,0,0
00-0039309,Byron Murphy II,DT,SEA,16,0,0,0,0,0,0,0
00-0039323,Ryan Rehkow,P,CIN,16,0,0,0,0,0,0,0
00-0039332,C.J. Ravenell,DE,TEN,16,0,0,0,0,0,0,0
00-0039338,Brock Bowers,TE,LV,16,0,0,0,0,5,5,33
00-0039340,Laiatu Latu,DE,IND,16,0,0,0,0,0,0,0
00-0039342,Xavier Legette,WR,CAR,16,0,0,0,0,3,1,12
00-0039343,Kamari Lassiter,CB,HOU,16,0,0,0,0,0,0,0
00-0039348,Cooper Beebe,G,DAL,16,0,0,0,0,0,0,0
00-0039352,Marist Liufau,LB,DAL,16,0,0,0,0,0,0,0
00-0039353,Jarrian Jones,CB,JAX,16,0,0,0,0,0,0,0
00-0039354,McKinnley Jackson,DT,CIN,16,0,0,0,0,0,0,0
00-0039356,Ja'Tavion Sanders,TE,CAR,16,0,0,0,0,2,2,9
00-0039357,Decamerion Richardson,CB,LV,16,0,0,0,0,0,0,0
00-0039359,Cade Stover,TE,HOU,16,0,0,0,0,3,2,7
00-0039360,Malik Mustapha,SAF,SF,16,0,0,0,0,0,0,0
00-0039361,Bucky Irving,RB,TB,16,0,0,19,71,0,0,0
00-0039366,Tarheeb Still,CB,LAC,16,0,0,0,0,0,0,0
00-0039368,Jordan Magee,LB,WAS,16,0,0,0,0,0,0,0
00-0039369,Cam Hart,CB,LAC,16,0,0,0,0,0,0,0
00-0039373,Audric Estimé,RB,NO,16,0,0,5,19,4,3,17
00-0039374,Tommy Eichenberg,LB,LV,16,0,0,0,0,0,0,0
00-0039375,Josh Newton,CB,CIN,16,0,0,0,0,0,0,0
00-0039380,Chau Smith-Wade,CB,CAR,16,0,0,0,0,0,0,0
00-0039384,Tyrone Tracy Jr.,RB,NYG,16,0,0,16,71,2,2,7
00-0039388,Jaylan Ford,LB,NO,16,0,0,0,0,0,0,0
00-0039391,Kimani Vidal,RB,LAC,16,0,0,5,11,0,0,0
00-0039395,Jamal Hill,LB,HOU,16,0,0,0,0,0,0,0
00-0039398,Joe Milton III,QB,DAL,16,2,11,1,7,0,0,0
00-0039404,Will Reichard,K,MIN,16,0,0,0,0,0,0,0
00-0039405,Jawhar Jordan,RB,HOU,16,0,0,15,53,5,5,17
00-0039407,Dylan Laube,RB,LV,16,0,0,0,0,0,0,0
00-0039409,Cam Little,K,JAX,16,0,0,0,0,0,0,0
00-0039410,Ryan Flournoy,WR,DAL,16,0,0,0,0,2,2,18
00-0039414,Daijahn Anthony,SAF,CIN,16,0,0,0,0,0,0,0
00-0039416,Jaden Davis,DB,ARI,16,0,0,0,0,0,0,0
00-0039417,Myles Harden,CB,CLE,16,0,0,0,0,0,0,0
00-0039421,Levi Drake Rodriguez,DL,MIN,16,0,0,0,0,0,0,0
00-0039423,Jonah Laulu,DT,LV,16,0,0,0,0,0,0,0
00-0039430,James Williams,LB,TEN,16,0,0,0,0,0,0,0
00-0039431,Jowon Briggs,DE,NYJ,16,0,0,0,0,0,0,0
00-0039435,Tatum Bethune,LB,SF,16,0,0,0,0,0,0,0
00-0039436,Jaylen Harrell,DE,TEN,16,0,0,0,0,0,0,0
00-0039442,Kingsley Eguakun,C,DET,16,0,0,0,0,0,0,0
00-0039451,Isaiah Williams,WR,NYJ,16,0,0,0,0,4,4,25
00-0039458,Brenden Bates,TE,CLE,16,0,0,0,0,1,0,0
00-0039465,Reddy Steward,DB,DAL,16,0,0,0,0,0,0,0
00-0039491,Jalen Coker,WR,CAR,16,0,0,0,0,5,3,47
00-0039498,Harrison Mevis,K,LA,16,0,0,0,0,0,0,0
00-0039521,Xavier Weaver,WR,ARI,16,0,0,0,0,2,2,19
00-0039530,Brevyn Spann-Ford,TE,DAL,16,0,0,0,0,0,0,0
00-0039578,Dalton Tucker,G,IND,16,0,0,0,0,0,0,0
00-0039589,Kameron Johnson,WR,TB,16,0,0,0,0,0,0,0
00-0039603,British Brooks,RB,HOU,16,0,0,0,0,0,0,0
00-0039622,Isaiah Stalbird,LB,NO,16,0,0,0,0,0,0,0
00-0039623,Mason Tipton,WR,NO,16,0,0,1,12,5,4,29
00-0039631,Cam Grandy,TE,CIN,16,0,0,0,0,1,1,1
00-0039634,Austin McNamara,P,NYJ,16,0,0,0,0,0,0,0
00-0039637,Maema Njongmeta,LB,CAR,16,0,0,0,0,0,0,0
00-0039648,David Martin-Robinson,TE,TEN,16,0,0,0,0,0,0,0
00-0039660,Thomas Harper,SAF,DET,16,0,0,0,0,0,0,0
00-0039681,Tyler Owens,DB,WAS,16,0,0,0,0,0,0,0
00-0039732,Bo Nix,QB,DEN,16,47,352,4,11,0,0,0
00-0039733,Ruke Orhorhoro,DT,ATL,16,0,0,0,0,0,0,0
00-0039736,Matt Goncalves,G,IND,16,0,0,0,0,0,0,0
00-0039738,Blake Corum,RB,LA,16,0,0,14,48,2,1,13
00-0039740,Jalyx Hunt,LB,PHI,16,0,0,0,0,0,0,0
00-0039741,Payton Wilson,LB,PIT,16,0,0,0,0,0,0,0
00-0039744,Tanor Bortolini,G,IND,16,0,0,0,0,0,0,0
00-0039745,Tory Taylor,P,CHI,16,0,0,0,0,0,0,0
00-0039746,Will Shipley,RB,PHI,16,0,0,0,0,1,1,3
00-0039749,Tyler Davis,DE,LA,16,0,0,0,0,0,0,0
00-0039751,Jordan Whittington,WR,LA,16,0,0,0,0,1,1,19
00-0039752,Cedric Johnson,DE,CIN,16,0,0,0,0,0,0,0
00-0039755,KT Leveston,OT,CLE,16,0,0,0,0,0,0,0
00-0039764,Elijah Chatman,DT,NYG,16,0,0,0,0,0,0,0
00-0039772,Josh Wallace,CB,LA,16,0,0,0,0,0,0,0
00-0039774,Omar Speights,LB,LA,16,0,0,0,0,0,0,0
00-0039776,Jaylen McCollough,SAF,LA,16,0,0,0,0,0,0,0
00-0039784,Justin Dedich,OL,LA,16,0,0,0,0,0,0,0
00-0039789,Qwan'tez Stiggers,DB,NYJ,16,0,0,0,0,0,0,0
00-0039792,Devontez Walker,WR,BAL,16,0,0,0,0,0,0,0
00-0039793,AJ Barner,TE,SEA,16,0,0,1,1,6,4,49
00-0039796,Rasheen Ali,RB,BAL,16,0,0,0,0,2,2,2
00-0039798,Isaiah Davis,RB,NYJ,16,0,0,3,8,4,4,52
00-0039809,Jonah Elliss,LB,DEN,16,0,0,0,0,0,0,0
00-0039815,Tyrice Knight,LB,SEA,16,0,0,0,0,0,0,0
00-0039821,Andru Phillips,DB,NYG,16,0,0,0,0,0,0,0
00-0039825,Jaden Hicks,SAF,KC,16,0,0,0,0,0,0,0
00-0039826,Jeremiah Trotter Jr.,LB,PHI,16,0,0,0,0,0,0,0
00-0039829,Darius Muasau,LB,NYG,16,0,0,0,0,0,0,0
00-0039834,Kamren Kinchens,SAF,LA,16,0,0,0,0,0,0,0
00-0039835,Justin Eboigbe,DT,LAC,16,0,0,0,0,0,0,0
00-0039838,Calen Bullock,SAF,HOU,16,0,0,0,0,0,0,0
00-0039840,Austin Booker,DE,CHI,16,0,0,0,0,0,0,0
00-0039841,Cooper DeJean,CB,PHI,16,0,0,0,0,0,0,0
00-0039844,Kingsley Suamataia,OT,KC,16,0,0,0,0,0,0,0
00-0039846,Tykee Smith,DB,TB,16,0,0,0,0,0,0,0
00-0039847,Theo Johnson,TE,NYG,16,0,0,0,0,2,0,0
00-0039849,Marvin Harrison Jr.,WR,ARI,16,0,0,0,0,3,1,14
00-0039850,Edgerrin Cooper,LB,GB,16,0,0,0,0,0,0,0
00-0039851,Drake Maye,QB,NE,16,44,380,10,25,0,0,0
00-0039852,Jared Verse,DE,LA,16,0,0,0,0,0,0,0
00-0039854,Darius Robinson,DL,ARI,16,0,0,0,0,0,0,0
00-0039855,Jalen McMillan,WR,TB,16,0,0,1,1,3,2,15
00-0039859,Brandon Dorlus,DE,ATL,16,0,0,0,0,0,0,0
00-0039860,Kool-Aid McKinstry,CB,NO,16,0,0,0,0,0,0,0
00-0039861,Tyler Nubin,SAF,NYG,16,0,0,0,0,0,0,0
00-0039864,Dadrion Taylor-Demerson,SAF,ARI,16,0,0,0,0,0,0,0
00-0039867,Javon Bullard,SAF,GB,16,0,0,0,0,0,0,0
00-0039868,Troy Franklin,WR,DEN,16,0,0,0,0,5,4,66
00-0039872,Cole Bishop,SAF,BUF,16,0,0,0,0,0,0,0
00-0039874,Jaylen Wright,RB,MIA,16,0,0,9,35,2,1,18
00-0039875,Ray Davis,RB,BUF,16,0,0,3,14,2,2,20
00-0039880,Malik Washington,WR,MIA,16,0,0,1,9,1,1,23
00-0039886,T'Vondre Sweat,DT,TEN,16,0,0,0,0,0,0,0
00-0039888,Quinyon Mitchell,CB,PHI,16,0,0,0,0,0,0,0
00-0039890,Adonai Mitchell,WR,NYJ,16,0,0,0,0,6,3,43
00-0039893,Brian Thomas Jr.,WR,JAX,16,0,0,0,0,3,2,18
00-0039894,Xavier Worthy,WR,KC,16,0,0,1,0,3,2,41
00-0039898,Mike Sainristil,CB,WAS,16,0,0,0,0,0,0,0
00-0039902,Chris Braswell,LB,TB,16,0,0,0,0,0,0,0
00-0039905,Graham Barton,C,TB,16,0,0,0,0,0,0,0
00-0039906,Jer'Zhan Newton,DT,WAS,16,0,0,0,0,0,0,0
00-0039911,Chop Robinson,LB,MIA,16,0,0,0,0,0,0,0
00-0039912,Ben Sinnott,TE,WAS,16,0,0,0,0,2,1,5
00-0039913,Brandon Coleman,G,WAS,16,0,0,0,0,0,0,0
00-0039915,Ladd McConkey,WR,LAC,16,0,0,0,0,6,4,43
00-0039918,Caleb Williams,QB,CHI,16,34,250,3,30,0,0,0
00-0039920,Malachi Corley,WR,CLE,16,0,0,3,30,4,2,11
00-0039923,J.J. McCarthy,QB,MIN,16,14,108,2,20,0,0,0
00-0039924,Dallas Turner,LB,MIN,16,0,0,0,0,0,0,0
00-0040008,Shavon Revel Jr.,CB,DAL,16,0,0,0,0,0,0,0
00-0040009,Savion Williams,WR,GB,16,0,0,2,9,0,0,0
00-0040010,Barryn Sorrell,DE,GB,16,0,0,0,0,0,0,0
00-0040011,Shemar James,LB,DAL,16,0,0,0,0,0,0,0
00-0040016,Warren Brinson,DT,GB,16,0,0,0,0,0,0,0
00-0040020,Micah Robinson,CB,TEN,16,0,0,0,0,0,0,0
00-0040027,Brandon Johnson,DB,PHI,16,0,0,0,0,0,0,0
00-0040061,Connor O'Toole,LB,SEA,16,0,0,0,0,0,0,0
00-0040072,Jeffrey Bassa,LB,KC,16,0,0,0,0,0,0,0
00-0040074,Tyler Loop,K,BAL,16,0,0,0,0,0,0,0
00-0040075,LaJohntay Wester,WR,BAL,16,0,0,0,0,0,0,0
00-0040078,Brashard Smith,RB,KC,16,0,0,0,0,1,1,4
00-0040089,Kevin Knowles,DB,KC,16,0,0,0,0,0,0,0
00-0040092,Esa Pole,OL,KC,16,0,0,0,0,0,0,0
00-0040104,Keondre Jackson,SAF,BAL,16,0,0,0,0,0,0,0
00-0040122,Ashton Jeanty,RB,LV,16,0,0,24,128,2,1,60
00-0040123,Armand Membou,OT,NYJ,16,0,0,0,0,0,0,0
00-0040124,Tetairoa McMillan,WR,CAR,16,0,0,0,0,10,6,73
00-0040126,Colston Loveland,TE,CHI,16,0,0,0,0,5,3,30
00-0040127,Kenneth Grant,DT,MIA,16,0,0,0,0,0,0,0
00-0040128,Tyler Warren,TE,IND,16,0,0,0,0,9,3,30
00-0040129,Emeka Egbuka,WR,TB,16,0,0,0,0,2,1,40
00-0040130,Jayden Higgins,WR,HOU,16,0,0,0,0,3,1,17
00-0040131,Kyle Williams,WR,NE,16,0,0,0,0,3,2,46
00-0040134,Pat Bryant,WR,DEN,16,0,0,0,0,8,5,42
00-0040136,Princely Umanmielen,LB,CAR,16,0,0,0,0,0,0,0
00-0040138,Jaylin Noel,WR,HOU,16,0,0,0,0,0,0,0
00-0040143,Jacob Parrish,CB,TB,16,0,0,0,0,0,0,0
00-0040144,Jamaree Caldwell,DT,LAC,16,0,0,0,0,0,0,0
00-0040148,Xavier Watts,SAF,ATL,16,0,0,0,0,0,0,0
00-0040152,Upton Stout,CB,SF,16,0,0,0,0,0,0,0
00-0040154,Tai Felton,WR,MIN,16,0,0,0,0,1,1,6
00-0040155,Danny Stutsman,LB,NO,16,0,0,0,0,0,0,0
00-0040157,Barrett Carter,LB,CIN,16,0,0,0,0,0,0,0
00-0040159,Lathan Ransom,SAF,CAR,16,0,0,0,0,0,0,0
00-0040160,Jack Sawyer,LB,PIT,16,0,0,0,0,0,0,0
00-0040163,Jalen Travis,OT,IND,16,0,0,0,0,0,0,0
00-0040164,Jaylin Lane,WR,WAS,16,0,0,0,0,0,0,0
00-0040165,Malachi Moore,SAF,NYJ,16,0,0,0,0,0,0,0
00-0040166,Quincy Riley,CB,NO,16,0,0,0,0,0,0,0
00-0040168,Que Robinson,LB,DEN,16,0,0,0,0,0,0,0
00-0040169,Tonka Hemingway,DT,LV,16,0,0,0,0,0,0,0
00-0040170,Elic Ayomanor,WR,TEN,16,0,0,0,0,4,3,58
00-0040173,Tyrion Ingram-Dawkins,DT,MIN,16,0,0,0,0,0,0,0
00-0040178,Jason Marshall Jr.,CB,MIA,16,0,0,0,0,0,0,0
00-0040182,Dante Trader Jr.,SAF,MIA,16,0,0,0,0,0,0,0
00-0040184,KeAndre Lambert-Smith,WR,LAC,16,0,0,0,0,1,1,10
00-0040185,Marques Sigle,SAF,SF,16,0,0,0,0,0,0,0
00-0040187,Mitchell Evans,TE,CAR,16,0,0,0,0,3,3,23
00-0040188,Yahya Black,DE,PIT,16,0,0,0,0,0,0,0
00-0040189,Oronde Gadsden II,TE,LAC,16,0,0,0,0,1,1,7
00-0040192,Jordan Hancock,CB,BUF,16,0,0,0,0,0,0,0
00-0040194,Jackson Hawes,TE,BUF,16,0,0,0,0,2,2,26
00-0040195,Denzel Burke,CB,ARI,16,0,0,0,0,0,0,0
00-0040198,Ollie Gordon II,RB,MIA,16,0,0,1,-1,0,0,0
00-0040200,Andy Borregales,K,NE,16,0,0,0,0,0,0,0
00-0040201,Marcus Harris,CB,TEN,16,0,0,0,0,0,0,0
00-0040205,Kalel Mullings,RB,TEN,16,0,0,1,0,0,0,0
00-0040206,Riley Leonard,QB,IND,16,1,0,0,0,0,0,0
00-0040208,Tahj Brooks,RB,CIN,16,0,0,4,7,0,0,0
00-0040213,Rayuan Lane III,SAF,JAX,16,0,0,0,0,0,0,0
00-0040214,Kobe King,LB,NYJ,16,0,0,0,0,0,0,0
00-0040216,Kain Medrano,LB,WAS,16,0,0,0,0,0,0,0
00-0040218,Jimmy Horn Jr.,WR,CAR,16,0,0,1,25,0,0,0
00-0040223,Jeremy Crawshaw,P,DEN,16,0,0,0,0,0,0,0
00-0040230,Kitan Crawford,SAF,ARI,16,0,0,0,0,0,0,0
00-0040231,Carson Bruener,LB,PIT,16,0,0,0,0,0,0,0
00-0040234,Quinn Ewers,QB,MIA,16,30,260,2,5,0,0,0
00-0040236,Kyle Monangai,RB,CHI,16,0,0,9,50,4,3,43
00-0040237,Tez Johnson,WR,TB,16,0,0,0,0,1,1,-1
00-0040238,LeQuint Allen Jr.,RB,JAX,16,0,0,4,10,0,0,0
00-0040242,Jacory Croskey-Merritt,RB,WAS,16,0,0,8,25,0,0,0
00-0040246,Julian Ashby,LS,NE,16,0,0,0,0,0,0,0
00-0040248,Zeek Biggers,DT,MIA,16,0,0,0,0,0,0,0
00-0040251,Trikweze Bridges,DB,DAL,16,0,0,0,0,0,0,0
00-0040259,Gage Larvadain,WR,CLE,16,0,0,0,0,0,0,0
00-0040263,Donovan McMillon,SAF,CLE,16,0,0,0,0,0,0,0
00-0040277,Jahdae Walker,WR,CHI,16,0,0,0,0,3,2,21
00-0040279,Ryan Fitzgerald,K,CAR,16,0,0,0,0,0,0,0
00-0040311,Theo Wease Jr.,WR,MIA,16,0,0,0,0,4,2,32
00-0040326,Branson Combs,LB,JAX,16,0,0,0,0,0,0,0
00-0040329,BJ Green II,DE,JAX,16,0,0,0,0,0,0,0
00-0040347,Johnathan Edwards,DB,IND,16,0,0,0,0,0,0,0
00-0040352,Coleman Owen,WR,IND,16,0,0,0,0,1,0,0
00-0040369,Howard Cross III,DT,CIN,16,0,0,0,0,0,0,0
00-0040371,Eric Gregory,DT,NE,16,0,0,0,0,0,0,0
00-0040382,Josh Fryar,OT,ARI,16,0,0,0,0,0,0,0
00-0040396,Dean Clark,SAF,NYJ,16,0,0,0,0,0,0,0
00-0040397,Jordan Clark,CB,NYJ,16,0,0,0,0,0,0,0
00-0040398,Brady Cook,QB,NYJ,16,35,188,1,2,0,0,0
00-0040409,Austin Brinkman,LS,HOU,16,0,0,0,0,0,0,0
00-0040416,John Bullock,LB,TB,16,0,0,0,0,0,0,0
00-0040466,Raheim Sanders,RB,CLE,16,0,0,11,42,1,1,4
00-0040488,Carter Runyon,TE,LV,16,0,0,0,0,0,0,0
00-0040492,Tyler Batty,LB,MIN,16,0,0,0,0,0,0,0
00-0040494,Max Brosmer,QB,MIN,16,9,52,3,-3,0,0,0
00-0040496,Chaz Chambliss,LB,MIN,16,0,0,0,0,0,0,0
00-0040503,Dorian Mausi,LB,TEN,16,0,0,0,0,0,0,0
00-0040506,Myles Price,WR,MIN,16,0,0,0,0,0,0,0
00-0040530,Ben Sauls,K,NYG,16,0,0,0,0,0,0,0
00-0040534,Ke'Shawn Williams,WR,CIN,16,0,0,1,1,0,0,0
00-0040541,Torricelli Simpkins III,OL,NO,16,0,0,0,0,0,0,0
00-0040546,Cobee Bryant,CB,ATL,16,0,0,0,0,0,0,0
00-0040556,Corey Kiner,RB,ARI,16,0,0,6,32,0,0,0
00-0040574,Elijah Ponder,LB,NE,16,0,0,0,0,0,0,0
00-0040577,Jalon Walker,LB,ATL,16,0,0,0,0,0,0,0
00-0040578,James Pearce Jr.,DE,ATL,16,0,0,0,0,0,0,0
00-0040579,Carson Schwesinger,LB,CLE,16,0,0,0,0,0,0,0
00-0040580,Josaiah Stewart,LB,LA,16,0,0,0,0,0,0,0
00-0040582,Arian Smith,WR,NYJ,16,0,0,0,0,1,0,0
00-0040584,Gunnar Helm,TE,TEN,16,0,0,0,0,3,2,9
00-0040585,Ty Hamilton,DT,LA,16,0,0,0,0,0,0,0
00-0040590,Konata Mumpfield,WR,LA,16,0,0,0,0,8,3,40
00-0040613,Shaun Dolac,LB,LA,16,0,0,0,0,0,0,0
00-0040624,Elijah Williams,DE,MIN,16,0,0,0,0,0,0,0
00-0040634,Jordan Turner,LB,DEN,16,0,0,0,0,0,0,0
00-0040639,Grey Zabel,G,SEA,16,0,0,0,0,0,0,0
00-0040640,Ashton Gillotte,DE,KC,16,0,0,0,0,0,0,0
00-0040641,Darien Porter,CB,LV,16,0,0,0,0,0,0,0
00-0040643,Jonas Sanker,SAF,NO,16,0,0,0,0,0,0,0
00-0040644,Trevor Etienne,RB,CAR,16,0,0,0,0,0,0,0
00-0040645,Cody Simon,LB,ARI,16,0,0,0,0,0,0,0
00-0040647,Rylie Mills,DT,SEA,16,0,0,0,0,0,0,0
00-0040654,Kai Kroeger,P,NO,16,0,0,0,0,0,0,0
00-0040663,Harold Fannin Jr.,TE,CLE,16,0,0,1,1,6,4,34
00-0040666,Omarion Hampton,RB,LAC,16,0,0,16,85,2,1,10
00-0040667,Matthew Golden,WR,GB,16,0,0,2,4,1,0,0
00-0040668,Shedeur Sanders,QB,CLE,16,29,157,4,49,0,0,0
00-0040669,Isaac TeSlaa,WR,DET,16,0,0,0,0,7,4,52
00-0040670,Nohl Williams,CB,KC,16,0,0,0,0,0,0,0
00-0040676,Cam Ward,QB,TEN,16,28,228,4,9,0,0,0
00-0040677,Abdul Carter,LB,NYG,16,0,0,0,0,0,0,0
00-0040678,Derrick Harmon,DT,PIT,16,0,0,0,0,0,0,0
00-0040685,Mason Graham,DT,CLE,16,0,0,0,0,0,0,0
00-0040688,Malaki Starks,SAF,BAL,16,0,0,0,0,0,0,0
00-0040691,Jaxson Dart,QB,NYG,16,13,33,2,7,0,0,0
00-0040704,Dillon Gabriel,QB,CLE,16,0,0,0,0,0,0,0
00-0040705,Chimere Dike,WR,TEN,16,0,0,0,0,5,3,40
00-0040706,Walter Nolen,DT,ARI,16,0,0,0,0,0,0,0
00-0040708,Jihaad Campbell,LB,PHI,16,0,0,0,0,0,0,0
00-0040710,Deone Walker,DT,BUF,16,0,0,0,0,0,0,0
00-0040711,CJ West,DT,SF,16,0,0,0,0,0,0,0
00-0040716,Craig Woodson,SAF,NE,16,0,0,0,0,0,0,0
00-0040720,Jahdae Barron,CB,DEN,16,0,0,0,0,0,0,0
00-0040721,Alfred Collins,DT,SF,16,0,0,0,0,0,0,0
00-0040722,Mike Green,LB,BAL,16,0,0,0,0,0,0,0
00-0040724,T.J. Sanders,DT,BUF,16,0,0,0,0,0,0,0
00-0040725,Donovan Ezeiruaku,LB,DAL,16,0,0,0,0,0,0,0
00-0040727,Tre Harris,WR,LAC,16,0,0,0,0,5,4,54
00-0040728,Tate Ratledge,G,DET,16,0,0,0,0,0,0,0
00-0040729,Jack Bech,WR,LV,16,0,0,0,0,3,2,43
00-0040730,RJ Harvey,RB,DEN,16,0,0,7,50,5,4,71
00-0040733,Nick Emmanwori,SAF,SEA,16,0,0,0,0,0,0,0
00-0040734,TreVeyon Henderson,RB,NE,16,0,0,5,3,1,1,9
00-0040737,Terrance Ferguson,TE,LA,16,0,0,0,0,4,3,33
00-0040738,Demetrius Knight Jr.,LB,CIN,16,0,0,0,0,0,0,0
00-0040743,Tyler Shough,QB,NO,16,49,308,2,8,0,0,0
00-0040745,Aireontae Ersery,OT,HOU,16,0,0,0,0,0,0,0
00-0040746,Nic Scourton,LB,CAR,16,0,0,0,0,0,0,0
00-0040747,Benjamin Morrison,CB,TB,16,0,0,0,0,0,0,0
00-0040751,Will Johnson,CB,ARI,16,0,0,0,0,0,0,0
00-0040756,Shemar Stewart,DE,CIN,16,0,0,0,0,0,0,0
00-0040782,Isaiah Bond,WR,CLE,16,0,0,1,-1,0,0,21
00-0040784,Quinshon Judkins,RB,CLE,16,0,0,8,22,6,5,29
,,,LA,16,0,0,0,0,0,0,0
00-0022942,Philip Rivers,QB,IND,17,30,147,1,-1,0,0,0
00-0023459,Aaron Rodgers,QB,PIT,17,39,168,1,6,0,0,0
00-0025565,Nick Folk,K,NYJ,17,0,0,0,0,0,0,0
00-0026158,Joe Flacco,QB,CIN,17,5,24,4,2,0,0,0
00-0026190,Calais Campbell,DE,ARI,17,0,0,0,0,0,0,0
00-0026300,Josh Johnson,QB,WAS,17,23,198,2,10,0,0,0
00-0026498,Matthew Stafford,QB,LA,17,38,269,0,0,0,0,0
00-0027114,Thomas Morstead,P,SF,17,0,0,0,0,0,0,0
00-0027867,Jason Pierre-Paul,DE,TB,17,0,0,0,0,0,0,0
00-0027940,Von Miller,OLB,WAS,17,0,0,0,0,0,0,0
00-0027962,Cameron Jordan,LB,NO,17,0,0,0,0,0,0,0
00-0027969,Cameron Heyward,DE,PIT,17,0,0,0,0,0,0,0
00-0028872,Johnny Hekker,P,TEN,17,0,0,0,0,0,0,0
00-0029008,Charley Hughlett,LS,PHI,17,0,0,0,0,0,0,0
00-0029255,Bobby Wagner,MLB,WAS,17,0,0,0,0,0,0,0
00-0029316,Kelvin Beachum,OT,ARI,17,0,0,0,0,0,0,0
00-0029562,Lavonte David,OLB,TB,17,0,0,0,0,0,0,0
00-0029604,Kirk Cousins,QB,ATL,17,20,126,1,1,0,0,0
00-0029606,Harrison Smith,FS,MIN,17,0,0,0,0,0,0,0
00-0029607,Demario Davis,OLB,NO,17,0,0,0,0,0,0,0
00-0029692,Bryan Anger,P,DAL,17,0,0,0,0,0,0,0
00-0029822,Brandon McManus,K,GB,17,0,0,0,0,0,0,0
00-0029892,Kyle Juszczyk,FB,SF,17,0,0,0,0,2,2,14
00-0030035,Adam Thielen,WR,PIT,17,0,0,0,0,5,2,14
00-0030070,John Jenkins,DT,BAL,17,0,0,0,0,0,0,0
00-0030092,Sam Martin,P,CAR,17,0,0,0,0,0,0,0
00-0030140,Tress Way,P,WAS,17,0,0,0,0,0,0,0
00-0030279,Keenan Allen,WR,LAC,17,0,0,0,0,3,1,17
00-0030294,Tony Jefferson,S,LAC,17,0,0,0,0,0,0,0
00-0030506,Travis Kelce,TE,KC,17,0,0,0,0,6,5,36
00-0030564,DeAndre Hopkins,WR,BAL,17,0,0,0,0,1,0,0
00-0030565,Geno Smith,QB,LV,17,28,176,1,1,0,0,0
00-0030757,Mike Pennel,DT,KC,17,0,0,0,0,0,0,0
00-0031040,Khalil Mack,OLB,LAC,17,0,0,0,0,0,0,0
00-0031136,Chris Boswell,K,PIT,17,0,0,0,0,0,0,0
00-0031203,Cairo Santos,K,CHI,17,0,0,0,0,0,0,0
00-0031236,Brandin Cooks,WR,BUF,17,0,0,0,0,6,4,101
00-0031254,Denico Autry,DT,HOU,17,0,0,0,0,0,0,0
00-0031270,Shelby Harris,DE,CLE,17,0,0,0,0,0,0,0
00-0031357,C.J. Goodwin,CB,DAL,17,0,0,0,0,0,0,0
00-0031364,Jadeveon Clowney,DE,DAL,17,0,0,0,0,0,0,0
00-0031408,Mike Evans,WR,TB,17,0,0,0,0,7,3,31
00-0031411,DeMarcus Lawrence,LB,SEA,17,0,0,0,0,0,0,0
00-0031426,Joel Bitonio,G,CLE,17,0,0,0,0,0,0,0
00-0031492,Jason Myers,K,SEA,17,0,0,0,0,0,0,0
00-0031550,Shaq Thompson,OLB,BUF,17,0,0,0,0,0,0,0
00-0031565,Danielle Hunter,DE,HOU,17,0,0,0,0,0,0,0
00-0031583,Grady Jarrett,DT,CHI,17,0,0,0,0,0,0,0
00-0031588,Stefon Diggs,WR,NE,17,0,0,0,0,6,6,101
00-0031610,Darren Waller,TE,MIA,17,0,0,0,0,3,1,0
00-0031898,Alex Singleton,LB,DEN,17,0,0,0,0,0,0,0
00-0031933,Leonard Williams,DE,SEA,17,0,0,0,0,0,0,0
00-0031935,Preston Smith,DE,WAS,17,0,0,0,0,0,0,0
00-0032065,Bradley Pinion,P,ATL,17,0,0,0,0,0,0,0
00-0032104,Ameer Abdullah,RB,IND,17,0,0,0,0,1,1,4
00-0032211,Tyler Lockett,WR,LV,17,0,0,0,0,3,2,9
00-0032222,D.J. Humphries,OT,LA,17,0,0,0,0,0,0,0
00-0032228,Joe Cardona,LS,MIA,17,0,0,0,0,0,0,0
00-0032387,Jarran Reed,DT,SEA,17,0,0,0,0,0,0,0
00-0032388,Deion Jones,LB,TB,17,0,0,0,0,0,0,0
00-0032392,Austin Hooper,TE,NE,17,0,0,0,0,2,2,11
00-0032398,Chris Moore,WR,WAS,17,0,0,0,0,1,1,15
00-0032424,DJ Reader,DT,DET,17,0,0,0,0,0,0,0
00-0032442,Elandon Roberts,OLB,LV,17,0,0,0,0,0,0,0
00-0032464,Kalif Raymond,WR,DET,17,0,0,0,0,2,1,5
00-0032569,Wil Lutz,K,DEN,17,0,0,0,0,0,0,0
00-0032580,Jonathan Jones,DB,WAS,17,0,0,0,0,0,0,0
00-0032667,Roy Robertson-Harris,DE,NYG,17,0,0,0,0,0,0,0
00-0032726,Ka'imi Fairbairn,K,HOU,17,0,0,0,0,0,0,0
00-0032759,Sheldon Rankins,DT,HOU,17,0,0,0,0,0,0,0
00-0032762,Chris Jones,DE,KC,17,0,0,0,0,0,0,0
00-0032763,Austin Johnson,NT,JAX,17,0,0,0,0,0,0,0
00-0032764,Derrick Henry,RB,BAL,17,0,0,36,216,0,0,0
00-0032775,Demarcus Robinson,WR,SF,17,0,0,0,0,2,2,30
00-0032803,Jalen Mills,CB,DET,17,0,0,0,0,0,0,0
00-0032889,A'Shawn Robinson,DT,CAR,17,0,0,0,0,0,0,0
00-0032918,C.J. Ham,FB,MIN,17,0,0,0,0,0,0,0
00-0032943,Riley Dixon,P,TB,17,0,0,0,0,0,0,0
00-0032951,Laquon Treadwell,WR,IND,17,0,0,0,0,0,0,0
00-0033010,Sheldon Day,DT,WAS,17,0,0,0,0,0,0,0
00-0033038,Eric Murray,S,JAX,17,0,0,0,0,0,0,0
00-0033046,Jihad Ward,LB,TEN,17,0,0,0,0,0,0,0
00-0033051,David Onyemata,DT,ATL,17,0,0,0,0,0,0,0
00-0033055,Jalen Ramsey,CB,PIT,17,0,0,0,0,0,0,0
00-0033066,Andrew Billings,DT,CHI,17,0,0,0,0,0,0,0
00-0033072,Leonard Floyd,DE,ATL,17,0,0,0,0,0,0,0
00-0033077,Dak Prescott,QB,DAL,17,37,307,4,24,0,0,0
00-0033090,Hunter Henry,TE,NE,17,0,0,0,0,3,3,49
00-0033093,Jonathan Bullard,DE,NO,17,0,0,0,0,0,0,0
00-0033106,Jared Goff,QB,DET,17,29,197,3,2,0,0,0
00-0033109,Javon Hargrave,NT,MIN,17,0,0,0,0,0,0,0
00-0033119,Jacoby Brissett,QB,ARI,17,37,212,0,0,0,0,0
00-0033120,Kenny Clark,NT,DAL,17,0,0,0,0,0,0,0
00-0033132,Kevin Byard,FS,CHI,17,0,0,0,0,0,0,0
00-0033156,Joey Bosa,DE,BUF,17,0,0,0,0,0,0,0
00-0033217,Mo Alie-Cox,TE,IND,17,0,0,0,0,3,3,20
00-0033246,Johnny Mundt,TE,JAX,17,0,0,0,0,1,0,0
00-0033269,Rigoberto Sanchez,P,IND,17,0,0,0,0,0,0,0
00-0033280,Christian McCaffrey,RB,SF,17,0,0,23,140,6,4,41
00-0033281,Marlon Humphrey,CB,BAL,17,0,0,0,0,0,0,0
00-0033284,Taylor Moton,OT,CAR,17,0,0,0,0,0,0,0
00-0033290,Jermaine Eluemunor,G,NYG,17,0,0,0,0,0,0,0
00-0033293,Aaron Jones,RB,MIN,17,0,0,18,53,4,3,10
00-0033294,Chuck Clark,SAF,PIT,17,0,0,0,0,0,0,0
00-0033297,D.J. Jones,DT,DEN,17,0,0,0,0,0,0,0
00-0033303,Harrison Butker,K,KC,17,0,0,0,0,0,0,0
00-0033307,Kendrick Bourne,WR,SF,17,0,0,0,0,1,1,25
00-0033336,Eric Wilson,LB,MIN,17,0,0,0,0,0,0,0
00-0033357,Taysom Hill,TE,NO,17,0,0,3,0,0,0,0
00-0033375,Tim Patrick,WR,JAX,17,0,0,0,0,1,0,0
00-0033376,Patrick Ricard,RB,BAL,17,0,0,0,0,0,0,0
00-0033381,Adam Butler,DT,LV,17,0,0,0,0,0,0,0
00-0033393,Kenny Moore II,CB,IND,17,0,0,0,0,0,0,0
00-0033400,Matt Haack,P,ARI,17,0,0,0,0,0,0,0
00-0033455,Anthony Firkser,TE,DET,17,0,0,0,0,1,0,0
00-0033523,Jonathan Allen,DE,MIN,17,0,0,0,0,0,0,0
00-0033526,Samaje Perine,RB,CIN,17,0,0,3,5,1,1,8
00-0033546,Dalvin Tomlinson,DE,ARI,17,0,0,0,0,0,0,0
00-0033548,Chidobe Awuzie,CB,BAL,17,0,0,0,0,0,0,0
00-0033551,Rasul Douglas,CB,MIA,17,0,0,0,0,0,0,0
00-0033571,Matt Milano,OLB,BUF,17,0,0,0,0,0,0,0
00-0033576,Eric Saubert,TE,SEA,17,0,0,0,0,2,0,0
00-0033676,Elijah Wilkinson,OT,ATL,17,0,0,0,0,0,0,0
00-0033697,Michael Davis,CB,NO,17,0,0,0,0,0,0,0
00-0033783,Ahkello Witherspoon,CB,LA,17,0,0,0,0,0,0,0
00-0033787,Jake Elliott,K,PHI,17,0,0,0,0,0,0,0
00-0033857,JuJu Smith-Schuster,WR,KC,17,0,0,0,0,3,3,16
00-0033858,Jonnu Smith,TE,PIT,17,0,0,2,9,5,5,18
00-0033860,Davon Godchaux,DT,NO,17,0,0,0,0,0,0,0
00-0033862,Zane Gonzalez,K,ATL,17,0,0,0,0,0,0,0
00-0033868,Myles Garrett,DE,CLE,17,0,0,0,0,0,0,0
00-0033870,Solomon Thomas,DE,DAL,17,0,0,0,0,0,0,0
00-0033872,Jamal Adams,LB,LV,17,0,0,0,0,0,0,0
00-0033875,Haason Reddick,OLB,TB,17,0,0,0,0,0,0,0
00-0033876,Derek Barnett,DE,HOU,17,0,0,0,0,0,0,0
00-0033877,Malik Hooker,FS,DAL,17,0,0,0,0,0,0,0
00-0033878,Adoree' Jackson,CB,PHI,17,0,0,0,0,0,0,0
00-0033881,Evan Engram,TE,DEN,17,0,0,0,0,4,4,21
00-0033884,Tre'Davious White,CB,BUF,17,0,0,0,0,0,0,0
00-0033889,Cam Robinson,OT,CLE,17,0,0,0,0,0,0,0
00-0033894,Marcus Williams,FS,LAC,17,0,0,0,0,0,0,0
00-0033904,Dion Dawkins,OT,BUF,17,0,0,0,0,0,0,0
00-0033905,Larry Ogunjobi,DT,BUF,17,0,0,0,0,0,0,0
00-0033907,Dawuane Smoot,DE,JAX,17,0,0,0,0,0,0,0
00-0033908,Cooper Kupp,WR,SEA,17,0,0,0,0,3,1,6
00-0033914,Alex Anzalone,MLB,DET,17,0,0,0,0,0,0,0
00-0033918,Fabian Moreau,CB,MIN,17,0,0,0,0,0,0,0
00-0033921,Chris Godwin Jr.,WR,TB,17,0,0,0,0,8,7,108
00-0033923,Kareem Hunt,RB,KC,17,0,0,7,38,0,0,0
00-0033941,Rayshawn Jenkins,DB,CLE,17,0,0,0,0,0,0,0
00-0033945,Samson Ebukam,DE,IND,17,0,0,0,0,0,0,0
00-0033949,Joshua Dobbs,QB,NE,17,4,30,2,-1,0,0,0
00-0033952,Grover Stewart,DT,IND,17,0,0,0,0,0,0,0
00-0033955,Jeremy McNichols,RB,WAS,17,0,0,1,-2,3,3,12
00-0033964,Al-Quadin Muhammad,LB,DET,17,0,0,0,0,0,0,0
00-0034054,River Cracraft,WR,WAS,17,0,0,0,0,0,0,0
00-0034084,Mike Badgley,K,BUF,17,0,0,0,0,0,0,0
00-0034159,Will Dissly,TE,LAC,17,0,0,0,0,2,2,19
00-0034160,Michael Dickson,P,SEA,17,0,0,0,0,0,0,0
00-0034161,Daniel Carlson,K,LV,17,0,0,0,0,0,0,0
00-0034162,J.K. Scott,P,LAC,17,0,0,0,0,0,0,0
00-0034163,Jacob Martin,DE,WAS,17,0,0,0,0,0,0,0
00-0034173,Eddy Pineiro,K,SF,17,0,0,0,0,0,0,0
00-0034234,Poona Ford,DT,LA,17,0,0,0,0,0,0,0
00-0034264,Jalyn Holmes,DT,WAS,17,0,0,0,0,0,0,0
00-0034272,Marquez Valdes-Scantling,WR,PIT,17,0,0,0,0,9,3,21
00-0034278,Tremon Smith,CB,HOU,17,0,0,0,0,0,0,0
00-0034285,Zach Sieler,DE,MIA,17,0,0,0,0,0,0,0
00-0034302,Frankie Luvu,LB,WAS,17,0,0,0,0,0,0,0
00-0034344,Marcus Davenport,DE,DET,17,0,0,0,0,0,0,0
00-0034348,Courtland Sutton,WR,DEN,17,0,0,0,0,10,4,40
00-0034350,Uchenna Nwosu,LB,SEA,17,0,0,0,0,0,0,0
00-0034351,Dallas Goedert,TE,PHI,17,0,0,0,0,6,3,8
00-0034356,Donte Jackson,CB,LAC,17,0,0,0,0,0,0,0
00-0034361,Justin Reid,S,NO,17,0,0,0,0,0,0,0
00-0034371,Da'Shawn Hand,DE,LAC,17,0,0,0,0,0,0,0
00-0034376,Taron Johnson,CB,BUF,17,0,0,0,0,0,0,0
00-0034381,Josh Sweat,LB,ARI,17,0,0,0,0,0,0,0
00-0034383,Dalton Schultz,TE,HOU,17,0,0,0,0,4,3,19
00-0034384,D.J. Reed,CB,DET,17,0,0,0,0,0,0,0
00-0034391,Siran Neal,DB,SF,17,0,0,0,0,0,0,0
00-0034413,Foye Oluokun,LB,JAX,17,0,0,0,0,0,0,0
00-0034418,Cedrick Wilson Jr.,WR,MIA,17,0,0,0,0,2,1,8
00-0034431,Zaire Franklin,OLB,IND,17,0,0,0,0,0,0,0
00-0034437,Logan Cooke,P,JAX,17,0,0,0,0,0,0,0
00-0034446,Jalen Davis,CB,CIN,17,0,0,0,0,0,0,0
00-0034465,Jeremy Reaves,DB,WAS,17,0,0,0,0,0,0,0
00-0034488,Tavierre Thomas,SAF,MIN,17,0,0,0,0,0,0,0
00-0034613,Tanner Hudson,TE,CIN,17,0,0,0,0,2,2,31
00-0034639,Mike Ford,DB,ATL,17,0,0,0,0,0,0,0
00-0034657,Matt Dickerson,DE,JAX,17,0,0,0,0,0,0,0
00-0034673,Tremaine Edmunds,MLB,CHI,17,0,0,0,0,0,0,0
00-0034675,Jessie Bates,FS,ATL,17,0,0,0,0,0,0,0
00-0034681,Chase Edmonds,RB,WAS,17,0,0,0,0,0,0,0
00-0034721,Corey Bojorquez,P,CLE,17,0,0,0,0,0,0,0
00-0034752,Orlando Brown,OT,CIN,17,0,0,0,0,0,0,0
00-0034753,Mark Andrews,TE,BAL,17,0,0,0,0,4,4,28
00-0034754,Oren Burks,ILB,CIN,17,0,0,0,0,0,0,0
00-0034760,Nathan Shepherd,DE,NO,17,0,0,0,0,0,0,0
00-0034773,Vita Vea,DT,TB,17,0,0,0,0,0,0,0
00-0034775,Christian Kirk,WR,HOU,17,0,0,0,0,5,2,1
00-0034778,Carlton Davis III,CB,NE,17,0,0,0,0,0,0,0
00-0034779,Ronnie Harrison,LB,ATL,17,0,0,0,0,0,0,0
00-0034780,Isaac Yiadom,CB,NO,17,0,0,0,0,0,0,0
00-0034782,Harrison Phillips,DT,NYJ,17,0,0,0,0,0,0,0
00-0034790,Derwin James,FS,LAC,17,0,0,0,0,0,0,0
00-0034791,Nick Chubb,RB,HOU,17,0,0,1,1,0,0,0
00-0034797,Jerome Baker,OLB,CLE,17,0,0,0,0,0,0,0
00-0034798,Durham Smythe,TE,CHI,17,0,0,0,0,1,1,11
00-0034800,B.J. Hill,DE,CIN,17,0,0,0,0,0,0,0
00-0034810,Sebastian Joseph-Day,DT,TEN,17,0,0,0,0,0,0,0
00-0034825,Arden Key,DE,TEN,17,0,0,0,0,0,0,0
00-0034827,DJ Moore,WR,CHI,17,0,0,0,0,4,1,7
00-0034829,Mike Gesicki,TE,CIN,17,0,0,0,0,2,2,47
00-0034832,Bradley Chubb,OLB,MIA,17,0,0,0,0,0,0,0
00-0034844,Saquon Barkley,RB,PHI,17,0,0,19,68,0,0,0
00-0034855,Baker Mayfield,QB,TB,17,44,346,3,16,0,0,0
00-0034856,Denzel Ward,CB,CLE,17,0,0,0,0,0,0,0
00-0034857,Josh Allen,QB,BUF,17,35,262,7,27,0,0,0
00-0034860,Dante Pettis,WR,NO,17,0,0,0,0,4,3,53
00-0034869,Sam Darnold,QB,SEA,17,27,147,3,2,0,0,0
00-0034874,Roquan Smith,ILB,BAL,17,0,0,0,0,0,0,0
00-0034928,Steven Sims,WR,ARI,17,0,0,0,0,0,0,0
00-0034941,Mitch Wishnowsky,P,BUF,17,0,0,0,0,0,0,0
00-0034960,Jakobi Meyers,WR,JAX,17,0,0,0,0,9,6,39
00-0034967,Rashan Gary,LB,GB,17,0,0,0,0,0,0,0
00-0034974,Julian Love,SAF,SEA,17,0,0,0,0,0,0,0
00-0034978,Ben Powers,G,DEN,17,0,0,0,0,0,0,0
00-0034987,E.J. Speed,LB,HOU,17,0,0,0,0,0,0,0
00-0034989,Justin Skule,OT,MIN,17,0,0,0,0,0,0,0
00-0034993,Marcus Epps,SAF,PHI,17,0,0,0,0,0,0,0
00-0035000,Quinton Bell,LB,MIA,17,0,0,0,0,0,0,0
00-0035020,Demetrius Flannigan-Fowles,LB,NYG,17,0,0,0,0,0,0,0
00-0035021,Ashton Dulin,WR,IND,17,0,0,0,0,0,0,0
00-0035042,Jamie Gillan,P,NYG,17,0,0,0,0,0,0,0
00-0035133,Keisean Nixon,DB,GB,17,0,0,0,0,0,0,0
00-0035156,Jack Fox,P,DET,17,0,0,0,0,0,0,0
00-0035166,Azeez Al-Shaair,LB,HOU,17,0,0,0,0,0,0,0
00-0035190,AJ Cole,P,LV,17,0,0,0,0,0,0,0
00-0035192,Joey Slye,K,TEN,17,0,0,0,0,0,0,0
00-0035202,Del'Shawn Phillips,LB,LAC,17,0,0,0,0,0,0,0
00-0035227,P.J. Locke,DB,DEN,17,0,0,0,0,0,0,0
00-0035236,Byron Murphy,CB,MIN,17,0,0,0,0,0,0,0
00-0035238,Cody Ford,OT,CIN,17,0,0,0,0,1,1,21
00-0035240,Jahlani Tavai,LB,NE,17,0,0,0,0,0,0,0
00-0035244,Lonnie Johnson,SAF,LV,17,0,0,0,0,0,0,0
00-0035248,Zach Allen,DE,DEN,17,0,0,0,0,0,0,0
00-0035249,Josh Oliver,TE,MIN,17,0,0,0,0,2,1,8
00-0035250,Devin Singletary,RB,NYG,17,0,0,8,45,4,4,25
00-0035253,C.J. Gardner-Johnson,SAF,CHI,17,0,0,0,0,0,0,0
00-0035261,Tony Pollard,RB,TEN,17,0,0,18,85,2,2,10
00-0035262,Drue Tranquill,LB,KC,17,0,0,0,0,0,0,0
00-0035272,Andrew Van Ginkel,OLB,MIN,17,0,0,0,0,0,0,0
00-0035276,Blake Cashman,LB,MIN,17,0,0,0,0,0,0,0
00-0035277,Mike Jackson,CB,CAR,17,0,0,0,0,0,0,0
00-0035279,Charles Omenihu,DE,KC,17,0,0,0,0,0,0,0
00-0035280,Jake Bailey,P,MIA,17,0,0,0,0,0,0,0
00-0035291,Trayveon Williams,RB,CLE,17,0,0,2,10,0,0,0
00-0035298,Scott Miller,WR,PIT,17,0,0,0,0,7,3,25
00-0035301,Donovan Wilson,SAF,DAL,17,0,0,0,0,0,0,0
00-0035316,Kaden Elliss,LB,ATL,17,0,0,0,0,0,0,0
00-0035352,Tyrel Dodson,LB,MIA,17,0,0,0,0,0,0,0
00-0035357,Cam Lewis,CB,BUF,17,0,0,0,0,0,0,0
00-0035358,Chase McLaughlin,K,TB,17,0,0,0,0,0,0,0
00-0035359,David Sills,WR,ATL,17,0,0,0,0,4,3,37
00-0035363,Joe Giles-Harris,LB,CIN,17,0,0,0,0,0,0,0
00-0035378,Andrew Wingard,SAF,JAX,17,0,0,0,0,0,0,0
00-0035386,T.J. Edwards,LB,CHI,17,0,0,0,0,0,0,0
00-0035402,Carl Granderson,DE,NO,17,0,0,0,0,0,0,0
00-0035406,Lil'Jordan Humphrey,WR,DEN,17,0,0,0,0,5,2,23
00-0035409,Shy Tuttle,DT,WAS,17,0,0,0,0,0,0,0
00-0035413,Luke Gifford,LB,SF,17,0,0,0,0,0,0,0
00-0035525,Devin Bush,LB,CLE,17,0,0,0,0,0,0,0
00-0035535,Darius Slayton,WR,NYG,17,0,0,0,0,3,2,36
00-0035537,Ty Johnson,RB,BUF,17,0,0,5,15,4,3,33
00-0035542,Kemon Hall,DB,TEN,17,0,0,0,0,0,0,0
00-0035544,Tom Kennedy,WR,DET,17,0,0,0,0,0,0,0
00-0035594,Travis Homer,RB,CHI,17,0,0,0,0,0,0,0
00-0035602,Alex Bachman,WR,LV,17,0,0,0,0,0,0,0
00-0035617,Troy Reeder,LB,LA,17,0,0,0,0,0,0,0
00-0035628,D'Ernest Johnson,RB,NE,17,0,0,4,5,0,0,0
00-0035630,Chris Lindstrom,G,ATL,17,0,0,0,0,0,0,0
00-0035631,Drew Sample,TE,CIN,17,0,0,0,0,1,1,8
00-0035632,Amani Hooker,SAF,TEN,17,0,0,0,0,0,0,0
00-0035633,Corey Ballentine,DB,DAL,17,0,0,0,0,0,0,0
00-0035636,L.J. Collier,DE,ARI,17,0,0,0,0,0,0,0
00-0035637,Rock Ya-Sin,CB,DET,17,0,0,0,0,0,0,0
00-0035642,Josh Hines-Allen,DE,JAX,17,0,0,0,0,0,0,0
00-0035643,Jeffery Simmons,DT,TEN,17,0,0,0,0,0,0,0
00-0035644,Noah Fant,TE,CIN,17,0,0,0,0,1,0,0
00-0035645,Gunner Olszewski,WR,NYG,17,0,0,0,0,1,1,19
00-0035646,Sione Takitaki,LB,MIN,17,0,0,0,0,0,0,0
00-0035647,Montez Sweat,DE,CHI,17,0,0,0,0,0,0,0
00-0035655,Will Harris,SAF,WAS,17,0,0,0,0,0,0,0
00-0035656,Khalen Saunders,DT,NYJ,17,0,0,0,0,0,0,0
00-0035659,Terry McLaurin,WR,WAS,17,0,0,0,0,7,5,63
00-0035662,Marquise Brown,WR,KC,17,0,0,0,0,3,1,7
00-0035667,Greg Gaines,DT,TB,17,0,0,0,0,0,0,0
00-0035669,Nick Scott,SAF,CAR,17,0,0,0,0,0,0,0
00-0035672,Cody Barton,LB,TEN,17,0,0,0,0,0,0,0
00-0035674,Jerry Tillery,DT,KC,17,0,0,0,0,0,0,0
00-0035676,A.J. Brown,WR,PHI,17,0,0,0,0,7,5,68
00-0035678,Dre'Mont Jones,LB,BAL,17,0,0,0,0,0,0,0
00-0035680,Quincy Williams,LB,NYJ,17,0,0,0,0,0,0,0
00-0035681,Mike Edwards,SAF,KC,17,0,0,0,0,0,0,0
00-0035683,Dexter Lawrence,DT,NYG,17,0,0,0,0,0,0,0
00-0035685,David Montgomery,RB,DET,17,0,0,10,25,2,2,15
00-0035687,Bobby Okereke,ILB,NYG,17,0,0,0,0,0,0,0
00-0035689,Dawson Knox,TE,BUF,17,0,0,0,0,5,5,30
00-0035697,Germaine Pratt,LB,IND,17,0,0,0,0,0,0,0
00-0035699,Jamel Dean,CB,TB,17,0,0,0,0,0,0,0
00-0035700,Josh Jacobs,RB,GB,17,0,0,4,3,1,1,0
00-0035705,Jalen Thompson,DB,ARI,17,0,0,0,0,0,0,0
00-0035707,Devin White,LB,LV,17,0,0,0,0,0,0,0
00-0035713,Brian Burns,LB,NYG,17,0,0,0,0,0,0,0
00-0035718,Quinnen Williams,DT,DAL,17,0,0,0,0,0,0,0
00-0035719,Deebo Samuel Sr.,WR,WAS,17,0,0,2,25,4,2,68
00-0035763,Malcolm Roach,DT,DEN,17,0,0,0,0,0,0,0
00-0035821,Corliss Waitman,P,PIT,17,0,0,0,0,0,0,0
00-0035889,Tommy Townsend,P,HOU,17,0,0,0,0,0,0,0
00-0035900,Cole Christiansen,LB,KC,17,0,0,0,0,0,0,0
00-0035942,Christian Rozeboom,LB,CAR,17,0,0,0,0,0,0,0
00-0035944,Jonah Williams,DE,NO,17,0,0,0,0,0,0,0
00-0035956,Giovanni Ricci,TE,DET,17,0,0,0,0,1,0,0
00-0035993,Tyler Huntley,QB,BAL,17,20,107,8,60,0,0,0
00-0036037,Sam Franklin Jr.,SAF,BUF,17,0,0,0,0,0,0,0
00-0036040,Juwan Johnson,TE,NO,17,0,0,0,0,4,4,95
00-0036133,James Proche,WR,TEN,17,0,0,0,0,5,1,5
00-0036139,Rico Dowdle,RB,CAR,17,0,0,12,59,5,3,4
00-0036151,Bryce Huff,DE,SF,17,0,0,0,0,0,0,0
00-0036165,Isaiah Hodgins,WR,NYG,17,0,0,0,0,2,1,8
00-0036176,Mason Kinsey,WR,TEN,17,0,0,0,0,1,1,34
00-0036181,Teair Tart,DT,LAC,17,0,0,0,0,0,0,0
00-0036187,Reggie Gilliam,RB,BUF,17,0,0,0,0,0,0,0
00-0036192,A.J. Epenesa,LB,BUF,17,0,0,0,0,0,0,0
00-0036193,Anfernee Jennings,LB,NE,17,0,0,0,0,0,0,0
00-0036196,Gabe Davis,WR,BUF,17,0,0,0,0,1,0,0
00-0036199,Geno Stone,SAF,CIN,17,0,0,0,0,0,0,0
00-0036204,LaCale London,DE,ATL,17,0,0,0,0,0,0,0
00-0036220,Derrick Brown,DT,CAR,17,0,0,0,0,0,0,0
00-0036222,Isaiah Rodgers,CB,MIN,17,0,0,0,0,0,0,0
00-0036223,Jonathan Taylor,RB,IND,17,0,0,21,70,6,3,14
00-0036231,Kyle Dugger,SAF,PIT,17,0,0,0,0,0,0,0
00-0036237,Larrell Murchison,DT,LA,17,0,0,0,0,0,0,0
00-0036244,Colby Parkinson,TE,LA,17,0,0,0,0,7,6,53
00-0036248,Austin Jackson,OT,MIA,17,0,0,0,0,0,0,0
00-0036252,Michael Pittman,WR,IND,17,0,0,0,0,3,2,16
00-0036259,Jauan Jennings,WR,SF,17,0,0,0,0,4,2,42
00-0036260,Javon Kinlaw,DT,WAS,17,0,0,0,0,0,0,0
00-0036262,DaVon Hamilton,DT,JAX,17,0,0,0,0,0,0,0
00-0036266,Jordan Elliott,DT,SF,17,0,0,0,0,0,0,0
00-0036275,D'Andre Swift,RB,CHI,17,0,0,9,54,3,2,25
00-0036280,Malik Harrison,LB,PIT,17,0,0,0,0,0,0,0
00-0036281,C.J. Henderson,CB,ATL,17,0,0,0,0,0,0,0
00-0036282,Grant Delpit,SAF,CLE,17,0,0,0,0,0,0,0
00-0036285,A.J. Terrell,CB,ATL,17,0,0,0,0,0,0,0
00-0036286,K'Lavon Chaisson,LB,NE,17,0,0,0,0,0,0,0
00-0036287,Noah Igbinoghene,CB,WAS,17,0,0,0,0,0,0,0
00-0036288,Yetur Gross-Matos,DE,SF,17,0,0,0,0,0,0,0
00-0036290,Cole Kmet,TE,CHI,17,0,0,0,0,3,2,16
00-0036292,Jaylon Johnson,CB,CHI,17,0,0,0,0,0,0,0
00-0036298,Akeem Davis-Gaither,LB,ARI,17,0,0,0,0,0,0,0
00-0036300,Mykal Walker,LB,NYJ,17,0,0,0,0,0,0,0
00-0036302,Jaylinn Hawkins,SAF,NE,17,0,0,0,0,0,0,0
00-0036306,Daniel Thomas,SAF,DET,17,0,0,0,0,0,0,0
00-0036309,Darnell Mooney,WR,ATL,17,0,0,0,0,3,2,35
00-0036313,Braden Mann,P,PHI,17,0,0,0,0,0,0,0
00-0036321,Chase Young,DE,NO,17,0,0,0,0,0,0,0
00-0036322,Justin Jefferson,WR,MIN,17,0,0,0,0,5,4,30
00-0036323,Patrick Queen,LB,PIT,17,0,0,0,0,0,0,0
00-0036329,Ashtyn Davis,SAF,MIA,17,0,0,0,0,0,0,0
00-0036331,Devin Duvernay,WR,CHI,17,0,0,0,0,1,0,0
00-0036332,Josiah Deguara,TE,ARI,17,0,0,0,0,0,0,0
00-0036333,Alex Highsmith,LB,PIT,17,0,0,0,0,0,0,0
00-0036335,D.J. Wonnum,LB,CAR,17,0,0,0,0,0,0,0
00-0036337,James Lynch,DT,TEN,17,0,0,0,0,0,0,0
00-0036338,Troy Dye,LB,LAC,17,0,0,0,0,0,0,0
00-0036341,Khalid Kareem,LB,ATL,17,0,0,0,0,0,0,0
00-0036347,Blake Brandel,OT,MIN,17,0,0,0,0,0,0,0
00-0036349,Kam Curl,SAF,LA,17,0,0,0,0,0,0,0
00-0036355,Justin Herbert,QB,LAC,17,32,236,6,37,0,0,0
00-0036356,Isaiah Simmons,SAF,CAR,17,0,0,0,0,0,0,0
00-0036358,CeeDee Lamb,WR,DAL,17,0,0,0,0,10,5,46
00-0036361,Trevon Diggs,CB,DAL,17,0,0,0,0,0,0,0
00-0036362,Willie Gay Jr.,LB,MIA,17,0,0,0,0,0,0,0
00-0036366,Neville Gallimore,DT,IND,17,0,0,0,0,0,0,0
00-0036371,Leki Fotu,DT,HOU,17,0,0,0,0,0,0,0
00-0036375,Amik Robertson,CB,DET,17,0,0,0,0,0,0,0
00-0036380,Alohi Gilman,SAF,BAL,17,0,0,0,0,0,0,0
00-0036388,Xavier McKinney,SAF,GB,17,0,0,0,0,0,0,0
00-0036389,Jalen Hurts,QB,PHI,17,27,110,3,5,0,0,0
00-0036395,K'Von Wallace,SAF,HOU,17,0,0,0,0,0,0,0
00-0036407,Jerry Jeudy,WR,CLE,17,0,0,0,0,7,5,54
00-0036409,Jordyn Brooks,LB,MIA,17,0,0,0,0,0,0,0
00-0036410,Tee Higgins,WR,CIN,17,0,0,0,0,5,4,59
00-0036411,Antoine Winfield Jr.,SAF,TB,17,0,0,0,0,0,0,0
00-0036414,Cam Akers,RB,SEA,17,0,0,0,0,0,0,0
00-0036415,Van Jefferson,WR,TEN,17,0,0,0,0,3,3,46
00-0036416,Kristian Fulton,CB,KC,17,0,0,0,0,0,0,0
00-0036418,Zack Baun,LB,PHI,17,0,0,0,0,0,0,0
00-0036422,Adam Trautman,TE,DEN,17,0,0,0,0,2,2,24
00-0036425,DeeJay Dallas,RB,JAX,17,0,0,2,21,1,0,0
00-0036427,Tyler Johnson,WR,NYJ,17,0,0,0,0,1,1,3
00-0036429,Charlie Woerner,TE,ATL,17,0,0,0,0,0,0,0
00-0036441,"Kenneth Murray, Jr.",LB,DAL,17,0,0,0,0,0,0,0
00-0036442,Joe Burrow,QB,CIN,17,31,305,3,2,0,0,0
00-0036463,Chris Blair,WR,ATL,17,0,0,0,0,0,0,0
00-0036479,Kwity Paye,DE,IND,17,0,0,0,0,0,0,0
00-0036500,Jamien Sherwood,LB,NYJ,17,0,0,0,0,0,0,0
00-0036502,Jason Pinnock,SAF,SF,17,0,0,0,0,0,0,0
00-0036550,Rashod Bateman,WR,BAL,17,0,0,0,0,1,1,7
00-0036551,Aaron Banks,G,GB,17,0,0,0,0,0,0,0
00-0036554,Nico Collins,WR,HOU,17,0,0,0,0,4,3,57
00-0036555,Chuba Hubbard,RB,CAR,17,0,0,4,12,3,3,6
00-0036563,Deommodore Lenoir,CB,SF,17,0,0,0,0,0,0,0
00-0036564,Talanoa Hufanga,SAF,DEN,17,0,0,0,0,0,0,0
00-0036568,Roy Lopez,DT,DET,17,0,0,0,0,0,0,0
00-0036587,Ar'Darius Washington,SAF,BAL,17,0,0,0,0,0,0,0
00-0036590,Quintin Morris,TE,JAX,17,0,0,0,0,0,0,0
00-0036613,Jaylen Waddle,WR,MIA,17,0,0,1,7,1,0,0
00-0036617,Asante Samuel Jr.,CB,PIT,17,0,0,0,0,0,0,0
00-0036619,Dillon Radunz,OT,NO,17,0,0,0,0,0,0,0
00-0036621,Nick Bolton,LB,KC,17,0,0,0,0,0,0,0
00-0036622,Josh Myers,C,NYJ,17,0,0,0,0,0,0,0
00-0036629,Camryn Bynum,SAF,IND,17,0,0,0,0,0,0,0
00-0036637,Noah Gray,TE,KC,17,0,0,0,0,1,1,2
00-0036642,Tedarrell Slaton,DT,CIN,17,0,0,0,0,0,0,0
00-0036643,K.J. Britt,LB,MIA,17,0,0,0,0,0,0,0
00-0036649,Quinton Bohanna,DT,GB,17,0,0,0,0,0,0,0
00-0036658,Isaiah McDuffie,LB,GB,17,0,0,0,0,0,0,0
00-0036677,Zayne Anderson,SAF,GB,17,0,0,0,0,0,0,0
00-0036683,Devon Key,SAF,DEN,17,0,0,0,0,0,0,0
00-0036695,Naquan Jones,DT,HOU,17,0,0,0,0,0,0,0
00-0036727,Adam Prentice,FB,DEN,17,0,0,2,3,0,0,0
00-0036755,Jaret Patterson,RB,LAC,17,0,0,1,1,0,0,0
00-0036802,Jon Rhattigan,LB,LV,17,0,0,0,0,0,0,0
00-0036813,Christian Elliss,LB,NE,17,0,0,0,0,0,0,0
00-0036816,Riley Patterson,K,MIA,17,0,0,0,0,0,0,0
00-0036842,Kene Nwangwu,RB,NYJ,17,0,0,6,31,0,0,0
00-0036849,Tutu Atwell,WR,LA,17,0,0,0,0,1,0,0
00-0036850,Cameron Sample,DE,CIN,17,0,0,0,0,0,0,0
00-0036854,Evan McPherson,K,CIN,17,0,0,0,0,0,0,0
00-0036867,Chris Rumph II,LB,NO,17,0,0,0,0,0,0,0
00-0036871,Nate Hobbs,CB,GB,17,0,0,0,0,0,0,0
00-0036874,Pat Surtain II,CB,DEN,17,0,0,0,0,0,0,0
00-0036875,Rhamondre Stevenson,RB,NE,17,0,0,8,47,5,5,55
00-0036876,Kylen Granson,TE,PHI,17,0,0,0,0,0,0,0
00-0036883,Tommy Togiai,DT,HOU,17,0,0,0,0,0,0,0
00-0036894,Pat Freiermuth,TE,PIT,17,0,0,0,0,5,3,63
00-0036900,Ja'Marr Chase,WR,CIN,17,0,0,0,0,9,7,60
00-0036901,Eric Stokes,CB,LV,17,0,0,0,0,0,0,0
00-0036903,Bobby Brown III,DT,CAR,17,0,0,0,0,0,0,0
00-0036906,Khalil Herbert,RB,NYJ,17,0,0,2,5,1,0,0
00-0036912,DeVonta Smith,WR,PHI,17,0,0,0,0,5,2,25
00-0036914,Greg Rousseau,LB,BUF,17,0,0,0,0,0,0,0
00-0036919,Kenny Gainwell,RB,PIT,17,0,0,7,26,4,3,12
00-0036924,Michael Carter,RB,ARI,17,0,0,7,29,4,2,14
00-0036927,Pete Werner,LB,NO,17,0,0,0,0,0,0,0
00-0036933,Zaven Collins,LB,ARI,17,0,0,0,0,0,0,0
00-0036934,Jaelan Phillips,LB,PHI,17,0,0,0,0,0,0,0
00-0036937,Paulson Adebo,CB,NYG,17,0,0,0,0,0,0,0
00-0036940,Odafe Oweh,LB,LAC,17,0,0,0,0,0,0,0
00-0036942,Osa Odighizuwa,DT,DAL,17,0,0,0,0,0,0,0
00-0036944,Jaycee Horn,CB,CAR,17,0,0,0,0,0,0,0
00-0036952,Jonathon Cooper,LB,DEN,17,0,0,0,0,0,0,0
00-0036953,Teven Jenkins,G,CLE,17,0,0,0,0,0,0,0
00-0036956,Darren Hall,CB,ARI,17,0,0,0,0,0,0,0
00-0036959,Michael Bandy,WR,DEN,17,0,0,0,0,2,2,14
00-0036962,Tre'von Moehrig,SAF,CAR,17,0,0,0,0,0,0,0
00-0036963,Amon-Ra St. Brown,WR,DET,17,0,0,0,0,13,8,68
00-0036964,Derrick Barnes,LB,DET,17,0,0,0,0,0,0,0
00-0036967,Joe Tryon-Shoyinka,DE,CHI,17,0,0,0,0,0,0,0
00-0036970,Kyle Pitts,TE,ATL,17,0,0,0,0,3,2,16
00-0036971,Trevor Lawrence,QB,JAX,17,37,263,8,26,0,0,0
00-0036973,Travis Etienne,RB,JAX,17,0,0,17,76,3,2,16
00-0036974,Tyson Campbell,CB,CLE,17,0,0,0,0,0,0,0
00-0036975,Walker Little,OT,JAX,17,0,0,0,0,0,0,0
00-0036981,Christian Barmore,DT,NE,17,0,0,0,0,0,0,0
00-0036982,Chauncey Golston,DE,NYG,17,0,0,0,0,0,0,0
00-0036986,Nahshon Wright,CB,CHI,17,0,0,0,0,0,0,0
00-0036987,Brandon Stephens,CB,NYJ,17,0,0,0,0,0,0,0
00-0036988,Josh Palmer,WR,BUF,17,0,0,0,0,2,1,12
00-0036989,Malcolm Koonce,DE,LV,17,0,0,0,0,0,0,0
00-0036990,Divine Deablo,LB,ATL,17,0,0,0,0,0,0,0
00-0036992,Elijah Molden,CB,LAC,17,0,0,0,0,0,0,0
00-0036993,Ifeatu Melifonwu,SAF,MIA,17,0,0,0,0,0,0,0
00-0036994,Ernest Jones,LB,SEA,17,0,0,0,0,0,0,0
00-0036995,Baron Browning,LB,ARI,17,0,0,0,0,0,0,0
00-0036996,Greg Newsome II,CB,JAX,17,0,0,0,0,0,0,0
00-0036997,Javonte Williams,RB,DAL,17,0,0,13,54,2,0,0
00-0036998,Jevon Holland,SAF,NYG,17,0,0,0,0,0,0,0
00-0037005,Tommy Tremble,TE,CAR,17,0,0,0,0,1,1,6
00-0037015,Sal Cannella,TE,CLE,17,0,0,0,0,4,2,11
00-0037034,Dee Alford,CB,ATL,17,0,0,0,0,0,0,0
00-0037051,Elijah Garcia,DE,ATL,17,0,0,0,0,0,0,0
00-0037073,Jordan Davis,DT,PHI,17,0,0,0,0,0,0,0
00-0037074,Quay Walker,LB,GB,17,0,0,0,0,0,0,0
00-0037079,Riq Woolen,CB,SEA,17,0,0,0,0,0,0,0
00-0037082,Dominique Robinson,DE,CHI,17,0,0,0,0,0,0,0
00-0037083,Kingsley Enagbare,LB,GB,17,0,0,0,0,0,0,0
00-0037085,Tyler Badie,RB,DEN,17,0,0,0,0,0,0,0
00-0037086,Grant Calcaterra,TE,PHI,17,0,0,0,0,1,1,3
00-0037091,Bo Melton,WR,GB,17,0,0,0,0,3,1,34
00-0037093,Dareke Young,WR,SEA,17,0,0,0,0,1,0,0
00-0037096,Elijah Hicks,SAF,CHI,17,0,0,0,0,0,0,0
00-0037106,Jaylon Jones,DB,CHI,17,0,0,0,0,0,0,0
00-0037112,Jake Tonges,TE,SF,17,0,0,0,0,9,7,60
00-0037129,Josh Blackwell,CB,CHI,17,0,0,0,0,0,0,0
00-0037130,Reed Blankenship,SAF,PHI,17,0,0,0,0,0,0,0
00-0037132,Britain Covey,WR,PHI,17,0,0,0,0,0,0,0
00-0037179,Jeremiah Moon,LB,PIT,17,0,0,0,0,0,0,0
00-0037190,Sauce Gardner,CB,IND,17,0,0,0,0,0,0,0
00-0037192,George Karlaftis,DE,KC,17,0,0,0,0,0,0,0
00-0037193,Bryan Cook,SAF,KC,17,0,0,0,0,0,0,0
00-0037197,Isiah Pacheco,RB,KC,17,0,0,9,32,0,0,0
00-0037203,LaBryan Ray,DT,CAR,17,0,0,0,0,0,0,0
00-0037205,Brenden Schooler,SAF,NE,17,0,0,0,0,0,0,0
00-0037224,Cameron Dicker,K,LAC,17,0,0,0,0,0,0,0
00-0037228,Jaylen Warren,RB,PIT,17,0,0,12,64,0,0,0
00-0037231,Kevin Austin Jr.,WR,NO,17,0,0,0,0,5,4,52
00-0037235,Travon Walker,DE,JAX,17,0,0,0,0,0,0,0
00-0037236,Aidan Hutchinson,DE,DET,17,0,0,0,0,0,0,0
00-0037237,Derek Stingley Jr.,CB,HOU,17,0,0,0,0,0,0,0
00-0037238,Drake London,WR,ATL,17,0,0,0,0,2,1,4
00-0037239,Chris Olave,WR,NO,17,0,0,0,0,11,8,119
00-0037240,Jameson Williams,WR,DET,17,0,0,0,0,3,2,37
00-0037242,Kaiir Elam,CB,TEN,17,0,0,0,0,0,0,0
00-0037243,Tyler Smith,OT,DAL,17,0,0,0,0,0,0,0
00-0037244,Devin Lloyd,LB,JAX,17,0,0,0,0,0,0,0
00-0037246,Jalen Pitre,SAF,HOU,17,0,0,0,0,0,0,0
00-0037247,George Pickens,WR,DAL,17,0,0,0,0,5,4,78
00-0037248,James Cook,RB,BUF,17,0,0,20,74,4,1,3
00-0037249,Nik Bonitto,LB,DEN,17,0,0,0,0,0,0,0
00-0037251,Alex Wright,DE,CLE,17,0,0,0,0,0,0,0
00-0037252,Greg Dulcich,TE,MIA,17,0,0,1,-7,6,5,58
00-0037253,Marcus Jones,CB,NE,17,0,0,0,0,0,0,0
00-0037254,Terrel Bernard,LB,BUF,17,0,0,0,0,0,0,0
00-0037256,Rachaad White,RB,TB,17,0,0,2,10,2,2,7
00-0037261,Khalil Shakir,WR,BUF,17,0,0,0,0,7,6,35
00-0037262,Thomas Booker,DT,LV,17,0,0,0,0,0,0,0
00-0037263,Tyler Allgeier,RB,ATL,17,0,0,10,23,0,0,0
00-0037270,Otito Ogbonnia,DT,LAC,17,0,0,0,0,0,0,0
00-0037271,D'Marco Jackson,LB,CHI,17,0,0,0,0,0,0,0
00-0037276,Ty Chandler,RB,MIN,17,0,0,7,24,0,0,0
00-0037277,Teagan Quitoriano,TE,ATL,17,0,0,0,0,0,0,0
00-0037280,Matthew Butler,DT,MIA,17,0,0,0,0,0,0,0
00-0037281,Damone Clark,LB,HOU,17,0,0,0,0,0,0,0
00-0037283,John Ridgeway,DT,NO,17,0,0,0,0,0,0,0
00-0037284,Matt Araiza,P,KC,17,0,0,0,0,0,0,0
00-0037288,Christian Benford,CB,BUF,17,0,0,0,0,0,0,0
00-0037289,Malcolm Rodriguez,LB,DET,17,0,0,0,0,0,0,0
00-0037291,Jalen Nailor,WR,MIN,17,0,0,0,0,1,0,0
00-0037301,Theo Jackson,DB,MIN,17,0,0,0,0,0,0,0
00-0037304,Connor Heyward,FB,PIT,17,0,0,2,26,0,0,0
00-0037307,Ja'Sir Taylor,CB,NYJ,17,0,0,0,0,0,0,0
00-0037310,James Houston,LB,DAL,17,0,0,0,0,0,0,0
00-0037313,Montaric Brown,CB,JAX,17,0,0,0,0,0,0,0
00-0037315,Cameron Goode,LB,MIA,17,0,0,0,0,0,0,0
00-0037320,Deane Leonard,CB,LAC,17,0,0,0,0,0,0,0
00-0037321,Chase Lucas,CB,SF,17,0,0,0,0,0,0,0
00-0037324,Chris Oladokun,QB,KC,17,22,66,2,11,0,0,0
00-0037413,Ben Brown,C,NE,17,0,0,0,0,0,0,0
00-0037461,Tristin McCollum,DB,LV,17,0,0,0,0,0,0,0
00-0037468,Raheem Layne,SAF,NYG,17,0,0,0,0,0,0,0
00-0037475,Stone Smartt,TE,NYJ,17,0,0,0,0,3,2,18
00-0037480,Dylan Cook,OT,PIT,17,0,0,0,0,0,0,0
00-0037487,Deven Thompkins,WR,ATL,17,0,0,0,0,0,0,0
00-0037500,Ryan Wright,P,MIN,17,0,0,0,0,0,0,0
00-0037512,Isaiah Pola-Mao,SAF,LV,17,0,0,0,0,0,0,0
00-0037527,Segun Olubi,LB,IND,17,0,0,0,0,0,0,0
00-0037545,Rashid Shaheed,WR,SEA,17,0,0,0,0,1,1,8
00-0037549,Darrell Baker Jr.,CB,TEN,17,0,0,0,0,0,0,0
00-0037557,Ronnie Rivers,RB,LA,17,0,0,1,5,0,0,0
00-0037561,Markquese Bell,SAF,DAL,17,0,0,0,0,0,0,0
00-0037563,Malik Davis,RB,DAL,17,0,0,20,103,2,0,0
00-0037587,Nate Landman,LB,LA,17,0,0,0,0,0,0,0
00-0037593,Tre Avery,CB,CLE,17,0,0,0,0,0,0,0
00-0037594,Julius Chestnut,RB,TEN,17,0,0,0,0,0,0,0
00-0037596,Jack Gibbens,LB,NE,17,0,0,0,0,0,0,0
00-0037602,Sam Okuayinonu,DT,SF,17,0,0,0,0,0,0,0
00-0037614,John Metchie III,WR,NYJ,17,0,0,0,0,3,3,41
00-0037616,Nick Cross,SAF,IND,17,0,0,0,0,0,0,0
00-0037617,Hassan Haskins,RB,LAC,17,0,0,0,0,0,0,0
00-0037633,Jacob Hummel,LB,BAL,17,0,0,0,0,0,0,0
00-0037661,Ja'Marcus Ingram,CB,HOU,17,0,0,0,0,0,0,0
00-0037663,Jermaine Johnson II,DE,NYJ,17,0,0,0,0,0,0,0
00-0037664,Alec Pierce,WR,IND,17,0,0,0,0,5,0,0
00-0037665,Sam Williams,LB,DAL,17,0,0,0,0,0,0,0
00-0037666,Jalen Tolbert,WR,DAL,17,0,0,0,0,8,4,31
00-0037692,Brandon Aubrey,K,DAL,17,0,0,0,0,0,0,0
00-0037711,Jeremiah Pharms Jr.,DT,NE,17,0,0,0,0,0,0,0
00-0037741,Jahan Dotson,WR,PHI,17,0,0,0,0,1,0,0
00-0037742,Treylon Burks,WR,WAS,17,0,0,0,0,2,1,11
00-0037743,Daxton Hill,DB,CIN,17,0,0,0,0,0,0,0
00-0037744,Trey McBride,TE,ARI,17,0,0,0,0,13,10,76
00-0037746,Brian Robinson,RB,SF,17,0,0,4,22,1,1,6
00-0037755,Jelani Woods,TE,NYJ,17,0,0,0,0,1,1,4
00-0037756,Travis Jones,DT,BAL,17,0,0,0,0,0,0,0
00-0037799,Dondrea Tillman,LB,DEN,17,0,0,0,0,0,0,0
00-0037801,KaVontae Turpin,WR,DAL,17,0,0,0,0,1,1,86
00-0037804,Zachary Carter,DT,ARI,17,0,0,0,0,0,0,0
00-0037805,Jeremy Ruckert,TE,NYJ,17,0,0,0,0,3,1,2
00-0037809,Chig Okonkwo,TE,TEN,17,0,0,0,0,7,3,55
00-0037811,Chad Muma,LB,NE,17,0,0,0,0,0,0,0
00-0037813,Channing Tindall,LB,ARI,17,0,0,0,0,0,0,0
00-0037814,Luke Fortner,C,NO,17,0,0,0,0,0,0,0
00-0037815,Cameron Thomas,DE,CLE,17,0,0,0,0,0,0,0
00-0037816,Romeo Doubs,WR,GB,17,0,0,0,0,3,3,62
00-0037826,Drake Jackson,DE,WAS,17,0,0,0,0,0,0,0
00-0037832,Kalia Davis,DT,SF,17,0,0,0,0,0,0,0
00-0037834,Brock Purdy,QB,SF,17,33,303,6,28,0,0,0
00-0037838,Isaiah Likely,TE,BAL,17,0,0,0,0,3,3,27
00-0037839,Cobie Durant,CB,LA,17,0,0,0,0,0,0,0
00-0037840,Kyren Williams,RB,LA,17,0,0,13,92,3,3,38
00-0037842,Derion Kendrick,CB,LA,17,0,0,0,0,0,0,0
00-0037843,Daniel Hardy,DE,CHI,17,0,0,0,0,0,0,0
00-0038038,Kyle Hamilton,SAF,BAL,17,0,0,0,0,0,0,0
00-0038039,Jack Jones,CB,MIA,17,0,0,0,0,0,0,0
00-0038040,Zamir White,RB,LV,17,0,0,1,2,0,0,0
00-0038041,Jake Ferguson,TE,DAL,17,0,0,0,0,2,1,6
00-0038043,Joshua Williams,CB,KC,17,0,0,0,0,0,0,0
00-0038046,Charlie Kolar,TE,BAL,17,0,0,0,0,1,0,0
00-0038090,Skyy Moore,WR,SF,17,0,0,1,10,0,0,0
00-0038094,Jordan Stout,P,BAL,17,0,0,0,0,0,0,0
00-0038099,Phidarian Mathis,DT,BUF,17,0,0,0,0,0,0,0
00-0038100,Percy Butler,SAF,WAS,17,0,0,0,0,0,0,0
00-0038102,Kenny Pickett,QB,LV,17,2,16,0,0,0,0,0
00-0038106,Eyioma Uwazurike,DT,DEN,17,0,0,0,0,0,0,0
00-0038107,Micheal Clemons,DE,NYJ,17,0,0,0,0,0,0,0
00-0038115,Daniel Bellinger,TE,NYG,17,0,0,0,0,3,2,11
00-0038117,Wan'Dale Robinson,WR,NYG,17,0,0,0,0,14,11,113
00-0038120,Breece Hall,RB,NYJ,17,0,0,14,111,3,2,18
00-0038121,Alontae Taylor,CB,NO,17,0,0,0,0,0,0,0
00-0038123,Dane Belton,SAF,NYG,17,0,0,0,0,0,0,0
00-0038124,Christian Watson,WR,GB,17,0,0,0,0,6,5,113
00-0038125,Roger McCreary,CB,LA,17,0,0,0,0,0,0,0
00-0038127,Logan Hall,DE,TB,17,0,0,0,0,0,0,0
00-0038128,Malik Willis,QB,GB,17,21,288,9,60,0,0,0
00-0038129,Cade Otton,TE,TB,17,0,0,0,0,4,4,33
00-0038133,Boye Mafe,DE,SEA,17,0,0,0,0,0,0,0
00-0038134,Kenneth Walker III,RB,SEA,17,0,0,15,51,2,2,6
00-0038135,Jaquan Brisker,SAF,CHI,17,0,0,0,0,0,0,0
00-0038142,David Ojabo,LB,BAL,17,0,0,0,0,0,0,0
00-0038359,Xavier Smith,WR,LA,17,0,0,0,0,6,4,67
00-0038366,Tanner Ingle,SAF,LA,17,0,0,0,0,0,0,0
00-0038386,Jalen Carter,DT,PHI,17,0,0,0,0,0,0,0
00-0038387,Colby Wooden,DE,GB,17,0,0,0,0,0,0,0
00-0038390,Noah Sewell,LB,CHI,17,0,0,0,0,0,0,0
00-0038393,Dontayvion Wicks,WR,GB,17,0,0,0,0,1,1,7
00-0038394,Will Mallory,TE,IND,17,0,0,0,0,1,1,16
00-0038397,Evan Hull,RB,NO,17,0,0,2,3,0,0,0
00-0038398,Karl Brooks,DT,GB,17,0,0,0,0,0,0,0
00-0038407,Jaylon Jones,DB,IND,17,0,0,0,0,0,0,0
00-0038408,Carrington Valentine,DB,GB,17,0,0,0,0,0,0,0
00-0038412,Moro Ojomo,DT,PHI,17,0,0,0,0,0,0,0
00-0038414,Kendall Williamson,SAF,LAC,17,0,0,0,0,0,0,0
00-0038428,Andre Szmyt,K,CLE,17,0,0,0,0,0,0,0
00-0038440,Zavier Scott,RB,MIN,17,0,0,0,0,0,0,0
00-0038454,Keaton Mitchell,RB,BAL,17,0,0,9,31,2,2,7
00-0038504,Trenton Simpson,LB,BAL,17,0,0,0,0,0,0,0
00-0038505,Tavius Robinson,LB,BAL,17,0,0,0,0,0,0,0
00-0038513,Cam Jones,LB,NYJ,17,0,0,0,0,0,0,0
00-0038514,Truman Jones,DE,TEN,17,0,0,0,0,0,0,0
00-0038521,Reese Taylor,DB,DEN,17,0,0,0,0,0,0,0
00-0038541,Tyree Wilson,DE,LV,17,0,0,0,0,0,0,0
00-0038542,Bijan Robinson,RB,ATL,17,0,0,22,195,8,5,34
00-0038543,Jaxon Smith-Njigba,WR,SEA,17,0,0,0,0,12,9,72
00-0038544,Quentin Johnston,WR,LAC,17,0,0,0,0,8,5,98
00-0038546,Myles Murphy,DE,CIN,17,0,0,0,0,0,0,0
00-0038547,Luke Schoonmaker,TE,DAL,17,0,0,0,0,2,2,15
00-0038549,DJ Turner II,CB,CIN,17,0,0,0,0,0,0,0
00-0038552,Riley Moss,CB,DEN,17,0,0,0,0,0,0,0
00-0038553,Daiyan Henley,LB,LAC,17,0,0,0,0,0,0,0
00-0038554,Ji'Ayir Brown,SAF,SF,17,0,0,0,0,0,0,0
00-0038555,Tank Bigsby,RB,PHI,17,0,0,2,7,1,1,2
00-0038557,Dorian Williams,LB,BUF,17,0,0,0,0,0,0,0
00-0038558,Darnell Washington,TE,PIT,17,0,0,0,0,2,2,15
00-0038559,Michael Wilson,WR,ARI,17,0,0,0,0,10,5,89
00-0038560,Jordan Battle,SAF,CIN,17,0,0,0,0,0,0,0
00-0038562,Jake Moody,K,WAS,17,0,0,0,0,0,0,0
00-0038563,Tre Tucker,WR,LV,17,0,0,2,0,6,5,49
00-0038565,Mekhi Blackmon,DB,IND,17,0,0,0,0,0,0,0
00-0038567,Chad Ryland,K,ARI,17,0,0,0,0,0,0,0
00-0038570,Ventrell Miller,LB,JAX,17,0,0,0,0,0,0,0
00-0038577,Nick Herbig,LB,PIT,17,0,0,0,0,0,0,0
00-0038578,Jay Ward,SAF,MIN,17,0,0,0,0,0,0,0
00-0038582,Clayton Tune,QB,GB,17,4,8,1,0,0,0,0
00-0038585,Cameron Mitchell,DB,IND,17,0,0,0,0,0,0,0
00-0038586,Atonio Mafi,G,LV,17,0,0,0,0,0,0,0
00-0038589,Josh Whyle,TE,GB,17,0,0,0,0,1,1,8
00-0038591,Mike Morris,DE,SEA,17,0,0,0,0,0,0,0
00-0038594,Darrell Luter Jr.,CB,SF,17,0,0,0,0,0,0,0
00-0038596,Antonio Johnson,SAF,JAX,17,0,0,0,0,0,0,0
00-0038597,Chase Brown,RB,CIN,17,0,0,22,101,3,3,40
00-0038599,Henry To'oTo'o,LB,HOU,17,0,0,0,0,0,0,0
00-0038600,Owen Pappoe,LB,ARI,17,0,0,0,0,0,0,0
00-0038605,JL Skinner,SAF,DEN,17,0,0,0,0,0,0,0
00-0038606,Parker Washington,WR,JAX,17,0,0,1,-5,10,8,115
00-0038609,Luke Wypler,C,CLE,17,0,0,0,0,0,0,0
00-0038610,Bryce Baringer,P,NE,17,0,0,0,0,0,0,0
00-0038618,Xavier Hutchinson,WR,HOU,17,0,0,1,8,3,2,21
00-0038619,Andrei Iosivas,WR,CIN,17,0,0,0,0,6,4,41
00-0038621,DeMario Douglas,WR,NE,17,0,0,0,0,2,1,10
00-0038623,Dante Stills,DT,ARI,17,0,0,0,0,0,0,0
00-0038625,Dee Winters,LB,SF,17,0,0,0,0,0,0,0
00-0038635,Andre Jones Jr.,LB,BUF,17,0,0,0,0,0,0,0
00-0038642,D.J. Ivey,CB,CIN,17,0,0,0,0,0,0,0
00-0038643,Brayden Willis,TE,SF,17,0,0,0,0,0,0,0
00-0038647,Ronnie Bell,WR,NO,17,0,0,0,0,0,0,0
00-0038653,Cory Durden,DT,NE,17,0,0,0,0,0,0,0
00-0038679,Tyrell Shavers,WR,BUF,17,0,0,0,0,3,2,36
00-0038685,Chris Brooks,RB,GB,17,0,0,0,0,2,1,11
00-0038703,Kendell Brooks,SAF,TEN,17,0,0,0,0,0,0,0
00-0038705,Emari Demercado,RB,ARI,17,0,0,5,11,3,2,9
00-0038710,Blake Whiteheart,TE,CLE,17,0,0,0,0,1,0,0
00-0038711,Mohamoud Diabate,LB,CLE,17,0,0,0,0,0,0,0
00-0038715,Ronnie Hickman Jr.,SAF,CLE,17,0,0,0,0,0,0,0
00-0038720,Julian Hill,TE,MIA,17,0,0,0,0,2,1,16
00-0038738,Hunter Luepke,RB,DAL,17,0,0,7,30,1,1,14
00-0038752,Jake Bobo,WR,SEA,17,0,0,0,0,0,0,0
00-0038765,Ty Okada,SAF,SEA,17,0,0,0,0,0,0,0
00-0038778,Jalen Redmond,DL,MIN,17,0,0,0,0,0,0,0
00-0038788,Art Green,CB,NYG,17,0,0,0,0,0,0,0
00-0038791,Thomas Incoom,LB,CAR,17,0,0,0,0,0,0,0
00-0038794,Jaleel McLaughlin,RB,DEN,17,0,0,7,40,0,0,0
00-0038797,Emanuel Wilson,RB,GB,17,0,0,3,16,1,1,8
00-0038807,Ivan Pace Jr.,LB,MIN,17,0,0,0,0,0,0,0
00-0038809,Ben Sims,TE,MIN,17,0,0,0,0,1,1,3
00-0038820,Christian Izien,SAF,TB,17,0,0,0,0,0,0,0
00-0038840,Brycen Tremayne,WR,CAR,17,0,0,0,0,1,0,0
00-0038890,Shaka Heyward,LB,CIN,17,0,0,0,0,0,0,0
00-0038891,Shedrick Jackson,WR,LV,17,0,0,0,0,3,2,20
00-0038905,Blake Grupe,K,IND,17,0,0,0,0,0,0,0
00-0038922,Drake Thomas,LB,SEA,17,0,0,0,0,0,0,0
00-0038935,Brenton Strange,TE,JAX,17,0,0,0,0,5,3,54
00-0038951,Sean Tucker,RB,TB,17,0,0,2,8,1,0,0
00-0038953,Dylan Drummond,WR,ATL,17,0,0,0,0,0,0,0
00-0038976,Marvin Mims Jr.,WR,DEN,17,0,0,0,0,4,3,10
00-0038978,Byron Young,DT,PHI,17,0,0,0,0,0,0,0
00-0038979,Cedric Tillman,WR,CLE,17,0,0,0,0,1,1,42
00-0038982,Chamarri Conner,DB,KC,17,0,0,0,0,0,0,0
00-0038994,Jordan Addison,WR,MIN,17,0,0,1,65,1,0,0
00-0038997,Josh Downs,WR,IND,17,0,0,0,0,5,2,34
00-0039000,Deonte Banks,CB,NYG,17,0,0,0,0,0,0,0
00-0039002,Sydney Brown,SAF,PHI,17,0,0,0,0,0,0,0
00-0039013,Nolan Smith,LB,PHI,17,0,0,0,0,0,0,0
00-0039018,Jack Campbell,LB,DET,17,0,0,0,0,0,0,0
00-0039030,Jake Andrews,C,HOU,17,0,0,0,0,0,0,0
00-0039031,Adetomiwa Adebawore,DT,IND,17,0,0,0,0,0,0,0
00-0039032,Tyjae Spears,RB,TEN,17,0,0,6,2,2,1,-1
00-0039040,De'Von Achane,RB,MIA,17,0,0,18,83,3,3,29
00-0039041,Elijah Higgins,TE,ARI,17,0,0,0,0,1,0,0
00-0039049,SirVocea Dennis,LB,TB,17,0,0,0,0,0,0,0
00-0039054,Marte Mapu,LB,NE,17,0,0,0,0,0,0,0
00-0039059,Ethan Evans,P,LA,17,0,0,0,0,0,0,0
00-0039061,Desjuan Johnson,DE,LA,17,0,0,0,0,0,0,0
00-0039062,Jonathan Mingo,WR,DAL,17,0,0,0,0,1,0,0
00-0039064,Zay Flowers,WR,BAL,17,0,0,0,0,5,4,30
00-0039066,Michael Mayer,TE,LV,17,0,0,0,0,10,9,89
00-0039068,Yaya Diaby,LB,TB,17,0,0,0,0,0,0,0
00-0039070,Gervon Dexter Sr.,DT,CHI,17,0,0,0,0,0,0,0
00-0039075,Puka Nacua,WR,LA,17,0,0,0,0,10,5,47
00-0039108,Will Anderson Jr.,DE,HOU,17,0,0,0,0,0,0,0
00-0039110,Keeanu Benton,DT,PIT,17,0,0,0,0,0,0,0
00-0039111,Tuli Tuipulotu,LB,LAC,17,0,0,0,0,0,0,0
00-0039112,Lukas Van Ness,LB,GB,17,0,0,0,0,0,0,0
00-0039137,Byron Young,LB,LA,17,0,0,0,0,0,0,0
00-0039138,Kobie Turner,DE,LA,17,0,0,0,0,0,0,0
00-0039139,Jahmyr Gibbs,RB,DET,17,0,0,17,41,3,2,23
00-0039143,Isaiah Foskey,DE,CIN,17,0,0,0,0,0,0,0
00-0039145,Joe Tippmann,C,NYJ,17,0,0,0,0,0,0,0
00-0039146,Jayden Reed,WR,GB,17,0,0,0,0,4,4,41
00-0039147,Christian Gonzalez,CB,NE,17,0,0,0,0,0,0,0
00-0039148,Keion White,DE,SF,17,0,0,0,0,0,0,0
00-0039149,Quan Martin,SAF,WAS,17,0,0,0,0,0,0,0
00-0039150,Bryce Young,QB,CAR,17,24,54,9,27,0,0,0
00-0039151,Emmanuel Forbes,CB,LA,17,0,0,0,0,0,0,0
00-0039155,BJ Ojulari,LB,ARI,17,0,0,0,0,0,0,0
00-0039163,C.J. Stroud,QB,HOU,17,28,244,4,0,0,0,0
00-0039165,Zach Charbonnet,RB,SEA,17,0,0,18,110,2,2,12
00-0039167,Joey Porter Jr.,CB,PIT,17,0,0,0,0,0,0,0
00-0039169,Devon Witherspoon,CB,SEA,17,0,0,0,0,0,0,0
00-0039172,Jake Bates,K,DET,17,0,0,0,0,0,0,0
00-0039229,Charlie Smyth,K,NO,17,0,0,0,0,0,0,0
00-0039232,Nate Wiggins,CB,BAL,17,0,0,0,0,0,0,0
00-0039234,T.J. Tampa,CB,BAL,17,0,0,0,0,0,0,0
00-0039285,Jarius Monroe,SAF,NYJ,17,0,0,0,0,0,0,0
00-0039289,Leonard Taylor III,DT,NE,17,0,0,0,0,0,0,0
00-0039291,Eric Watts,DE,NYJ,17,0,0,0,0,0,0,0
00-0039309,Byron Murphy II,DT,SEA,17,0,0,0,0,0,0,0
00-0039312,Miles Battle,CB,NE,17,0,0,0,0,0,0,0
00-0039323,Ryan Rehkow,P,CIN,17,0,0,0,0,0,0,0
00-0039340,Laiatu Latu,DE,IND,17,0,0,0,0,0,0,0
00-0039342,Xavier Legette,WR,CAR,17,0,0,0,0,1,1,3
00-0039343,Kamari Lassiter,CB,HOU,17,0,0,0,0,0,0,0
00-0039351,Dominick Puni,OT,SF,17,0,0,0,0,0,0,0
00-0039352,Marist Liufau,LB,DAL,17,0,0,0,0,0,0,0
00-0039353,Jarrian Jones,CB,JAX,17,0,0,0,0,0,0,0
00-0039360,Malik Mustapha,SAF,SF,17,0,0,0,0,0,0,0
00-0039361,Bucky Irving,RB,TB,17,0,0,9,19,6,5,14
00-0039364,Sione Vaki,RB,DET,17,0,0,0,0,0,0,0
00-0039366,Tarheeb Still,CB,LAC,17,0,0,0,0,0,0,0
00-0039368,Jordan Magee,LB,WAS,17,0,0,0,0,0,0,0
00-0039369,Cam Hart,CB,LAC,17,0,0,0,0,0,0,0
00-0039371,Kris Abrams-Draine,CB,DEN,17,0,0,0,0,0,0,0
00-0039373,Audric Estimé,RB,NO,17,0,0,14,94,1,1,4
00-0039374,Tommy Eichenberg,LB,LV,17,0,0,0,0,0,0,0
00-0039377,Jaylon Carlies,LB,IND,17,0,0,0,0,0,0,0
00-0039380,Chau Smith-Wade,CB,CAR,17,0,0,0,0,0,0,0
00-0039384,Tyrone Tracy Jr.,RB,NYG,17,0,0,14,62,2,1,-5
00-0039389,Logan Lee,DT,PIT,17,0,0,0,0,0,0,0
00-0039404,Will Reichard,K,MIN,17,0,0,0,0,0,0,0
00-0039405,Jawhar Jordan,RB,HOU,17,0,0,8,36,0,0,0
00-0039407,Dylan Laube,RB,LV,17,0,0,0,0,0,0,0
00-0039409,Cam Little,K,JAX,17,0,0,0,0,0,0,0
00-0039414,Daijahn Anthony,SAF,CIN,17,0,0,0,0,0,0,0
00-0039421,Levi Drake Rodriguez,DL,MIN,17,0,0,0,0,0,0,0
00-0039423,Jonah Laulu,DT,LV,17,0,0,0,0,0,0,0
00-0039430,James Williams,LB,TEN,17,0,0,0,0,0,0,0
00-0039431,Jowon Briggs,DE,NYJ,17,0,0,0,0,0,0,0
00-0039435,Tatum Bethune,LB,SF,17,0,0,0,0,0,0,0
00-0039436,Jaylen Harrell,DE,TEN,17,0,0,0,0,0,0,0
00-0039442,Kingsley Eguakun,C,DET,17,0,0,0,0,0,0,0
00-0039451,Isaiah Williams,WR,NYJ,17,0,0,1,5,5,4,30
00-0039458,Brenden Bates,TE,CLE,17,0,0,0,0,1,1,19
00-0039460,Carl Jones,LB,BAL,17,0,0,0,0,0,0,0
00-0039465,Reddy Steward,DB,DAL,17,0,0,0,0,0,0,0
00-0039485,Andrew Meyer,C,MIA,17,0,0,0,0,0,0,0
00-0039491,Jalen Coker,WR,CAR,17,0,0,0,0,2,2,16
00-0039498,Harrison Mevis,K,LA,17,0,0,0,0,0,0,0
00-0039521,Xavier Weaver,WR,ARI,17,0,0,0,0,3,2,24
00-0039530,Brevyn Spann-Ford,TE,DAL,17,0,0,0,0,2,1,31
00-0039589,Kameron Johnson,WR,TB,17,0,0,0,0,0,0,0
00-0039620,Rico Payton,CB,NYG,17,0,0,0,0,0,0,0
00-0039634,Austin McNamara,P,NYJ,17,1,3,0,0,0,0,0
00-0039648,David Martin-Robinson,TE,TEN,17,0,0,0,0,1,1,9
00-0039660,Thomas Harper,SAF,DET,17,0,0,0,0,0,0,0
00-0039681,Tyler Owens,DB,WAS,17,0,0,0,0,0,0,0
00-0039692,Dell Pettus,SAF,NE,17,0,0,0,0,0,0,0
00-0039731,JC Latham,OT,TEN,17,0,0,0,0,0,0,0
00-0039732,Bo Nix,QB,DEN,17,38,182,9,42,0,0,0
00-0039733,Ruke Orhorhoro,DT,ATL,17,0,0,0,0,0,0,0
00-0039734,Braden Fiske,DT,LA,17,0,0,0,0,0,0,0
00-0039738,Blake Corum,RB,LA,17,0,0,6,18,0,0,0
00-0039740,Jalyx Hunt,LB,PHI,17,0,0,0,0,0,0,0
00-0039741,Payton Wilson,LB,PIT,17,0,0,0,0,0,0,0
00-0039745,Tory Taylor,P,CHI,17,0,0,0,0,0,0,0
00-0039746,Will Shipley,RB,PHI,17,0,0,2,2,0,0,0
00-0039749,Tyler Davis,DE,LA,17,0,0,0,0,0,0,0
00-0039751,Jordan Whittington,WR,LA,17,0,0,0,0,0,0,0
00-0039752,Cedric Johnson,DE,CIN,17,0,0,0,0,0,0,0
00-0039755,KT Leveston,OT,CLE,17,0,0,0,0,0,0,0
00-0039763,Joe Andreessen,LB,BUF,17,0,0,0,0,0,0,0
00-0039770,Charles Woods,CB,NE,17,0,0,0,0,0,0,0
00-0039774,Omar Speights,LB,LA,17,0,0,0,0,0,0,0
00-0039776,Jaylen McCollough,SAF,LA,17,0,0,0,0,0,0,0
00-0039789,Qwan'tez Stiggers,DB,NYJ,17,0,0,0,0,0,0,0
00-0039793,AJ Barner,TE,SEA,17,0,0,0,0,3,3,43
00-0039796,Rasheen Ali,RB,BAL,17,0,0,0,0,3,2,8
00-0039798,Isaiah Davis,RB,NYJ,17,0,0,3,11,1,1,9
00-0039809,Jonah Elliss,LB,DEN,17,0,0,0,0,0,0,0
00-0039813,Evan Williams,SAF,GB,17,0,0,0,0,0,0,0
00-0039815,Tyrice Knight,LB,SEA,17,0,0,0,0,0,0,0
00-0039821,Andru Phillips,DB,NYG,17,0,0,0,0,0,0,0
00-0039825,Jaden Hicks,SAF,KC,17,0,0,0,0,0,0,0
00-0039829,Darius Muasau,LB,NYG,17,0,0,0,0,0,0,0
00-0039831,Kamal Hadden,CB,GB,17,0,0,0,0,0,0,0
00-0039834,Kamren Kinchens,SAF,LA,17,0,0,0,0,0,0,0
00-0039835,Justin Eboigbe,DT,LAC,17,0,0,0,0,0,0,0
00-0039838,Calen Bullock,SAF,HOU,17,0,0,0,0,0,0,0
00-0039840,Austin Booker,DE,CHI,17,0,0,0,0,0,0,0
00-0039841,Cooper DeJean,CB,PHI,17,0,0,0,0,0,0,0
00-0039846,Tykee Smith,DB,TB,17,0,0,0,0,0,0,0
00-0039849,Marvin Harrison Jr.,WR,ARI,17,0,0,0,0,1,0,0
00-0039850,Edgerrin Cooper,LB,GB,17,0,0,0,0,0,0,0
00-0039851,Drake Maye,QB,NE,17,21,256,3,22,0,0,0
00-0039852,Jared Verse,DE,LA,17,0,0,0,0,0,0,0
00-0039854,Darius Robinson,DL,ARI,17,0,0,0,0,0,0,0
00-0039855,Jalen McMillan,WR,TB,17,0,0,0,0,9,7,114
00-0039858,Cedric Gray,LB,TEN,17,0,0,0,0,0,0,0
00-0039859,Brandon Dorlus,DE,ATL,17,0,0,0,0,0,0,0
00-0039860,Kool-Aid McKinstry,CB,NO,17,0,0,0,0,0,0,0
00-0039864,Dadrion Taylor-Demerson,SAF,ARI,17,0,0,0,0,0,0,0
00-0039867,Javon Bullard,SAF,GB,17,0,0,0,0,0,0,0
00-0039868,Troy Franklin,WR,DEN,17,0,0,0,0,4,4,17
00-0039872,Cole Bishop,SAF,BUF,17,0,0,0,0,0,0,0
00-0039874,Jaylen Wright,RB,MIA,17,0,0,5,56,0,0,0
00-0039875,Ray Davis,RB,BUF,17,0,0,1,4,1,1,12
00-0039880,Malik Washington,WR,MIA,17,0,0,1,1,3,1,4
00-0039886,T'Vondre Sweat,DT,TEN,17,0,0,0,0,0,0,0
00-0039888,Quinyon Mitchell,CB,PHI,17,0,0,0,0,0,0,0
00-0039890,Adonai Mitchell,WR,NYJ,17,0,0,0,0,9,3,22
00-0039893,Brian Thomas Jr.,WR,JAX,17,0,0,0,0,7,4,39
00-0039894,Xavier Worthy,WR,KC,17,0,0,1,1,3,0,0
00-0039895,Mike Hall Jr.,DT,CLE,17,0,0,0,0,0,0,0
00-0039896,Zach Frazier,C,PIT,17,0,0,0,0,0,0,0
00-0039898,Mike Sainristil,CB,WAS,17,0,0,0,0,0,0,0
00-0039899,Patrick Paul,OT,MIA,17,0,0,0,0,0,0,0
00-0039902,Chris Braswell,LB,TB,17,0,0,0,0,0,0,0
00-0039905,Graham Barton,C,TB,17,0,0,0,0,0,0,0
00-0039906,Jer'Zhan Newton,DT,WAS,17,0,0,0,0,0,0,0
00-0039911,Chop Robinson,LB,MIA,17,0,0,0,0,0,0,0
00-0039912,Ben Sinnott,TE,WAS,17,0,0,0,0,4,3,29
00-0039913,Brandon Coleman,G,WAS,17,0,0,0,0,0,0,0
00-0039915,Ladd McConkey,WR,LAC,17,0,0,0,0,2,1,31
00-0039916,Ricky Pearsall,WR,SF,17,0,0,0,0,8,5,85
00-0039918,Caleb Williams,QB,CHI,17,42,330,5,18,0,0,0
00-0039920,Malachi Corley,WR,CLE,17,0,0,0,0,1,1,4
00-0039924,Dallas Turner,LB,MIN,17,0,0,0,0,0,0,0
00-0040007,Tyler Booker,G,DAL,17,0,0,0,0,0,0,0
00-0040008,Shavon Revel Jr.,CB,DAL,17,0,0,0,0,0,0,0
00-0040011,Shemar James,LB,DAL,17,0,0,0,0,0,0,0
00-0040013,Smael Mondon Jr.,LB,PHI,17,0,0,0,0,0,0,0
00-0040020,Micah Robinson,CB,TEN,17,0,0,0,0,0,0,0
00-0040024,Darius Cooper,WR,PHI,17,0,0,0,0,1,1,4
00-0040045,Alijah Clark,DB,DAL,17,0,0,0,0,0,0,0
00-0040061,Connor O'Toole,LB,SEA,17,0,0,0,0,0,0,0
00-0040072,Jeffrey Bassa,LB,KC,17,0,0,0,0,0,0,0
00-0040074,Tyler Loop,K,BAL,17,0,0,0,0,0,0,0
00-0040075,LaJohntay Wester,WR,BAL,17,0,0,0,0,0,0,0
00-0040078,Brashard Smith,RB,KC,17,0,0,0,0,4,3,5
00-0040100,Jay Higgins,LB,BAL,17,0,0,0,0,0,0,0
00-0040104,Keondre Jackson,SAF,BAL,17,0,0,0,0,0,0,0
00-0040118,Cooper McDonald,LB,KC,17,0,0,0,0,0,0,0
00-0040122,Ashton Jeanty,RB,LV,17,0,0,16,60,2,2,13
00-0040124,Tetairoa McMillan,WR,CAR,17,0,0,0,0,4,1,5
00-0040126,Colston Loveland,TE,CHI,17,0,0,0,0,10,6,94
00-0040127,Kenneth Grant,DT,MIA,17,0,0,0,0,0,0,0
00-0040128,Tyler Warren,TE,IND,17,0,0,0,0,5,5,43
00-0040129,Emeka Egbuka,WR,TB,17,0,0,0,0,5,3,20
00-0040130,Jayden Higgins,WR,HOU,17,0,0,0,0,4,2,88
00-0040131,Kyle Williams,WR,NE,17,0,0,0,0,5,3,20
00-0040136,Princely Umanmielen,LB,CAR,17,0,0,0,0,0,0,0
00-0040137,Jordan Burch,LB,ARI,17,0,0,0,0,0,0,0
00-0040138,Jaylin Noel,WR,HOU,17,0,0,1,2,4,3,54
00-0040143,Jacob Parrish,CB,TB,17,0,0,0,0,0,0,0
00-0040144,Jamaree Caldwell,DT,LAC,17,0,0,0,0,0,0,0
00-0040148,Xavier Watts,SAF,ATL,17,0,0,0,0,0,0,0
00-0040152,Upton Stout,CB,SF,17,0,0,0,0,0,0,0
00-0040155,Danny Stutsman,LB,NO,17,0,0,0,0,0,0,0
00-0040157,Barrett Carter,LB,CIN,17,0,0,0,0,0,0,0
00-0040160,Jack Sawyer,LB,PIT,17,0,0,0,0,0,0,0
00-0040162,Dylan Sampson,RB,CLE,17,0,0,11,27,3,3,0
00-0040165,Malachi Moore,SAF,NYJ,17,0,0,0,0,1,1,3
00-0040166,Quincy Riley,CB,NO,17,0,0,0,0,0,0,0
00-0040169,Tonka Hemingway,DT,LV,17,0,0,0,0,0,0,0
00-0040170,Elic Ayomanor,WR,TEN,17,0,0,0,0,7,4,37
00-0040174,Cam Jackson,DT,CAR,17,0,0,0,0,0,0,0
00-0040175,Jordan Phillips,DT,MIA,17,0,0,0,0,0,0,0
00-0040178,Jason Marshall Jr.,CB,MIA,17,0,0,0,0,0,0,0
00-0040182,Dante Trader Jr.,SAF,MIA,17,0,0,0,0,0,0,0
00-0040184,KeAndre Lambert-Smith,WR,LAC,17,0,0,0,0,1,0,0
00-0040185,Marques Sigle,SAF,SF,17,0,0,0,0,0,0,0
00-0040187,Mitchell Evans,TE,CAR,17,0,0,1,1,2,1,5
00-0040188,Yahya Black,DE,PIT,17,0,0,0,0,0,0,0
00-0040189,Oronde Gadsden II,TE,LAC,17,0,0,0,0,6,3,32
00-0040195,Denzel Burke,CB,ARI,17,0,0,0,0,0,0,0
00-0040198,Ollie Gordon II,RB,MIA,17,0,0,0,0,0,0,0
00-0040199,JJ Pegues,DT,LV,17,0,0,0,0,0,0,0
00-0040200,Andy Borregales,K,NE,17,0,0,0,0,0,0,0
00-0040205,Kalel Mullings,RB,TEN,17,0,0,1,4,0,0,0
00-0040206,Riley Leonard,QB,IND,17,1,0,0,0,0,0,0
00-0040208,Tahj Brooks,RB,CIN,17,0,0,3,10,1,1,9
00-0040213,Rayuan Lane III,SAF,JAX,17,0,0,0,0,0,0,0
00-0040218,Jimmy Horn Jr.,WR,CAR,17,0,0,0,0,2,2,9
00-0040223,Jeremy Crawshaw,P,DEN,17,0,0,0,0,0,0,0
00-0040234,Quinn Ewers,QB,MIA,17,22,172,4,5,1,1,-6
00-0040236,Kyle Monangai,RB,CHI,17,0,0,8,38,4,3,9
00-0040237,Tez Johnson,WR,TB,17,0,0,0,0,2,2,19
00-0040238,LeQuint Allen Jr.,RB,JAX,17,0,0,1,3,0,0,0
00-0040242,Jacory Croskey-Merritt,RB,WAS,17,0,0,11,105,0,0,0
00-0040244,Moliki Matavao,TE,NO,17,0,0,0,0,2,2,10
00-0040248,Zeek Biggers,DT,MIA,17,0,0,0,0,0,0,0
00-0040252,Kobee Minor,DB,NE,17,0,0,0,0,0,0,0
00-0040255,Adin Huntington,DE,CLE,17,0,0,0,0,0,0,0
00-0040259,Gage Larvadain,WR,CLE,17,0,0,0,0,0,0,0
00-0040263,Donovan McMillon,SAF,CLE,17,0,0,0,0,0,0,0
00-0040277,Jahdae Walker,WR,CHI,17,0,0,0,0,4,2,30
00-0040279,Ryan Fitzgerald,K,CAR,17,0,0,0,0,0,0,0
00-0040289,Bam Martin-Scott,LB,CAR,17,0,0,0,0,0,0,0
00-0040311,Theo Wease Jr.,WR,MIA,17,0,0,0,0,1,1,63
00-0040314,Ricky Barber,DT,WAS,17,0,0,0,0,0,0,0
00-0040347,Johnathan Edwards,DB,IND,17,0,0,0,0,0,0,0
00-0040363,Keleki Latu,TE,BUF,17,0,0,0,0,0,0,0
00-0040371,Eric Gregory,DT,NE,17,0,0,0,0,0,0,0
00-0040372,Bralyn Lux,DB,CIN,17,0,0,0,0,0,0,0
00-0040382,Josh Fryar,OT,ARI,17,0,0,0,0,0,0,0
00-0040384,Elijah Simmons,DL,TB,17,0,0,0,0,0,0,0
00-0040396,Dean Clark,SAF,NYJ,17,0,0,0,0,0,0,0
00-0040397,Jordan Clark,CB,NYJ,17,0,0,0,0,0,0,0
00-0040398,Brady Cook,QB,NYJ,17,33,152,2,1,0,0,0
00-0040404,Payton Page,DT,NYJ,17,0,0,0,0,0,0,0
00-0040466,Raheim Sanders,RB,CLE,17,0,0,8,21,2,1,10
00-0040489,Greedy Vance,CB,LV,17,0,0,0,0,0,0,0
00-0040492,Tyler Batty,LB,MIN,17,0,0,0,0,0,0,0
00-0040494,Max Brosmer,QB,MIN,17,16,51,2,16,0,0,0
00-0040503,Dorian Mausi,LB,TEN,17,0,0,0,0,0,0,0
00-0040506,Myles Price,WR,MIN,17,0,0,0,0,0,0,0
00-0040527,Sebastian Castro,SAF,PIT,17,0,0,0,0,0,0,0
00-0040530,Ben Sauls,K,NYG,17,0,0,0,0,0,0,0
00-0040534,Ke'Shawn Williams,WR,CIN,17,0,0,0,0,1,1,5
00-0040546,Cobee Bryant,CB,ATL,17,0,0,0,0,0,0,0
00-0040556,Corey Kiner,RB,ARI,17,0,0,1,2,0,0,0
00-0040563,Efton Chism III,WR,NE,17,0,0,0,0,2,2,40
00-0040574,Elijah Ponder,LB,NE,17,0,0,0,0,0,0,0
00-0040577,Jalon Walker,LB,ATL,17,0,0,0,0,0,0,0
00-0040578,James Pearce Jr.,DE,ATL,17,0,0,0,0,0,0,0
00-0040579,Carson Schwesinger,LB,CLE,17,0,0,0,0,0,0,0
00-0040581,Dont'e Thornton Jr.,WR,LV,17,0,0,0,0,4,2,12
00-0040582,Arian Smith,WR,NYJ,17,0,0,0,0,1,1,5
00-0040583,Woody Marks,RB,HOU,17,0,0,19,71,2,1,4
00-0040584,Gunnar Helm,TE,TEN,17,0,0,0,0,2,1,1
00-0040585,Ty Hamilton,DT,LA,17,0,0,0,0,0,0,0
00-0040590,Konata Mumpfield,WR,LA,17,0,0,0,0,5,2,10
00-0040613,Shaun Dolac,LB,LA,17,0,0,0,0,0,0,0
00-0040640,Ashton Gillotte,DE,KC,17,0,0,0,0,0,0,0
00-0040641,Darien Porter,CB,LV,17,0,0,0,0,0,0,0
00-0040643,Jonas Sanker,SAF,NO,17,0,0,0,0,0,0,0
00-0040644,Trevor Etienne,RB,CAR,17,0,0,0,0,0,0,0
00-0040645,Cody Simon,LB,ARI,17,0,0,0,0,0,0,0
00-0040647,Rylie Mills,DT,SEA,17,0,0,0,0,0,0,0
00-0040654,Kai Kroeger,P,NO,17,0,0,0,0,0,0,0
00-0040663,Harold Fannin Jr.,TE,CLE,17,0,0,0,0,2,2,30
00-0040666,Omarion Hampton,RB,LAC,17,0,0,14,29,8,8,31
00-0040667,Matthew Golden,WR,GB,17,0,0,0,0,3,1,12
00-0040668,Shedeur Sanders,QB,CLE,17,23,186,4,20,0,0,0
00-0040669,Isaac TeSlaa,WR,DET,17,0,0,0,0,4,3,49
00-0040670,Nohl Williams,CB,KC,17,0,0,0,0,0,0,0
00-0040672,Tyleik Williams,DT,DET,17,0,0,0,0,0,0,0
00-0040676,Cam Ward,QB,TEN,17,40,251,2,10,0,0,0
00-0040677,Abdul Carter,LB,NYG,17,0,0,0,0,0,0,0
00-0040678,Derrick Harmon,DT,PIT,17,0,0,0,0,0,0,0
00-0040685,Mason Graham,DT,CLE,17,0,0,0,0,0,0,0
00-0040688,Malaki Starks,SAF,BAL,17,0,0,0,0,0,0,0
00-0040691,Jaxson Dart,QB,NYG,17,30,207,9,48,0,0,0
00-0040694,Darius Alexander,DT,NYG,17,0,0,0,0,0,0,0
00-0040705,Chimere Dike,WR,TEN,17,0,0,1,7,5,4,55
00-0040708,Jihaad Campbell,LB,PHI,17,0,0,0,0,0,0,0
00-0040709,Maxwell Hairston,CB,BUF,17,0,0,0,0,0,0,0
00-0040710,Deone Walker,DT,BUF,17,0,0,0,0,0,0,0
00-0040711,CJ West,DT,SF,17,0,0,0,0,0,0,0
00-0040716,Craig Woodson,SAF,NE,17,0,0,0,0,0,0,0
00-0040720,Jahdae Barron,CB,DEN,17,0,0,0,0,0,0,0
00-0040721,Alfred Collins,DT,SF,17,0,0,0,0,0,0,0
00-0040722,Mike Green,LB,BAL,17,0,0,0,0,0,0,0
00-0040724,T.J. Sanders,DT,BUF,17,0,0,0,0,0,0,0
00-0040725,Donovan Ezeiruaku,LB,DAL,17,0,0,0,0,0,0,0
00-0040727,Tre Harris,WR,LAC,17,0,0,1,7,1,1,8
00-0040730,RJ Harvey,RB,DEN,17,0,0,14,43,6,5,33
00-0040733,Nick Emmanwori,SAF,SEA,17,0,0,0,0,0,0,0
00-0040734,TreVeyon Henderson,RB,NE,17,0,0,19,82,0,0,0
00-0040735,Luther Burden III,WR,CHI,17,0,0,0,0,9,8,138
00-0040737,Terrance Ferguson,TE,LA,17,0,0,0,0,4,2,54
00-0040738,Demetrius Knight Jr.,LB,CIN,17,0,0,0,0,0,0,0
00-0040740,Ozzy Trapilo,OT,CHI,17,0,0,0,0,0,0,0
00-0040742,Jonah Savaiinaea,G,MIA,17,0,0,0,0,0,0,0
00-0040743,Tyler Shough,QB,NO,17,27,333,4,6,0,0,0
00-0040746,Nic Scourton,LB,CAR,17,0,0,0,0,0,0,0
00-0040747,Benjamin Morrison,CB,TB,17,0,0,0,0,0,0,0
00-0040751,Will Johnson,CB,ARI,17,0,0,0,0,0,0,0
00-0040756,Shemar Stewart,DE,CIN,17,0,0,0,0,0,0,0
00-0040782,Isaiah Bond,WR,CLE,17,0,0,0,0,1,1,16
,,,DAL,17,0,0,0,0,0,0,0
00-0023459,Aaron Rodgers,QB,PIT,18,47,294,1,20,0,0,0
00-0023853,Matt Prater,K,BUF,18,0,0,0,0,0,0,0
00-0026158,Joe Flacco,QB,CIN,18,0,0,1,2,0,0,0
00-0026190,Calais Campbell,DE,ARI,18,0,0,0,0,0,0,0
00-0026300,Josh Johnson,QB,WAS,18,22,131,9,45,0,0,0
00-0026498,Matthew Stafford,QB,LA,18,40,259,1,3,0,0,0
00-0027114,Thomas Morstead,P,SF,18,0,0,0,0,0,0,0
00-0027224,Jon Weeks,LS,SF,18,0,0,0,0,0,0,0
00-0027865,Brandon Graham,DE,PHI,18,0,0,0,0,0,0,0
00-0027940,Von Miller,OLB,WAS,18,0,0,0,0,0,0,0
00-0027962,Cameron Jordan,LB,NO,18,0,0,0,0,0,0,0
00-0027969,Cameron Heyward,DE,PIT,18,0,0,0,0,0,0,0
00-0028292,Nick Bellore,LB,WAS,18,0,0,0,0,0,0,0
00-0028872,Johnny Hekker,P,TEN,18,0,0,0,0,0,0,0
00-0029255,Bobby Wagner,MLB,WAS,18,0,0,0,0,0,0,0
00-0029316,Kelvin Beachum,OT,ARI,18,0,0,0,0,0,0,0
00-0029562,Lavonte David,OLB,TB,18,0,0,0,0,0,0,0
00-0029604,Kirk Cousins,QB,ATL,18,32,180,3,0,0,0,0
00-0029607,Demario Davis,OLB,NO,18,0,0,0,0,0,0,0
00-0029692,Bryan Anger,P,DAL,18,0,0,0,0,0,0,0
00-0029822,Brandon McManus,K,GB,18,0,0,0,0,0,0,0
00-0029892,Kyle Juszczyk,FB,SF,18,0,0,0,0,2,1,5
00-0029963,Chris Hubbard,OT,DET,18,0,0,0,0,0,0,0
00-0030035,Adam Thielen,WR,PIT,18,0,0,0,0,6,3,43
00-0030070,John Jenkins,DT,BAL,18,0,0,0,0,0,0,0
00-0030092,Sam Martin,P,CAR,18,0,0,0,0,0,0,0
00-0030140,Tress Way,P,WAS,18,0,0,0,0,0,0,0
00-0030279,Keenan Allen,WR,LAC,18,0,0,0,0,13,7,36
00-0030294,Tony Jefferson,S,LAC,18,0,0,0,0,0,0,0
00-0030506,Travis Kelce,TE,KC,18,0,0,0,0,6,3,12
00-0030564,DeAndre Hopkins,WR,BAL,18,0,0,0,0,2,0,0
00-0031136,Chris Boswell,K,PIT,18,0,0,0,0,0,0,0
00-0031177,Brent Urban,DE,BAL,18,0,0,0,0,0,0,0
00-0031203,Cairo Santos,K,CHI,18,0,0,0,0,0,0,0
00-0031270,Shelby Harris,DE,CLE,18,0,0,0,0,0,0,0
00-0031330,Morgan Moses,OT,NE,18,0,0,0,0,0,0,0
00-0031345,Jimmy Garoppolo,QB,LA,18,0,0,3,-3,0,0,0
00-0031357,C.J. Goodwin,CB,DAL,18,0,0,0,0,0,0,0
00-0031360,Kyle Van Noy,MLB,BAL,18,0,0,0,0,0,0,0
00-0031364,Jadeveon Clowney,DE,DAL,18,0,0,0,0,0,0,0
00-0031408,Mike Evans,WR,TB,18,0,0,0,0,2,2,34
00-0031411,DeMarcus Lawrence,LB,SEA,18,0,0,0,0,0,0,0
00-0031484,Chris Manhertz,TE,NYG,18,0,0,0,0,1,0,0
00-0031492,Jason Myers,K,SEA,18,0,0,0,0,0,0,0
00-0031554,Eric Kendricks,MLB,SF,18,0,0,0,0,0,0,0
00-0031565,Danielle Hunter,DE,HOU,18,0,0,0,0,0,0,0
00-0031583,Grady Jarrett,DT,CHI,18,0,0,0,0,0,0,0
00-0031588,Stefon Diggs,WR,NE,18,0,0,0,0,3,3,43
00-0031622,Bobby Hart,OT,LAC,18,0,0,0,0,0,0,0
00-0031898,Alex Singleton,LB,DEN,18,0,0,0,0,0,0,0
00-0031935,Preston Smith,DE,WAS,18,0,0,0,0,0,0,0
00-0032065,Bradley Pinion,P,ATL,18,0,0,0,0,0,0,0
00-0032104,Ameer Abdullah,RB,IND,18,0,0,1,1,2,2,24
00-0032146,Bud Dupree,OLB,LAC,18,0,0,0,0,0,0,0
00-0032164,Arik Armstead,DE,JAX,18,0,0,0,0,0,0,0
00-0032211,Tyler Lockett,WR,LV,18,0,0,0,0,5,1,5
00-0032387,Jarran Reed,DT,SEA,18,0,0,0,0,0,0,0
00-0032392,Austin Hooper,TE,NE,18,0,0,0,0,1,1,5
00-0032434,Brandon Allen,QB,TEN,18,30,72,0,0,0,0,0
00-0032442,Elandon Roberts,OLB,LV,18,0,0,0,0,0,0,0
00-0032464,Kalif Raymond,WR,DET,18,0,0,0,0,3,3,52
00-0032569,Wil Lutz,K,DEN,18,0,0,0,0,0,0,0
00-0032580,Jonathan Jones,DB,WAS,18,0,0,0,0,0,0,0
00-0032667,Roy Robertson-Harris,DE,NYG,18,0,0,0,0,0,0,0
00-0032726,Ka'imi Fairbairn,K,HOU,18,0,0,0,0,0,0,0
00-0032759,Sheldon Rankins,DT,HOU,18,0,0,0,0,0,0,0
00-0032762,Chris Jones,DE,KC,18,0,0,0,0,0,0,0
00-0032763,Austin Johnson,NT,JAX,18,0,0,0,0,0,0,0
00-0032764,Derrick Henry,RB,BAL,18,0,0,20,126,1,0,0
00-0032775,Demarcus Robinson,WR,SF,18,0,0,0,0,4,3,24
00-0032803,Jalen Mills,CB,DET,18,0,0,0,0,0,0,0
00-0032889,A'Shawn Robinson,DT,CAR,18,0,0,0,0,0,0,0
00-0032918,C.J. Ham,FB,MIN,18,0,0,1,1,1,1,6
00-0032933,Antonio Hamilton,CB,WAS,18,0,0,0,0,0,0,0
00-0032943,Riley Dixon,P,TB,18,0,0,0,0,0,0,0
00-0032965,Ronnie Stanley,OT,BAL,18,0,0,0,0,0,0,0
00-0033038,Eric Murray,S,JAX,18,0,0,0,0,0,0,0
00-0033046,Jihad Ward,LB,TEN,18,0,0,0,0,0,0,0
00-0033051,David Onyemata,DT,ATL,18,0,0,0,0,0,0,0
00-0033055,Jalen Ramsey,CB,PIT,18,0,0,0,0,0,0,0
00-0033066,Andrew Billings,DT,CHI,18,0,0,0,0,0,0,0
00-0033072,Leonard Floyd,DE,ATL,18,0,0,0,0,0,0,0
00-0033077,Dak Prescott,QB,DAL,18,11,70,2,-1,0,0,0
00-0033090,Hunter Henry,TE,NE,18,0,0,0,0,5,5,56
00-0033093,Jonathan Bullard,DE,NO,18,0,0,0,0,0,0,0
00-0033106,Jared Goff,QB,DET,18,42,331,0,0,0,0,0
00-0033109,Javon Hargrave,NT,MIN,18,0,0,0,0,0,0,0
00-0033110,Tyler Higbee,TE,LA,18,0,0,0,0,6,5,91
00-0033119,Jacoby Brissett,QB,ARI,18,31,243,3,19,0,0,0
00-0033120,Kenny Clark,NT,DAL,18,0,0,0,0,0,0,0
00-0033132,Kevin Byard,FS,CHI,18,0,0,0,0,0,0,0
00-0033217,Mo Alie-Cox,TE,IND,18,0,0,0,0,4,3,22
00-0033246,Johnny Mundt,TE,JAX,18,0,0,0,0,1,1,16
00-0033269,Rigoberto Sanchez,P,IND,18,1,16,0,0,0,0,0
00-0033280,Christian McCaffrey,RB,SF,18,0,0,8,23,7,6,34
00-0033281,Marlon Humphrey,CB,BAL,18,0,0,0,0,0,0,0
00-0033288,George Kittle,TE,SF,18,0,0,0,0,7,5,29
00-0033294,Chuck Clark,SAF,PIT,18,0,0,0,0,0,0,0
00-0033297,D.J. Jones,DT,DEN,18,0,0,0,0,0,0,0
00-0033303,Harrison Butker,K,KC,18,0,0,0,0,0,0,0
00-0033307,Kendrick Bourne,WR,SF,18,0,0,0,0,1,0,0
00-0033319,Nick Mullens,QB,JAX,18,2,16,3,-2,0,0,0
00-0033336,Eric Wilson,LB,MIN,18,0,0,0,0,0,0,0
00-0033357,Taysom Hill,TE,NO,18,0,0,0,0,3,3,32
00-0033375,Tim Patrick,WR,JAX,18,0,0,0,0,1,1,4
00-0033376,Patrick Ricard,RB,BAL,18,0,0,0,0,1,1,8
00-0033393,Kenny Moore II,CB,IND,18,0,0,0,0,0,0,0
00-0033400,Matt Haack,P,ARI,18,1,28,0,0,0,0,0
00-0033439,Pharaoh Brown,TE,ARI,18,0,0,0,0,0,0,0
00-0033455,Anthony Firkser,TE,DET,18,0,0,0,0,3,2,2
00-0033523,Jonathan Allen,DE,MIN,18,0,0,0,0,0,0,0
00-0033526,Samaje Perine,RB,CIN,18,0,0,8,42,4,3,10
00-0033548,Chidobe Awuzie,CB,BAL,18,0,0,0,0,0,0,0
00-0033551,Rasul Douglas,CB,MIA,18,0,0,0,0,0,0,0
00-0033576,Eric Saubert,TE,SEA,18,0,0,0,0,3,2,10
00-0033783,Ahkello Witherspoon,CB,LA,18,0,0,0,0,0,0,0
00-0033787,Jake Elliott,K,PHI,18,0,0,0,0,0,0,0
00-0033854,Dare Ogunbowale,RB,HOU,18,0,0,1,3,2,1,6
00-0033857,JuJu Smith-Schuster,WR,KC,18,0,0,0,0,2,2,13
00-0033858,Jonnu Smith,TE,PIT,18,0,0,1,2,2,1,2
00-0033860,Davon Godchaux,DT,NO,18,0,0,0,0,0,0,0
00-0033862,Zane Gonzalez,K,ATL,18,0,0,0,0,0,0,0
00-0033868,Myles Garrett,DE,CLE,18,0,0,0,0,0,0,0
00-0033869,Mitchell Trubisky,QB,BUF,18,29,259,5,5,0,0,0
00-0033870,Solomon Thomas,DE,DAL,18,0,0,0,0,0,0,0
00-0033872,Jamal Adams,LB,LV,18,0,0,0,0,0,0,0
00-0033875,Haason Reddick,OLB,TB,18,0,0,0,0,0,0,0
00-0033876,Derek Barnett,DE,HOU,18,0,0,0,0,0,0,0
00-0033877,Malik Hooker,FS,DAL,18,0,0,0,0,0,0,0
00-0033881,Evan Engram,TE,DEN,18,0,0,0,0,4,3,45
00-0033883,Jabrill Peppers,FS,PIT,18,0,0,0,0,0,0,0
00-0033884,Tre'Davious White,CB,BUF,18,0,0,0,0,0,0,0
00-0033886,T.J. Watt,OLB,PIT,18,0,0,0,0,0,0,0
00-0033890,Budda Baker,S,ARI,18,0,0,0,0,0,0,0
00-0033892,Marcus Maye,FS,LAC,18,0,0,0,0,0,0,0
00-0033905,Larry Ogunjobi,DT,BUF,18,0,0,0,0,0,0,0
00-0033907,Dawuane Smoot,DE,JAX,18,0,0,0,0,0,0,0
00-0033908,Cooper Kupp,WR,SEA,18,0,0,0,0,3,2,29
00-0033913,Chris Wormley,NT,IND,18,0,0,0,0,0,0,0
00-0033918,Fabian Moreau,CB,MIN,18,0,0,0,0,0,0,0
00-0033921,Chris Godwin Jr.,WR,TB,18,0,0,0,0,1,1,8
00-0033923,Kareem Hunt,RB,KC,18,0,0,5,14,4,3,21
00-0033941,Rayshawn Jenkins,DB,CLE,18,0,0,0,0,0,0,0
00-0033945,Samson Ebukam,DE,IND,18,0,0,0,0,0,0,0
00-0033949,Joshua Dobbs,QB,NE,18,4,23,3,0,0,0,0
00-0033952,Grover Stewart,DT,IND,18,0,0,0,0,0,0,0
00-0033955,Jeremy McNichols,RB,WAS,18,0,0,1,3,1,1,8
00-0034054,River Cracraft,WR,WAS,18,0,0,0,0,0,0,0
00-0034067,Scott Daly,LS,CHI,18,0,0,0,0,0,0,0
00-0034112,Austin Schlottmann,C,NYG,18,0,0,0,0,0,0,0
00-0034114,Coleman Shelton,C,LA,18,0,0,0,0,0,0,0
00-0034116,J.T. Gray,DB,TB,18,0,0,0,0,0,0,0
00-0034159,Will Dissly,TE,LAC,18,0,0,0,0,5,1,6
00-0034160,Michael Dickson,P,SEA,18,0,0,0,0,0,0,0
00-0034161,Daniel Carlson,K,LV,18,0,0,0,0,0,0,0
00-0034162,J.K. Scott,P,LAC,18,0,0,0,0,0,0,0
00-0034163,Jacob Martin,DE,WAS,18,0,0,0,0,0,0,0
00-0034173,Eddy Pineiro,K,SF,18,0,0,0,0,0,0,0
00-0034234,Poona Ford,DT,LA,18,0,0,0,0,0,0,0
00-0034270,Tyler Conklin,TE,LAC,18,0,0,0,0,1,1,6
00-0034272,Marquez Valdes-Scantling,WR,PIT,18,0,0,0,0,7,5,34
00-0034278,Tremon Smith,CB,HOU,18,0,0,0,0,0,0,0
00-0034285,Zach Sieler,DE,MIA,18,0,0,0,0,0,0,0
00-0034302,Frankie Luvu,LB,WAS,18,0,0,0,0,0,0,0
00-0034320,Kentavius Street,DE,ATL,18,0,0,0,0,0,0,0
00-0034333,Daron Payne,NT,WAS,18,0,0,0,0,0,0,0
00-0034348,Courtland Sutton,WR,DEN,18,0,0,0,0,2,1,5
00-0034350,Uchenna Nwosu,LB,SEA,18,0,0,0,0,0,0,0
00-0034359,Tyquan Lewis,DE,IND,18,0,0,0,0,0,0,0
00-0034361,Justin Reid,S,NO,18,0,0,0,0,0,0,0
00-0034367,Nyheim Hines,RB,NO,18,0,0,0,0,0,0,0
00-0034371,Da'Shawn Hand,DE,LAC,18,0,0,0,0,0,0,0
00-0034377,Avonte Maddox,FS,DET,18,0,0,0,0,0,0,0
00-0034381,Josh Sweat,LB,ARI,18,0,0,0,0,0,0,0
00-0034383,Dalton Schultz,TE,HOU,18,0,0,0,0,4,4,73
00-0034384,D.J. Reed,CB,DET,18,0,0,0,0,0,0,0
00-0034386,Justin Watson,WR,HOU,18,0,0,0,0,0,0,0
00-0034391,Siran Neal,DB,SF,18,0,0,0,0,0,0,0
00-0034413,Foye Oluokun,LB,JAX,18,0,0,0,0,0,0,0
00-0034418,Cedrick Wilson Jr.,WR,MIA,18,0,0,0,0,2,0,0
00-0034431,Zaire Franklin,OLB,IND,18,0,0,0,0,0,0,0
00-0034437,Logan Cooke,P,JAX,18,0,0,0,0,0,0,0
00-0034446,Jalen Davis,CB,CIN,18,0,0,0,0,0,0,0
00-0034465,Jeremy Reaves,DB,WAS,18,0,0,0,0,0,0,0
00-0034473,Dennis Gardeck,LB,JAX,18,0,0,0,0,0,0,0
00-0034488,Tavierre Thomas,SAF,MIN,18,0,0,0,0,0,0,0
00-0034639,Mike Ford,DB,ATL,18,0,0,0,0,0,0,0
00-0034657,Matt Dickerson,DE,JAX,18,0,0,0,0,0,0,0
00-0034673,Tremaine Edmunds,MLB,CHI,18,0,0,0,0,0,0,0
00-0034675,Jessie Bates,FS,ATL,18,0,0,0,0,0,0,0
00-0034721,Corey Bojorquez,P,CLE,18,0,0,0,0,0,0,0
00-0034752,Orlando Brown,OT,CIN,18,0,0,0,0,0,0,0
00-0034753,Mark Andrews,TE,BAL,18,0,0,0,0,3,2,14
00-0034754,Oren Burks,ILB,CIN,18,0,0,0,0,0,0,0
00-0034773,Vita Vea,DT,TB,18,0,0,0,0,0,0,0
00-0034775,Christian Kirk,WR,HOU,18,0,0,0,0,2,1,-3
00-0034778,Carlton Davis III,CB,NE,18,0,0,0,0,0,0,0
00-0034780,Isaac Yiadom,CB,NO,18,0,0,0,0,0,0,0
00-0034782,Harrison Phillips,DT,NYJ,18,0,0,0,0,0,0,0
00-0034796,Lamar Jackson,QB,BAL,18,18,238,4,9,0,0,0
00-0034797,Jerome Baker,OLB,CLE,18,0,0,0,0,0,0,0
00-0034798,Durham Smythe,TE,CHI,18,0,0,0,0,0,0,0
00-0034800,B.J. Hill,DE,CIN,18,0,0,0,0,0,0,0
00-0034801,Josh Woods,LB,ATL,18,0,0,0,0,0,0,0
00-0034818,Derrick Nnadi,NT,KC,18,0,0,0,0,0,0,0
00-0034827,DJ Moore,WR,CHI,18,0,0,0,0,3,1,11
00-0034829,Mike Gesicki,TE,CIN,18,0,0,0,0,2,2,13
00-0034832,Bradley Chubb,OLB,MIA,18,0,0,0,0,0,0,0
00-0034855,Baker Mayfield,QB,TB,18,22,203,4,31,0,0,0
00-0034860,Dante Pettis,WR,NO,18,0,0,0,0,5,5,60
00-0034869,Sam Darnold,QB,SEA,18,26,198,6,9,0,0,0
00-0034874,Roquan Smith,ILB,BAL,18,0,0,0,0,0,0,0
00-0034928,Steven Sims,WR,ARI,18,0,0,0,0,0,0,0
00-0034941,Mitch Wishnowsky,P,BUF,18,0,0,0,0,0,0,0
00-0034959,Andrew Beck,FB,NYJ,18,0,0,0,0,2,1,2
00-0034960,Jakobi Meyers,WR,JAX,18,0,0,0,0,6,5,44
00-0034966,D'Angelo Ross,CB,CLE,18,0,0,0,0,0,0,0
00-0034968,Darnell Savage,SAF,BUF,18,0,0,0,0,0,0,0
00-0034987,E.J. Speed,LB,HOU,18,0,0,0,0,0,0,0
00-0035000,Quinton Bell,LB,MIA,18,0,0,0,0,0,0,0
00-0035020,Demetrius Flannigan-Fowles,LB,NYG,18,0,0,0,0,0,0,0
00-0035021,Ashton Dulin,WR,IND,18,0,0,0,0,2,0,0
00-0035042,Jamie Gillan,P,NYG,18,0,0,0,0,0,0,0
00-0035125,Alec Ingold,FB,MIA,18,0,0,0,0,2,1,3
00-0035133,Keisean Nixon,DB,GB,18,0,0,0,0,0,0,0
00-0035156,Jack Fox,P,DET,18,0,0,0,0,0,0,0
00-0035166,Azeez Al-Shaair,LB,HOU,18,0,0,0,0,0,0,0
00-0035190,AJ Cole,P,LV,18,0,0,0,0,0,0,0
00-0035192,Joey Slye,K,TEN,18,0,0,0,0,0,0,0
00-0035202,Del'Shawn Phillips,LB,LAC,18,0,0,0,0,0,0,0
00-0035227,P.J. Locke,DB,DEN,18,0,0,0,0,0,0,0
00-0035236,Byron Murphy,CB,MIN,18,0,0,0,0,0,0,0
00-0035240,Jahlani Tavai,LB,NE,18,0,0,0,0,0,0,0
00-0035244,Lonnie Johnson,SAF,LV,18,0,0,0,0,0,0,0
00-0035248,Zach Allen,DE,DEN,18,0,0,0,0,0,0,0
00-0035249,Josh Oliver,TE,MIN,18,0,0,0,0,2,2,29
00-0035250,Devin Singletary,RB,NYG,18,0,0,9,26,0,0,0
00-0035253,C.J. Gardner-Johnson,SAF,CHI,18,0,0,0,0,0,0,0
00-0035261,Tony Pollard,RB,TEN,18,0,0,14,48,3,3,17
00-0035262,Drue Tranquill,LB,KC,18,0,0,0,0,0,0,0
00-0035272,Andrew Van Ginkel,OLB,MIN,18,0,0,0,0,0,0,0
00-0035276,Blake Cashman,LB,MIN,18,0,0,0,0,0,0,0
00-0035277,Mike Jackson,CB,CAR,18,0,0,0,0,0,0,0
00-0035279,Charles Omenihu,DE,KC,18,0,0,0,0,0,0,0
00-0035280,Jake Bailey,P,MIA,18,0,0,0,0,0,0,0
00-0035291,Trayveon Williams,RB,CLE,18,0,0,1,7,2,1,13
00-0035298,Scott Miller,WR,PIT,18,0,0,0,0,2,2,9
00-0035301,Donovan Wilson,SAF,DAL,18,0,0,0,0,0,0,0
00-0035316,Kaden Elliss,LB,ATL,18,0,0,0,0,0,0,0
00-0035352,Tyrel Dodson,LB,MIA,18,0,0,0,0,0,0,0
00-0035357,Cam Lewis,CB,BUF,18,0,0,0,0,0,0,0
00-0035358,Chase McLaughlin,K,TB,18,0,0,0,0,0,0,0
00-0035359,David Sills,WR,ATL,18,0,0,0,0,1,1,11
00-0035363,Joe Giles-Harris,LB,CIN,18,0,0,0,0,0,0,0
00-0035378,Andrew Wingard,SAF,JAX,18,0,0,0,0,0,0,0
00-0035386,T.J. Edwards,LB,CHI,18,0,0,0,0,0,0,0
00-0035402,Carl Granderson,DE,NO,18,0,0,0,0,0,0,0
00-0035409,Shy Tuttle,DT,WAS,18,0,0,0,0,0,0,0
00-0035525,Devin Bush,LB,CLE,18,0,0,0,0,0,0,0
00-0035535,Darius Slayton,WR,NYG,18,0,0,0,0,9,4,34
00-0035537,Ty Johnson,RB,BUF,18,0,0,13,36,2,2,20
00-0035544,Tom Kennedy,WR,DET,18,0,0,0,0,0,0,0
00-0035594,Travis Homer,RB,CHI,18,0,0,0,0,0,0,0
00-0035602,Alex Bachman,WR,LV,18,0,0,0,0,0,0,0
00-0035617,Troy Reeder,LB,LA,18,0,0,0,0,0,0,0
00-0035628,D'Ernest Johnson,RB,NE,18,0,0,5,13,0,0,0
00-0035631,Drew Sample,TE,CIN,18,0,0,0,0,3,3,17
00-0035636,L.J. Collier,DE,ARI,18,0,0,0,0,0,0,0
00-0035637,Rock Ya-Sin,CB,DET,18,0,0,0,0,0,0,0
00-0035642,Josh Hines-Allen,DE,JAX,18,0,0,0,0,0,0,0
00-0035643,Jeffery Simmons,DT,TEN,18,0,0,0,0,0,0,0
00-0035644,Noah Fant,TE,CIN,18,0,0,0,0,1,1,5
00-0035645,Gunner Olszewski,WR,NYG,18,1,0,0,0,9,8,102
00-0035647,Montez Sweat,DE,CHI,18,0,0,0,0,0,0,0
00-0035655,Will Harris,SAF,WAS,18,0,0,0,0,0,0,0
00-0035656,Khalen Saunders,DT,NYJ,18,0,0,0,0,0,0,0
00-0035659,Terry McLaurin,WR,WAS,18,0,0,0,0,4,4,57
00-0035662,Marquise Brown,WR,KC,18,0,0,0,0,6,3,64
00-0035667,Greg Gaines,DT,TB,18,0,0,0,0,0,0,0
00-0035669,Nick Scott,SAF,CAR,18,0,0,0,0,0,0,0
00-0035672,Cody Barton,LB,TEN,18,0,0,0,0,0,0,0
00-0035674,Jerry Tillery,DT,KC,18,0,0,0,0,0,0,0
00-0035680,Quincy Williams,LB,NYJ,18,0,0,0,0,0,0,0
00-0035683,Dexter Lawrence,DT,NYG,18,0,0,0,0,0,0,0
00-0035685,David Montgomery,RB,DET,18,0,0,8,42,1,1,13
00-0035687,Bobby Okereke,ILB,NYG,18,0,0,0,0,0,0,0
00-0035689,Dawson Knox,TE,BUF,18,0,0,0,0,2,2,24
00-0035692,Clelin Ferrell,DE,SF,18,0,0,0,0,0,0,0
00-0035697,Germaine Pratt,LB,IND,18,0,0,0,0,0,0,0
00-0035702,Dalton Risner,G,CIN,18,0,0,0,0,0,0,0
00-0035705,Jalen Thompson,DB,ARI,18,0,0,0,0,0,0,0
00-0035707,Devin White,LB,LV,18,0,0,0,0,0,0,0
00-0035713,Brian Burns,LB,NYG,18,0,0,0,0,0,0,0
00-0035718,Quinnen Williams,DT,DAL,18,0,0,0,0,0,0,0
00-0035719,Deebo Samuel Sr.,WR,WAS,18,0,0,2,1,5,2,20
00-0035763,Malcolm Roach,DT,DEN,18,0,0,0,0,0,0,0
00-0035795,James Pierre,CB,PIT,18,0,0,0,0,0,0,0
00-0035821,Corliss Waitman,P,PIT,18,0,0,0,0,0,0,0
00-0035857,Chris Williams,DT,CHI,18,0,0,0,0,0,0,0
00-0035889,Tommy Townsend,P,HOU,18,0,0,0,0,0,0,0
00-0035900,Cole Christiansen,LB,KC,18,0,0,0,0,0,0,0
00-0035942,Christian Rozeboom,LB,CAR,18,0,0,0,0,0,0,0
00-0035944,Jonah Williams,DE,NO,18,0,0,0,0,0,0,0
00-0035961,Krys Barnes,LB,CAR,18,0,0,0,0,0,0,0
00-0036037,Sam Franklin Jr.,SAF,BUF,18,0,0,0,0,0,0,0
00-0036040,Juwan Johnson,TE,NO,18,0,0,0,0,5,3,61
00-0036087,Myles Bryant,CB,HOU,18,0,0,0,0,0,0,0
00-0036133,James Proche,WR,TEN,18,0,0,0,0,1,1,5
00-0036139,Rico Dowdle,RB,CAR,18,0,0,7,10,2,2,20
00-0036159,Joshua Uche,LB,PHI,18,0,0,0,0,0,0,0
00-0036165,Isaiah Hodgins,WR,NYG,18,0,0,0,0,2,0,0
00-0036176,Mason Kinsey,WR,TEN,18,0,0,0,0,0,0,0
00-0036181,Teair Tart,DT,LAC,18,0,0,0,0,0,0,0
00-0036182,Nick Westbrook-Ikhine,WR,MIA,18,0,0,0,0,0,0,0
00-0036187,Reggie Gilliam,RB,BUF,18,0,0,2,4,1,1,22
00-0036192,A.J. Epenesa,LB,BUF,18,0,0,0,0,0,0,0
00-0036193,Anfernee Jennings,LB,NE,18,0,0,0,0,0,0,0
00-0036196,Gabe Davis,WR,BUF,18,0,0,0,0,7,5,41
00-0036199,Geno Stone,SAF,CIN,18,0,0,0,0,0,0,0
00-0036204,LaCale London,DE,ATL,18,0,0,0,0,0,0,0
00-0036220,Derrick Brown,DT,CAR,18,0,0,0,0,0,0,0
00-0036222,Isaiah Rodgers,CB,MIN,18,0,0,0,0,0,0,0
00-0036223,Jonathan Taylor,RB,IND,18,0,0,14,26,2,2,13
00-0036231,Kyle Dugger,SAF,PIT,18,0,0,0,0,0,0,0
00-0036244,Colby Parkinson,TE,LA,18,0,0,0,0,7,4,36
00-0036252,Michael Pittman,WR,IND,18,0,0,0,0,4,2,11
00-0036259,Jauan Jennings,WR,SF,18,0,0,0,0,6,4,35
00-0036260,Javon Kinlaw,DT,WAS,18,0,0,0,0,0,0,0
00-0036262,DaVon Hamilton,DT,JAX,18,0,0,0,0,0,0,0
00-0036265,AJ Dillon,RB,PHI,18,0,0,0,0,1,1,3
00-0036266,Jordan Elliott,DT,SF,18,0,0,0,0,0,0,0
00-0036275,D'Andre Swift,RB,CHI,18,0,0,10,40,2,1,8
00-0036280,Malik Harrison,LB,PIT,18,0,0,0,0,0,0,0
00-0036281,C.J. Henderson,CB,ATL,18,0,0,0,0,0,0,0
00-0036282,Grant Delpit,SAF,CLE,18,0,0,0,0,0,0,0
00-0036285,A.J. Terrell,CB,ATL,18,0,0,0,0,0,0,0
00-0036286,K'Lavon Chaisson,LB,NE,18,0,0,0,0,0,0,0
00-0036287,Noah Igbinoghene,CB,WAS,18,0,0,0,0,0,0,0
00-0036288,Yetur Gross-Matos,DE,SF,18,0,0,0,0,0,0,0
00-0036290,Cole Kmet,TE,CHI,18,0,0,0,0,3,2,16
00-0036292,Jaylon Johnson,CB,CHI,18,0,0,0,0,0,0,0
00-0036294,Logan Wilson,LB,DAL,18,0,0,0,0,0,0,0
00-0036298,Akeem Davis-Gaither,LB,ARI,18,0,0,0,0,0,0,0
00-0036300,Mykal Walker,LB,NYJ,18,0,0,0,0,0,0,0
00-0036302,Jaylinn Hawkins,SAF,NE,18,0,0,0,0,0,0,0
00-0036305,Trevis Gipson,LB,CAR,18,0,0,0,0,0,0,0
00-0036306,Daniel Thomas,SAF,DET,18,0,0,0,0,0,0,0
00-0036309,Darnell Mooney,WR,ATL,18,0,0,0,0,7,3,20
00-0036313,Braden Mann,P,PHI,18,0,0,0,0,0,0,0
00-0036321,Chase Young,DE,NO,18,0,0,0,0,0,0,0
00-0036322,Justin Jefferson,WR,MIN,18,0,0,1,3,11,8,101
00-0036323,Patrick Queen,LB,PIT,18,0,0,0,0,0,0,0
00-0036329,Ashtyn Davis,SAF,MIA,18,0,0,0,0,0,0,0
00-0036331,Devin Duvernay,WR,CHI,18,0,0,0,0,0,0,0
00-0036332,Josiah Deguara,TE,ARI,18,0,0,0,0,2,2,15
00-0036333,Alex Highsmith,LB,PIT,18,0,0,0,0,0,0,0
00-0036335,D.J. Wonnum,LB,CAR,18,0,0,0,0,0,0,0
00-0036337,James Lynch,DT,TEN,18,0,0,0,0,0,0,0
00-0036338,Troy Dye,LB,LAC,18,0,0,0,0,0,0,0
00-0036341,Khalid Kareem,LB,ATL,18,0,0,0,0,0,0,0
00-0036349,Kam Curl,SAF,LA,18,0,0,0,0,0,0,0
00-0036358,CeeDee Lamb,WR,DAL,18,0,0,0,0,1,1,4
00-0036361,Trevon Diggs,CB,GB,18,0,0,0,0,0,0,0
00-0036362,Willie Gay Jr.,LB,MIA,18,0,0,0,0,0,0,0
00-0036366,Neville Gallimore,DT,IND,18,0,0,0,0,0,0,0
00-0036371,Leki Fotu,DT,HOU,18,0,0,0,0,0,0,0
00-0036375,Amik Robertson,CB,DET,18,0,0,0,0,0,0,0
00-0036378,Michael Danna,LB,KC,18,0,0,0,0,0,0,0
00-0036380,Alohi Gilman,SAF,BAL,18,0,0,0,0,0,0,0
00-0036394,Darnay Holmes,CB,LV,18,0,0,0,0,0,0,0
00-0036395,K'Von Wallace,SAF,HOU,18,0,0,0,0,0,0,0
00-0036407,Jerry Jeudy,WR,CLE,18,0,0,1,5,6,2,17
00-0036409,Jordyn Brooks,LB,MIA,18,0,0,0,0,0,0,0
00-0036410,Tee Higgins,WR,CIN,18,0,0,0,0,9,6,67
00-0036411,Antoine Winfield Jr.,SAF,TB,18,0,0,0,0,0,0,0
00-0036414,Cam Akers,RB,SEA,18,0,0,0,0,0,0,0
00-0036416,Kristian Fulton,CB,KC,18,0,0,0,0,0,0,0
00-0036417,Damien Lewis,G,CAR,18,0,0,0,0,0,0,0
00-0036421,Terrell Burgess,SAF,NO,18,0,0,0,0,0,0,0
00-0036425,DeeJay Dallas,RB,JAX,18,0,0,0,0,0,0,0
00-0036428,Justin Strnad,LB,DEN,18,0,0,0,0,0,0,0
00-0036441,"Kenneth Murray, Jr.",LB,DAL,18,0,0,0,0,0,0,0
00-0036442,Joe Burrow,QB,CIN,18,39,236,2,17,0,0,0
00-0036479,Kwity Paye,DE,IND,18,0,0,0,0,0,0,0
00-0036500,Jamien Sherwood,LB,NYJ,18,0,0,0,0,0,0,0
00-0036501,Michael Carter II,CB,PHI,18,0,0,0,0,0,0,0
00-0036502,Jason Pinnock,SAF,SF,18,0,0,0,0,0,0,0
00-0036555,Chuba Hubbard,RB,CAR,18,0,0,5,10,2,2,7
00-0036563,Deommodore Lenoir,CB,SF,18,0,0,0,0,0,0,0
00-0036564,Talanoa Hufanga,SAF,DEN,18,0,0,0,0,0,0,0
00-0036568,Roy Lopez,DT,DET,18,0,0,0,0,0,0,0
00-0036587,Ar'Darius Washington,SAF,BAL,18,0,0,0,0,0,0,0
00-0036590,Quintin Morris,TE,JAX,18,0,0,0,0,1,1,5
00-0036617,Asante Samuel Jr.,CB,PIT,18,0,0,0,0,0,0,0
00-0036619,Dillon Radunz,OT,NO,18,0,0,0,0,0,0,0
00-0036621,Nick Bolton,LB,KC,18,0,0,0,0,0,0,0
00-0036625,Benjamin St-Juste,CB,LAC,18,0,0,0,0,0,0,0
00-0036626,Dyami Brown,WR,JAX,18,0,0,0,0,1,1,8
00-0036628,John Bates,TE,WAS,18,0,0,0,0,2,2,13
00-0036629,Camryn Bynum,SAF,IND,18,0,0,0,0,0,0,0
00-0036637,Noah Gray,TE,KC,18,0,0,0,0,5,3,30
00-0036642,Tedarrell Slaton,DT,CIN,18,0,0,0,0,0,0,0
00-0036643,K.J. Britt,LB,MIA,18,0,0,0,0,0,0,0
00-0036655,Cole Van Lanen,G,JAX,18,0,0,0,0,0,0,0
00-0036658,Isaiah McDuffie,LB,GB,18,0,0,0,0,0,0,0
00-0036672,Grant Stuard,LB,DET,18,0,0,0,0,0,0,0
00-0036679,Shane Buechele,QB,KC,18,14,88,1,4,0,0,0
00-0036683,Devon Key,SAF,DEN,18,0,0,0,0,0,0,0
00-0036695,Naquan Jones,DT,HOU,18,0,0,0,0,0,0,0
00-0036711,Charles Snowden,DE,LV,18,0,0,0,0,0,0,0
00-0036727,Adam Prentice,FB,DEN,18,0,0,0,0,0,0,0
00-0036755,Jaret Patterson,RB,LAC,18,0,0,8,29,4,3,8
00-0036788,Jack Heflin,DT,LA,18,0,0,0,0,0,0,0
00-0036813,Christian Elliss,LB,NE,18,0,0,0,0,0,0,0
00-0036816,Riley Patterson,K,MIA,18,0,0,0,0,0,0,0
00-0036825,Feleipe Franks,TE,ATL,18,0,0,0,0,0,0,0
00-0036842,Kene Nwangwu,RB,NYJ,18,0,0,7,18,1,0,0
00-0036844,Garret Wallow,LB,SF,18,0,0,0,0,0,0,0
00-0036849,Tutu Atwell,WR,LA,18,0,0,0,0,3,1,19
00-0036850,Cameron Sample,DE,CIN,18,0,0,0,0,0,0,0
00-0036854,Evan McPherson,K,CIN,18,0,0,0,0,0,0,0
00-0036862,Ben Skowronek,WR,PIT,18,0,0,0,0,0,0,0
00-0036867,Chris Rumph II,LB,NO,18,0,0,0,0,0,0,0
00-0036870,Buddy Johnson,LB,IND,18,0,0,0,0,0,0,0
00-0036874,Pat Surtain II,CB,DEN,18,0,0,0,0,0,0,0
00-0036875,Rhamondre Stevenson,RB,NE,18,0,0,7,131,2,2,22
00-0036876,Kylen Granson,TE,PHI,18,0,0,0,0,5,4,30
00-0036883,Tommy Togiai,DT,HOU,18,0,0,0,0,0,0,0
00-0036885,Tre Brown,CB,NYJ,18,0,0,0,0,0,0,0
00-0036894,Pat Freiermuth,TE,PIT,18,0,0,0,0,5,3,51
00-0036898,Davis Mills,QB,HOU,18,9,36,1,12,0,0,0
00-0036900,Ja'Marr Chase,WR,CIN,18,0,0,0,0,10,8,96
00-0036901,Eric Stokes,CB,LV,18,0,0,0,0,0,0,0
00-0036903,Bobby Brown III,DT,CAR,18,0,0,0,0,0,0,0
00-0036906,Khalil Herbert,RB,NYJ,18,0,0,12,42,2,1,4
00-0036912,DeVonta Smith,WR,PHI,18,0,0,0,0,4,3,52
00-0036916,Milton Williams,DT,NE,18,0,0,0,0,0,0,0
00-0036919,Kenny Gainwell,RB,PIT,18,0,0,5,10,9,8,64
00-0036924,Michael Carter,RB,ARI,18,0,0,7,18,3,3,21
00-0036927,Pete Werner,LB,NO,18,0,0,0,0,0,0,0
00-0036933,Zaven Collins,LB,ARI,18,0,0,0,0,0,0,0
00-0036937,Paulson Adebo,CB,NYG,18,0,0,0,0,0,0,0
00-0036940,Odafe Oweh,LB,LAC,18,0,0,0,0,0,0,0
00-0036942,Osa Odighizuwa,DT,DAL,18,0,0,0,0,0,0,0
00-0036952,Jonathon Cooper,LB,DEN,18,0,0,0,0,0,0,0
00-0036956,Darren Hall,CB,ARI,18,0,0,0,0,0,0,0
00-0036962,Tre'von Moehrig,SAF,CAR,18,0,0,0,0,0,0,0
00-0036963,Amon-Ra St. Brown,WR,DET,18,0,0,0,0,15,11,139
00-0036964,Derrick Barnes,LB,DET,18,0,0,0,0,0,0,0
00-0036970,Kyle Pitts,TE,ATL,18,0,0,0,0,9,6,58
00-0036971,Trevor Lawrence,QB,JAX,18,30,255,2,11,0,0,0
00-0036973,Travis Etienne,RB,JAX,18,0,0,14,32,1,1,6
00-0036974,Tyson Campbell,CB,CLE,18,0,0,0,0,0,0,0
00-0036975,Walker Little,OT,JAX,18,0,0,0,0,0,0,0
00-0036981,Christian Barmore,DT,NE,18,0,0,0,0,0,0,0
00-0036982,Chauncey Golston,DE,NYG,18,0,0,0,0,0,0,0
00-0036985,Robert Hainsey,OT,JAX,18,0,0,0,0,0,0,0
00-0036986,Nahshon Wright,CB,CHI,18,0,0,0,0,0,0,0
00-0036988,Josh Palmer,WR,BUF,18,0,0,0,0,3,1,1
00-0036989,Malcolm Koonce,DE,LV,18,0,0,0,0,0,0,0
00-0036990,Divine Deablo,LB,ATL,18,0,0,0,0,0,0,0
00-0036993,Ifeatu Melifonwu,SAF,MIA,18,0,0,0,0,0,0,0
00-0036994,Ernest Jones,LB,SEA,18,0,0,0,0,0,0,0
00-0036995,Baron Browning,LB,ARI,18,0,0,0,0,0,0,0
00-0036996,Greg Newsome II,CB,JAX,18,0,0,0,0,0,0,0
00-0037005,Tommy Tremble,TE,CAR,18,0,0,0,0,4,3,38
00-0037012,Trey Lance,QB,LAC,18,44,136,9,69,0,0,0
00-0037013,Zach Wilson,QB,MIA,18,2,0,0,0,0,0,0
00-0037015,Sal Cannella,TE,CLE,18,0,0,0,0,1,0,0
00-0037031,Nikola Kalinic,TE,CHI,18,0,0,0,0,0,0,0
00-0037034,Dee Alford,CB,ATL,18,0,0,0,0,0,0,0
00-0037051,Elijah Garcia,DE,ATL,18,0,0,0,0,0,0,0
00-0037073,Jordan Davis,DT,PHI,18,0,0,0,0,0,0,0
00-0037079,Riq Woolen,CB,SEA,18,0,0,0,0,0,0,0
00-0037082,Dominique Robinson,DE,CHI,18,0,0,0,0,0,0,0
00-0037085,Tyler Badie,RB,DEN,18,0,0,2,-2,2,2,28
00-0037086,Grant Calcaterra,TE,PHI,18,0,0,0,0,3,2,21
00-0037091,Bo Melton,WR,GB,18,0,0,0,0,1,0,0
00-0037092,Chris Paul,G,WAS,18,0,0,0,0,0,0,0
00-0037094,Jonathan Ford,DT,GB,18,0,0,0,0,0,0,0
00-0037098,Samori Toure,WR,NO,18,0,0,0,0,3,1,3
00-0037106,Jaylon Jones,DB,CHI,18,0,0,0,0,0,0,0
00-0037120,Tyler Goodson,RB,IND,18,0,0,1,3,0,0,0
00-0037129,Josh Blackwell,CB,CHI,18,0,0,0,0,0,0,0
00-0037132,Britain Covey,WR,PHI,18,0,0,0,0,4,2,20
00-0037137,Josh Jobe,CB,SEA,18,0,0,0,0,0,0,0
00-0037193,Bryan Cook,SAF,KC,18,0,0,0,0,0,0,0
00-0037198,Nazeeh Johnson,CB,KC,18,0,0,0,0,0,0,0
00-0037203,LaBryan Ray,DT,CAR,18,0,0,0,0,0,0,0
00-0037208,Jack Cochrane,LB,KC,18,0,0,0,0,0,0,0
00-0037224,Cameron Dicker,K,LAC,18,0,0,0,0,0,0,0
00-0037228,Jaylen Warren,RB,PIT,18,0,0,14,66,5,5,33
00-0037231,Kevin Austin Jr.,WR,NO,18,0,0,0,0,9,4,37
00-0037235,Travon Walker,DE,JAX,18,0,0,0,0,0,0,0
00-0037236,Aidan Hutchinson,DE,DET,18,0,0,0,0,0,0,0
00-0037237,Derek Stingley Jr.,CB,HOU,18,0,0,0,0,0,0,0
00-0037238,Drake London,WR,ATL,18,0,0,0,0,8,4,78
00-0037240,Jameson Williams,WR,DET,18,0,0,0,0,8,6,74
00-0037244,Devin Lloyd,LB,JAX,18,0,0,0,0,0,0,0
00-0037246,Jalen Pitre,SAF,HOU,18,0,0,0,0,0,0,0
00-0037247,George Pickens,WR,DAL,18,0,0,0,0,3,1,9
00-0037248,James Cook,RB,BUF,18,0,0,2,15,0,0,0
00-0037249,Nik Bonitto,LB,DEN,18,0,0,0,0,0,0,0
00-0037251,Alex Wright,DE,CLE,18,0,0,0,0,0,0,0
00-0037252,Greg Dulcich,TE,MIA,18,0,0,0,0,4,3,31
00-0037253,Marcus Jones,CB,NE,18,0,0,0,0,0,0,0
00-0037256,Rachaad White,RB,TB,18,0,0,7,23,2,2,18
00-0037258,Dameon Pierce,RB,KC,18,0,0,4,10,0,0,0
00-0037262,Thomas Booker,DT,LV,18,0,0,0,0,0,0,0
00-0037263,Tyler Allgeier,RB,ATL,18,0,0,7,16,2,1,3
00-0037270,Otito Ogbonnia,DT,LAC,18,0,0,0,0,0,0,0
00-0037271,D'Marco Jackson,LB,CHI,18,0,0,0,0,0,0,0
00-0037274,Esezi Otomewo,DT,PIT,18,0,0,0,0,0,0,0
00-0037276,Ty Chandler,RB,MIN,18,0,0,10,23,4,3,11
00-0037280,Matthew Butler,DT,MIA,18,0,0,0,0,0,0,0
00-0037281,Damone Clark,LB,HOU,18,0,0,0,0,0,0,0
00-0037283,John Ridgeway,DT,NO,18,0,0,0,0,0,0,0
00-0037284,Matt Araiza,P,KC,18,0,0,0,0,0,0,0
00-0037289,Malcolm Rodriguez,LB,DET,18,0,0,0,0,0,0,0
00-0037291,Jalen Nailor,WR,MIN,18,0,0,0,0,3,3,49
00-0037294,Jordan Jackson,DT,DEN,18,0,0,0,0,0,0,0
00-0037301,Theo Jackson,DB,MIN,18,0,0,0,0,0,0,0
00-0037304,Connor Heyward,FB,PIT,18,0,0,3,2,1,1,3
00-0037307,Ja'Sir Taylor,CB,NYJ,18,0,0,0,0,0,0,0
00-0037310,James Houston,LB,DAL,18,0,0,0,0,0,0,0
00-0037313,Montaric Brown,CB,JAX,18,0,0,0,0,0,0,0
00-0037315,Cameron Goode,LB,MIA,18,0,0,0,0,0,0,0
00-0037320,Deane Leonard,CB,LAC,18,0,0,0,0,0,0,0
00-0037323,Rodney Thomas,SAF,IND,18,0,0,0,0,0,0,0
00-0037324,Chris Oladokun,QB,KC,18,17,58,1,0,0,0,0
00-0037364,Arron Mosby,DE,GB,18,0,0,0,0,0,0,0
00-0037384,Ja'Quan McMillian,CB,DEN,18,0,0,0,0,0,0,0
00-0037431,Kingsley Jonathan,DE,NYJ,18,0,0,0,0,0,0,0
00-0037447,Tomon Fox,LB,NYG,18,0,0,0,0,0,0,0
00-0037461,Tristin McCollum,DB,LV,18,0,0,0,0,0,0,0
00-0037468,Raheem Layne,SAF,NYG,18,0,0,0,0,0,0,0
00-0037487,Deven Thompkins,WR,ATL,18,0,0,0,0,0,0,0
00-0037500,Ryan Wright,P,MIN,18,0,0,0,0,0,0,0
00-0037512,Isaiah Pola-Mao,SAF,LV,18,0,0,1,3,0,0,0
00-0037516,Sam Webb,CB,CLE,18,0,0,0,0,0,0,0
00-0037525,Jordan Mason,RB,MIN,18,0,0,14,94,0,0,0
00-0037545,Rashid Shaheed,WR,SEA,18,0,0,0,0,1,1,2
00-0037547,Daniel Whelan,P,GB,18,0,0,0,0,0,0,0
00-0037549,Darrell Baker Jr.,CB,TEN,18,0,0,0,0,0,0,0
00-0037557,Ronnie Rivers,RB,LA,18,0,0,0,0,0,0,0
00-0037561,Markquese Bell,SAF,DAL,18,0,0,0,0,0,0,0
00-0037587,Nate Landman,LB,LA,18,0,0,0,0,0,0,0
00-0037593,Tre Avery,CB,CLE,18,0,0,0,0,0,0,0
00-0037594,Julius Chestnut,RB,TEN,18,0,0,0,0,0,0,0
00-0037596,Jack Gibbens,LB,NE,18,0,0,0,0,0,0,0
00-0037602,Sam Okuayinonu,DT,SF,18,0,0,0,0,0,0,0
00-0037614,John Metchie III,WR,NYJ,18,0,0,0,0,4,3,20
00-0037616,Nick Cross,SAF,IND,18,0,0,0,0,0,0,0
00-0037617,Hassan Haskins,RB,LAC,18,0,0,1,3,0,0,0
00-0037633,Jacob Hummel,LB,BAL,18,0,0,0,0,0,0,0
00-0037661,Ja'Marcus Ingram,CB,HOU,18,0,0,0,0,0,0,0
00-0037663,Jermaine Johnson II,DE,NYJ,18,0,0,0,0,0,0,0
00-0037664,Alec Pierce,WR,IND,18,0,0,0,0,7,4,132
00-0037665,Sam Williams,LB,DAL,18,0,0,0,0,0,0,0
00-0037666,Jalen Tolbert,WR,DAL,18,0,0,0,0,1,0,0
00-0037692,Brandon Aubrey,K,DAL,18,0,0,0,0,0,0,0
00-0037741,Jahan Dotson,WR,PHI,18,0,0,0,0,8,3,40
00-0037742,Treylon Burks,WR,WAS,18,0,0,0,0,4,2,12
00-0037743,Daxton Hill,DB,CIN,18,0,0,0,0,0,0,0
00-0037744,Trey McBride,TE,ARI,18,0,0,0,0,8,7,65
00-0037746,Brian Robinson,RB,SF,18,0,0,2,9,0,0,0
00-0037752,Tycen Anderson,SAF,CIN,18,0,0,0,0,0,0,0
00-0037756,Travis Jones,DT,BAL,18,0,0,0,0,0,0,0
00-0037799,Dondrea Tillman,LB,DEN,18,0,0,0,0,0,0,0
00-0037801,KaVontae Turpin,WR,DAL,18,0,0,1,7,1,0,0
00-0037804,Zachary Carter,DT,ARI,18,0,0,0,0,0,0,0
00-0037809,Chig Okonkwo,TE,TEN,18,0,0,0,0,5,2,2
00-0037815,Cameron Thomas,DE,CLE,18,0,0,0,0,0,0,0
00-0037823,Christian Harris,LB,HOU,18,0,0,0,0,0,0,0
00-0037825,Tyler Linderbaum,C,BAL,18,0,0,0,0,0,0,0
00-0037826,Drake Jackson,DE,WAS,18,0,0,0,0,0,0,0
00-0037830,Samuel Womack,CB,NYJ,18,0,0,0,0,0,0,0
00-0037834,Brock Purdy,QB,SF,18,27,127,2,21,0,0,0
00-0037837,Calvin Austin III,WR,PIT,18,0,0,0,0,7,3,55
00-0037838,Isaiah Likely,TE,BAL,18,0,0,0,0,2,2,32
00-0037839,Cobie Durant,CB,LA,18,0,0,0,0,0,0,0
00-0037840,Kyren Williams,RB,LA,18,0,0,12,60,5,3,21
00-0037842,Derion Kendrick,CB,LA,18,0,0,0,0,0,0,0
00-0037843,Daniel Hardy,DE,CHI,18,0,0,0,0,0,0,0
00-0038038,Kyle Hamilton,SAF,BAL,18,0,0,0,0,0,0,0
00-0038039,Jack Jones,CB,MIA,18,0,0,0,0,0,0,0
00-0038040,Zamir White,RB,LV,18,0,0,1,5,1,1,5
00-0038041,Jake Ferguson,TE,DAL,18,0,0,0,0,2,1,5
00-0038043,Joshua Williams,CB,KC,18,0,0,0,0,0,0,0
00-0038090,Skyy Moore,WR,SF,18,0,0,0,0,0,0,0
00-0038094,Jordan Stout,P,BAL,18,0,0,0,0,0,0,0
00-0038099,Phidarian Mathis,DT,BUF,18,0,0,0,0,0,0,0
00-0038102,Kenny Pickett,QB,LV,18,4,3,1,9,0,0,0
00-0038106,Eyioma Uwazurike,DT,DEN,18,0,0,0,0,0,0,0
00-0038114,Max Mitchell,OT,NYJ,18,0,0,0,0,0,0,0
00-0038115,Daniel Bellinger,TE,NYG,18,0,0,0,0,2,2,38
00-0038121,Alontae Taylor,CB,NO,18,0,0,0,0,0,0,0
00-0038123,Dane Belton,SAF,NYG,18,0,0,0,0,0,0,0
00-0038125,Roger McCreary,CB,LA,18,0,0,0,0,0,0,0
00-0038127,Logan Hall,DE,TB,18,0,0,0,0,0,0,0
00-0038129,Cade Otton,TE,TB,18,0,0,0,0,9,7,94
00-0038131,Ed Ingram,G,HOU,18,0,0,0,0,0,0,0
00-0038133,Boye Mafe,DE,SEA,18,0,0,0,0,0,0,0
00-0038134,Kenneth Walker III,RB,SEA,18,0,0,16,97,4,4,36
00-0038135,Jaquan Brisker,SAF,CHI,18,0,0,0,0,0,0,0
00-0038142,David Ojabo,LB,BAL,18,0,0,0,0,0,0,0
00-0038348,Josh Butler,DB,DAL,18,0,0,0,0,0,0,0
00-0038359,Xavier Smith,WR,LA,18,0,0,0,0,2,1,6
00-0038366,Tanner Ingle,SAF,LA,18,0,0,0,0,0,0,0
00-0038397,Evan Hull,RB,NO,18,0,0,2,11,0,0,0
00-0038400,Tanner McKee,QB,PHI,18,40,241,2,3,0,0,0
00-0038407,Jaylon Jones,DB,IND,18,0,0,0,0,0,0,0
00-0038412,Moro Ojomo,DT,PHI,18,0,0,0,0,0,0,0
00-0038428,Andre Szmyt,K,CLE,18,0,0,0,0,0,0,0
00-0038440,Zavier Scott,RB,MIN,18,0,0,3,9,1,1,8
00-0038454,Keaton Mitchell,RB,BAL,18,0,0,2,2,0,0,0
00-0038463,Brenton Cox Jr.,DE,GB,18,0,0,0,0,0,0,0
00-0038504,Trenton Simpson,LB,BAL,18,0,0,0,0,0,0,0
00-0038505,Tavius Robinson,LB,BAL,18,0,0,0,0,0,0,0
00-0038514,Truman Jones,DE,TEN,18,0,0,0,0,0,0,0
00-0038541,Tyree Wilson,DE,LV,18,0,0,0,0,0,0,0
00-0038542,Bijan Robinson,RB,ATL,18,0,0,15,33,3,3,10
00-0038543,Jaxon Smith-Njigba,WR,SEA,18,0,0,0,0,8,6,84
00-0038546,Myles Murphy,DE,CIN,18,0,0,0,0,0,0,0
00-0038547,Luke Schoonmaker,TE,DAL,18,0,0,0,0,1,1,12
00-0038552,Riley Moss,CB,DEN,18,0,0,0,0,0,0,0
00-0038554,Ji'Ayir Brown,SAF,SF,18,0,0,0,0,0,0,0
00-0038555,Tank Bigsby,RB,PHI,18,0,0,16,75,1,1,31
00-0038557,Dorian Williams,LB,BUF,18,0,0,0,0,0,0,0
00-0038559,Michael Wilson,WR,ARI,18,0,0,0,0,8,5,99
00-0038560,Jordan Battle,SAF,CIN,18,0,0,0,0,0,0,0
00-0038562,Jake Moody,K,WAS,18,0,0,0,0,0,0,0
00-0038563,Tre Tucker,WR,LV,18,0,0,1,4,6,2,30
00-0038564,Cameron Latu,TE,PHI,18,0,0,0,0,0,0,0
00-0038565,Mekhi Blackmon,DB,IND,18,0,0,0,0,0,0,0
00-0038567,Chad Ryland,K,ARI,18,0,0,0,0,0,0,0
00-0038570,Ventrell Miller,LB,JAX,18,0,0,0,0,0,0,0
00-0038571,Jon Gaines II,G,ARI,18,0,0,0,0,0,0,0
00-0038573,Derius Davis,WR,LAC,18,0,0,0,0,1,1,7
00-0038574,Isaiah McGuire,DE,CLE,18,0,0,0,0,0,0,0
00-0038577,Nick Herbig,LB,PIT,18,0,0,0,0,0,0,0
00-0038578,Jay Ward,SAF,MIN,18,0,0,0,0,0,0,0
00-0038579,Aidan O'Connell,QB,LV,18,22,102,1,7,0,0,0
00-0038582,Clayton Tune,QB,GB,18,11,34,4,23,0,0,0
00-0038585,Cameron Mitchell,DB,IND,18,0,0,0,0,0,0,0
00-0038587,Jammie Robinson,SAF,ATL,18,0,0,0,0,0,0,0
00-0038588,Jordan Howden,SAF,NO,18,0,0,0,0,0,0,0
00-0038589,Josh Whyle,TE,GB,18,0,0,0,0,1,1,4
00-0038591,Mike Morris,DE,SEA,18,0,0,0,0,0,0,0
00-0038596,Antonio Johnson,SAF,JAX,18,0,0,0,0,0,0,0
00-0038597,Chase Brown,RB,CIN,18,0,0,13,72,6,4,18
00-0038599,Henry To'oTo'o,LB,HOU,18,0,0,0,0,0,0,0
00-0038600,Owen Pappoe,LB,ARI,18,0,0,0,0,0,0,0
00-0038606,Parker Washington,WR,JAX,18,0,0,0,0,9,5,87
00-0038608,Kayshon Boutte,WR,NE,18,0,0,0,0,4,2,24
00-0038610,Bryce Baringer,P,NE,18,0,0,0,0,0,0,0
00-0038611,Chris Rodriguez Jr.,RB,WAS,18,0,0,16,65,1,1,18
00-0038613,Jerrick Reed II,SAF,TEN,18,0,0,0,0,0,0,0
00-0038616,Christian Braswell,CB,JAX,18,0,0,0,0,0,0,0
00-0038618,Xavier Hutchinson,WR,HOU,18,0,0,0,0,9,5,84
00-0038619,Andrei Iosivas,WR,CIN,18,0,0,0,0,3,2,10
00-0038620,Erick Hallett,SAF,TEN,18,0,0,0,0,0,0,0
00-0038621,DeMario Douglas,WR,NE,18,0,0,0,0,3,2,29
00-0038623,Dante Stills,DT,ARI,18,0,0,0,0,0,0,0
00-0038625,Dee Winters,LB,SF,18,0,0,0,0,0,0,0
00-0038640,Jalen Brooks,WR,ARI,18,0,0,0,0,0,0,0
00-0038642,D.J. Ivey,CB,CIN,18,0,0,0,0,0,0,0
00-0038647,Ronnie Bell,WR,NO,18,0,0,0,0,4,2,23
00-0038653,Cory Durden,DT,NE,18,0,0,0,0,0,0,0
00-0038660,Trevor Nowaske,LB,DET,18,0,0,0,0,0,0,0
00-0038684,Ethan Bonner,CB,MIA,18,0,0,0,0,0,0,0
00-0038685,Chris Brooks,RB,GB,18,0,0,13,61,0,0,0
00-0038694,Brandon Pili,DT,SEA,18,0,0,0,0,0,0,0
00-0038696,Keidron Smith,DB,NYJ,18,0,0,0,0,0,0,0
00-0038705,Emari Demercado,RB,ARI,18,0,0,2,29,1,1,28
00-0038710,Blake Whiteheart,TE,CLE,18,0,0,0,0,1,0,0
00-0038711,Mohamoud Diabate,LB,CLE,18,0,0,0,0,0,0,0
00-0038715,Ronnie Hickman Jr.,SAF,CLE,18,0,0,0,0,0,0,0
00-0038720,Julian Hill,TE,MIA,18,0,0,0,0,1,1,8
00-0038738,Hunter Luepke,RB,DAL,18,0,0,2,12,1,1,4
00-0038742,Tyrus Wheat,LB,DET,18,0,0,0,0,0,0,0
00-0038764,Patrick O'Connell,LB,SEA,18,0,0,0,0,0,0,0
00-0038765,Ty Okada,SAF,SEA,18,0,0,0,0,0,0,0
00-0038778,Jalen Redmond,DL,MIN,18,0,0,0,0,0,0,0
00-0038788,Art Green,CB,NYG,18,0,0,0,0,0,0,0
00-0038791,Thomas Incoom,LB,CAR,18,0,0,0,0,0,0,0
00-0038794,Jaleel McLaughlin,RB,DEN,18,0,0,6,41,2,1,17
00-0038797,Emanuel Wilson,RB,GB,18,0,0,18,44,1,1,4
00-0038807,Ivan Pace Jr.,LB,MIN,18,0,0,0,0,0,0,0
00-0038809,Ben Sims,TE,MIN,18,0,0,0,0,4,1,18
00-0038820,Christian Izien,SAF,TB,18,0,0,0,0,0,0,0
00-0038823,Kaevon Merriweather,SAF,HOU,18,0,0,0,0,0,0,0
00-0038840,Brycen Tremayne,WR,CAR,18,0,0,0,0,2,2,27
00-0038891,Shedrick Jackson,WR,LV,18,0,0,1,3,1,1,11
00-0038905,Blake Grupe,K,IND,18,0,0,0,0,0,0,0
00-0038922,Drake Thomas,LB,SEA,18,0,0,0,0,0,0,0
00-0038933,Dalton Kincaid,TE,BUF,18,0,0,0,0,3,3,48
00-0038935,Brenton Strange,TE,JAX,18,0,0,0,0,6,6,52
00-0038937,Zacch Pickens,DT,KC,18,0,0,0,0,0,0,0
00-0038940,Tyler Lacy,DE,DET,18,0,0,0,0,0,0,0
00-0038951,Sean Tucker,RB,TB,18,0,0,4,-4,0,0,0
00-0038953,Dylan Drummond,WR,ATL,18,0,0,0,0,0,0,0
00-0038966,Natrone Brooks,DB,ATL,18,0,0,0,0,0,0,0
00-0038976,Marvin Mims Jr.,WR,DEN,18,0,0,0,0,3,2,10
00-0038978,Byron Young,DT,PHI,18,0,0,0,0,0,0,0
00-0038979,Cedric Tillman,WR,CLE,18,0,0,0,0,2,1,23
00-0038982,Chamarri Conner,DB,KC,18,0,0,0,0,0,0,0
00-0038994,Jordan Addison,WR,MIN,18,0,0,0,0,3,1,8
00-0038997,Josh Downs,WR,IND,18,0,0,1,-5,4,4,61
00-0039000,Deonte Banks,CB,NYG,18,0,0,0,0,0,0,0
00-0039002,Sydney Brown,SAF,PHI,18,0,0,0,0,0,0,0
00-0039009,Dylan Horton,DE,HOU,18,0,0,0,0,0,0,0
00-0039013,Nolan Smith,LB,PHI,18,0,0,0,0,0,0,0
00-0039018,Jack Campbell,LB,DET,18,0,0,0,0,0,0,0
00-0039031,Adetomiwa Adebawore,DT,IND,18,0,0,0,0,0,0,0
00-0039032,Tyjae Spears,RB,TEN,18,0,0,3,18,7,7,9
00-0039041,Elijah Higgins,TE,ARI,18,0,0,0,0,3,3,28
00-0039047,Derick Hall,LB,SEA,18,0,0,0,0,0,0,0
00-0039048,Matthew Bergeron,OL,ATL,18,0,0,0,0,0,0,0
00-0039049,SirVocea Dennis,LB,TB,18,0,0,0,0,0,0,0
00-0039050,Payne Durham,TE,TB,18,0,0,0,0,1,0,0
00-0039051,Josh Hayes,DB,TB,18,0,0,0,0,0,0,0
00-0039054,Marte Mapu,LB,NE,18,0,0,0,0,0,0,0
00-0039059,Ethan Evans,P,LA,18,0,0,0,0,0,0,0
00-0039061,Desjuan Johnson,DE,LA,18,0,0,0,0,0,0,0
00-0039062,Jonathan Mingo,WR,DAL,18,0,0,0,0,1,0,0
00-0039063,Calijah Kancey,DT,TB,18,0,0,0,0,0,0,0
00-0039064,Zay Flowers,WR,BAL,18,0,0,0,0,6,4,138
00-0039066,Michael Mayer,TE,LV,18,0,0,0,0,5,3,47
00-0039068,Yaya Diaby,LB,TB,18,0,0,0,0,0,0,0
00-0039070,Gervon Dexter Sr.,DT,CHI,18,0,0,0,0,0,0,0
00-0039072,Jakorian Bennett,DB,PHI,18,0,0,0,0,0,0,0
00-0039074,Davis Allen,TE,LA,18,0,0,0,0,1,0,0
00-0039075,Puka Nacua,WR,LA,18,0,0,2,24,11,10,76
00-0039108,Will Anderson Jr.,DE,HOU,18,0,0,0,0,0,0,0
00-0039110,Keeanu Benton,DT,PIT,18,0,0,0,0,0,0,0
00-0039137,Byron Young,LB,LA,18,0,0,0,0,0,0,0
00-0039138,Kobie Turner,DE,LA,18,0,0,0,0,0,0,0
00-0039139,Jahmyr Gibbs,RB,DET,18,0,0,19,80,5,3,33
00-0039140,Kelee Ringo,CB,PHI,18,0,0,0,0,0,0,0
00-0039147,Christian Gonzalez,CB,NE,18,0,0,0,0,0,0,0
00-0039148,Keion White,DE,SF,18,0,0,0,0,0,0,0
00-0039149,Quan Martin,SAF,WAS,18,0,0,0,0,0,0,0
00-0039150,Bryce Young,QB,CAR,18,35,266,2,-1,0,0,0
00-0039151,Emmanuel Forbes,CB,LA,18,0,0,0,0,0,0,0
00-0039155,BJ Ojulari,LB,ARI,18,0,0,0,0,0,0,0
00-0039163,C.J. Stroud,QB,HOU,18,23,169,2,5,0,0,0
00-0039165,Zach Charbonnet,RB,SEA,18,0,0,17,74,4,3,23
00-0039167,Joey Porter Jr.,CB,PIT,18,0,0,0,0,0,0,0
00-0039169,Devon Witherspoon,CB,SEA,18,0,0,0,0,0,0,0
00-0039172,Jake Bates,K,DET,18,0,0,0,0,0,0,0
00-0039174,Chukwuebuka Godrick,OT,KC,18,0,0,0,0,0,0,0
00-0039178,Austin Ajiake,LB,IND,18,0,0,0,0,0,0,0
00-0039229,Charlie Smyth,K,NO,18,0,0,0,0,0,0,0
00-0039232,Nate Wiggins,CB,BAL,18,0,0,0,0,0,0,0
00-0039234,T.J. Tampa,CB,BAL,18,0,0,0,0,0,0,0
00-0039235,Sanoussi Kane,SAF,TEN,18,0,0,0,0,0,0,0
00-0039284,Braiden McGregor,DE,NYJ,18,0,0,0,0,0,0,0
00-0039289,Leonard Taylor III,DT,NE,18,0,0,0,0,0,0,0
00-0039291,Eric Watts,DE,NYJ,18,0,0,0,0,0,0,0
00-0039292,Shemar Bartholomew,CB,GB,18,0,0,0,0,0,0,0
00-0039305,Jack Westover,TE,NE,18,0,0,0,0,1,1,0
00-0039309,Byron Murphy II,DT,SEA,18,0,0,0,0,0,0,0
00-0039323,Ryan Rehkow,P,CIN,18,0,0,0,0,0,0,0
00-0039332,C.J. Ravenell,DE,TEN,18,0,0,0,0,0,0,0
00-0039339,Taliese Fuaga,OT,NO,18,0,0,0,0,0,0,0
00-0039340,Laiatu Latu,DE,IND,18,0,0,0,0,0,0,0
00-0039342,Xavier Legette,WR,CAR,18,0,0,0,0,4,3,22
00-0039345,Renardo Green,CB,SF,18,0,0,0,0,0,0,0
00-0039353,Jarrian Jones,CB,JAX,18,0,0,0,0,0,0,0
00-0039357,Decamerion Richardson,CB,LV,18,0,0,0,0,0,0,0
00-0039359,Cade Stover,TE,HOU,18,0,0,0,0,2,1,9
00-0039360,Malik Mustapha,SAF,SF,18,0,0,0,0,0,0,0
00-0039361,Bucky Irving,RB,TB,18,0,0,26,85,2,1,13
00-0039364,Sione Vaki,RB,DET,18,0,0,0,0,0,0,0
00-0039366,Tarheeb Still,CB,LAC,18,0,0,0,0,0,0,0
00-0039368,Jordan Magee,LB,WAS,18,0,0,0,0,0,0,0
00-0039369,Cam Hart,CB,LAC,18,0,0,0,0,0,0,0
00-0039370,JD Bertrand,LB,ATL,18,0,0,0,0,0,0,0
00-0039371,Kris Abrams-Draine,CB,DEN,18,0,0,0,0,0,0,0
00-0039373,Audric Estimé,RB,NO,18,0,0,21,63,5,5,43
00-0039374,Tommy Eichenberg,LB,LV,18,0,0,0,0,0,0,0
00-0039380,Chau Smith-Wade,CB,CAR,18,0,0,0,0,0,0,0
00-0039383,Jaylin Simpson,CB,GB,18,0,0,0,0,0,0,0
00-0039384,Tyrone Tracy Jr.,RB,NYG,18,0,0,18,103,9,8,56
00-0039387,Caelen Carson,DB,DAL,18,0,0,0,0,0,0,0
00-0039388,Jaylan Ford,LB,NO,18,0,0,0,0,0,0,0
00-0039389,Logan Lee,DT,PIT,18,0,0,0,0,0,0,0
00-0039391,Kimani Vidal,RB,LAC,18,0,0,3,12,1,1,-2
00-0039396,Mekhi Wingo,DT,DET,18,0,0,0,0,0,0,0
00-0039398,Joe Milton III,QB,DAL,18,13,73,4,43,0,0,0
00-0039401,Khristian Boyd,DT,NO,18,0,0,0,0,0,0,0
00-0039404,Will Reichard,K,MIN,18,0,0,0,0,0,0,0
00-0039405,Jawhar Jordan,RB,HOU,18,0,0,5,3,0,0,0
00-0039407,Dylan Laube,RB,LV,18,0,0,0,0,0,0,0
00-0039409,Cam Little,K,JAX,18,0,0,0,0,0,0,0
00-0039410,Ryan Flournoy,WR,DAL,18,0,0,0,0,7,5,68
00-0039416,Jaden Davis,DB,ARI,18,0,0,0,0,0,0,0
00-0039417,Myles Harden,CB,CLE,18,0,0,0,0,0,0,0
00-0039423,Jonah Laulu,DT,LV,18,0,0,0,0,0,0,0
00-0039430,James Williams,LB,TEN,18,0,0,0,0,0,0,0
00-0039431,Jowon Briggs,DE,NYJ,18,0,0,0,0,0,0,0
00-0039435,Tatum Bethune,LB,SF,18,0,0,0,0,0,0,0
00-0039436,Jaylen Harrell,DE,TEN,18,0,0,0,0,0,0,0
00-0039445,Hogan Hatten,LS,DET,18,0,0,0,0,0,0,0
00-0039451,Isaiah Williams,WR,NYJ,18,0,0,0,0,7,5,24
00-0039458,Brenden Bates,TE,CLE,18,0,0,0,0,1,1,6
00-0039465,Reddy Steward,DB,DAL,18,0,0,0,0,0,0,0
00-0039491,Jalen Coker,WR,CAR,18,0,0,0,0,7,6,47
00-0039498,Harrison Mevis,K,LA,18,0,0,0,0,0,0,0
00-0039513,Chris Edmonds,SAF,CLE,18,0,0,0,0,0,0,0
00-0039530,Brevyn Spann-Ford,TE,DAL,18,0,0,0,0,3,2,30
00-0039589,Kameron Johnson,WR,TB,18,0,0,0,0,0,0,0
00-0039596,Rashad Wisdom,SAF,TB,18,0,0,0,0,0,0,0
00-0039603,British Brooks,RB,HOU,18,0,0,13,63,0,0,0
00-0039620,Rico Payton,CB,NYG,18,0,0,0,0,0,0,0
00-0039622,Isaiah Stalbird,LB,NO,18,0,0,0,0,0,0,0
00-0039632,PJ Jules,SAF,CIN,18,0,0,0,0,0,0,0
00-0039634,Austin McNamara,P,NYJ,18,0,0,0,0,0,0,0
00-0039637,Maema Njongmeta,LB,CAR,18,0,0,0,0,0,0,0
00-0039648,David Martin-Robinson,TE,TEN,18,0,0,0,0,3,1,14
00-0039692,Dell Pettus,SAF,NE,18,0,0,0,0,0,0,0
00-0039710,Jeshaun Jones,WR,MIN,18,0,0,0,0,0,0,0
00-0039718,Bo Richter,LB,MIN,18,0,0,0,0,0,0,0
00-0039720,Taki Taimani,DL,MIN,18,0,0,0,0,0,0,0
00-0039731,JC Latham,OT,TEN,18,0,0,0,0,0,0,0
00-0039732,Bo Nix,QB,DEN,18,23,141,8,49,0,0,0
00-0039733,Ruke Orhorhoro,DT,ATL,18,0,0,0,0,0,0,0
00-0039734,Braden Fiske,DT,LA,18,0,0,0,0,0,0,0
00-0039738,Blake Corum,RB,LA,18,0,0,13,59,1,1,10
00-0039740,Jalyx Hunt,LB,PHI,18,0,0,0,0,0,0,0
00-0039741,Payton Wilson,LB,PIT,18,0,0,0,0,0,0,0
00-0039745,Tory Taylor,P,CHI,18,0,0,0,0,0,0,0
00-0039746,Will Shipley,RB,PHI,18,0,0,1,2,3,2,11
00-0039749,Tyler Davis,DE,LA,18,0,0,0,0,0,0,0
00-0039751,Jordan Whittington,WR,LA,18,0,0,0,0,0,0,0
00-0039752,Cedric Johnson,DE,CIN,18,0,0,0,0,0,0,0
00-0039763,Joe Andreessen,LB,BUF,18,0,0,0,0,0,0,0
00-0039764,Elijah Chatman,DT,NYG,18,0,0,0,0,0,0,0
00-0039770,Charles Woods,CB,NE,18,0,0,0,0,0,0,0
00-0039774,Omar Speights,LB,LA,18,0,0,0,0,0,0,0
00-0039776,Jaylen McCollough,SAF,LA,18,0,0,0,0,0,0,0
00-0039792,Devontez Walker,WR,BAL,18,0,0,0,0,2,2,46
00-0039793,AJ Barner,TE,SEA,18,0,0,0,0,3,2,14
00-0039796,Rasheen Ali,RB,BAL,18,0,0,1,0,0,0,0
00-0039809,Jonah Elliss,LB,DEN,18,0,0,0,0,0,0,0
00-0039812,Ty'Ron Hopper,LB,GB,18,0,0,0,0,0,0,0
00-0039813,Evan Williams,SAF,GB,18,0,0,0,0,0,0,0
00-0039818,Kitan Oladapo,SAF,GB,18,0,0,0,0,0,0,0
00-0039821,Andru Phillips,DB,NYG,18,0,0,0,0,0,0,0
00-0039823,Elijah Jones,CB,ARI,18,0,0,0,0,0,0,0
00-0039824,Jared Wiley,TE,KC,18,0,0,0,0,0,0,0
00-0039825,Jaden Hicks,SAF,KC,18,0,0,0,0,0,0,0
00-0039826,Jeremiah Trotter Jr.,LB,PHI,18,0,0,0,0,0,0,0
00-0039829,Darius Muasau,LB,NYG,18,0,0,0,0,0,0,0
00-0039834,Kamren Kinchens,SAF,LA,18,0,0,0,0,0,0,0
00-0039835,Justin Eboigbe,DT,LAC,18,0,0,0,0,0,0,0
00-0039838,Calen Bullock,SAF,HOU,18,0,0,0,0,0,0,0
00-0039840,Austin Booker,DE,CHI,18,0,0,0,0,0,0,0
00-0039844,Kingsley Suamataia,OT,KC,18,0,0,0,0,0,0,0
00-0039846,Tykee Smith,DB,TB,18,0,0,0,0,0,0,0
00-0039851,Drake Maye,QB,NE,18,18,191,5,41,0,0,0
00-0039852,Jared Verse,DE,LA,18,0,0,0,0,0,0,0
00-0039854,Darius Robinson,DL,ARI,18,0,0,0,0,0,0,0
00-0039855,Jalen McMillan,WR,TB,18,0,0,0,0,1,1,11
00-0039858,Cedric Gray,LB,TEN,18,0,0,0,0,0,0,0
00-0039860,Kool-Aid McKinstry,CB,NO,18,0,0,0,0,0,0,0
00-0039864,Dadrion Taylor-Demerson,SAF,ARI,18,0,0,0,0,0,0,0
00-0039867,Javon Bullard,SAF,GB,18,0,0,0,0,0,0,0
00-0039868,Troy Franklin,WR,DEN,18,0,0,0,0,1,0,0
00-0039874,Jaylen Wright,RB,MIA,18,0,0,13,23,2,2,17
00-0039875,Ray Davis,RB,BUF,18,0,0,21,151,2,2,23
00-0039876,Sedrick Van Pran-Granger,C,BUF,18,0,0,0,0,0,0,0
00-0039879,Javon Solomon,LB,BUF,18,0,0,0,0,0,0,0
00-0039880,Malik Washington,WR,MIA,18,0,0,2,22,4,3,6
00-0039884,Tahj Washington,WR,MIA,18,0,0,0,0,3,2,26
00-0039886,T'Vondre Sweat,DT,TEN,18,0,0,0,0,0,0,0
00-0039890,Adonai Mitchell,WR,NYJ,18,0,0,0,0,3,0,0
00-0039893,Brian Thomas Jr.,WR,JAX,18,0,0,0,0,5,3,49
00-0039895,Mike Hall Jr.,DT,CLE,18,0,0,0,0,0,0,0
00-0039898,Mike Sainristil,CB,WAS,18,0,0,0,0,0,0,0
00-0039899,Patrick Paul,OT,MIA,18,0,0,0,0,0,0,0
00-0039901,Keon Coleman,WR,BUF,18,0,0,0,0,4,2,49
00-0039904,Jordan Morgan,OT,GB,18,0,0,0,0,0,0,0
00-0039912,Ben Sinnott,TE,WAS,18,0,0,0,0,2,2,3
00-0039918,Caleb Williams,QB,CHI,18,33,212,1,1,0,0,0
00-0039920,Malachi Corley,WR,CLE,18,0,0,3,18,2,2,20
00-0039923,J.J. McCarthy,QB,MIN,18,23,182,2,7,0,0,0
00-0039924,Dallas Turner,LB,MIN,18,0,0,0,0,0,0,0
00-0040010,Barryn Sorrell,DE,GB,18,0,0,0,0,0,0,0
00-0040011,Shemar James,LB,DAL,18,0,0,0,0,0,0,0
00-0040012,Collin Oliver,LB,GB,18,0,0,0,0,0,0,0
00-0040013,Smael Mondon Jr.,LB,PHI,18,0,0,0,0,0,0,0
00-0040016,Warren Brinson,DT,GB,18,0,0,0,0,0,0,0
00-0040020,Micah Robinson,CB,TEN,18,0,0,0,0,0,0,0
00-0040021,Phil Mafah,RB,DAL,18,0,0,5,18,2,2,11
00-0040024,Darius Cooper,WR,PHI,18,0,0,0,0,5,3,33
00-0040027,Brandon Johnson,DB,PHI,18,0,0,0,0,0,0,0
00-0040033,Johnathan Baldwin,SAF,GB,18,0,0,0,0,0,0,0
00-0040037,Jamon Johnson,LB,GB,18,0,0,0,0,0,0,0
00-0040041,Nazir Stackhouse,DT,GB,18,0,0,0,0,0,0,0
00-0040066,Jackson Woodard,LB,MIA,18,0,0,0,0,0,0,0
00-0040071,Mac McWilliams,CB,PHI,18,0,0,0,0,0,0,0
00-0040072,Jeffrey Bassa,LB,KC,18,0,0,0,0,0,0,0
00-0040074,Tyler Loop,K,BAL,18,0,0,0,0,0,0,0
00-0040075,LaJohntay Wester,WR,BAL,18,0,0,0,0,0,0,0
00-0040078,Brashard Smith,RB,KC,18,0,0,12,56,4,2,2
00-0040089,Kevin Knowles,DB,KC,18,0,0,0,0,0,0,0
00-0040100,Jay Higgins,LB,BAL,18,0,0,0,0,0,0,0
00-0040104,Keondre Jackson,SAF,BAL,18,0,0,0,0,0,0,0
00-0040118,Cooper McDonald,LB,KC,18,0,0,0,0,0,0,0
00-0040122,Ashton Jeanty,RB,LV,18,0,0,26,87,5,3,7
00-0040124,Tetairoa McMillan,WR,CAR,18,0,0,0,0,6,4,85
00-0040125,Kelvin Banks Jr.,OT,NO,18,0,0,0,0,0,0,0
00-0040126,Colston Loveland,TE,CHI,18,0,0,0,0,13,10,91
00-0040127,Kenneth Grant,DT,MIA,18,0,0,0,0,0,0,0
00-0040128,Tyler Warren,TE,IND,18,0,0,0,0,8,5,26
00-0040129,Emeka Egbuka,WR,TB,18,0,0,0,0,3,1,8
00-0040130,Jayden Higgins,WR,HOU,18,0,0,0,0,5,2,23
00-0040131,Kyle Williams,WR,NE,18,0,0,1,5,0,0,0
00-0040134,Pat Bryant,WR,DEN,18,0,0,0,0,5,4,31
00-0040136,Princely Umanmielen,LB,CAR,18,0,0,0,0,0,0,0
00-0040137,Jordan Burch,LB,ARI,18,0,0,0,0,0,0,0
00-0040138,Jaylin Noel,WR,HOU,18,0,0,0,0,1,1,13
00-0040143,Jacob Parrish,CB,TB,18,0,0,0,0,0,0,0
00-0040144,Jamaree Caldwell,DT,LAC,18,0,0,0,0,0,0,0
00-0040148,Xavier Watts,SAF,ATL,18,0,0,0,0,0,0,0
00-0040150,Caleb Rogers,OT,LV,18,0,0,0,0,0,0,0
00-0040152,Upton Stout,CB,SF,18,0,0,0,0,0,0,0
00-0040153,Sai'vion Jones,DE,DEN,18,0,0,0,0,0,0,0
00-0040154,Tai Felton,WR,MIN,18,0,0,0,0,0,0,0
00-0040155,Danny Stutsman,LB,NO,18,0,0,0,0,0,0,0
00-0040157,Barrett Carter,LB,CIN,18,0,0,0,0,0,0,0
00-0040159,Lathan Ransom,SAF,CAR,18,0,0,0,0,0,0,0
00-0040160,Jack Sawyer,LB,PIT,18,0,0,0,0,0,0,0
00-0040162,Dylan Sampson,RB,CLE,18,0,0,10,32,3,2,12
00-0040165,Malachi Moore,SAF,NYJ,18,0,0,0,0,0,0,0
00-0040166,Quincy Riley,CB,NO,18,0,0,0,0,0,0,0
00-0040169,Tonka Hemingway,DT,LV,18,0,0,0,0,0,0,0
00-0040170,Elic Ayomanor,WR,TEN,18,0,0,0,0,10,3,50
00-0040174,Cam Jackson,DT,CAR,18,0,0,0,0,0,0,0
00-0040175,Jordan Phillips,DT,MIA,18,0,0,0,0,0,0,0
00-0040178,Jason Marshall Jr.,CB,MIA,18,0,0,0,0,0,0,0
00-0040179,DJ Giddens,RB,IND,18,0,0,8,30,0,0,0
00-0040181,Marcus Mbow,G,NYG,18,0,0,0,0,0,0,0
00-0040182,Dante Trader Jr.,SAF,MIA,18,0,0,0,0,0,0,0
00-0040183,Elijah Roberts,DE,TB,18,0,0,0,0,0,0,0
00-0040184,KeAndre Lambert-Smith,WR,LAC,18,0,0,0,0,5,2,24
00-0040187,Mitchell Evans,TE,CAR,18,0,0,0,0,2,1,5
00-0040188,Yahya Black,DE,PIT,18,0,0,0,0,0,0,0
00-0040189,Oronde Gadsden II,TE,LAC,18,0,0,0,0,2,2,23
00-0040192,Jordan Hancock,CB,BUF,18,0,0,0,0,0,0,0
00-0040194,Jackson Hawes,TE,BUF,18,0,0,0,0,1,1,0
00-0040195,Denzel Burke,CB,ARI,18,0,0,0,0,0,0,0
00-0040198,Ollie Gordon II,RB,MIA,18,0,0,9,9,1,1,2
00-0040199,JJ Pegues,DT,LV,18,0,0,0,0,0,0,0
00-0040200,Andy Borregales,K,NE,18,0,0,0,0,0,0,0
00-0040206,Riley Leonard,QB,IND,18,34,270,3,21,0,0,-3
00-0040212,Branson Taylor,OT,LAC,18,0,0,0,0,0,0,0
00-0040213,Rayuan Lane III,SAF,JAX,18,0,0,0,0,0,0,0
00-0040218,Jimmy Horn Jr.,WR,CAR,18,0,0,0,0,1,1,15
00-0040221,R.J. Mickens,SAF,LAC,18,0,0,0,0,0,0,0
00-0040223,Jeremy Crawshaw,P,DEN,18,0,0,0,0,0,0,0
00-0040231,Carson Bruener,LB,PIT,18,0,0,0,0,0,0,0
00-0040234,Quinn Ewers,QB,MIA,18,23,137,1,9,0,0,0
00-0040236,Kyle Monangai,RB,CHI,18,0,0,6,14,1,1,15
00-0040237,Tez Johnson,WR,TB,18,0,0,1,5,1,1,17
00-0040242,Jacory Croskey-Merritt,RB,WAS,18,0,0,13,29,0,0,0
00-0040246,Julian Ashby,LS,NE,18,0,0,0,0,0,0,0
00-0040248,Zeek Biggers,DT,MIA,18,0,0,0,0,0,0,0
00-0040251,Trikweze Bridges,DB,DAL,18,0,0,0,0,0,0,0
00-0040259,Gage Larvadain,WR,CLE,18,0,0,0,0,0,0,0
00-0040261,Easton Mascarenas-Arnold,LB,CLE,18,0,0,0,0,0,0,0
00-0040263,Donovan McMillon,SAF,CLE,18,0,0,0,0,0,0,0
00-0040277,Jahdae Walker,WR,CHI,18,0,0,0,0,3,2,36
00-0040279,Ryan Fitzgerald,K,CAR,18,0,0,0,0,0,0,0
00-0040289,Bam Martin-Scott,LB,CAR,18,0,0,0,0,0,0,0
00-0040311,Theo Wease Jr.,WR,MIA,18,0,0,0,0,5,3,44
00-0040318,Ale Kaho,LB,WAS,18,0,0,0,0,0,0,0
00-0040326,Branson Combs,LB,JAX,18,0,0,0,0,0,0,0
00-0040328,Ethan Downs,LB,KC,18,0,0,0,0,0,0,0
00-0040329,BJ Green II,DE,JAX,18,0,0,0,0,0,0,0
00-0040342,Danny Striggow,DE,JAX,18,0,0,0,0,0,0,0
00-0040347,Johnathan Edwards,DB,IND,18,0,0,0,0,0,0,0
00-0040362,Keonta Jenkins,LB,BUF,18,0,0,0,0,0,0,0
00-0040363,Keleki Latu,TE,BUF,18,0,0,0,0,3,3,31
00-0040369,Howard Cross III,DT,CIN,18,0,0,0,0,0,0,0
00-0040371,Eric Gregory,DT,NE,18,0,0,0,0,0,0,0
00-0040382,Josh Fryar,OT,ARI,18,0,0,0,0,0,0,0
00-0040388,Jakobie Keeney-James,WR,GB,18,0,0,0,0,2,2,15
00-0040396,Dean Clark,SAF,NYJ,18,0,0,0,0,0,0,0
00-0040398,Brady Cook,QB,NYJ,18,22,60,3,7,0,0,0
00-0040404,Payton Page,DT,NYJ,18,0,0,0,0,0,0,0
00-0040406,Quentin Skinner,WR,NYJ,18,0,0,0,0,1,1,10
00-0040411,Alijah Huzzie,CB,HOU,18,0,0,0,0,0,0,0
00-0040431,Dalen Cambre,WR,NYG,18,0,0,0,0,0,0,0
00-0040460,Marlowe Wax,LB,LAC,18,0,0,0,0,0,0,0
00-0040466,Raheim Sanders,RB,CLE,18,0,0,5,26,1,1,7
00-0040489,Greedy Vance,CB,LV,18,0,0,0,0,0,0,0
00-0040492,Tyler Batty,LB,MIN,18,0,0,0,0,0,0,0
00-0040494,Max Brosmer,QB,MIN,18,8,57,0,0,0,0,0
00-0040509,Ben Yurosek,TE,MIN,18,0,0,0,0,1,1,9
00-0040530,Ben Sauls,K,NYG,18,0,0,0,0,0,0,0
00-0040534,Ke'Shawn Williams,WR,CIN,18,0,0,1,9,0,0,0
00-0040546,Cobee Bryant,CB,ATL,18,0,0,0,0,0,0,0
00-0040556,Corey Kiner,RB,ARI,18,0,0,3,13,3,2,15
00-0040563,Efton Chism III,WR,NE,18,0,0,0,0,1,1,35
00-0040574,Elijah Ponder,LB,NE,18,0,0,0,0,0,0,0
00-0040577,Jalon Walker,LB,ATL,18,0,0,0,0,0,0,0
00-0040578,James Pearce Jr.,DE,ATL,18,0,0,0,0,0,0,0
00-0040580,Josaiah Stewart,LB,LA,18,0,0,0,0,0,0,0
00-0040581,Dont'e Thornton Jr.,WR,LV,18,0,0,0,0,1,0,0
00-0040582,Arian Smith,WR,NYJ,18,0,0,1,2,2,0,0
00-0040583,Woody Marks,RB,HOU,18,0,0,10,48,3,2,0
00-0040586,Jaydon Blue,RB,DAL,18,0,0,16,64,0,0,0
00-0040590,Konata Mumpfield,WR,LA,18,0,0,0,0,1,0,0
00-0040604,Jahfari Harvey,DE,LV,18,0,0,0,0,0,0,0
00-0040613,Shaun Dolac,LB,LA,18,0,0,0,0,0,0,0
00-0040628,Drake Dabney,TE,GB,18,0,0,0,0,2,1,3
00-0040634,Jordan Turner,LB,DEN,18,0,0,0,0,0,0,0
00-0040639,Grey Zabel,G,SEA,18,0,0,0,0,0,0,0
00-0040640,Ashton Gillotte,DE,KC,18,0,0,0,0,0,0,0
00-0040641,Darien Porter,CB,LV,18,0,0,0,0,0,0,0
00-0040643,Jonas Sanker,SAF,NO,18,0,0,0,0,0,0,0
00-0040644,Trevor Etienne,RB,CAR,18,0,0,0,0,0,0,0
00-0040645,Cody Simon,LB,ARI,18,0,0,0,0,0,0,0
00-0040646,Jalen Royals,WR,KC,18,0,0,0,0,3,2,4
00-0040654,Kai Kroeger,P,NO,18,0,0,0,0,0,0,0
00-0040662,Ty Robinson,DT,PHI,18,0,0,0,0,0,0,0
00-0040667,Matthew Golden,WR,GB,18,0,0,0,0,3,1,8
00-0040668,Shedeur Sanders,QB,CLE,18,22,111,3,26,0,0,0
00-0040669,Isaac TeSlaa,WR,DET,18,0,0,0,0,1,1,18
00-0040670,Nohl Williams,CB,KC,18,0,0,0,0,0,0,0
00-0040672,Tyleik Williams,DT,DET,18,0,0,0,0,0,0,0
00-0040676,Cam Ward,QB,TEN,18,3,52,2,11,0,0,0
00-0040677,Abdul Carter,LB,NYG,18,0,0,0,0,0,0,0
00-0040678,Derrick Harmon,DT,PIT,18,0,0,0,0,0,0,0
00-0040685,Mason Graham,DT,CLE,18,0,0,0,0,0,0,0
00-0040688,Malaki Starks,SAF,BAL,18,0,0,0,0,0,0,0
00-0040691,Jaxson Dart,QB,NYG,18,32,230,5,32,0,0,0
00-0040694,Darius Alexander,DT,NYG,18,0,0,0,0,0,0,0
00-0040705,Chimere Dike,WR,TEN,18,0,0,0,0,4,3,27
00-0040708,Jihaad Campbell,LB,PHI,18,0,0,0,0,0,0,0
00-0040709,Maxwell Hairston,CB,BUF,18,0,0,0,0,0,0,0
00-0040711,CJ West,DT,SF,18,0,0,0,0,0,0,0
00-0040716,Craig Woodson,SAF,NE,18,0,0,0,0,0,0,0
00-0040719,Bhayshul Tuten,RB,JAX,18,0,0,5,23,0,0,0
00-0040720,Jahdae Barron,CB,DEN,18,0,0,0,0,0,0,0
00-0040721,Alfred Collins,DT,SF,18,0,0,0,0,0,0,0
00-0040722,Mike Green,LB,BAL,18,0,0,0,0,0,0,0
00-0040724,T.J. Sanders,DT,BUF,18,0,0,0,0,0,0,0
00-0040725,Donovan Ezeiruaku,LB,DAL,18,0,0,0,0,0,0,0
00-0040727,Tre Harris,WR,LAC,18,0,0,0,0,6,2,28
00-0040728,Tate Ratledge,G,DET,18,0,0,0,0,0,0,0
00-0040729,Jack Bech,WR,LV,18,0,0,0,0,2,0,0
00-0040730,RJ Harvey,RB,DEN,18,0,0,15,28,4,1,5
00-0040733,Nick Emmanwori,SAF,SEA,18,0,0,0,0,0,0,0
00-0040734,TreVeyon Henderson,RB,NE,18,0,0,13,53,0,0,0
00-0040735,Luther Burden III,WR,CHI,18,0,0,1,10,4,3,35
00-0040738,Demetrius Knight Jr.,LB,CIN,18,0,0,0,0,0,0,0
00-0040743,Tyler Shough,QB,NO,18,35,259,3,34,0,0,0
00-0040744,Jaylahn Tuimolaou,DE,IND,18,0,0,0,0,0,0,0
00-0040746,Nic Scourton,LB,CAR,18,0,0,0,0,0,0,0
00-0040747,Benjamin Morrison,CB,TB,18,0,0,0,0,0,0,0
00-0040756,Shemar Stewart,DE,CIN,18,0,0,0,0,0,0,0
00-0040782,Isaiah Bond,WR,CLE,18,0,0,1,4,2,1,13
,,,TB,18,0,0,0,0,0,0,0
